Rank,TeamId,TeamName,LastSubmissionDate,Score,SubmissionCount,TeamMemberUserNames
1,16724329,"Chris Deotte","2026-08-30 01:33:49",0.97207,89,cdeotte
2,16698321,"Changye Li","2026-08-30 07:13:50",0.97154,54,antoinegg1
3,16633740,MILANFX,"2026-08-30 00:16:41",0.97149,52,milanfx
4,16633764,cstdy,"2026-08-29 10:38:07",0.97147,127,kirill0212
5,16639426,Keanan,"2026-08-27 18:58:46",0.97139,24,citerne
6,16705653,JungHwan,"2026-08-30 12:04:59",0.97138,189,najunghwan
7,16635530,Miłosz,"2026-08-29 20:27:42",0.97138,19,miloszkrzeminski
8,16636196,"Maher el Ouahabi","2026-08-30 11:44:36",0.97137,116,maherelouahabi
9,16687243,Utkarsh,"2026-08-29 21:20:01",0.97136,121,n0va007
10,16757608,"Eduardo Molina","2026-08-30 07:30:43",0.97136,38,eduardomolinaai
11,16634252,"Taemyung Heo","2026-08-28 13:24:52",0.97135,25,tmheo74
12,16633796,Optimistix,"2026-08-30 03:55:03",0.97135,205,optimistix
13,16633767,"Don Mani","2026-08-29 15:17:36",0.97135,163,donmarch14
14,16748912,Can,"2026-08-30 00:06:02",0.97135,53,canentay
15,16654846,"Emile Andrieu","2026-08-29 20:31:44",0.97133,21,emileandrieu
16,16769386,"Hai Dang","2026-08-29 06:19:44",0.97133,31,haidang2405
17,16728887,"Andrey Shpigar","2026-08-28 08:05:08",0.97132,70,andreyshpigar
18,16763750,"Subramanya N","2026-08-30 11:46:24",0.97132,41,subramanya1997
19,16633766,"Ravi Ramakrishnan","2026-08-30 05:24:27",0.97132,90,ravi20076
20,16736438,"wataru kawashima","2026-08-29 16:02:11",0.97131,34,watarukawashima
21,16777418,"Sean Pinkney","2026-08-30 00:11:07",0.97131,29,oneiroi
22,16734934,BOB,"2026-08-30 01:43:49",0.97131,111,hotpotbro
23,16767572,"Arka Ariya","2026-08-29 17:41:16",0.97131,38,arkaariya
24,16689162,"Zeyou Zhang","2026-08-30 08:08:04",0.97131,75,zeyouzhang
25,16648936,r0tor,"2026-08-28 08:28:27",0.97130,106,nikita7364777
26,16760786,yuxuan,"2026-08-30 11:07:14",0.97130,40,yuxuan1221
27,16724181,"PS-S6E8 Codex Blender","2026-08-30 12:40:29",0.97130,149,"aditya2909rb,duyguabbasoglu,jazivxt"
28,16670739,XAVI,"2026-08-30 06:53:41",0.97130,53,xx1263
29,16721433,"Asterios Terzis","2026-08-30 04:50:01",0.97130,48,asteriosterzis
30,16675946,thisray,"2026-08-29 05:53:27",0.97130,60,thisray
31,16716266,HuiJuan.Yu,"2026-08-30 08:32:07",0.97130,125,chuyuni
32,16757038,"Hanxiang Li","2026-08-29 20:22:06",0.97130,3,hanxiangjames
33,16724508,"Jordi Corbilla","2026-08-30 06:11:37",0.97130,22,jordicorbilla
34,16692183,"Xu Suyi","2026-08-30 12:28:37",0.97130,13,xuyuhaosuyi
35,16685415,yukiZ,"2026-08-30 01:55:01",0.97130,100,hideyukizushi
36,16634926,"Szymon Kłapiński","2026-08-28 11:21:05",0.97130,56,szymonkapiski
37,16790881,woldy,"2026-08-29 22:01:18",0.97130,7,woldywei
38,16752453,scikit-learn,"2026-08-27 07:02:34",0.97129,14,scikitlearning
39,16783953,"Phantom F5","2026-08-30 04:19:53",0.97129,23,phantomf5
40,16779684,"Adnan Zaman","2026-08-28 12:25:37",0.97129,14,adnanzamanniloy
41,16738206,"Atakan Aldemir","2026-08-30 10:51:37",0.97129,23,atakanaldemir
42,16751356,"Wenbo Qin","2026-08-28 01:19:07",0.97129,53,"lilei577,wenboqin"
43,16782893,Velociraptor_N,"2026-08-29 04:07:36",0.97129,20,velociraptorn
44,16702366,william950615,"2026-08-30 01:28:49",0.97129,135,"jenytsian,william950615"
45,16662979,"Shashwat Bajpai","2026-08-28 08:49:40",0.97129,180,shashwat1729
46,16691149,BostonKaggle,"2026-08-27 22:13:57",0.97129,23,"isthereanycode,lynnkim0"
47,16762966,"Abhi Pokhrel","2026-08-30 12:22:48",0.97129,36,slangitup
48,16670179,DataRegressor,"2026-08-26 20:11:44",0.97129,25,azzamradman
49,16778508,"Sridip Basu","2026-08-28 12:00:03",0.97129,13,sridipbasu
50,16764789,GUGUGAGA,"2026-08-27 04:43:07",0.97129,19,"ruiyangzhang23,taoguo079"
51,16639212,"Maria Startseva","2026-08-30 10:28:19",0.97129,265,untouchableforest
52,16780847,Yassinovich,"2026-08-30 11:44:08",0.97129,33,yassinovich
53,16785894,"Mohamed Yassine Aouidet","2026-08-30 11:11:50",0.97129,19,yasinovich
54,16652751,Mrsalty,"2026-08-29 11:02:26",0.97129,4,mrsaltyx
55,16649456,MomotokD,"2026-08-28 10:34:12",0.97129,9,momotokd
56,16638558,"Ripon C. Malo","2026-08-28 23:14:58",0.97129,3,riponce
57,16785938,"Ghofrane Ben Hassan","2026-08-30 11:09:08",0.97129,16,ghofranebenhassen
58,16677180,"Akhilesh godugu","2026-08-29 02:40:41",0.97129,23,akhileshgodugu
59,16633933,kglctf,"2026-08-30 02:40:24",0.97129,300,kglctf
60,16771209,Vanshika,"2026-08-28 06:04:20",0.97129,3,crystalbaby
61,16743534,Chiranjeev,"2026-08-28 16:42:02",0.97129,56,abhirajhiwale
62,16635971,"Code by Nadiia","2026-08-28 12:13:04",0.97129,33,codebynadiia
63,16761407,ZEEli,"2026-08-30 08:53:14",0.97129,12,jzexiong
64,16770471,"Success Oduduru","2026-08-29 20:52:15",0.97129,7,successoduduru
65,16760174,"Ahmed Malik","2026-08-30 07:49:04",0.97129,30,ahmeduor25
66,16634902,Kudos_07,"2026-08-28 17:46:50",0.97129,25,saranshsurana07
67,16665659,"Yusuke Hayashi","2026-08-30 10:13:54",0.97129,17,yhay81
68,16748098,JasonL,"2026-08-25 22:06:37",0.97129,21,jasonling95
69,16742246,sssskilo,"2026-08-28 09:08:56",0.97129,23,wellkilo
70,16633811,Naji,"2026-08-29 23:53:22",0.97129,227,"najiama,nathaliach"
71,16756534,"Raman Singh","2026-08-30 12:01:14",0.97129,19,ramansingh1108
72,16702634,MJVinay,"2026-08-27 20:05:05",0.97129,18,mallajayanthvinay
73,16635752,"Jeki Wan Taufik","2026-08-28 00:22:24",0.97129,19,jek1wantaufik
74,16661937,"Omar Morsi 2004","2026-08-28 21:58:41",0.97129,62,omarmorsi2004
75,16694955,"Trust CV","2026-08-30 12:35:20",0.97129,19,ryosketchbook2007
76,16786355,Mr.Frundles,"2026-08-30 11:46:08",0.97129,10,watehell
77,16644201,"Prinshu Dewangan","2026-08-30 12:23:37",0.97129,12,prinshudewangan
78,16714137,"Aqib Raza","2026-08-29 17:28:52",0.97129,5,aqibrazadev
79,16633921,GUAM,"2026-08-28 02:36:44",0.97129,27,kmmmvs
80,16635630,AnthonyTherrien,"2026-08-30 10:03:01",0.97129,33,anthonytherrien
81,16759297,"PREM GAIKWAD","2026-08-28 05:06:09",0.97129,17,premgaikwad07
82,16693814,"rupsa roy","2026-08-28 06:12:16",0.97129,14,rupsarroy
83,16643058,GodofThunder2407,"2026-08-28 06:32:44",0.97129,7,godofthunder2407
84,16681616,AJboos,"2026-08-29 00:20:33",0.97129,87,"ajboos,moyulyt"
85,16699264,camurberkayy,"2026-08-28 12:08:47",0.97129,5,camurberkayy
86,16634721,"Md Abdul Al Hasib","2026-08-29 18:58:42",0.97129,16,mdabdulalhasib
87,16709091,"Juan Vazquez","2026-08-29 05:04:29",0.97129,26,ysjuan
88,16665633,"Charismatic Pizza Party🍕","2026-08-29 04:57:54",0.97129,6,debugendless
89,16712501,"Kunal Desale","2026-08-29 07:29:34",0.97129,11,kunaldesale2408
90,16789930,EvilHero,"2026-08-30 00:00:24",0.97129,11,evilhero
91,16661627,"Sankalp Nagineni","2026-08-29 16:12:26",0.97129,9,sankalpnagineni
92,16700751,"Isle Bennett","2026-08-30 10:23:21",0.97129,13,islebennett
93,16661938,"Muhammed Shad Bhati","2026-08-29 14:52:37",0.97129,11,bhatimohdshad
94,16642199,xxlcxsh,"2026-08-28 10:43:50",0.97129,22,aopsfapojfmvoiv
95,16634362,"Ilya Sevastyanov","2026-08-30 02:41:14",0.97129,30,sev1lya
96,16738247,"Raef Guizani","2026-08-29 11:51:57",0.97129,34,raefguizani
97,16661205,"Nilav Kashyap","2026-08-29 12:57:18",0.97129,11,nilavkashyap
98,16662839,"Huzaifa Mankda","2026-08-30 03:27:41",0.97129,32,huzaifa242
99,16777246,"Al Fardin","2026-08-29 03:07:02",0.97128,15,alfardin09
100,16635847,F.A.Nina,"2026-08-27 02:06:21",0.97128,51,nina2025
101,16735527,DarkMatterNet,"2026-08-25 01:08:03",0.97128,7,darkmatternet
102,16774234,"Ömer Faruk Yüce","2026-08-27 13:29:56",0.97128,4,merfarukyce
103,16775258,test_addicted,"2026-08-27 12:36:57",0.97128,11,michaelsemenoff
104,16637991,StephenNedumpally,"2026-08-27 00:46:49",0.97128,25,stephennedumpally
105,16633716,"M.N. Mohamed Aman","2026-08-27 00:08:06",0.97128,11,mnmohamedaman
106,16738623,Corgi-Samoyed,"2026-08-27 14:36:22",0.97128,2,corgisamoyed
107,16668214,"Omkar Kadam","2026-08-26 14:12:40",0.97128,94,itzzomkar
108,16771446,"Satyajeet Kumar","2026-08-25 19:24:07",0.97128,3,m4rcuseryx
109,16768528,"Yassine Ben Zekri","2026-08-25 21:47:09",0.97128,2,yassinebenzekri
110,16735507,"HBoyang ","2026-08-26 01:37:35",0.97128,24,hboyang
111,16771610,"Elvern Neylmav Tanny","2026-08-30 09:59:23",0.97128,22,elvernneylmavtanny
112,16642971,"Mathurin Ache","2026-08-26 07:29:00",0.97128,9,mathurinache
113,16773354,"Keisuke Ishii","2026-08-26 07:35:12",0.97128,2,akikukeo1
114,16633759,"Lakhindar Pal","2026-08-26 08:15:21",0.97128,1,lakhindarpal
115,16681574,Akhyar,"2026-08-26 08:24:35",0.97128,10,akhyar2612
116,16774256,"C R Suthikshn Kumar","2026-08-26 08:36:36",0.97128,1,crsuthikshnkumar
117,16634754,"Ritanshu Prasad","2026-08-26 10:14:35",0.97128,1,ritanshuprasad
118,16635700,"Mirza Yasir Abdullah Baig","2026-08-25 13:48:31",0.97128,4,myab07
119,16659376,ASHML,"2026-08-30 11:23:03",0.97128,2,ashml
120,16634069,diorita,"2026-08-27 04:36:33",0.97128,1,diorita
121,16673703,"Lavanya Bacche","2026-08-27 07:57:07",0.97128,17,lavanyabacche
122,16665454,"Lance Lee66","2026-08-27 02:48:11",0.97128,59,lancelee66
123,16763673,"SeshuRaju 🧘‍♂️","2026-08-26 00:25:56",0.97128,19,seshurajup
124,16758962,"Dharmendra Chilhate","2026-08-25 07:36:05",0.97128,2,dharmendrachilhate
125,16692228,CazyUndee,"2026-08-26 00:28:39",0.97128,13,crazybro
126,16735531,ajikajadeh,"2026-08-28 06:05:07",0.97128,17,ajikajadeh
127,16768967,"Asuu Dane","2026-08-27 02:36:11",0.97128,5,asuudane
128,16695622,"Deniz Eryılmaz","2026-08-30 07:08:13",0.97128,183,denizeryilmaz
129,16780087,"Edmond Kirsch","2026-08-28 07:01:31",0.97128,8,edmondkirsch
130,16634788,"Mikhail Naumov","2026-08-30 08:04:59",0.97128,148,mikhailnaumov
131,16655359,Vyas,"2026-08-27 04:41:46",0.97128,38,vyask21
132,16717529,Leqi.Xie,"2026-08-29 03:56:31",0.97128,20,"jackson818,leqixie"
133,16786187,"ma 127","2026-08-29 03:39:26",0.97128,2,ma1166mu
134,16773330,Shymohn,"2026-08-27 17:46:48",0.97128,14,shymohn
135,16671894,Souvik_D_Biswas,"2026-08-25 05:47:04",0.97128,23,souvikdbiswas
136,16749277,"Roshan Roy","2026-08-25 12:11:50",0.97128,18,roshanroy333
137,16660925,Ace,"2026-08-29 18:35:58",0.97128,18,shikhageekachad
138,16755403,"Lissandra Kruse Fuganti","2026-08-25 16:35:03",0.97128,5,lissandrakruse
139,16729154,"Timofej Golobokov","2026-08-29 07:41:38",0.97128,80,"dymy1ry,felixcumarav"
140,16692300,"Krishanki ","2026-08-25 20:38:11",0.97128,7,krishanki
141,16772593,P3069,"2026-08-25 22:53:45",0.97128,1,pietrocol
142,16749792,"Sythat Sokmontrey","2026-08-26 05:05:48",0.97128,5,sythatsokmontrey
143,16705291,JT-DS-Agent,"2026-08-26 02:27:11",0.97128,19,"celi123,dawn0713"
144,16773533,"Abhishek Mahto","2026-08-26 06:28:23",0.97128,1,abhishek3115
145,16761850,"Hafid Idrissi","2026-08-27 20:51:05",0.97128,4,hafididrissi
146,16641560,really?,"2026-08-27 09:06:33",0.97128,10,udaken10
147,16644545,"Krizsó Gergely","2026-08-26 16:12:03",0.97128,14,lucifer19
148,16633723,"Pavlo Ivanin","2026-08-27 05:55:51",0.97128,14,pavloivanin
149,16778577,"yanzhen chen","2026-08-29 16:36:58",0.97128,7,yanzhenchen1001
150,16778948,Daiki,"2026-08-30 05:18:07",0.97128,8,dadamasa
151,16772832,"Highth wang","2026-08-28 08:27:12",0.97128,5,highthwang
152,16701569,SoraGinko,"2026-08-28 10:18:33",0.97128,16,terrywuu
153,16777637,"Tomas Almeida","2026-08-28 14:13:13",0.97128,10,tomasalmeida123
154,16685912,sonny_01,"2026-08-29 11:51:40",0.97128,9,sonnymupfuni01
155,16790619,"Debanshi Das","2026-08-29 19:28:47",0.97128,8,debanshidas
156,16791316,"AbdUlaziz Mohammed","2026-08-29 20:01:51",0.97128,1,i0nlyaziz
157,16776994,s0673468,"2026-08-30 11:03:10",0.97128,10,s0673468
158,16660300,"Joe Young","2026-08-29 11:16:30",0.97128,28,jsphyg
159,16791665,"Tomohiko Ikeda","2026-08-30 03:49:04",0.97128,10,tomohikoikedajpn
160,16760599,UnRealYoussef,"2026-08-30 05:00:42",0.97128,32,youssefsalemishere
161,16753952,"Alexey Kuznetsov","2026-08-28 09:54:26",0.97128,40,legtarrr
162,16773302,antadam127,"2026-08-28 17:57:24",0.97128,12,antadam127
163,16777870,pinion05,"2026-08-30 11:15:09",0.97128,24,pinion05
164,16666361,miki,"2026-08-29 08:28:23",0.97128,81,miki2025lee
165,16756340,"Arnav Goel","2026-08-29 05:46:49",0.97128,32,arnavgoel17
166,16753827,luofeng19970209,"2026-08-30 08:47:43",0.97128,15,luofeng19970209
167,16767367,siamese_cat,"2026-08-30 07:14:35",0.97128,18,wittzard
168,16730457,"Seungjun Lee","2026-08-28 16:30:21",0.97128,12,seungjunleeofficial
169,16774031,"Calpa Liu","2026-08-29 08:51:52",0.97128,31,hokyiuliu
170,16775649,renji_starfall,"2026-08-27 11:59:12",0.97128,12,degnonguidi
171,16779162,"Aadi Joshi","2026-08-28 06:30:44",0.97128,11,aadijoshi19
172,16684951,Leo,"2026-08-23 07:27:01",0.97128,27,nanaresudo
173,16740194,"Mehul Arora","2026-08-29 05:12:33",0.97128,29,mehularora023
174,16675325,"Laurent Pourchot","2026-08-30 05:37:56",0.97127,96,pourchot
175,16745181,"Juan David Villate","2026-08-29 13:25:17",0.97127,14,juandavidvillate
176,16749066,FENGYESHAN,"2026-08-30 05:38:15",0.97127,72,fengyeshan
177,16640278,"Jithun is scammer","2026-08-25 04:26:29",0.97127,25,"ivna98,psychocoderxd,warunimanike"
178,16670301,"Mathieu W","2026-08-24 15:39:00",0.97127,20,mathieuw
179,16633854,Pascal,"2026-08-26 00:36:54",0.97127,42,pascalledesma
180,16671202,"xi luo","2026-08-24 23:14:40",0.97127,10,xiluo00
181,16758184,FrankyFeng,"2026-08-25 02:58:22",0.97127,7,frankyfeng
182,16730900,noynkmr,"2026-08-25 05:38:34",0.97127,1,noynkmr
183,16637909,Seungyeon,"2026-08-25 06:35:36",0.97127,9,allie3103
184,16661958,"Abdelrahman Goda","2026-08-25 12:59:17",0.97127,10,abdelrahmangoda
185,16745639,CyberRacoon,"2026-08-28 08:39:29",0.97127,29,racoontw
186,16658913,Yan,"2026-08-29 07:01:02",0.97127,10,diskya
187,16758384,"Anthony Heredia","2026-08-30 07:51:47",0.97127,28,anthonyheredia
188,16769326,"Фёдор Алифанов","2026-08-25 05:49:06",0.97127,1,idontfuckingcarenow1
189,16640636,choqui62,"2026-08-30 06:15:03",0.97127,39,choqui62
190,16694520,KK_nut,"2026-08-24 03:20:32",0.97127,90,k0k0nut
191,16783305,"SHUO WANG","2026-08-30 02:20:12",0.97127,14,shuowang928
192,16674317,"Ayaz Ahmed Kazi","2026-08-30 09:42:24",0.97127,26,ayazahmedkazi
193,16653480,delai50,"2026-08-29 09:17:17",0.97127,43,delai50
194,16686831,"Mohamed Youssef","2026-08-26 08:27:18",0.97127,22,mhmd1424
195,16757906,bestmark1,"2026-08-24 13:42:19",0.97126,3,bestmark1
196,16697683,AleNic,"2026-08-28 11:26:59",0.97126,10,alenic
197,16634934,"Aman Atar","2026-08-26 11:12:06",0.97126,99,amanatar
198,16786408,"Colin Ma","2026-08-29 22:08:36",0.97126,2,colinm5
199,16766868,"Duc Trung Hoang","2026-08-27 08:39:23",0.97126,10,ductrunghoang
200,16710733,"Sujal Bist","2026-08-29 06:30:33",0.97126,23,sujalbist
201,16681210,LeTuanM,"2026-08-23 17:50:22",0.97126,35,letuanm
202,16715580,khursani,"2026-08-29 20:23:53",0.97126,15,khursani8
203,16716310,"Igor Orlachev","2026-08-26 23:39:22",0.97126,8,igororlachev
204,16771713,"Lâm Huy","2026-08-29 13:16:05",0.97125,10,lamhuy8904
205,16634822,Will,"2026-08-24 19:12:53",0.97125,35,wguesdon
206,16677329,"Arnie Jimenez","2026-08-25 18:35:15",0.97125,11,arniejimenez
207,16766474,"Saleh Ahmed Shafin","2026-08-24 17:26:36",0.97125,4,positivesas
208,16719244,Allan,"2026-08-27 03:56:40",0.97125,12,bayntuna
209,16635606,S-as-H,"2026-08-28 06:15:10",0.97125,48,sasha1111
210,16635296,"Maria Shatrova","2026-08-30 06:27:46",0.97125,32,mariashatrova
211,16728012,"Nishant Dhingra","2026-08-29 18:24:09",0.97125,31,nishantdhingra
212,16713466,"Seyit kaan Gunes","2026-08-30 02:42:56",0.97125,21,seyitkaangunes
213,16635276,hotaq,"2026-08-25 14:30:07",0.97125,6,chinnaphatkhun
214,16759183,lixiuqixiaoke,"2026-08-26 06:14:06",0.97125,43,lixiuqixiaoke
215,16708502,"Youssef Morsi 2007","2026-08-26 15:13:55",0.97125,23,youssefmorsi2007
216,16661931,LAdham,"2026-08-26 15:54:51",0.97125,22,ladham
217,16792569,Zcy,"2026-08-30 12:21:42",0.97125,4,laura831
218,16711205,johnsebin97,"2026-08-27 12:56:30",0.97125,21,johnsebin97
219,16636861,"Shigeru Kondou","2026-08-29 02:09:46",0.97125,5,shigerukondou
220,16769222,kento2002,"2026-08-28 15:22:15",0.97125,9,kento2002
221,16636528,Mahog,"2026-08-23 09:18:44",0.97125,29,"funguscakehead,mahoganybuttstrings"
222,16721806,"Hongbin Guokaggle","2026-08-29 05:53:11",0.97124,15,hongbinguokaggle
223,16778423,Dino,"2026-08-28 03:13:05",0.97124,11,ngohongthai
224,16774724,"Dannya AbdulHadi","2026-08-28 23:15:52",0.97124,7,dannyaabdulhadi
225,16726849,"sissoko cheick","2026-08-29 20:15:29",0.97124,21,sissokocheick
226,16763757,mkai1981,"2026-08-25 20:07:45",0.97124,12,mkai1981
227,16739746,easonyanyan,"2026-08-29 21:53:55",0.97124,32,easonyanyan
228,16666907,"Kota Fuchiwaki","2026-08-30 12:23:29",0.97124,18,kotafuchiwaki
229,16773813,w123,"2026-08-27 03:15:27",0.97124,6,w25747
230,16774922,JeedimetlaCharan213,"2026-08-28 10:58:06",0.97124,21,jeedimetlacharan213
231,16720046,"Bilal Shabbir1","2026-08-27 14:20:03",0.97124,27,bilalshabbir1
232,16685826,"Abdulatif Mahgoub","2026-08-23 11:36:05",0.97124,17,abdulatifmahgoub
233,16761224,Comet19,"2026-08-27 12:26:09",0.97124,8,comet19
234,16692221,zenlife711,"2026-08-29 18:16:55",0.97124,4,zenlife711
235,16708197,Celibistrial,"2026-08-28 11:06:37",0.97124,19,"ayaanmustafa,celibistrial"
236,16709324,"Hafida Belayd","2026-08-28 14:35:57",0.97124,7,hafidabelayd
237,16635564,"Rayk Kretzschmar","2026-08-25 11:53:14",0.97124,118,raykkretzschmar
238,16732010,yngd99,"2026-08-29 23:21:04",0.97123,3,yngd99
239,16663141,"Julia Kolesnyk","2026-08-25 16:09:46",0.97123,11,juliakolesnyk
240,16661946,"Abdo Elries","2026-08-26 15:29:31",0.97123,8,abdoelries
241,16754062,"Hemanth Raja Guttikonda","2026-08-29 14:15:37",0.97123,6,hemanthrajg
242,16781547,"Jimin Wang","2026-08-28 00:11:49",0.97123,2,jimmy987654
243,16642677,"fromage _","2026-08-24 06:26:53",0.97123,56,fromagesea
244,16691118,Alfred,"2026-08-24 21:07:12",0.97123,6,holleyalfred
245,16761276,"Subodh Deogade","2026-08-30 11:32:48",0.97123,13,sometimessubodh
246,16662674,"Monesh Satheeswaran","2026-08-25 08:35:13",0.97123,3,moneshsatheeswaran
247,16643106,"Gaurav Kokila","2026-08-23 19:24:52",0.97123,8,gauravkokila
248,16718136,AdarshAleti,"2026-08-27 15:00:47",0.97123,39,adarsh1077
249,16774581,Ajanraj,"2026-08-29 23:55:50",0.97123,1,ajanraj25
250,16727342,"Md.Mahfujul Karim","2026-08-30 11:43:48",0.97122,40,mdmahfujulkarim
251,16726759,"Rabia Naz","2026-08-29 17:08:47",0.97122,11,rabianaz22
252,16791860,"Alexander Biller","2026-08-30 04:22:46",0.97122,10,alexandrbiller
253,16720073,KiKi,"2026-08-23 07:17:01",0.97122,11,kingkiller2164
254,16764695,Keito,"2026-08-24 16:00:43",0.97121,4,keitookamoto
255,16697355,VKAUL3,"2026-08-23 11:50:13",0.97121,23,vkaul3
256,16660447,Saynam,"2026-08-21 23:59:07",0.97121,20,saynam
257,16639403,"Dariush Afshar","2026-08-23 07:19:00",0.97121,35,dariushafshar
258,16759131,"Arkat Khassanov","2026-08-22 15:52:18",0.97121,5,arkatkhasanov
259,16753896,Andrew98,"2026-08-22 10:19:11",0.97121,7,vitem98
260,16741781,Peggy,"2026-08-26 04:48:16",0.97121,17,refrigerator21
261,16761273,taiseiu,"2026-08-23 11:59:35",0.97121,6,taiseiu
262,16695386,Fujinawa,"2026-08-25 21:24:58",0.97121,22,wasshoiwasshoi
263,16641327,Tilii,"2026-08-30 09:57:58",0.97121,198,tilii7
264,16686117,"Laura Liepa","2026-08-30 09:14:53",0.97121,103,lauraliepa
265,16785097,nicdeluc,"2026-08-30 07:13:53",0.97121,7,nicdeluc
266,16710470,"Charles Backman on LinkedIn","2026-08-17 15:59:47",0.97121,29,charlesbackman
267,16752964,"Julien Heiduk","2026-08-27 13:52:22",0.97121,30,zoupet
268,16719950,Exposed,"2026-08-30 06:53:27",0.97120,17,erickeller2
269,16701481,"alexandre santo","2026-08-24 22:38:21",0.97120,50,alexandresanto
270,16720031,"Yusuf Murtaza","2026-08-23 13:58:17",0.97120,11,yusufmurtaza01
271,16690544,"Abdussamad Usman","2026-08-23 15:42:27",0.97120,9,abdussamadusman
272,16717804,"Nicolò Alberti","2026-08-30 11:36:46",0.97120,20,nicolalberti
273,16690590,"Mitudru Dutta","2026-08-21 09:04:00",0.97120,27,mitudru
274,16713617,林木子吖,"2026-08-24 12:16:10",0.97120,12,linmuzi0108
275,16722347,"TANG BUDU 19SD195","2026-08-29 12:55:55",0.97120,19,tangbudu19sd195
276,16754813,"Wang H2O","2026-08-21 14:58:51",0.97120,9,wangh2o
277,16750090,"hang zhao666","2026-08-26 09:22:16",0.97120,12,hangzhao666
278,16701216,"Teddy Tennant","2026-08-30 12:37:22",0.97119,191,thtennant
279,16654670,"Victor Orihuel","2026-08-23 22:33:53",0.97119,22,victororihuel
280,16765736,yun_smart_cat,"2026-08-25 10:18:16",0.97119,4,yunsmartcat
281,16688244,"Matvey Morozov","2026-08-27 03:10:14",0.97119,7,matthewmoro
282,16726546,"Ezra Kho","2026-08-29 18:39:04",0.97119,16,ezrakho
283,16634532,"Nhật Quyên","2026-08-27 03:31:51",0.97119,10,nhtquyn
284,16759877,"Shreela Sapkota","2026-08-23 16:21:34",0.97119,8,shreelasapkota21
285,16750917,"Martin Delgado","2026-08-22 03:47:39",0.97118,14,martindelgado1302
286,16633714,"Masaya Kawamata","2026-08-27 21:38:53",0.97118,35,masayakawamata
287,16716979,"Mursal Gorchuyev","2026-08-18 07:45:34",0.97118,16,mursalgorchuyev
288,16725510,"Malhar Ujawane","2026-08-16 16:49:57",0.97118,18,justmalhar
289,16722422,mraz1006,"2026-08-20 09:28:52",0.97118,16,mraz1006
290,16633967,"Michael Y. Qiu","2026-08-30 01:45:20",0.97118,76,michaelqiu0606
291,16693333,Orig_lab,"2026-08-21 16:00:56",0.97117,43,chengxixixi
292,16745543,"Ye Guanzi","2026-08-20 10:57:33",0.97117,10,aaautomata
293,16759529,Cnyz,"2026-08-28 19:52:13",0.97117,17,canyklmaz
294,16752451,Shikhar_AII,"2026-08-21 19:18:35",0.97117,6,shikharaii
295,16748269,Nagipan74,"2026-08-22 08:08:29",0.97117,11,chikaimai
296,16740482,"yicong shen","2026-08-19 08:56:19",0.97117,10,ethanbird
297,16743779,stimmie,"2026-08-23 18:02:33",0.97117,15,stimmie
298,16723987,Tanvi,"2026-08-24 18:22:38",0.97117,4,tanvicaaa
299,16725270,"Hem J V K","2026-08-20 02:28:41",0.97117,8,hemjvk14762
300,16782926,"Trung Nguyen Si","2026-08-28 06:47:24",0.97117,5,trungns
301,16690817,"Mohamed Saeed","2026-08-18 16:33:08",0.97117,5,m0sm71
302,16739620,deepblue,"2026-08-18 18:58:33",0.97117,2,larjeck
303,16665313,"Reyhan Ksatria","2026-08-18 21:19:43",0.97117,2,reyhanksatria
304,16736938,"Raj Aryan Singh","2026-08-19 07:41:58",0.97117,7,kratos14raj
305,16660337,Algorex,"2026-08-19 16:29:33",0.97117,17,daniellebagaforomeer
306,16746363,"Harmain Mughal","2026-08-20 07:43:18",0.97117,10,harmainmughal11
307,16636972,"Владислав Мурник","2026-08-20 10:17:27",0.97117,28,adik23twhrs
308,16744176,"Ramrithik Chirra","2026-08-20 12:13:11",0.97117,8,ramrithikchirra
309,16736744,"Affriza Wildan Fauzan","2026-08-20 15:50:00",0.97117,1,affrizawildanfauzan
310,16749995,SagarGrv,"2026-08-24 18:04:57",0.97117,30,sagargurav019
311,16731327,aki,"2026-08-21 03:34:03",0.97117,18,cob12426
312,16729804,"Jules Charlier","2026-08-21 06:37:33",0.97117,45,julescharlier
313,16641452,AbdulRehman_AR,"2026-08-22 17:49:53",0.97117,1,abdulrehmanar
314,16720445,ValerieWL,"2026-08-23 08:28:11",0.97117,30,valeriewl
315,16642835,"Nikitas Rafael Nikitas","2026-08-27 21:26:56",0.97117,19,rafanikitas
316,16758450,3정훈,"2026-08-29 11:17:19",0.97116,10,az05192000gmailcom
317,16743158,curtisxi,"2026-08-23 00:05:44",0.97116,25,curtisxi
318,16717145,"Felipe Tamaki","2026-08-15 20:56:17",0.97115,29,"felipetamaki,matiagoldschmidt"
319,16728134,attentionIsAllYouNeed,"2026-08-18 14:45:05",0.97115,6,kavinthakurkm
320,16775421,"ship ship","2026-08-26 17:25:26",0.97115,3,shipship
321,16766284,Antigone_duckduck,"2026-08-24 12:27:10",0.97115,1,antigonexzh
322,16708103,tomo11111,"2026-08-20 13:08:58",0.97115,59,tomo11111
323,16692169,"Moaiz Baloch","2026-08-19 03:04:50",0.97115,39,moaizbaloch
324,16693954,chenshiyo,"2026-08-21 23:29:12",0.97114,8,chenshiyo
325,16756877,"Singaraj B","2026-08-22 12:57:48",0.97114,10,singarajb
326,16644338,AI4SG,"2026-08-24 01:16:50",0.97114,49,"emrehachasan,sercanyldrm,zeynepnazalbayrak"
327,16722776,"Hinal Mehra","2026-08-25 08:37:34",0.97114,17,hinalmehra
328,16712615,JM,"2026-08-25 12:40:28",0.97114,54,julianmukaj
329,16716925,"Direc M","2026-08-17 04:24:30",0.97114,31,direcm
330,16729385,"Oleksandr Zalievskyi","2026-08-19 18:34:47",0.97114,22,sashaworker
331,16686068,Markus.JM,"2026-08-16 10:01:34",0.97114,17,maiernator
332,16741043,"Arya Shah","2026-08-19 11:25:01",0.97114,7,aryashah2k
333,16744166,"mathis Brugeaud123","2026-08-19 22:08:58",0.97114,4,mathisbrugeaud123
334,16732845,Nipah,"2026-08-18 03:35:56",0.97113,4,nipah1
335,16718370,"Sinh Nguyễn Đức","2026-08-23 17:33:07",0.97113,9,sinhnguync
336,16635241,"Romone Dunlop","2026-08-23 06:47:37",0.97113,25,romonedunlop
337,16719998,"Karol Tang","2026-08-30 04:18:47",0.97113,21,karoltang
338,16637531,"Mengfei Li","2026-08-18 13:04:57",0.97113,22,meli19
339,16727950,"Sidharth Hulyalkar","2026-08-22 23:51:55",0.97113,7,sidharthhulyalkar21
340,16721680,"Kyle Goosen","2026-08-16 03:48:28",0.97113,6,kylegoosen
341,16718500,Achilov15,"2026-08-21 16:31:55",0.97113,26,achilov15
342,16698157,lytCNAORevision2018,"2026-08-16 13:08:27",0.97113,18,lytcnaorevision2018
343,16663338,"Bulşah Keçici","2026-08-22 22:39:34",0.97113,22,bulsahkecici
344,16640606,"Krasnov Daniil","2026-08-18 19:50:35",0.97113,34,daniilkrasnovvv
345,16657702,harsh@gurnani08,"2026-08-17 14:46:33",0.97113,12,harshgurnani08
346,16638363,"Aniket Abhishek Soni","2026-08-17 13:47:47",0.97113,2,aniketsoni
347,16683187,"Silvan Müller","2026-08-24 20:01:59",0.97113,10,silvanmller
348,16735699,"Hyun-woo Kim","2026-08-18 05:57:20",0.97113,1,hwkims
349,16679502,"Udit Jain","2026-08-18 06:58:09",0.97113,2,iamudit
350,16745883,"syouya tobita","2026-08-27 09:03:47",0.97113,12,syouyatobita
351,16756043,FucaiXie1209,"2026-08-22 01:06:05",0.97113,11,fucaixie1209
352,16757816,"Molly Kao","2026-08-23 08:27:40",0.97113,6,smallikao
353,16652182,"Yogesh Jadhav","2026-08-28 14:40:22",0.97113,151,dynamo14324
354,16763792,Meher,"2026-08-26 03:09:18",0.97113,6,mehergajula
355,16750016,"Vijay Takbhate","2026-08-29 16:32:38",0.97113,10,vijay20213
356,16656481,Kizabgd,"2026-08-30 03:54:06",0.97113,3,kiza123123
357,16791084,"The Great Alliance","2026-08-30 11:39:40",0.97113,4,sorcererbi
358,16748642,tyf_scu,"2026-08-22 01:18:28",0.97113,18,tyfscu
359,16711421,"Alexander Shahramanyan","2026-08-26 11:37:21",0.97113,8,alexshah
360,16636583,"Neel Dipesh shah","2026-08-21 22:47:36",0.97113,46,neeldipeshshah
361,16742539,"Meryem Sakin","2026-08-20 20:41:44",0.97113,12,meryemsakin
362,16714130,"Robert Cyiza","2026-08-21 18:02:14",0.97113,10,robertcyiza
363,16638898,Dnyanesh,"2026-08-25 15:43:23",0.97113,5,dnyaneshbharambe
364,16735543,"Troy Loeffler","2026-08-24 01:51:32",0.97113,12,troyloeffler
365,16730550,liyumeng_1122,"2026-08-17 14:01:49",0.97113,3,liyumeng1122
366,16727649,Punkharb,"2026-08-16 17:17:07",0.97113,1,punkharb
367,16736550,HemanthRaju311,"2026-08-21 06:47:43",0.97113,11,hemanthraju311
368,16719355,monnosuke,"2026-08-26 02:22:19",0.97113,35,shiomi1012
369,16707361,adamdavis99,"2026-08-28 18:51:00",0.97113,11,adamdavis99
370,16712591,Andrey01452,"2026-08-17 05:34:33",0.97113,11,andrey01452
371,16731474,momo,"2026-08-26 10:12:59",0.97113,14,fyenneyenn
372,16651559,"Tamerlan Omralinov","2026-08-19 07:27:06",0.97113,39,tamerlanomralinov
373,16745118,maronist,"2026-08-20 00:01:52",0.97113,1,emikonandate
374,16647397,"Smit Tiwary","2026-08-17 14:19:41",0.97113,34,smittiwary
375,16698046,"Vedran Hrabar","2026-08-16 10:47:40",0.97113,3,vhrabar
376,16712382,destroyer@123787,"2026-08-16 16:25:00",0.97113,8,destroyer123787
377,16652934,"Muhammad Ridwan","2026-08-21 13:42:54",0.97113,37,ridwansigma
378,16731783,"Syed Muhammad Ahmed Khalid","2026-08-18 08:01:45",0.97113,2,smak17
379,16692494,lazy,"2026-08-16 06:28:41",0.97113,4,rachitmangawa
380,16767540,"Shivansu soni","2026-08-25 05:12:31",0.97113,6,shivansusoni
381,16730456,seanliwenguan,"2026-08-21 10:17:15",0.97113,5,seanliwenguan
382,16639695,"Dmitrii K","2026-08-24 13:01:10",0.97113,4,spacesurfer
383,16700698,Suharyadi,"2026-08-17 03:35:00",0.97113,6,yadoy666
384,16760955,Ftps,"2026-08-23 08:34:48",0.97113,5,ftps15
385,16743468,"Syed Saad Hasan Emad","2026-08-21 15:26:03",0.97112,14,syedsaadhasanemad
386,16758296,yympong,"2026-08-22 12:28:03",0.97112,4,yympong
387,16712574,"LAN KEYNG","2026-08-20 09:34:55",0.97112,17,lankeyng
388,16726171,"Dingwen Kong","2026-08-21 05:39:38",0.97112,14,dingwenkong
389,16755496,dummynude,"2026-08-21 15:51:32",0.97112,10,dummynude
390,16709829,MKhlystun,"2026-08-19 21:24:27",0.97112,44,mkhlystun
391,16733906,acw511,"2026-08-19 00:08:19",0.97112,21,acw511
392,16724083,Cacinie,"2026-08-29 13:50:26",0.97112,8,cacinie
393,16753546,yw8837,"2026-08-21 10:18:14",0.97111,1,yw8837
394,16731281,"Nikash U ","2026-08-20 08:01:40",0.97111,7,nikashu
395,16701840,"Yunho Hwang","2026-08-30 00:31:15",0.97111,12,yunhohwang
396,16639430,"Oleksii Zhukov","2026-08-24 22:04:17",0.97110,17,zhukovoleksiy
397,16764309,Arulich,"2026-08-25 14:30:22",0.97110,1,arulich
398,16635027,midway2333,"2026-08-15 15:27:14",0.97110,19,blueszhao
399,16633953,daoviet,"2026-08-30 02:34:07",0.97109,85,daoviet
400,16634736,"Georgy Mamarin","2026-08-18 05:04:11",0.97109,5,georgymamarin
401,16651096,magp,"2026-08-22 07:22:41",0.97109,47,wjdzxh
402,16666051,CaptainNemo,"2026-08-29 23:45:28",0.97109,40,nemokaggler
403,16683425,kuroneko,"2026-08-23 22:47:02",0.97109,3,kurorosuke
404,16660347,dangwok,"2026-08-16 21:48:32",0.97109,19,josephdongwookkim
405,16636394,FunnyBishop,"2026-08-09 11:05:02",0.97108,38,funnybishop
406,16777431,"Kazuhiro Masuyama","2026-08-29 12:41:50",0.97108,9,kazuhiromasuyama
407,16635358,"Raymond Yuen","2026-08-22 03:59:30",0.97108,34,laymond
408,16706543,"Talha Tursun","2026-08-30 12:16:32",0.97108,43,talhatursun
409,16763697,"Aryan Bhardwaj","2026-08-25 19:56:13",0.97108,11,panzerkampfwagen
410,16710182,"KeHao Liu","2026-08-14 04:57:30",0.97108,22,kehaoliu
411,16760192,Rakhansyah,"2026-08-29 08:39:53",0.97108,17,rakhansyah
412,16756916,Jingxiang,"2026-08-23 02:19:27",0.97107,12,jingxiango
413,16710548,"Russlan Ramdowar","2026-08-21 06:15:21",0.97107,5,russlan
414,16641562,"Games Jadley","2026-08-13 17:23:10",0.97106,18,gamesjadley
415,16634334,"Arko Bera","2026-08-30 07:16:41",0.97106,17,cartoonistbeard
416,16713316,"ADITYA RAJ","2026-08-26 01:28:36",0.97105,23,adityaraj0612
417,16721342,­taekholee,"2026-08-17 02:37:34",0.97105,15,taekholee88
418,16662115,"Patrick Joël MAIRLOT-MBEZELE","2026-08-09 14:57:39",0.97104,23,pigenesis75
419,16723390,VicenteCardoso,"2026-08-17 00:55:30",0.97104,5,vicentescardoso
420,16756560,"Praneeth Paikray","2026-08-24 05:24:22",0.97104,10,paiky1995
421,16709732,KrisGur,"2026-08-12 07:33:19",0.97104,8,krisgur
422,16768847,"Q Deng","2026-08-25 03:54:56",0.97103,2,maiaparecida
423,16747322,"Swastik Prakash","2026-08-23 15:18:17",0.97103,6,swastikprakash
424,16637054,CAPRICORNUS0908,"2026-08-30 07:40:42",0.97103,80,capricornus0908
425,16743389,"Prashant & Nitin","2026-08-22 19:39:14",0.97102,1,"nitinpandeyyyy,prashant2quant"
426,16716016,"Pansheng Chen","2026-08-28 05:11:11",0.97102,8,panshengchen
427,16655256,artmak,"2026-08-24 17:37:21",0.97102,12,qwerte123
428,16721604,Akritas,"2026-08-30 09:16:39",0.97102,6,akritas
429,16636905,kenchanhodgkin,"2026-08-30 12:20:43",0.97101,44,kenchanhodgkin
430,16666331,Amaranta,"2026-08-30 09:51:08",0.97101,213,ulyanovantonamaranta
431,16634217,kava1,"2026-08-30 03:40:07",0.97101,199,kava1
432,16676231,"[Deleted] 8dbdc6cb-df54-4e59-8074-49491c77ab41","2026-08-07 07:30:09",0.97101,15,del=6d6e4d4e2196004a
433,16725573,"Aaran Dey","2026-08-15 14:36:58",0.97101,1,shadowcoder17
434,16695929,"Mohammed Majeed","2026-08-15 07:35:48",0.97101,3,mojjeed
435,16726473,"Syed Ahnaf Raza","2026-08-15 20:23:58",0.97101,3,syedahnafraza
436,16755345,"Aleksei Surmin","2026-08-29 20:20:50",0.97100,9,surminaleksei
437,16661935,"Ahmed Adel7777","2026-08-22 22:15:22",0.97100,5,ahmedadel7777
438,16722348,aa3070,"2026-08-14 14:03:39",0.97100,9,aa3070
439,16731018,"S M Asif Hossain","2026-08-17 07:48:42",0.97100,3,smasifhossain1204
440,16652403,"Anna Kazarian","2026-08-18 20:03:32",0.97100,8,annakazarian
441,16636687,TomaszBoguslawski,"2026-08-14 16:15:39",0.97100,22,tomaszboguslawski
442,16713679,"Chanakya Gidipally","2026-08-14 00:02:46",0.97099,15,chanakyagidipally
443,16708496,織田織田,"2026-08-15 07:54:47",0.97099,1,akira1194
444,16666592,BaiYuBY,"2026-08-16 23:31:52",0.97099,10,baiyuby
445,16667184,Mohit_Negi,"2026-08-20 12:42:52",0.97099,11,salamanbhai
446,16718117,Vaibhav,"2026-08-14 16:21:01",0.97099,14,vaibhavpatel
447,16686774,Xu-shinonome,"2026-08-17 00:30:31",0.97099,4,xushinonome
448,16721422,"Panagiotis Anagnost","2026-08-16 07:31:34",0.97098,7,panagiotisanagnost
449,16710752,spicyricey,"2026-08-13 01:46:29",0.97098,12,ericwang03
450,16661616,"Saad M Khan","2026-08-13 15:18:19",0.97098,30,saadkhanxdcatalyst
451,16712897,"Mahmud Galib","2026-08-12 14:36:19",0.97098,1,mahmudgalib
452,16671879,"Cristobal Tudela","2026-08-12 15:41:38",0.97098,1,cristobaltudela
453,16641245,"Raunak Dey","2026-08-12 17:16:21",0.97098,2,raunakdey07
454,16638546,"Danushkumar Venkadesh","2026-08-12 18:11:22",0.97098,30,danushkumarv
455,16644580,Chloe,"2026-08-13 02:42:07",0.97098,10,baytree1238
456,16715767,asdfyash1,"2026-08-13 13:58:00",0.97098,10,asdfyash1
457,16716426,"Kon James Ayuen","2026-08-27 14:46:30",0.97098,6,nyiel55
458,16645574,"Kolektor Waifu","2026-08-13 07:56:28",0.97098,35,"mikhaeldhika,zelera"
459,16689027,Dean0016,"2026-08-13 14:07:20",0.97098,23,dean0016
460,16717687,"Yogesh Mishra","2026-08-13 19:02:29",0.97098,2,yogeshm01
461,16715446,"Aryan Kumar Sinha","2026-08-14 14:51:00",0.97098,3,patermars
462,16653056,Kareem,"2026-08-13 19:00:09",0.97098,2,kareemmourad
463,16634828,"Hussaan Haroon","2026-08-28 03:18:05",0.97098,71,hussaanharoon
464,16686703,t2better,"2026-08-08 07:09:11",0.97097,5,t2better
465,16693542,"John Smith","2026-08-14 09:29:23",0.97097,7,qq3327008209
466,16722830,Astraeus,"2026-08-30 00:05:38",0.97097,58,astraeusdotdev
467,16710147,M272727,"2026-08-16 01:50:31",0.97097,11,m272727
468,16661413,Sophie,"2026-08-19 18:58:54",0.97097,28,morty3500
469,16711869,AsterZephyr,"2026-08-13 04:09:31",0.97097,2,asterzephyr
470,16711261,"Prajwal Dongre","2026-08-12 13:46:26",0.97097,9,prajwaldongre
471,16694776,Jim879793123,"2026-08-17 05:08:56",0.97097,18,jim879793123
472,16728493,"Sega Mega","2026-08-16 11:50:51",0.97097,1,segamega
473,16709863,Jupiter6339,"2026-08-14 00:02:10",0.97097,26,benjaminbeaujard
474,16694957,JiangWenfeng1,"2026-08-13 07:51:26",0.97097,18,jiangwenfeng1
475,16655564,"CHANGYOU MU","2026-08-11 02:57:02",0.97097,20,changyoumu
476,16640967,SparrowSteelDuck,"2026-08-10 07:29:15",0.97097,15,sparrowsteelduck
477,16707457,qrcodeTH,"2026-08-19 08:09:22",0.97096,19,thanaphumsaywonin
478,16640376,"Hamza Nazim Siddiqui","2026-08-28 12:09:40",0.97096,29,dtdoww
479,16635489,Xiang,"2026-08-07 14:42:36",0.97096,8,happierboy
480,16641511,nobuya,"2026-08-30 10:01:10",0.97096,160,kakiginobuya
481,16697000,sergiobuilds,"2026-08-12 16:18:44",0.97095,17,sergiobuilds
482,16696580,"maximo lorenzo y losada","2026-08-12 02:20:47",0.97095,4,maximolorenzoylosada
483,16710376,"Cary Chan","2026-08-12 04:50:17",0.97095,2,srchancary
484,16633729,Jerry,"2026-08-30 01:07:29",0.97095,2,jerry34
485,16682737,YappingNonStop,"2026-08-09 14:40:14",0.97095,26,yappingnonstop
486,16693698,Hoai0312phong@,"2026-08-09 14:40:24",0.97095,10,hoai0312phong
487,16681556,AlexPiggie,"2026-08-09 14:40:21",0.97095,30,alexpiggie
488,16701075,HansolKangLZ,"2026-08-12 04:32:41",0.97095,3,hansolkanglz
489,16705820,Baoxinyang,"2026-08-11 17:44:00",0.97095,3,baoxinyang
490,16643749,"Shantanu Chopra","2026-08-29 13:37:50",0.97094,21,shanchp
491,16701232,Andywjd,"2026-08-10 16:03:01",0.97092,5,andywjd
492,16636858,Zhenrui.Weng,"2026-08-09 23:44:30",0.97092,17,zhenruiweng
493,16663911,islet,"2026-08-10 02:05:44",0.97092,3,kojimar
494,16698858,"Ra'uf Fauzan Rambe","2026-08-10 04:38:40",0.97092,1,rauffauzanrambe
495,16638805,"Anhad Mahajan","2026-08-10 14:17:54",0.97092,47,anhadmahajan06
496,16635042,prashant75,"2026-08-29 13:05:42",0.97092,3,prashant75
497,16702795,"Gamze Akkurt","2026-08-16 21:05:52",0.97092,42,gamzeakkurt
498,16664340,E散人chloeprice,"2026-08-30 08:18:32",0.97092,38,echloeprice
499,16685035,HuangKX666,"2026-08-11 07:25:51",0.97092,17,huangkx666
500,16658253,ItzRustam,"2026-08-11 12:50:54",0.97092,7,rustambhadouriya
501,16698465,"KIM JISU","2026-08-10 11:52:02",0.97092,10,jieesoo222
502,16693026,"Dhavan Shah","2026-08-08 22:05:55",0.97092,1,dhavanshah99
503,16693277,"zulfikar isiklar","2026-08-11 10:12:31",0.97092,5,zulfikarisiklar
504,16697387,RameshG888,"2026-08-09 17:37:42",0.97092,1,ramesh888
505,16690676,"Haidar Azka","2026-08-10 05:26:39",0.97092,4,haidarazka
506,16645865,"Kun Zhang","2026-08-18 08:43:37",0.97091,73,beicicc
507,16781282,UtkarshArya3725,"2026-08-29 22:23:31",0.97091,7,utkarsharya3725
508,16705976,Solid,"2026-08-28 23:20:32",0.97091,19,nizhen
509,16687976,"Vegard Berget","2026-08-08 14:06:53",0.97091,3,vegahyo
510,16683736,kinnkinn,"2026-08-09 19:56:26",0.97091,20,kinnkinn
511,16785498,Antonoof,"2026-08-28 18:47:46",0.97091,5,antonoof
512,16724919,"Sakito Horie","2026-08-18 00:57:58",0.97090,6,sakitohorie
513,16758789,weimean,"2026-08-23 07:32:57",0.97090,2,gtwm98
514,16662692,LucasSmedley,"2026-08-06 12:08:01",0.97090,2,lucassmedley
515,16725864,"MN Kaggler","2026-08-27 11:18:05",0.97090,7,mnkaggler
516,16730019,HaydenPham,"2026-08-19 22:14:39",0.97089,3,haydenpham
517,16637997,Randynho,"2026-08-14 19:20:58",0.97089,11,randynho
518,16763439,"⸻AgentZZ ⸻","2026-08-23 21:00:03",0.97089,4,agentzz
519,16692209,NIklitaCheporev,"2026-08-14 11:03:54",0.97088,6,niklitacheporev
520,16696708,cameronezrajones579,"2026-08-09 16:56:56",0.97088,6,cameronezrajones579
521,16773329,Doug,"2026-08-27 01:57:34",0.97087,3,dougsgrott
522,16685316,bgnosboehb,"2026-08-07 20:56:08",0.97086,4,bgnosboehb
523,16693323,vreamartins,"2026-08-10 00:05:03",0.97086,11,vreamartins
524,16670381,"HoaiPhong Nguyen","2026-08-09 04:41:37",0.97086,39,hoaiphongnguyen
525,16653003,lsclove,"2026-08-17 07:36:58",0.97086,6,lsclove
526,16674837,"Aryan Kumar","2026-08-06 13:20:59",0.97086,3,kumaryan12
527,16645177,"Yan Hu","2026-08-07 10:21:06",0.97086,36,icyskyhy
528,16672459,Star_xinglan,"2026-08-06 05:48:24",0.97086,1,starxinglan
529,16675180,"family union윤원민 (윤원민)","2026-08-06 14:45:02",0.97086,7,familyunion
530,16639154,Harsh,"2026-08-06 20:15:01",0.97086,17,nendroids
531,16679062,"Nithin maktha","2026-08-06 20:20:45",0.97086,1,makthanithin
532,16685185,Narendra2809,"2026-08-08 17:27:20",0.97086,3,narendra2809
533,16689191,Hawksartelier,"2026-08-10 21:52:00",0.97086,7,"nibeditabal,satyapb2002"
534,16656856,Pruthvish,"2026-08-09 11:20:00",0.97086,4,pruthvish115
535,16689362,"Krinal Naghera","2026-08-09 13:27:20",0.97086,4,krinalnaghera
536,16677251,ktyser,"2026-08-09 21:12:49",0.97086,6,keithtyser
537,16637040,tudousisi,"2026-08-06 08:43:36",0.97086,10,tudousisi
538,16635520,Jason-Oh,"2026-08-07 19:00:01",0.97085,20,dossantoss
539,16633869,goodpjw2008,"2026-08-18 07:45:35",0.97085,15,goodpjw2008
540,16635500,G4N0_669,"2026-08-14 17:18:32",0.97085,7,g4n0669
541,16633807,"Evan Arlen Handy","2026-08-07 01:11:44",0.97085,40,evanarlenhandy
542,16640373,ALKRIS,"2026-08-07 01:33:16",0.97085,6,wasimjbuh
543,16645243,"Mizushima Toshihiko","2026-08-30 07:34:14",0.97085,88,mizushimatoshihiko
544,16639147,Rosehyt,"2026-08-05 14:30:04",0.97085,8,rosehyt
545,16664475,"Revanth Tambisetty","2026-08-18 04:36:35",0.97085,10,revanthtambisetty
546,16666074,xlforml,"2026-08-10 07:00:57",0.97084,9,xlforml
547,16634863,RuiFSPinto,"2026-08-30 06:52:54",0.97084,75,ruifspinto
548,16633957,YUYA,"2026-08-05 13:38:22",0.97084,12,yuyaizumikawa
549,16652523,Ole-Jakob,"2026-08-30 08:31:09",0.97084,114,olejakobrosenvold
550,16661439,"Tilak Datta Iyer","2026-08-05 02:38:21",0.97084,4,tilakdattaiyer
551,16659538,happylongliveduck!,"2026-08-04 11:47:24",0.97084,4,happylongliveduck
552,16652413,"Shiv Satyam","2026-08-11 08:38:55",0.97084,7,shivsatyam
553,16634178,Gigrise,"2026-08-06 16:18:55",0.97084,20,gigrais
554,16747879,yyyggg725,"2026-08-25 11:58:31",0.97084,3,yyyggg725
555,16639622,"Sadam Torres","2026-08-05 22:20:16",0.97084,12,sadamtorres
556,16662485,Lonnie,"2026-08-09 20:21:40",0.97084,5,lonnieqin
557,16638654,yuta_hamatani,"2026-08-05 04:32:30",0.97084,38,yutahamatani
558,16634847,"OMID BAGHCHEH SARAEI","2026-08-30 04:01:16",0.97084,111,omidbaghchehsaraei
559,16684266,"Sushmit Deb","2026-08-11 11:46:08",0.97084,11,sushm17
560,16691650,"Olga Eleftherakou","2026-08-10 08:09:20",0.97084,10,olgaeleftherakou
561,16753315,"Alexie Huynh","2026-08-21 17:35:32",0.97084,10,alexiehuynh
562,16634133,BhuvanNR,"2026-08-30 07:54:20",0.97084,33,bhuvannr2006
563,16700509,"Muneeb ul Hassan","2026-08-12 23:45:44",0.97083,8,muneeb2405
564,16664235,wuy1hao,"2026-08-12 07:08:55",0.97083,1,wuy1hao
565,16659289,"Hiến Nguyễn Đức","2026-08-05 05:44:46",0.97083,4,hinnguync
566,16705796,tani46,"2026-08-27 11:23:23",0.97083,18,tani46
567,16734486,NULL,"2026-08-17 23:27:28",0.97083,3,rogelnull
568,16743960,sswatari,"2026-08-26 20:20:22",0.97083,10,sswatari
569,16644883,"Coen Hewes","2026-08-06 02:00:47",0.97083,15,coenhewes
570,16634751,Kaileh57,"2026-08-06 02:57:45",0.97083,22,kaileh57
571,16645808,"Yong Ming-Jia","2026-08-11 06:11:01",0.97083,2,ymingj
572,16634378,"Coding made Easy","2026-08-05 09:05:04",0.97083,11,codingmadeeasy
573,16683344,"Kerem Tüzün","2026-08-07 20:45:38",0.97083,3,keremtzn
574,16710249,RYnerv,"2026-08-16 11:01:19",0.97082,6,rynerv
575,16635789,hertz,"2026-08-11 04:44:25",0.97082,10,nori117
576,16636199,xiaoyang66,"2026-08-27 02:14:01",0.97082,4,kennethhao8
577,16757358,ZhiLiNyuan,"2026-08-24 23:37:02",0.97082,7,lynnsaylyn
578,16695435,"Rahul Ray","2026-08-18 17:23:45",0.97081,18,rahulray5
579,16653826,Boltuzamaki,"2026-08-08 08:18:05",0.97080,18,boltuzamaki
580,16642191,"Toshiki Honda","2026-08-27 15:05:58",0.97079,14,toshikihonda
581,16633717,Chovy,"2026-08-30 08:56:47",0.97079,121,chovyxu
582,16650259,guosong111,"2026-08-08 03:35:15",0.97079,9,guosong111
583,16689596,王国松Learwwwlll,"2026-08-08 07:54:54",0.97079,2,learwwwlll
584,16688133,daidaidai4126dai,"2026-08-08 09:29:49",0.97079,2,daidaidai4126dai
585,16778102,"Vishmitha Samarakoon","2026-08-27 08:51:39",0.97078,5,vishmithasamarakoon
586,16675439,"Aman Dubal","2026-08-07 05:33:12",0.97077,1,amandubal
587,16657468,"SYED FARHAN78 ","2026-08-13 09:55:28",0.97077,9,syedfarhan78
588,16736503,ZiYiMing,"2026-08-22 16:05:03",0.97076,7,ziyiming
589,16635014,tomasa2,"2026-08-26 19:44:21",0.97075,33,tomasa2
590,16671605,ganbat24,"2026-08-06 13:18:33",0.97075,3,ganbat24
591,16712564,fryhat,"2026-08-29 23:34:47",0.97074,33,fryhat
592,16634369,"tom c tea","2026-08-29 07:48:27",0.97072,34,tomctea
593,16635665,Kyr1ll,"2026-08-21 12:54:46",0.97071,2,kyr1ll
594,16731864,Rapha,"2026-08-27 10:04:25",0.97071,10,raphaabels
595,16715827,Hemlata009,"2026-08-29 20:13:57",0.97070,7,hemlata009
596,16639088,Aren,"2026-08-03 21:56:47",0.97069,5,flare20012
597,16696844,Rohitt_94,"2026-08-29 10:56:04",0.97069,6,rohitt94
598,16712783,"Alpay Abbaszade","2026-08-27 12:48:51",0.97069,17,alpayabbaszade
599,16685279,"Prakash Meher","2026-08-12 09:48:59",0.97069,12,prakashmeher
600,16641095,"Mohamed Amine Rebhi","2026-08-03 22:12:57",0.97069,6,mohamedaminerebhi
601,16657548,"Nicolai Johannesen 73","2026-08-07 01:46:28",0.97069,20,nicolaijohannesen73
602,16656365,xianyu3,"2026-08-06 05:41:48",0.97068,14,xianyu3
603,16728359,BlamerX,"2026-08-24 03:24:11",0.97068,1,blamerx
604,16640984,protects-lab,"2026-08-25 04:25:20",0.97068,13,protectslab
605,16653548,"ahbab zahin","2026-08-03 16:35:07",0.97068,2,ahbabzahin
606,16635425,"Sunix Liu","2026-08-04 12:47:25",0.97068,10,sunixliu
607,16664269,"Nathaniel DeMoro","2026-08-28 16:14:18",0.97068,12,nathanieldemoro
608,16641991,Caesar_yyh,"2026-08-03 16:19:42",0.97067,3,rxscii
609,16680018,"shankar lal","2026-08-28 22:05:59",0.97067,21,shankar3234
610,16635934,Tsubasa_00,"2026-08-20 10:19:58",0.97067,5,tsubasa00
611,16638833,"Szymon Nowacki","2026-08-02 13:11:40",0.97066,4,szymokpetrikov
612,16634150,"Chekhlov Dmitrii","2026-08-03 13:30:42",0.97065,9,zoli800
613,16721984,TrinhDung16,"2026-08-28 09:23:22",0.97065,14,trinhdung16
614,16634573,"Mohit Negi","2026-08-14 04:01:37",0.97065,6,mohitnegi1007
615,16633836,dai2,"2026-08-03 14:13:20",0.97065,4,dai222dai222
616,16652578,"Stop Scrolling","2026-08-03 15:41:38",0.97064,8,alessandrodaldossi
617,16635471,"navazsh fathi","2026-08-03 17:00:19",0.97064,13,navazshfathi
618,16653017,cctr,"2026-08-04 07:23:26",0.97063,2,dionisiusserafs
619,16634867,"Sergey Belov","2026-08-20 05:00:58",0.97063,13,exelero
620,16636806,Hamza,"2026-08-30 12:36:23",0.97063,22,mhamza0810
621,16766565,nhatvo,"2026-08-26 03:27:32",0.97062,8,nhatvo
622,16642004,WYSSR1225,"2026-08-02 14:13:24",0.97062,1,wyssr1225
623,16670183,"louis @ tradeInsight.ai","2026-08-06 20:32:01",0.97062,5,louisquart
624,16634833,"HIKARU KOWATA","2026-08-30 09:58:57",0.97062,56,hikarukowata
625,16648750,Laksharma,"2026-08-06 20:10:07",0.97062,4,laksharma
626,16634184,WXYYYYY,"2026-08-08 06:38:24",0.97062,21,beneththeskin
627,16634674,unknown,"2026-08-03 01:02:46",0.97061,3,abdullahshafi2021
628,16639856,luosukk,"2026-08-03 03:19:58",0.97061,3,luosukk
629,16644603,Ryan,"2026-08-03 04:25:37",0.97061,4,ryan37
630,16639549,GCarnovale,"2026-08-13 01:45:13",0.97060,18,gcarno
631,16663620,"Abhinay Krishna Bodi","2026-08-06 20:11:28",0.97060,12,abhinaykrishna7379
632,16636289,"Sohail Khan","2026-08-24 11:56:42",0.97059,3,sohailkhanlml
633,16651460,"Reda Mountassir","2026-08-07 17:21:25",0.97059,25,redamountassir
634,16692515,cigdembal,"2026-08-30 01:25:52",0.97058,64,cigdembaloglu
635,16655591,Epiphany_Thu,"2026-08-28 03:26:02",0.97058,3,epiphanythu
636,16744406,"Hafiz Atif Ali","2026-08-19 20:26:38",0.97058,3,dingolingo
637,16644187,"Gerald Schwartz","2026-08-29 13:00:19",0.97058,6,geraldschwartz
638,16714741,Adnane,"2026-08-14 16:36:42",0.97057,12,adnaneel
639,16740999,"Barudak Skenempa","2026-08-22 09:18:56",0.97056,10,"hafidzyazeed,radityaalfarisi"
640,16757651,恵輔平川,"2026-08-30 05:16:24",0.97055,18,hirakawa0k
641,16712835,Philipos64,"2026-08-13 13:13:37",0.97055,10,philipos64
642,16757628,"RainQ Bangbangbang","2026-08-23 02:49:40",0.97055,5,rainqbangbangbang
643,16689119,souju00,"2026-08-09 02:20:48",0.97053,6,souju00
644,16662792,"Gourab Roy","2026-08-06 17:10:30",0.97053,11,gourabroy553
645,16644706,サポタン,"2026-08-26 06:21:54",0.97052,72,sapotan
646,16665553,"She didn't love me Back 💔","2026-08-05 15:45:49",0.97052,10,"gourabroy,sudiptatrisha"
647,16634806,"(ノ◡ <)","2026-08-28 20:46:29",0.97052,15,nawfeelrahman1124444
648,16634086,Wonderwall,"2026-08-28 03:52:18",0.97050,61,yuxiang328
649,16689753,Hamachi,"2026-08-30 08:02:54",0.97050,12,hamatz
650,16680289,"Jieun Guu","2026-08-11 02:30:32",0.97050,5,fa9lous
651,16710829,Jerrist,"2026-08-28 05:16:25",0.97049,23,jerrist
652,16654453,chetocheese1821,"2026-08-16 04:01:15",0.97048,7,chetocheese1821
653,16640575,池田拓耶,"2026-08-19 05:43:55",0.97047,45,takuya3412
654,16715624,"Yonju Kim","2026-08-14 12:53:14",0.97046,3,yonjukim
655,16663293,kakuteki,"2026-08-13 20:51:14",0.97045,21,kakuteki
656,16634201,Ricky,"2026-08-21 02:11:52",0.97045,5,rickyds97
657,16703378,"Jacopo Dalmasso","2026-08-18 20:26:35",0.97044,10,jdalmasso
658,16644222,"manifest manifesst yapanzi","2026-08-14 11:46:50",0.97044,14,yusufsadpc
659,16755325,"Kaixi Zha","2026-08-25 04:15:01",0.97044,7,kaixizha
660,16725988,Subaru486,"2026-08-17 12:42:36",0.97042,3,subaru486
661,16736639,Logus,"2026-08-28 09:03:00",0.97042,3,logus4704
662,16713094,"Juan Pablo Alzate","2026-08-28 08:29:03",0.97041,6,juanpabloalzate
663,16633789,rockyhg,"2026-08-24 05:34:50",0.97041,28,rockyhg
664,16715893,"Wu Kerui1006","2026-08-18 05:03:59",0.97041,10,wukerui1006
665,16634644,psychoTKC,"2026-08-24 20:32:30",0.97041,17,psychotkc
666,16707874,Alexander683,"2026-08-29 18:17:08",0.97041,12,"alexander683,bros360x"
667,16750736,"Vishal Agrawal","2026-08-29 17:10:09",0.97040,15,"sreenivastatuskar,vishala28"
668,16718059,"Omar Mohamed","2026-08-19 16:11:21",0.97039,21,omarmohamed89
669,16739397,"Mukesh Bhandarkar","2026-08-24 16:27:06",0.97039,7,slowlearnermack
670,16636101,Ye,"2026-08-29 17:51:36",0.97039,72,gimgoon
671,16705887,"Aditya Pachpande","2026-08-12 19:24:16",0.97038,3,adityapachpande
672,16732631,"Tys TANA","2026-08-26 01:19:34",0.97037,37,tystana
673,16703774,Latku_ram,"2026-08-25 20:59:32",0.97037,7,avndope
674,16721649,"Dee Wythe","2026-08-18 06:29:17",0.97036,5,deewythe
675,16675689,hasanbakr,"2026-08-24 15:27:09",0.97036,11,hasanbakr
676,16713006,zengzhaohua,"2026-08-29 04:05:59",0.97035,7,zengzhaohua
677,16716588,"Mikhail Ignatenko","2026-08-20 11:54:33",0.97035,8,mdu827
678,16635077,"Дворкин Евгений Владимирович","2026-08-26 20:57:59",0.97034,38,evgendvorkin
679,16639039,Jorgen9B,"2026-08-11 11:04:12",0.97034,46,jorgen9b
680,16640028,"Kodai Fukuda","2026-08-30 06:39:14",0.97034,70,kodaifukuda0311
681,16738158,Shingo,"2026-08-26 23:58:00",0.97034,6,shnakazawa
682,16637703,"Adithya Giridharan","2026-08-30 09:17:39",0.97032,39,adithyagiri
683,16675915,Yu,"2026-08-25 08:57:46",0.97031,16,b107050
684,16748178,"Abhimanyu Singh","2026-08-21 15:18:14",0.97031,3,abhimanyusingh170702
685,16732598,YKuma,"2026-08-21 17:16:39",0.97030,21,ykumazaki
686,16634307,"Thùy Thùy","2026-08-26 15:10:17",0.97030,17,thuynguyen246
687,16730035,"OPEN TO WORK","2026-08-20 10:29:48",0.97029,14,mob404
688,16786310,Y10x17,"2026-08-30 10:34:50",0.97028,6,"jing1028,y10x17"
689,16675495,"Koshtubh Singh Parihar","2026-08-07 18:44:40",0.97027,3,koshtubhsinghparihar
690,16695977,"sakkn sakkn","2026-08-30 03:56:38",0.97027,33,sakknsakkn
691,16741778,dancacy,"2026-08-30 02:24:59",0.97026,12,dancacy
692,16707557,"Timofey Kravchenko","2026-08-18 12:59:52",0.97026,3,timofeyyyyyy
693,16740814,"Chanho Lee","2026-08-23 19:58:55",0.97025,21,leechanho1111
694,16701536,"Anurag Garg","2026-08-19 11:52:50",0.97025,18,anuraggarg1209
695,16777373,"Siddharth Patel","2026-08-29 20:58:10",0.97025,14,siddhugp
696,16684274,mana99,"2026-08-16 13:23:57",0.97024,16,xmana99
697,16635551,"Akiyoshi Kinoshita","2026-08-30 09:52:08",0.97024,18,satokin13m
698,16637286,Mohit_Singh,"2026-08-28 10:22:39",0.97024,23,mohitsingh955
699,16635974,"Sergey Qt2024","2026-08-30 10:12:44",0.97024,164,sergeyqt2024
700,16705524,"Shikha Bhushan","2026-08-16 14:38:36",0.97023,12,shikhabhushan
701,16752162,"Bruce Liu47","2026-08-30 11:45:03",0.97021,32,bruceliu47
702,16638965,hipotures,"2026-08-23 16:49:46",0.97020,222,hipotures
703,16777062,PrivatePieceRec,"2026-08-27 21:44:20",0.97020,10,privatepiecerec
704,16730336,"the Penguins","2026-08-17 07:39:38",0.97019,3,carmenwang0724
705,16760525,manboddj,"2026-08-23 11:16:33",0.97018,5,manboddj
706,16664124,"Matthew Knyazev","2026-08-29 19:08:44",0.97017,15,matthewknyazev
707,16734264,"Nikhil R","2026-08-18 02:02:16",0.97016,1,nikhilramlukan
708,16705277,"José Freitas","2026-08-19 07:26:15",0.97016,11,josefreitasalvesneto
709,16668077,"A bojbn oln;n","2026-08-09 14:52:41",0.97015,21,abojbnolnn
710,16710205,"ASEF KABIR","2026-08-12 13:10:22",0.97015,3,asefkabir
711,16701449,"Toshifumi Komiya","2026-08-29 01:43:54",0.97015,57,toshifumikomiya
712,16666113,Hairbel,"2026-08-18 07:25:40",0.97015,8,hairbel
713,16635549,"Szwajcar ","2026-08-27 22:20:06",0.97014,4,szwajcar
714,16756466,"Nikhil Fotedar","2026-08-27 22:39:08",0.97014,5,nikhilfotedar
715,16651596,"Anshraj Gupta","2026-08-15 07:23:12",0.97014,6,zeusgod230
716,16708256,"Karl Kallavus","2026-08-13 07:23:04",0.97013,3,karlkallavus
717,16698030,"Carmen Wang","2026-08-17 01:01:23",0.97013,3,carmenmuziwang
718,16741170,"Daniel LPD","2026-08-24 14:35:38",0.97013,11,daniellpd
719,16678075,"Manu Nicholas Jacob","2026-08-07 23:56:39",0.97013,12,manunicholasjacob
720,16633900,W-Bruno,"2026-08-03 23:08:03",0.97012,8,haoqiangzheng
721,16635321,yalpha,"2026-08-30 04:36:19",0.97012,19,yusukeimura
722,16751184,"Jiashun Tan","2026-08-25 01:01:10",0.97012,1,jiashuntan
723,16718604,"Jarbas Camurça","2026-08-18 22:58:52",0.97011,2,pjarbas
724,16633988,AbdullahSafwan333,"2026-08-03 11:31:05",0.97010,15,abdullahsafwan333
725,16649703,karin,"2026-08-22 14:03:41",0.97010,28,karin1234
726,16699863,"Faris El hakim","2026-08-20 14:10:30",0.97009,3,fariselhakim
727,16655635,kif,"2026-08-26 00:18:45",0.97008,13,echigobran
728,16707306,haukesteffen,"2026-08-29 19:42:19",0.97008,17,haukesteffen
729,16640456,Oreb98,"2026-08-04 14:15:43",0.97008,5,oreb98
730,16652371,"[Deleted] 8506f691-ce8f-4912-a263-db98b91d675a","2026-08-11 07:52:40",0.97007,40,del=1c3c3674981d3842
731,16638857,"David Cohen ","2026-08-26 20:43:25",0.97006,11,davidco1
732,16732808,JustineTct,"2026-08-30 07:44:47",0.97006,6,justinetct
733,16635844,ts,"2026-08-02 07:45:25",0.97006,2,takehirosano
734,16634041,LearningNN,"2026-08-26 01:31:39",0.97006,16,koheishima
735,16635584,"Leonardo Cofone","2026-08-02 13:03:21",0.97005,10,zlatan599
736,16634856,"Factual Explorer","2026-08-21 01:44:43",0.97005,7,factualexplorer
737,16712802,"Utomo Abimail","2026-08-13 10:45:24",0.97005,1,utomoabimail
738,16743925,"Maria Cioratanu","2026-08-20 12:05:47",0.97005,3,mariacioratanu
739,16719252,mirandora,"2026-08-16 11:20:00",0.97004,6,mirandora
740,16659456,jjakimoto,"2026-08-05 07:14:34",0.97003,1,jjakimoto
741,16725311,"oke gas","2026-08-22 16:24:50",0.97002,14,"farhankhairullah06,fatzaaa"
742,16730439,3as6Bl,"2026-08-24 05:12:24",0.97001,13,segusegu
743,16699195,"Kensei Furuya","2026-08-13 03:53:43",0.97001,9,furuken0527
744,16634145,Magikarp,"2026-08-05 03:21:09",0.97001,15,feromagikarp
745,16638097,mige551,"2026-08-30 05:43:57",0.97000,9,mige551
746,16726995,"Rattan Singh","2026-08-30 05:07:10",0.97000,8,rattans
747,16635866,mitamaru,"2026-08-27 13:11:23",0.96999,12,mitatomo3
748,16633884,cshara,"2026-08-27 01:00:31",0.96999,47,cshara
749,16685029,"Fidel Lusiana Putri","2026-08-29 18:30:31",0.96998,19,fidellusianaputri
750,16718111,SZU蓝心,"2026-08-20 13:37:01",0.96998,45,jiazhanliu
751,16635526,TBRTRL,"2026-08-30 03:27:00",0.96998,99,tbrtrl
752,16731702,datatuu,"2026-08-23 17:52:56",0.96998,15,yaoguang516
753,16687764,chlee85,"2026-08-23 22:56:13",0.96998,9,chlee85
754,16785790,"Newton Baba","2026-08-29 11:00:03",0.96997,1,newtonbaba12345
755,16784506,"Dmitry Belan","2026-08-28 18:38:14",0.96997,1,dimong4
756,16761460,"Kshitiz Sharma","2026-08-27 08:42:37",0.96997,3,kshitizsharma08
757,16690633,Wildata,"2026-08-29 20:18:23",0.96996,10,wildata
758,16723692,"Christoffer Thimsen","2026-08-24 08:21:18",0.96996,9,lowasitgoes
759,16645575,"Seungjin Kim","2026-08-04 08:12:01",0.96995,11,nforestcat
760,16700358,"EOM JAEHYEOK","2026-08-10 21:42:50",0.96995,9,eomjaehyeok
761,16698154,후라이드닭튀김,"2026-08-11 00:03:32",0.96995,7,kooiuy
762,16698452,"Sophia Jiyoung Chung","2026-08-11 00:26:35",0.96995,4,sophiajiyoungchung
763,16698179,jaehyeokEom,"2026-08-11 05:58:19",0.96995,13,jaehyeokeom
764,16786407,yumayunaranran,"2026-08-30 10:48:54",0.96993,4,yumayuna0003
765,16728750,"Назар Коваль","2026-08-27 23:15:14",0.96993,33,miickey
766,16633965,YuAn,"2026-08-28 10:23:35",0.96993,4,yuanke2001
767,16732898,Hagepiyo,"2026-08-23 14:24:05",0.96993,21,hagepiyo
768,16713166,"Sebastian Carreras","2026-08-21 14:17:11",0.96993,6,sebastiancarreras
769,16769704,"Yan Slabodich","2026-08-27 22:39:24",0.96993,13,yanskij
770,16656845,"Lancelot foreman","2026-08-06 01:36:11",0.96992,2,lancelotforeman
771,16710087,"Yashwanth Kumar Kotla","2026-08-22 17:45:05",0.96992,16,yashwanthkumarkotla
772,16743281,"Tatsuya Aramaki","2026-08-30 11:48:11",0.96992,13,tatsuyaaramaki
773,16634945,Psi,"2026-08-19 14:22:06",0.96991,42,philippsinger
774,16766744,"Oral Ersoy Dokumaci","2026-08-28 06:43:27",0.96991,3,oralersoydokumaci
775,16663921,kimhongjoong,"2026-08-11 05:13:26",0.96991,17,kimhongjoong
776,16695003,Semen,"2026-08-28 22:52:21",0.96991,33,fiktus
777,16641347,平野竜貴,"2026-08-29 08:30:11",0.96991,85,hiraaaaah
778,16663283,"yuuta ozeki","2026-08-28 09:28:50",0.96991,44,yuutaozeki
779,16758764,void,"2026-08-25 17:49:52",0.96991,7,"aaradhyaguptaai,hargunsandhu"
780,16711935,Raphdraft,"2026-08-25 05:30:46",0.96991,11,raphdraft
781,16780992,"Silver Surfer","2026-08-28 17:25:41",0.96990,9,hausch11
782,16695673,"Gourav Saha","2026-08-22 14:44:44",0.96990,3,gourav404
783,16705826,Vishwa,"2026-08-22 07:41:45",0.96990,3,rv1922
784,16708178,ANURAGDolui,"2026-08-18 10:42:33",0.96990,6,anurag20042003
785,16711319,tohud,"2026-08-13 12:34:44",0.96990,4,ss16th
786,16638813,"Den Pugovkin","2026-08-03 20:29:32",0.96990,11,denpugovkin
787,16668349,"Павел Филиппенко","2026-08-19 17:52:52",0.96989,8,pavelfilippenko
788,16660937,"st yang12","2026-08-25 13:04:25",0.96988,4,styang12
789,16710436,shisan92,"2026-08-25 08:54:43",0.96988,17,shisan92
790,16754087,EitaF,"2026-08-29 06:47:21",0.96988,9,eitafukumoto
791,16635470,SergeyN1942,"2026-08-13 13:40:00",0.96988,25,sergeyn1942
792,16768652,"Jesus TIAN","2026-08-26 05:59:01",0.96988,7,jesustian
793,16643225,"Pavel Ryabov","2026-08-16 18:04:03",0.96987,10,pavelryabov
794,16698151,minsookim,"2026-08-11 06:30:32",0.96987,12,minsoozzang
795,16696183,"Ahmet Kağan Koral","2026-08-11 20:56:19",0.96987,8,kagankoral
796,16706717,"Luis Zhang","2026-08-12 04:35:58",0.96985,5,luiszhang777
797,16641613,"ML learner","2026-08-29 14:29:07",0.96985,27,usermaname1
798,16716427,"Yanwen Wang","2026-08-29 06:18:35",0.96985,9,"yanwenwang921,zhouzhengyu118"
799,16634000,lighth,"2026-08-29 15:56:05",0.96985,15,lighth
800,16635450,"Kemal Musab Dayioglu","2026-08-29 08:17:01",0.96985,14,kemalmusabdayioglu
801,16718581,Galaxantic,"2026-08-14 13:19:42",0.96984,5,neel21yt
802,16635118,"Pravin Takpire","2026-08-19 07:41:20",0.96983,12,pravintakpire
803,16779448,"Mongkhon Hatit","2026-08-28 13:23:33",0.96983,4,mongkolhatit
804,16638810,"nikolaou nikolaou","2026-08-05 17:32:38",0.96983,23,nikolaounikolaou
805,16698050,KDTD,"2026-08-17 05:34:46",0.96982,52,kdtdao
806,16706449,Forensic.nc,"2026-08-12 09:57:23",0.96982,6,forensicnc
807,16666278,"Atsushi Yoshikawa","2026-08-20 08:42:36",0.96982,13,atsushiyoshikawa
808,16693950,Vmax,"2026-08-18 15:28:05",0.96981,4,"harshalivadher1,kazuma005"
809,16767167,Imane101,"2026-08-29 20:57:36",0.96981,18,imane101
810,16756998,"Patrick CHER","2026-08-23 06:21:18",0.96981,4,patrickcher
811,16699611,Xiluii,"2026-08-18 12:39:21",0.96981,23,xiluii
812,16706164,SDA000,"2026-08-14 14:14:50",0.96981,6,sda000
813,16758770,Pinkbanane,"2026-08-23 13:44:28",0.96981,11,pinkbanane
814,16674872,"Ankit Bari","2026-08-26 11:50:14",0.96979,12,bariankitvinod
815,16634229,Evdilos_Ikaria,"2026-08-16 11:11:09",0.96979,28,georgem
816,16777560,"Carl Pang","2026-08-30 02:47:30",0.96978,5,carlpang
817,16633891,"Yoshitomo AI","2026-08-29 12:04:18",0.96978,53,yoshitomoai
818,16719685,"Jared Floersch","2026-08-21 13:37:29",0.96978,5,jaredfloersch
819,16646586,"RZ Lu","2026-08-20 07:08:32",0.96978,13,ruizhaolu
820,16698457,kyg0220,"2026-08-12 00:03:15",0.96978,16,kyg0220
821,16740694,jyama,"2026-08-25 08:26:38",0.96978,12,yarukikun
822,16661055,"Haojun Chen123","2026-08-09 09:48:15",0.96978,16,haojunchen123
823,16635322,"Xinyi Cai","2026-08-27 05:41:37",0.96978,16,xinyeee
824,16741590,Nononoi,"2026-08-20 07:41:07",0.96976,7,nononoi
825,16634071,jngchan,"2026-08-09 11:28:15",0.96976,9,chanjiewang
826,16634450,kminsher,"2026-08-30 05:56:45",0.96976,3,kminsher
827,16687080,PeterGrundell,"2026-08-29 18:49:43",0.96976,34,petea2z
828,16698209,watarukaggle,"2026-08-18 19:11:47",0.96976,2,watarukaggle
829,16764815,ML2024_11,"2026-08-24 15:22:14",0.96976,8,ktaewan0703
830,16722813,UglyDuck,"2026-08-29 20:54:19",0.96975,7,bykjeon
831,16698553,"yoshiomi shimazu","2026-08-29 10:17:50",0.96975,71,yoshiomishimazu
832,16634944,zlka,"2026-08-01 09:04:27",0.96975,2,z3lkahmet
833,16731948,"Komil Parmar","2026-08-18 15:23:13",0.96974,5,komilparmar
834,16641776,"Bogdan Doicin","2026-08-18 05:30:19",0.96974,1,bogdandoicin
835,16695374,BitlevRobert,"2026-08-16 11:28:52",0.96973,1,bitlevrobert
836,16698471,AHNHOJEONG,"2026-08-10 05:57:32",0.96973,3,ahnhojeong
837,16661006,"Sarthak Tyagi","2026-08-14 16:41:35",0.96973,4,lypeorge
838,16766662,Systum_Phar_Denge,"2026-08-29 12:43:59",0.96972,9,"jamiussiddiqui,shahahnafulislam"
839,16732467,pieego,"2026-08-29 13:37:10",0.96972,16,pieego
840,16792268,SIDDpat,"2026-08-30 11:40:32",0.96972,2,siddpat
841,16734424,Hemingweb,"2026-08-28 17:50:14",0.96971,15,hemingweb
842,16640393,nkmr,"2026-08-30 06:34:32",0.96970,29,nicomugilove
843,16644295,Ern711,"2026-08-30 06:59:11",0.96970,21,ern711
844,16706398,SonOfHector,"2026-08-13 22:52:17",0.96969,6,sonofhector
845,16653306,Lzw1110,"2026-08-08 10:29:44",0.96968,1,lzw1110
846,16672808,クリスチャン・デムーロ,"2026-08-06 12:07:42",0.96968,2,croixdunord
847,16785109,"Daniel Mineev","2026-08-29 07:06:28",0.96968,7,nilpotent1
848,16642593,"Comunidad Ninja","2026-08-16 14:12:24",0.96968,29,dxfl42
849,16635771,BLANDCorporatio,"2026-08-20 06:54:37",0.96967,20,blandcorporatio
850,16634584,MIYINKS,"2026-08-18 17:27:46",0.96967,29,miyinks
851,16773392,raehu7,"2026-08-26 06:48:46",0.96967,1,raehu7
852,16684627,Jaideep726,"2026-08-23 16:26:32",0.96967,10,jaideep726
853,16634350,Goyomatsu,"2026-08-30 08:18:34",0.96967,7,hirokimori
854,16674594,"Luka Duvanov","2026-08-20 17:25:20",0.96966,4,nekkon
855,16660069,assbreaker0607,"2026-08-19 08:22:50",0.96965,2,assbreaker0607
856,16764779,れもねーど,"2026-08-24 08:12:03",0.96965,1,lemoninthelemonade
857,16705456,HungTing,"2026-08-11 12:37:46",0.96965,10,hn28082251
858,16638198,oliver,"2026-08-28 14:04:19",0.96965,69,oliverlang
859,16728911,"deepak bahuguna","2026-08-20 04:21:15",0.96964,8,batman1997
860,16761899,"Preet Kumar","2026-08-23 15:51:22",0.96964,1,preetgujjar
861,16651945,"Paul Shelby","2026-08-11 15:48:37",0.96963,18,paulshelby
862,16756674,"Oleg Buklanov","2026-08-28 10:40:23",0.96963,2,olegbuklanov
863,16689676,"Utkarsh Anand","2026-08-11 09:41:32",0.96963,2,utkarshanand140
864,16754659,"Akash Pattani","2026-08-22 15:29:23",0.96962,1,akashpattani
865,16642651,PX0000,"2026-08-16 01:35:20",0.96962,17,px0000
866,16783419,"Đoàn Văn Bình B19DCCN066","2026-08-29 04:53:05",0.96961,4,onvnbnhb19dccn066
867,16705942,Ryo.s,"2026-08-15 09:02:08",0.96959,8,rioh07
868,16664978,"mithul chander","2026-08-10 08:03:02",0.96958,5,mithulchander
869,16702603,ethan.ai,"2026-08-12 23:25:41",0.96958,3,ethanai
870,16713602,Shenghan,"2026-08-20 14:11:36",0.96958,1,shenghanxie
871,16756289,"Chaman Agrawal","2026-08-22 09:41:21",0.96958,3,chamanag
872,16723264,mayukistarry,"2026-08-30 09:05:42",0.96957,17,mayukistarry
873,16635197,"Georgios Nikolitsis","2026-08-23 14:19:29",0.96956,23,gnikolitsis
874,16723258,arnavgoel26,"2026-08-14 20:07:16",0.96956,3,arnavgoel26
875,16782476,qkrehgusdlqslek,"2026-08-28 08:58:06",0.96956,2,qkrehgusdlqslek
876,16740876,"Kaustubh Mukdam","2026-08-24 05:07:04",0.96956,2,kaustubhmukdam
877,16674846,"Abubakar Idrees","2026-08-11 16:57:19",0.96956,4,abubakaridrees
878,16633860,"Hiroko Tsuchida","2026-08-29 13:11:05",0.96956,60,hirokotsuchida
879,16761734,takoyakiman,"2026-08-29 08:29:26",0.96955,10,takoyakiman
880,16676112,LINKIT,"2026-08-06 15:19:39",0.96955,3,lin1027
881,16762136,"Voinea Cristian Mihai","2026-08-26 19:02:29",0.96955,12,voineacristianmihai
882,16715167,OwenChen07,"2026-08-28 22:58:51",0.96955,10,chen613
883,16656750,there,"2026-08-06 05:12:26",0.96953,4,theevolutionisnear
884,16792524,Meteor_1108,"2026-08-30 12:40:11",0.96952,9,meteor1108
885,16684487,"Oana-Elena Barbu","2026-08-22 05:14:15",0.96950,8,oanaelenabarbu
886,16678079,"Fernando Figaro","2026-08-27 01:59:27",0.96950,1,fernandooligg
887,16673644,JYShane,"2026-08-16 11:08:19",0.96949,8,jyshane
888,16724891,sokoranohimazin,"2026-08-15 12:34:14",0.96949,2,sokoranohimazin
889,16706547,symmys,"2026-08-19 06:41:00",0.96948,5,toasthink
890,16775198,"Erik Tavares","2026-08-26 18:05:47",0.96947,2,eriktavares
891,16729790,"ENG NAGAH","2026-08-23 11:17:14",0.96947,41,engnagah
892,16661671,AbdelrahmanNagah,"2026-08-23 12:55:36",0.96947,50,abdelrahmannagah
893,16707569,kito_pl,"2026-08-22 12:23:12",0.96947,15,kitopl
894,16734413,"Jon Chernoch","2026-08-30 05:04:46",0.96947,2,jonchernoch
895,16770344,xqhoj1,"2026-08-28 23:56:59",0.96946,9,xqhoj1
896,16732987,"Abhishek Anand","2026-08-25 08:32:54",0.96945,7,abhishekanand
897,16635176,NatSwamin,"2026-08-28 23:21:15",0.96945,13,natswamin
898,16769771," Lưu Khải Hưng","2026-08-29 01:47:43",0.96945,11,lukhihng
899,16712178,Finezza,"2026-08-26 18:58:29",0.96944,5,finezza
900,16726663,"Ruslan Prashchurovich","2026-08-16 21:02:11",0.96944,5,ruslanprashchurovich
901,16780619,"A Siri","2026-08-29 16:31:36",0.96944,3,siribtech
902,16717283,riicon,"2026-08-21 15:26:13",0.96944,1,risakashiwabara
903,16725734,"Ali Azizi","2026-08-21 08:26:34",0.96943,19,aliazizi1
904,16708080,大谷悠斗,"2026-08-12 01:08:01",0.96941,1,otaniyu
905,16639631,"SIDHAARTH SHREE","2026-08-27 10:58:37",0.96941,12,sidhaarthshree
906,16680668,"Manuel Santiago Atencio","2026-08-29 22:59:51",0.96941,8,manuelsatencio
907,16688744,Wen003,"2026-08-14 21:08:07",0.96940,8,wen003
908,16644704,Chloevan,"2026-08-10 02:38:29",0.96940,8,j2hoon85
909,16708874,"Alejandro Vivero","2026-08-13 18:16:28",0.96939,4,alejandrovivero
910,16760528,"Amey Thakur","2026-08-25 21:10:40",0.96939,18,ameythakur20
911,16633905,Herohito,"2026-08-30 03:11:07",0.96938,12,aangphurba
912,16635101,"Carlos Perea","2026-08-18 14:59:50",0.96938,1,carlospereavega
913,16719572,"Jiefu Zhou","2026-08-14 05:27:33",0.96938,1,jiefuzhou121
914,16748038,"Hưng Lưu","2026-08-28 13:46:32",0.96937,24,yahhngliu
915,16692599,"Varun Purushothaman","2026-08-10 17:42:13",0.96937,5,varunpurushothaman
916,16669512,"Sami Aden","2026-08-08 08:39:04",0.96936,7,samiaden
917,16681237,ynrasr,"2026-08-13 11:29:04",0.96936,29,ynrasr
918,16690350,coolcat,"2026-08-16 03:00:09",0.96936,13,zhanjinbo
919,16637713,"Michael Nguyen","2026-08-11 03:21:00",0.96935,20,michaelnguyen66
920,16668847,"Water ground","2026-08-30 10:17:38",0.96933,74,kyumoto
921,16698970,"Vikram Tiwari","2026-08-19 16:08:04",0.96933,5,vikramtiwari
922,16718222,AnRyisReal,"2026-08-14 00:12:49",0.96932,1,anryisreal
923,16772684,"ychen liu","2026-08-26 09:07:32",0.96932,4,liuyuchenhust
924,16637245,"Rob Schieber","2026-08-29 19:06:16",0.96932,16,robschieber
925,16686414,SOSyuki,"2026-08-09 15:12:18",0.96931,3,sosyuki
926,16700977,kani,"2026-08-29 13:43:20",0.96930,2,na7na7
927,16641681,mmasato,"2026-08-24 15:33:44",0.96927,9,mizogakimasato
928,16749829,"Antonio Rotundo","2026-08-27 13:09:41",0.96926,16,antoniorotundo2
929,16684722,"Nikhil Krishna A","2026-08-27 13:54:30",0.96926,25,techmasternikhil
930,16775561,moxi21,"2026-08-27 14:24:08",0.96925,3,moxi21
931,16635292,AndyL,"2026-08-29 12:51:06",0.96925,26,androidl
932,16692236,"Thiago Yoris","2026-08-16 02:22:56",0.96924,22,thiagoyoris
933,16635025,"Emre Bektas","2026-08-03 07:22:07",0.96924,1,ebktas
934,16751177,"Abdullah Al-Duwaihy","2026-08-30 06:27:46",0.96923,4,abdullahalduwaihy
935,16662207,James,"2026-08-06 14:19:41",0.96923,5,jamesripoll
936,16639839,Uedaaya,"2026-08-30 06:19:50",0.96923,15,uedaaya
937,16704808,DeguTakeHaya,"2026-08-30 07:22:09",0.96922,11,"hisashihayakawa,soratakeuch,takumideguchi"
938,16634600,"Touhidul Alam Seyam","2026-08-01 07:45:23",0.96919,10,seyamalam
939,16707748,"Sarim Javed","2026-08-17 13:00:19",0.96919,4,sarimr
940,16750039,"Taro Sakaguchi","2026-08-21 03:12:28",0.96919,3,tarosakaguchi
941,16773161,"Zhu Feiyang","2026-08-28 03:06:53",0.96918,3,fionazhu03
942,16732546,"Ibai Ceberio","2026-08-27 12:37:17",0.96917,5,ibaiceberio
943,16698451,"kiwong jung","2026-08-10 05:58:12",0.96917,2,kiwongjung
944,16698445,sshh,"2026-08-10 23:36:07",0.96916,6,ssahhhh
945,16698466,JeonJeonghui,"2026-08-10 13:25:47",0.96916,4,jeonjeonghui
946,16761304,小等等,"2026-08-28 06:50:38",0.96916,9,atwelve
947,16704599,Lee14k,"2026-08-17 06:33:35",0.96916,14,lee14k
948,16655208,"Abhinav Neelam","2026-08-21 08:04:42",0.96915,9,abhinavneelam
949,16634361,"M. Syahrindra","2026-08-29 04:57:02",0.96914,35,mochammadsasuharno
950,16668584,Raccoon2,"2026-08-12 18:22:25",0.96914,15,raccoon2
951,16655614,"Yueyang Wang","2026-08-05 03:26:38",0.96914,4,dkexodus
952,16690854,henri66,"2026-08-15 22:35:35",0.96912,2,henri665
953,16722566,"Amir hosein Shabani","2026-08-27 18:14:25",0.96912,4,amirhoseinshabani
954,16730465,"Yamin Hossain","2026-08-17 04:49:52",0.96912,1,yaminh
955,16693433,"Yang Tanxin(Artemis)","2026-08-28 10:28:31",0.96910,7,yangtanxin
956,16698453,"Suyeon Noh","2026-08-10 23:30:56",0.96910,4,suyeonnoh
957,16757731,nakayoshiver1,"2026-08-24 01:30:07",0.96909,7,nakayoshiver1
958,16773374,awasq123,"2026-08-26 06:23:36",0.96909,1,awasq123
959,16678643,Devanshk09,"2026-08-20 11:58:01",0.96904,16,"devanshk09,rishiraj29"
960,16743875,Akiu17,"2026-08-27 00:32:39",0.96904,1,akiu17
961,16758996,luicaru,"2026-08-28 15:02:30",0.96903,6,luicaru
962,16698463,"sunhee back","2026-08-10 23:33:30",0.96903,6,sunheeback
963,16762328,pansya,"2026-08-30 04:16:13",0.96902,2,pansya
964,16742563,"My Pham Nguyen Ha ","2026-08-28 09:33:38",0.96902,18,myphamnguyenha
965,16738703,"Oussama Khaldi","2026-08-19 19:31:34",0.96901,11,oussamakhaldii
966,16709023,"la viva la desire","2026-08-29 18:44:18",0.96901,12,gigan11ga
967,16707270,"Olena Gaponenko","2026-08-14 08:38:50",0.96900,8,olenagaponenko
968,16792686,shimodas,"2026-08-30 11:53:17",0.96900,2,shimodas
969,16689583,A_ladd_insane_Pirrip,"2026-08-16 02:47:33",0.96899,1,aladdinsanepirrip
970,16639110,"SOUSSOU Koffi Désiré","2026-08-02 01:36:17",0.96898,8,soussoukoffidsir
971,16704562,kouchan,"2026-08-28 22:39:06",0.96898,11,kouchan0104
972,16663673,"Samuel Patton","2026-08-12 23:31:13",0.96898,45,samuelpatton22
973,16698449,"Jinnie Yoon","2026-08-11 04:22:39",0.96894,5,jinnieyoon
974,16644828,"CJ ROCKBALL","2026-08-15 11:17:24",0.96894,16,cjrockball
975,16698152,"marine jang","2026-08-10 06:42:13",0.96894,4,marinejang
976,16674622,thymeprn,"2026-08-19 17:29:27",0.96894,12,prajyotnula
977,16757390,"Zakir Khan","2026-08-23 08:18:38",0.96893,2,zakirkhanhu
978,16778698,"Andrew Leal70","2026-08-30 01:29:20",0.96893,7,andrewleal70
979,16635912,L.E.Electron,"2026-08-13 11:55:27",0.96893,6,eelectronlee
980,16635589,"Yilan Zhu","2026-08-02 10:59:28",0.96893,5,yilanzhu
981,16639385,"NAWAZ SHARIF","2026-08-03 09:38:55",0.96892,2,nawazs4265
982,16665010,"Reman Dey","2026-08-12 11:05:52",0.96891,3,remandey
983,16693365,"Oğuzhan Özdemir","2026-08-15 20:39:18",0.96889,5,ouzhanzdemir
984,16638669,PavelLiashkov,"2026-08-02 08:29:06",0.96888,4,bigbag1983
985,16641636,"Mika SHNHR","2026-08-29 21:15:54",0.96888,25,mikashnhr42261
986,16705193,AIsummer2026,"2026-08-27 13:33:06",0.96887,26,aisummer2026
987,16673991,"Wang Yayan","2026-08-07 03:22:24",0.96887,5,wangyayan0308
988,16743324,"Ciobanu Robert Andrei","2026-08-21 21:45:19",0.96886,7,ciobanurobertandrei
989,16634056,"Trish Cornelissen","2026-08-29 12:36:48",0.96884,125,tcspecialist
990,16747972,T1-Reks,"2026-08-29 08:23:10",0.96884,9,t1reks
991,16755207,"Shubham Tibrewal","2026-08-22 18:35:50",0.96884,2,researchai2026
992,16698304,"KAIYU FENG","2026-08-12 07:00:22",0.96882,9,kaiyufeng
993,16660126,"Erwin Huizenga","2026-08-30 12:40:05",0.96881,144,erwinh
994,16762122,sowhatwillwelearn,"2026-08-27 20:13:54",0.96881,2,sowhatwillwelearn
995,16688052,"Денис Чистов","2026-08-30 08:33:42",0.96879,4,denis4u
996,16668570,"Saiyma Sarmin","2026-08-28 19:52:36",0.96877,23,saiymasarmin
997,16757212,"Guido Bróccoli","2026-08-29 18:59:37",0.96876,21,guidobrccoli
998,16638818,kobby_,"2026-08-18 09:29:14",0.96876,4,sylvesterdalmeida
999,16765661,kamaras,"2026-08-27 06:37:35",0.96874,5,kamaras
1000,16698464,sonnarae,"2026-08-10 10:05:05",0.96873,5,sonnarae
1001,16726194,"ahmed hossam","2026-08-16 11:25:22",0.96873,5,ahmedhossam61
1002,16655628,"Azamat Sadikov","2026-08-28 10:11:00",0.96872,14,azamatsadikov
1003,16724020,shige,"2026-08-17 22:32:42",0.96871,3,shigechan
1004,16735073,"VINEET LAXMAN MALLARAP","2026-08-18 04:34:57",0.96871,5,vineetlaxmanmallarap
1005,16735656,anubh09,"2026-08-18 17:47:07",0.96870,1,anubh09
1006,16696680,"Yuandong Xu","2026-08-13 11:46:51",0.96869,4,yuandongxu
1007,16726400,MADX,"2026-08-16 14:28:49",0.96868,5,isejal
1008,16768865,jx1573t,"2026-08-26 04:54:48",0.96865,8,jx1573t
1009,16634329,GurSimran,"2026-08-28 16:37:57",0.96864,19,gurseeon
1010,16722014,"Gnach Deraj","2026-08-24 07:05:58",0.96863,23,gnachderaj
1011,16660122,"cinnamon melon pig","2026-08-13 15:47:51",0.96863,2,cinnamonmelonpig
1012,16674070,"Komarov Andrew","2026-08-18 21:14:51",0.96862,7,lucci01a
1013,16634206,miyu.k1aras@gmail.com,"2026-08-29 10:39:00",0.96861,79,miyuk1arasgmailcom
1014,16638925,"Prabhat Agnihotri","2026-08-30 07:22:40",0.96859,28,pls1999
1015,16639087,"Leo Torres","2026-08-13 03:38:10",0.96859,2,leotorres321
1016,16766174,"Maahir Soni","2026-08-30 10:24:36",0.96859,3,maahirsoni
1017,16645181,Ryuji_tech,"2026-08-18 08:49:23",0.96857,2,ratovia
1018,16723000,Юрий,"2026-08-17 11:42:13",0.96857,1,ussrgangrena
1019,16717157,"Manuel Burki","2026-08-15 05:06:54",0.96857,1,brmnlk
1020,16699212,SD,"2026-08-13 15:40:55",0.96857,17,stefdec
1021,16757241,@Vishwa20,"2026-08-23 13:22:06",0.96857,15,vishwavikas20
1022,16693935,kinosuke,"2026-08-28 07:39:17",0.96856,5,kosukekino
1023,16651594,"Bhanu Pratap Singh","2026-08-08 17:05:49",0.96856,17,kakarot167vegeta
1024,16635590,"Etsushi Yamamoto","2026-08-03 15:28:32",0.96856,6,etsushiyamamoto
1025,16634917,sasadai,"2026-08-17 10:24:01",0.96855,18,"kekicake,sasadai"
1026,16728423,"[Deleted] b6936a42-22b4-4666-b80d-984b717381df","2026-08-16 14:04:37",0.96855,1,del=9ef6f5c150454daf
1027,16677745,Dinesh.N,"2026-08-10 17:10:57",0.96855,6,dineshn001
1028,16777282,Charlezz8z,"2026-08-29 07:24:25",0.96853,5,charlezz8z
1029,16763791,"Edem Aniwa","2026-08-25 21:45:13",0.96850,1,edemaniwa
1030,16715230,zgdllt,"2026-08-30 09:55:28",0.96847,3,zgdllt
1031,16654357,"Aleksandr Ulianin","2026-08-06 21:49:08",0.96846,8,aleksandrulianin
1032,16717400,"Akmal Yaasir Fauzaan","2026-08-15 07:50:20",0.96845,3,akmalyaasir
1033,16698450,park,"2026-08-11 04:50:54",0.96845,10,jyeonning
1034,16716194,"Aniket Bandgar","2026-08-25 03:33:31",0.96845,5,"aniketsb,ayushmahadik1256,prat0511"
1035,16721890,"Pranali Shivaji Gadade","2026-08-14 11:29:01",0.96845,2,pranalishivajigadade
1036,16731851,Sandesh1813,"2026-08-17 10:15:08",0.96845,2,sandesh1813
1037,16739052,DynamicDuo,"2026-08-18 16:51:10",0.96845,2,"pranaliarunkarande,suhanipawar2503"
1038,16745925,parth076,"2026-08-20 06:49:40",0.96845,2,parth076
1039,16733013,"EBN MASER","2026-08-17 16:07:45",0.96844,10,ebnmaser
1040,16664296,"Ryo Myzk","2026-08-28 05:11:35",0.96844,40,"kokimanabexhello,ryomyzk"
1041,16694604,dengyufei,"2026-08-30 12:18:49",0.96844,24,dengyufei666
1042,16729678,"Kieran Moffat","2026-08-22 11:14:37",0.96843,7,kieranmoff
1043,16638276,NoOneAhead,"2026-08-01 17:30:35",0.96842,1,jerrlu
1044,16635621,"Mubashir Ul Hassan","2026-08-12 01:09:18",0.96840,1,mubashirulhassan00
1045,16698455,yunheekimm,"2026-08-10 11:48:30",0.96840,3,yunheekimm
1046,16649815,"as Rd see the uhh fs the","2026-08-22 23:45:27",0.96836,14,asrdseetheuhhfsthe
1047,16634554,"Hugues Bousquet","2026-08-11 16:50:48",0.96836,6,huguesbousquet
1048,16694026,mutsumi,"2026-08-15 07:42:10",0.96834,1,mutsumit
1049,16733358,"GG FOR ALL","2026-08-22 15:32:50",0.96834,13,ggforall
1050,16661421,"Otchym Grazny","2026-08-21 17:43:47",0.96833,7,otchymgrazny
1051,16737525,"alex chilton","2026-08-18 21:29:51",0.96831,4,alexchilton
1052,16674898,"Lu Mingming","2026-08-08 23:40:11",0.96828,6,mming0430
1053,16782749,"Rodrigo Nader","2026-08-28 05:55:40",0.96827,3,rodrigosnader
1054,16779316,KaluzaKlein,"2026-08-28 10:38:03",0.96825,2,kaluzaklein
1055,16785148,"Prasiddha Koirala","2026-08-29 06:17:51",0.96825,6,prasiddhakoirala
1056,16678621,masterlincs,"2026-08-09 19:21:20",0.96825,16,masterlincs
1057,16759116,"Mehmet Özel","2026-08-24 10:14:26",0.96824,9,mehmetozell
1058,16653013,"Justine Lopez","2026-08-14 13:52:02",0.96824,12,justinelopez
1059,16737554,"Beyond Accuracy","2026-08-27 14:05:00",0.96822,4,"anushkad21,prajaktaraghunathsan,varadkatti07816"
1060,16639435,"Sergei Lepitko","2026-08-25 01:42:28",0.96821,61,sergeilepitko
1061,16642111,SARANG,"2026-08-29 20:53:32",0.96819,15,vh10935cse20
1062,16728392,bankrupted,"2026-08-16 14:31:10",0.96819,1,bankrupted
1063,16657865,"Patrice MAZEL","2026-08-21 11:09:30",0.96817,3,patricemazel
1064,16731133,"Waihei Yuk","2026-08-24 09:38:28",0.96816,4,waiheiyuk
1065,16634003,"Nirmal Patel","2026-08-03 17:41:59",0.96816,5,nirmalpatel02
1066,16738760,"Harish Yadav","2026-08-25 12:37:40",0.96815,8,harishyadav0506
1067,16670650,"Brendon Wang","2026-08-16 16:52:56",0.96813,10,invisiblefire
1068,16654652,dragoshh1984,"2026-08-03 19:35:28",0.96812,4,dragoshh1984
1069,16730877,"Ahmed Elkasy","2026-08-29 20:43:16",0.96811,7,ahmedelkasy
1070,16653791,"Andre Endress","2026-08-18 17:54:53",0.96810,7,andreendress
1071,16655038,"Baseer Shah","2026-08-05 20:08:12",0.96809,3,baseershah
1072,16657903,SamSV,"2026-08-25 09:31:26",0.96809,8,sameerasvithanage
1073,16764701,TtAI1302,"2026-08-29 04:03:25",0.96809,9,ttai1302
1074,16679008,"kavvyashre v","2026-08-06 22:05:04",0.96809,1,kavvyashrev
1075,16724690,Async,"2026-08-28 22:51:42",0.96808,51,k1y0sh1
1076,16711876,"Mark Cooper","2026-08-18 00:01:59",0.96808,12,markjcooper
1077,16652726,"Vladimir Demidov","2026-08-29 12:57:45",0.96807,26,yekenot
1078,16745869,SunaoCool,"2026-08-20 05:39:50",0.96806,2,yoshikinishita
1079,16754011,"Varun Gupta","2026-08-22 19:48:01",0.96806,6,mister2005
1080,16644539,"Sudhir Sharma","2026-08-09 19:47:40",0.96806,4,satanic47
1081,16790069,"Fan Ziqian","2026-08-30 06:58:46",0.96806,2,fanziqian
1082,16725019,久原祐輝,"2026-08-16 03:14:38",0.96805,3,yuki0524
1083,16655094,Wakabourne,"2026-08-23 12:27:43",0.96804,6,wakabourne
1084,16644890,Sunshien-1023,"2026-08-16 04:04:39",0.96803,5,sunshien1023
1085,16642334,"Sarvesh Nikas","2026-08-13 06:49:24",0.96803,7,sarveshnikas
1086,16664613,"Prosotas dubiosa","2026-08-30 11:28:44",0.96803,11,prosotasdubiosa
1087,16719421,"Aidan Furlong","2026-08-15 18:47:39",0.96800,3,aidanfurlong
1088,16702550,XuHaoRan1233,"2026-08-10 20:50:21",0.96799,9,xuhaoran1233
1089,16635998,DaniilSnegurov,"2026-08-01 20:13:45",0.96797,5,daniil6437829
1090,16736618,"Jeffery Mei","2026-08-19 05:12:07",0.96797,3,callmejeffery
1091,16633711,"Gaurav Dutta","2026-08-30 02:13:52",0.96796,41,gauravduttaiiitb
1092,16633992,Shailesh,"2026-08-21 08:14:27",0.96794,9,shailesh5430
1093,16760124,"Dhruv Tibarewal","2026-08-23 20:41:12",0.96794,4,dhruvtibarewal
1094,16718168,"Maksym Tkachenko","2026-08-17 17:18:00",0.96794,3,dngrsdev
1095,16663781,"Mark Conrad","2026-08-22 01:38:40",0.96794,20,markc1993
1096,16704478,"Dark Bhai","2026-08-28 15:24:07",0.96793,2,darkhkr
1097,16701197,绯色月下,"2026-08-16 02:19:33",0.96792,3,mclster
1098,16756649,"Emir Koc","2026-08-28 13:39:09",0.96792,3,emirkoc17
1099,16685454,"Qudsiya Siddique","2026-08-17 17:16:43",0.96791,11,qudsiyasiddique
1100,16790078,"He Yufeng","2026-08-30 11:27:26",0.96790,1,heyufeng2003
1101,16679724,"Sreekaran Reddy1704","2026-08-07 13:03:03",0.96790,2,sreekaranreddy1704
1102,16634980,"Luca Lullo","2026-08-28 07:40:29",0.96789,23,lucalullo
1103,16680616,"Amarjeet Singh","2026-08-22 14:13:03",0.96787,3,amarjeetsingh016
1104,16639037,dukka,"2026-08-28 11:54:47",0.96787,41,onurozahioglu
1105,16724765,"Steven Liwang","2026-08-25 12:12:13",0.96787,5,stevenliwang
1106,16635313,harwinder_singh_766,"2026-08-07 19:28:58",0.96787,10,harwindersingh766
1107,16665483,Rishi_Lokesh07,"2026-08-24 16:09:58",0.96785,12,rishilokesh07
1108,16747931,MikhailBoltyshev,"2026-08-26 07:03:15",0.96784,2,mikhailboltyshev
1109,16639656,kazkod,"2026-08-15 11:32:25",0.96781,2,kazkod
1110,16696338,dianatofficial,"2026-08-27 15:29:01",0.96781,13,dianatofficial
1111,16635577,casati8,"2026-08-30 10:05:29",0.96781,23,casati8
1112,16643118,"Junyeong Ahn","2026-08-03 20:24:42",0.96780,6,junyeongahn
1113,16667891,"Alikhan Gavrilov","2026-08-27 16:20:43",0.96780,13,alikhangavrilov
1114,16637262,"Jesús Sevilla Pérez","2026-08-20 08:17:59",0.96780,5,jesssevillaprez
1115,16633739,SkibidiUzbek,"2026-08-23 23:35:10",0.96779,9,dummkopf
1116,16734358,"hero from zero","2026-08-17 21:32:54",0.96779,2,herofromzero
1117,16726699,"Behiye Bedir","2026-08-20 15:26:44",0.96776,16,behiyebedir
1118,16634299,"Javier Agnir","2026-08-19 09:51:18",0.96776,5,javieragnir
1119,16688511,"Sri Datta Yaddanapudi","2026-08-08 19:29:11",0.96776,4,sridattayaddanapudi
1120,16766139,"Alberto de Alarcón Sánchez","2026-08-29 15:07:32",0.96773,8,albertodealarcon
1121,16634339,mochi0601,"2026-08-29 12:51:42",0.96771,129,mochi0601
1122,16768182,"Mohit Pandey","2026-08-26 21:19:25",0.96770,2,mojoji
1123,16634255,"Phoneix Algorithms","2026-08-15 13:06:33",0.96770,41,"mohankrishnathalla,neelamuday,rakesh630"
1124,16639270,Tigerpiotta,"2026-08-21 08:51:11",0.96768,11,tigerpiotta
1125,16726797,"T T‗Worker","2026-08-24 03:25:30",0.96767,13,ttworker
1126,16713881,"Gabriele Santoro","2026-08-16 20:42:16",0.96767,1,gabrielesantoro
1127,16669759,"Anuj Saha","2026-08-08 21:41:33",0.96766,13,anujsaha0123456789
1128,16634515,Arukyan,"2026-08-28 03:41:45",0.96765,25,arukyan
1129,16643248,glock48,"2026-08-02 22:10:42",0.96764,3,glock48
1130,16724168,cocohuangke,"2026-08-19 16:25:02",0.96763,4,cocohuangke
1131,16735074,"PRERANA MADAVI","2026-08-18 04:34:21",0.96762,4,preranamadavi
1132,16679060,JeovaAnderson,"2026-08-07 07:29:36",0.96761,1,jeovaanderson
1133,16663400,"Alex Bissacco","2026-08-10 20:56:11",0.96761,23,alexbissacco
1134,16634405,"Laksika Tharmalingam","2026-08-01 07:23:18",0.96761,8,uom190346a
1135,16639276,"Jayant Parashar","2026-08-05 17:57:05",0.96761,8,jayantparashar
1136,16772397,XiaozhenWu2002,"2026-08-29 19:36:25",0.96759,2,xiaozhenwu2002
1137,16723886,igtheflash,"2026-08-16 11:30:58",0.96756,4,hengnui
1138,16769705,"Soheib Miloudi","2026-08-25 11:12:37",0.96751,2,soheibmiloudi
1139,16654492,"Tsyban Valery","2026-08-30 06:52:16",0.96750,8,tsybanvalery
1140,16741540,"Andrei Lefter","2026-08-25 10:50:03",0.96748,6,andreilefter23
1141,16680898,jiweijing,"2026-08-30 10:52:11",0.96744,21,jiweijing
1142,16792509,"Chong Xuan Ng","2026-08-30 10:41:22",0.96743,1,chongxuanng
1143,16687198,"Jakub Cabala","2026-08-10 18:34:14",0.96743,4,jakubcabala
1144,16640767,"GEORGE DOUKAS","2026-08-30 11:57:49",0.96742,17,georgedoukas
1145,16716517,"poignant padaeng","2026-08-28 08:29:45",0.96741,24,poignantpadaeng
1146,16701740,"Sirui Zheng452","2026-08-10 18:56:47",0.96740,4,siruizheng452
1147,16710691,Yuriii12345,"2026-08-28 06:49:49",0.96740,7,yuriii12345
1148,16641449,"A Aswanth Raj","2026-08-02 12:56:37",0.96737,2,aaswanthraj
1149,16779650,ZAOUI_Yassine,"2026-08-28 12:40:45",0.96737,20,zaouiyassine
1150,16665607,"Oscar Yáñez Feijóo","2026-08-16 07:56:51",0.96737,3,oscaryezfeijo
1151,16634050,"Dinh Bao Binh Tran","2026-08-07 14:49:11",0.96736,4,dinhbaobinhtran
1152,16695796,"Haozhe Wang 2022","2026-08-10 02:58:05",0.96736,2,haozhewang2022
1153,16674432,松田啓太,"2026-08-30 10:21:25",0.96735,54,nekonekonekone
1154,16644272,"SYED HANZALA ALI SHAH","2026-08-10 18:39:54",0.96735,16,syedhanzalaalishah
1155,16727606,Cadb3rry,"2026-08-18 14:53:17",0.96735,3,cadb3rry
1156,16735417,"Rohit Shelke","2026-08-29 23:31:00",0.96735,7,"rohitshelke26,sanjanaingleshwar66"
1157,16688117,"Grzegorz Zawadzki","2026-08-08 20:32:59",0.96734,9,grzegorzzawadzki
1158,16744659,"Arun Gyawali","2026-08-21 19:41:25",0.96733,4,lucymlai32
1159,16785164,"Mobeen Fatima","2026-08-29 04:54:52",0.96731,1,mobeenfatimah
1160,16634472,Keisuke_kaggle,"2026-08-30 11:11:49",0.96729,105,keisukekaggle
1161,16754654,Bitok_001,"2026-08-25 04:57:44",0.96727,2,bitok001
1162,16790236,"Rohit Loharkar","2026-08-30 04:13:03",0.96726,1,rohitloharkar
1163,16662221,"Aditya Raj Singh","2026-08-18 19:51:00",0.96725,1,aditya9151
1164,16738069,Bilkenters,"2026-08-20 17:22:57",0.96725,20,"ahmetthelegend,arifbaranbykalan"
1165,16638278,"dimitrios tsiakoulias","2026-08-13 02:26:36",0.96725,17,dimitriostsiakoulias
1166,16758067,Fuwari618,"2026-08-30 04:27:18",0.96724,4,fuwari618
1167,16714112,Marwan_Mostafa,"2026-08-19 16:29:04",0.96724,3,marwanmostafa222012
1168,16634388,"Jonok Sharma","2026-08-05 09:53:54",0.96724,12,jonoksharma
1169,16724484,"Yueci Li","2026-08-30 12:01:31",0.96723,5,"albertliu1,yuecili"
1170,16729306,"Şeyma Nur ARI","2026-08-27 19:38:06",0.96722,5,eymanurari
1171,16653203,"Akshara Akshi","2026-08-03 19:49:26",0.96720,5,aksharaakshi
1172,16644147,C4rl05/V,"2026-08-15 00:30:21",0.96719,15,cv13j0
1173,16663898,"keita exe","2026-08-05 05:43:45",0.96718,2,keitaexe
1174,16682969,"Misbah Fatima","2026-08-17 19:12:25",0.96715,1,misbah278
1175,16717871,"Pierre FAURE-GEORS","2026-08-28 12:59:01",0.96715,10,pierrefauregeors
1176,16775227,okok_jy,"2026-08-27 04:04:33",0.96713,3,kjy666
1177,16634988,"Wei Hsiang Lin111","2026-08-06 09:14:45",0.96712,1,weihsianglin111
1178,16762534,"Shankar Shanmugham","2026-08-30 04:12:48",0.96711,3,sshankar11
1179,16743284,"Fernando Rodrigues","2026-08-20 14:29:26",0.96711,2,fernandosr85
1180,16652961,Alexdruso,"2026-08-15 13:22:02",0.96711,4,alessandrosanvito
1181,16633996,Akahachi,"2026-08-25 06:49:43",0.96711,9,wordcards
1182,16664673,JiéHuángSoDope,"2026-08-06 06:31:05",0.96711,4,kiethuynhisme
1183,16640756,QiYian,"2026-08-02 15:15:49",0.96711,10,uhduih123
1184,16744202,Lukas,"2026-08-26 15:35:45",0.96710,7,lukab25
1185,16639299,"Satyam Kumar0725","2026-08-23 20:31:11",0.96710,17,satyamkumar0725
1186,16718306,"Saad Furquan","2026-08-28 07:52:40",0.96707,16,saadfurquan
1187,16706088,"Ömer Faruk Tekin","2026-08-13 16:26:44",0.96707,15,faruktekin
1188,16704595,"Sanket Kharche","2026-08-20 16:34:13",0.96707,2,sanketkharche123
1189,16748965,abdur_developer,"2026-08-29 15:33:46",0.96707,24,abdurdeveloper
1190,16729837,Kapil,"2026-08-19 13:50:57",0.96706,15,kapil3
1191,16719031,Md.Tayyab,"2026-08-18 15:00:25",0.96706,9,mdtayyab
1192,16659745,"Nursultan Koshekbaev","2026-08-06 13:41:08",0.96706,1,nursultankoshekbaev
1193,16710837,"Святослав Проців","2026-08-17 12:46:59",0.96705,1,tpochuk
1194,16722645,Egunuraka,"2026-08-19 11:47:43",0.96704,12,egunuraka
1195,16687002,CherylStoned,"2026-08-08 12:35:56",0.96703,8,cherylstoned
1196,16701673,"Toheed Quraishi","2026-08-28 15:40:45",0.96700,1,"afreen1207,mdsarwashahmed,toheedquraishi"
1197,16730572,ltt7476,"2026-08-25 06:15:10",0.96700,1,ltt7476
1198,16696374,Abhinav0067,"2026-08-27 12:54:59",0.96699,6,abhinav0067
1199,16743444,"Vultur Stefana","2026-08-22 00:31:45",0.96699,4,vulturstefana
1200,16642410,"deepankur lohiya","2026-08-26 17:18:26",0.96698,9,deepankurlohiya
1201,16641154,thinkrunner,"2026-08-27 12:48:37",0.96698,33,thinkrunner
1202,16706645,"Shashank reddy","2026-08-12 08:41:49",0.96697,2,shashankreddy123987
1203,16681918,shark++,"2026-08-20 13:38:15",0.96695,9,"learnwaterflow,serenalcc,vincentyingxichen"
1204,16721475,cr4bbz,"2026-08-15 21:26:53",0.96695,16,julianvoigt
1205,16634391,SamyukthaV,"2026-08-26 20:48:45",0.96694,3,"poojashree1789,samyuktha12v"
1206,16716302,"Benedictus Ryu Gunawan","2026-08-13 13:44:10",0.96694,4,benedictusryugunawan
1207,16664371,mxt1022,"2026-08-07 08:36:11",0.96692,7,unlome
1208,16651493,"Samvel Serobyan","2026-08-03 10:04:51",0.96692,2,samvelserobyan
1209,16677278,"BOUSSEBATA ISSAM","2026-08-07 22:50:19",0.96692,4,boussebataissam
1210,16640601,"Pranav Uniyal","2026-08-13 08:49:06",0.96692,10,fall2fire
1211,16747834,llorenzo,"2026-08-23 18:08:54",0.96691,2,llorenzok
1212,16671499,Pig30nidaE,"2026-08-06 07:50:04",0.96691,2,pig30nidae
1213,16776892,"gyanaranjan mishra","2026-08-27 17:20:56",0.96691,10,gyanaranjanmishra
1214,16635403,"mariko f.","2026-08-30 09:44:00",0.96690,67,marikof
1215,16639951,kntnkm,"2026-08-02 23:31:08",0.96687,3,kntnkm
1216,16638863,"Vitalii Novikov","2026-08-14 08:15:43",0.96687,5,nu1ll1
1217,16719171,"Donald Galliano III","2026-08-14 03:24:52",0.96685,2,donaldgalliano
1218,16728635,"Prithvi Bansal","2026-08-17 04:53:16",0.96684,1,prithvibansal07
1219,16697313,"Brice Piaple","2026-08-09 20:43:01",0.96683,2,livaikira
1220,16767876,MatthewEmery,"2026-08-25 00:00:07",0.96680,4,memery44
1221,16636781,"arnav chaturvedi123","2026-08-11 14:47:37",0.96680,10,arnavchaturvedi123
1222,16642610,"Ryan Altic","2026-08-04 03:40:01",0.96679,4,ryaltic
1223,16783790,"Arjun Saha","2026-08-29 08:45:15",0.96679,4,arjunsaha21
1224,16774013,"Jie Zhou0428","2026-08-27 05:17:46",0.96679,6,jiezhou0428
1225,16633710,torrreeesss,"2026-08-04 21:41:34",0.96678,5,torrreeesss
1226,16635721,"Muhammad Faheem","2026-08-07 10:32:14",0.96676,6,muhammadf4h33m
1227,16706050,"Sarthak #2","2026-08-14 13:03:18",0.96675,6,srthkdixit
1228,16706199,"Gaurav kumar","2026-08-14 01:22:50",0.96672,3,gauravkrsinha
1229,16699330,"Animesh Wani","2026-08-29 10:08:19",0.96672,12,wanimesh
1230,16647693,"Avinash maurya","2026-08-17 22:46:08",0.96672,7,avinash2009
1231,16713767,"Wafa ALDALBAHI","2026-08-13 03:46:37",0.96671,1,wafasaifaldalbahi
1232,16727224,"Ethika Das","2026-08-23 14:32:30",0.96671,3,ethikadas
1233,16764739,Maimun1,"2026-08-27 18:30:58",0.96671,3,maimun1
1234,16722722,"Andrea Moschetti","2026-08-30 06:25:07",0.96670,37,andreamoschetti
1235,16686508,butlerc9,"2026-08-16 21:34:32",0.96669,11,butlerc9
1236,16724636,Tris05,"2026-08-16 17:02:28",0.96669,2,trishanadar
1237,16635392,jesusvivo,"2026-08-01 16:20:30",0.96668,5,jesusvivo
1238,16638477,Kshitij,"2026-08-15 08:37:53",0.96667,9,kshitijkhonde
1239,16663776,"David Guzzi","2026-08-24 23:39:57",0.96667,8,davidguzzi
1240,16695984,PersonName54,"2026-08-10 18:41:06",0.96666,2,personname54
1241,16691179,wesley,"2026-08-09 09:13:38",0.96664,1,wesleyhuan
1242,16725465,Max,"2026-08-15 20:28:15",0.96664,2,mn12111
1243,16743667,gizmrkv,"2026-08-23 05:16:47",0.96662,3,gizmrkv
1244,16640926,"Yasmine Laajailia","2026-08-02 16:16:36",0.96661,1,yasminelaajailia
1245,16635423,LouisPlottier,"2026-08-29 18:44:23",0.96661,6,louisplottier
1246,16637037,rahfar,"2026-08-17 20:44:24",0.96661,5,airmech
1247,16729509,"Sarthak Sharma #2","2026-08-17 20:51:34",0.96661,4,sarthaksharma14
1248,16723180,"Reda HEDDAD","2026-08-25 14:32:51",0.96660,3,redaheddad
1249,16634851,Emilia_ZET,"2026-08-24 20:34:09",0.96660,5,emiliazet
1250,16634470,Gravity,"2026-08-21 16:37:09",0.96657,16,shivamgravity
1251,16652913,"Baha Enes Ören","2026-08-30 00:06:10",0.96657,6,bahaenesren
1252,16790018,"ZHANG CHUNJIE","2026-08-30 06:37:15",0.96657,2,nemonade
1253,16726715,"Nguyen Binh Ho","2026-08-20 02:29:03",0.96657,6,nguyenbinhho
1254,16651635,RudraSingh0001,"2026-08-11 16:25:50",0.96657,9,rudrasingh0001
1255,16639673,T_Techno,"2026-08-23 06:28:57",0.96655,8,ttechno
1256,16694753,"Nishant Kumar","2026-08-09 11:11:03",0.96655,4,nishantkumarabes
1257,16709518,"Sanjay Dilip","2026-08-24 13:40:28",0.96653,6,sanjaydilip
1258,16660244,Moujoudix,"2026-08-24 09:25:18",0.96653,7,mjdism
1259,16713939,"resolution time","2026-08-13 05:24:30",0.96653,7,resolutiontime
1260,16674997,imjamj01,"2026-08-14 05:30:09",0.96652,22,takemayuj01
1261,16765527,reimei2009,"2026-08-24 10:45:59",0.96652,1,reimei2009
1262,16634257,"Abiram Bharathi S.A","2026-08-06 04:43:43",0.96652,12,abirambharathisa
1263,16639373,stxrs7,"2026-08-11 19:51:34",0.96651,8,tomhejl
1264,16633876,"Alfandi Hassan","2026-08-03 14:28:26",0.96650,7,alfandihassan
1265,16644430,"SHUBH SETH","2026-08-29 11:15:36",0.96650,16,sethshubh
1266,16725156,perry,"2026-08-15 16:10:03",0.96649,3,perry040411
1267,16706964,GregH,"2026-08-21 14:37:45",0.96649,7,eosgreg
1268,16753936,"Galvin Prime","2026-08-22 15:57:32",0.96649,6,"shanmukhvilluri,thrishankkarri"
1269,16639739,Geegoogaagaa,"2026-08-27 10:45:09",0.96648,5,"aarthiarulprakash,ishavenkataraman1606,jananess"
1270,16665096,"Can Gürcüoğlu","2026-08-26 13:25:53",0.96648,1,cangurcuoglu
1271,16635736,"AFSHA ANJUM","2026-08-29 20:57:25",0.96648,3,afshakhan007
1272,16638058,"Mohammad Elsayed","2026-08-01 23:16:26",0.96648,3,someotherbody
1273,16641325,Mikey-TraceGod,"2026-08-02 12:16:58",0.96648,1,mikeytracegod
1274,16706159,"Koki ANDO","2026-08-13 04:53:06",0.96647,7,kokiando
1275,16711878,teddyoweh,"2026-08-12 20:48:31",0.96647,3,teddyoweh
1276,16645388,Ivan1625,"2026-08-10 03:13:18",0.96647,3,ivan1625
1277,16760183,迫田　莉空,"2026-08-24 12:45:04",0.96647,3,dustpptale
1278,16668293,"Marcos Silveira","2026-08-30 12:37:58",0.96647,122,msilve
1279,16636018,Avrs,"2026-08-15 14:44:49",0.96646,1,hussainafroz
1280,16725077,Shanks,"2026-08-16 09:29:40",0.96646,1,shashx
1281,16634189,vvqqpptt,"2026-08-02 00:09:47",0.96646,2,vvqqpptt
1282,16723471,"Sonali Duvesh","2026-08-26 09:58:44",0.96646,6,sonaliduvesh
1283,16716034,sooflee,"2026-08-13 09:01:39",0.96646,2,sooflee
1284,16659966,"Team Hynixplz","2026-08-24 10:07:48",0.96645,7,wkddnjs1998
1285,16675443,"[Deleted] 2fdef872-015d-4130-b40b-ff8f5ed2e04e","2026-08-10 13:05:03",0.96645,7,del=e5555dad5d9b669b
1286,16759192,"Arda Hepguler","2026-08-29 23:10:00",0.96645,14,ardahepguler
1287,16730037,MattRP,"2026-08-17 18:40:45",0.96645,6,mattrp
1288,16761940,Anvar,"2026-08-25 15:01:45",0.96645,4,anvarbekatayev
1289,16641595,"Pius Ajamma","2026-08-04 15:30:33",0.96645,4,piusajamma
1290,16725969,Md-Ali-Azad,"2026-08-15 22:58:34",0.96645,2,mdaliazad
1291,16724296,"Sreejit Pradhan","2026-08-22 04:32:19",0.96644,10,sreejitpradhan
1292,16636530,"S Aishvarya","2026-08-09 07:15:10",0.96644,8,saishvarya
1293,16770390,kirill_davidovskiy,"2026-08-25 13:23:27",0.96644,2,kirilldavidovskiy67
1294,16657447,"Ryan Lence","2026-08-05 20:35:42",0.96644,6,mylabsllc
1295,16661516,"ِAli Barakat","2026-08-08 16:15:59",0.96643,1,alibarakat7215454
1296,16723868,computersoul,"2026-08-22 03:00:03",0.96643,3,computersoul
1297,16667864,"Eren Demirtaş","2026-08-06 15:29:54",0.96643,3,agining
1298,16701566,"Papa Annan","2026-08-10 15:50:45",0.96643,2,papaannan
1299,16659753,nouvya,"2026-08-10 08:33:32",0.96642,7,nouvya
1300,16671972,"Brad Hill","2026-08-29 21:07:54",0.96642,6,jhill101
1301,16790141,Ardahep,"2026-08-29 13:28:56",0.96642,1,ardahep
1302,16634595,donkedo,"2026-08-10 15:34:17",0.96642,47,donkedo
1303,16688604,Silveris2,"2026-08-25 08:28:23",0.96642,3,silveris2
1304,16641626,Matts6591,"2026-08-06 12:13:38",0.96642,8,mathwithmatt
1305,16707196,VaraPrabha,"2026-08-12 16:41:49",0.96641,3,galiveetipoornima
1306,16634967,BwandoWando,"2026-08-21 03:54:15",0.96641,1,bwandowando
1307,16759970,"Hassen Hicheri","2026-08-23 15:24:21",0.96641,6,hassenhicheri
1308,16746482,"Aman thakur04","2026-08-25 13:05:58",0.96641,9,amanthakur04
1309,16635347,AAAMIKASA,"2026-08-01 19:25:07",0.96640,7,aaamikasa
1310,16695835,"Kuba Kościan","2026-08-14 14:05:02",0.96640,8,kubakocian
1311,16664038,"Edward L","2026-08-15 00:09:00",0.96640,5,treedle
1312,16658035,"Jimmy Wang","2026-08-05 06:21:17",0.96639,7,renedescarteees
1313,16779915,"Farid Pangestu Aji","2026-08-30 01:33:40",0.96639,8,faridpangestuaji
1314,16742231,Barbagrande007,"2026-08-28 15:59:15",0.96638,7,barbagrande007
1315,16665053,KHuShIMaHajan,"2026-08-22 14:30:39",0.96638,2,bymista4578
1316,16770496,"Goga Vlad","2026-08-25 12:12:45",0.96638,1,gogavlad
1317,16659862,"Anant jain","2026-08-29 12:03:46",0.96638,8,anantjain159
1318,16666681,"Bery Max","2026-08-20 10:16:53",0.96638,5,berymax
1319,16767785,"Abina Kukanova","2026-08-26 19:56:56",0.96638,4,abinakukanova15
1320,16706371,Zerixter,"2026-08-18 14:17:09",0.96637,2,zerixter
1321,16750795,"Nash Adam","2026-08-21 05:08:06",0.96637,6,lichclass
1322,16791376,"Saj Patel","2026-08-29 23:31:48",0.96637,2,sajpatel15
1323,16670529,"bobby lucido","2026-08-06 01:37:12",0.96637,3,bobbylucido
1324,16640475,"Karan Tanshukh","2026-08-11 13:03:35",0.96637,9,karantanshukh
1325,16693298,"Jaan Olev","2026-08-23 13:56:38",0.96637,2,jaanolev11
1326,16644170,"Priyanshu Mittal","2026-08-20 17:44:32",0.96636,15,"piyushprashant0799,priyanshu310"
1327,16698853,"SAI ESHWAR S","2026-08-11 05:23:10",0.96635,1,saieshwars
1328,16790608,arman1o1,"2026-08-30 10:17:13",0.96635,1,arman1o1
1329,16724225,"NAGIREDY SURYA","2026-08-21 05:57:48",0.96635,1,nagiredysurya
1330,16759018,"Callum Stephen Connell","2026-08-22 18:57:05",0.96635,3,callumstephenconnell
1331,16749942,"Tymofii Kyrylenko","2026-08-25 12:42:40",0.96634,1,timonneon
1332,16635319,"Shamanthak Reddy Mallu","2026-08-27 05:59:41",0.96634,2,shamanthakreddymallu
1333,16777745,"Daniel Bandy","2026-08-27 06:57:54",0.96634,5,goddangitboby
1334,16633747,"Adama Traore","2026-08-04 00:12:51",0.96634,21,adamstra
1335,16742315,"Aiman Al-Shalfi","2026-08-21 13:23:34",0.96634,14,aimanalshalfi
1336,16761278,"JiaHui Ni ","2026-08-26 13:02:29",0.96633,1,jiahuini
1337,16640012,N.I,"2026-08-06 11:43:10",0.96633,10,nariakiinamine
1338,16730166,"Soham Dave","2026-08-17 03:45:25",0.96633,3,sohamdave19
1339,16680557,"Takashi Miura","2026-08-07 04:04:31",0.96632,1,takasshu
1340,16660218,"Babul Kumar","2026-08-12 17:20:36",0.96632,4,babulkumar07
1341,16735302,"Zechu Liu","2026-08-18 14:33:28",0.96632,4,wafflebear
1342,16661918,"Mazen Hassane","2026-08-19 14:49:13",0.96631,25,mazenhassane
1343,16708052,"Paul Ryan","2026-08-14 16:12:17",0.96630,6,justaloaf
1344,16651202,"Sem Simonyan","2026-08-03 10:14:14",0.96630,2,semsimonyan
1345,16765637,Karan8435,"2026-08-30 07:48:12",0.96629,3,karan8435
1346,16715356,"Dias Tashev, MD","2026-08-13 11:03:35",0.96628,4,diassio
1347,16652691,TUNA,"2026-08-04 14:05:23",0.96628,2,magurodataanalysis
1348,16635550,Punyak,"2026-08-23 17:06:33",0.96628,26,punyakdei
1349,16669087,JosephKHassan,"2026-08-05 22:13:45",0.96628,1,josephkhassan
1350,16737496,xixiheihei,"2026-08-24 08:47:25",0.96627,2,xixiheihei
1351,16759389,mrrakk,"2026-08-27 15:59:03",0.96627,1,mrrakk
1352,16639115,"Iwo Grzeszkowski","2026-08-07 07:39:34",0.96627,5,iwogrzeszkowski
1353,16689462,"Allen Donald","2026-08-09 12:39:32",0.96627,3,allendonald
1354,16676474,"Isaac Quishpillo ","2026-08-08 00:14:28",0.96627,6,isaacquishpillo
1355,16693261,ikazen,"2026-08-28 21:00:14",0.96625,9,ikazen
1356,16715906,ninja496,"2026-08-14 11:54:20",0.96625,3,"ankit0208,ninja496"
1357,16650258,"Yihan Guo","2026-08-04 10:22:27",0.96624,1,yihanguo
1358,16707892,"Akalya Bharathi S A","2026-08-29 05:42:17",0.96624,49,akalyabharathisa
1359,16634693,"Savi Kanse","2026-08-05 10:19:55",0.96624,6,savikanse
1360,16775411,Egorasdaw,"2026-08-26 17:21:14",0.96623,1,egorasdaw
1361,16662671,"Agent Arya","2026-08-04 17:43:00",0.96623,1,agentjeet
1362,16661263,"Ákos Pintér","2026-08-05 09:50:43",0.96623,14,kospintr
1363,16681472,"Shounak Kanade","2026-08-10 08:49:59",0.96623,1,shounakkanade
1364,16638146,mr.pickleee,"2026-08-01 16:32:47",0.96623,3,mrpickleee
1365,16721088,"Shivangi Singh","2026-08-15 11:23:17",0.96623,3,shivangisingh300
1366,16762242,"Grigorii Panin","2026-08-23 19:23:39",0.96622,3,pangr33n
1367,16736868,"Evgeny Nevodnich","2026-08-27 12:45:12",0.96622,1,evgenynevodnich
1368,16785371,"Maaz Shuaib","2026-08-29 16:27:32",0.96622,5,maazshuaib
1369,16773438,Karl0106,"2026-08-26 09:47:58",0.96621,1,karl0106
1370,16656462,"bong seonghyun","2026-08-05 13:15:15",0.96621,5,bongseonghyun
1371,16777050,Jeremy,"2026-08-27 14:43:21",0.96621,7,jeremybetz
1372,16703815,Simon,"2026-08-11 04:36:50",0.96621,7,simonpreuss01
1373,16724256,"Hemanth Kumar","2026-08-29 11:34:13",0.96621,2,hemanthkumara2005
1374,16649441,VisionSpace,"2026-08-29 15:27:01",0.96620,24,"camacho10,emacedo"
1375,16634175,"Jesmi George","2026-08-23 14:16:35",0.96620,15,jesmigeorge04
1376,16635032,"ARUNAGIRINATHAN K","2026-08-01 15:15:37",0.96620,8,arunsworkspace
1377,16738789,"Bianca Denadai","2026-08-21 19:21:04",0.96620,19,biancadenadai
1378,16661941,"Olga Legan","2026-08-25 15:41:23",0.96620,21,helgalegan
1379,16636357,Mohtamyzan,"2026-08-03 07:22:25",0.96619,19,mohtamyzan
1380,16644764,"Claudio Sturaro","2026-08-16 20:49:21",0.96619,2,sturarods
1381,16767416,"Joe Chapa","2026-08-24 21:14:37",0.96619,3,joechapa
1382,16703148,Jigyasa_2606,"2026-08-11 17:13:17",0.96618,2,jigyasa2606
1383,16662943,"Enes Haşıl","2026-08-10 06:42:41",0.96618,6,abdullaheneshasil
1384,16640157,BloodyGymVisitor,"2026-08-29 12:11:31",0.96618,6,bloodygymvisitor
1385,16655613,Khongor2424,"2026-08-15 03:18:54",0.96618,23,khongorkikaik21
1386,16732260,"Rushikesh Gaonkar","2026-08-20 16:30:01",0.96617,2,rushikeshgaonkar
1387,16744497,"Racem Trabelsi","2026-08-20 00:48:33",0.96617,3,racemtrabelsi
1388,16683151,Kr1ator,"2026-08-15 04:31:33",0.96617,5,kr1ator
1389,16657363,"Muhammad Shoaib Altaf","2026-08-30 11:48:34",0.96617,7,muhammadshoaibaltaf
1390,16651109,"DIJIN DOMINIC","2026-08-06 10:47:08",0.96617,3,"anandpapully,dijindominic,vishnuprakashj"
1391,16656398,"Tatikonda Venkatesh","2026-08-29 14:34:30",0.96617,5,tatikondavenkatesh
1392,16652746,Takuya,"2026-08-08 12:40:06",0.96616,1,takuya07
1393,16668780,Aknot,"2026-08-09 13:20:19",0.96616,2,antok33
1394,16740947,bob,"2026-08-21 01:26:08",0.96616,1,paulmnz
1395,16772098,"Quang Trinh Dinh","2026-08-26 05:18:23",0.96615,3,quangtrinh25
1396,16651667,C3PO,"2026-08-19 11:06:03",0.96615,4,alunji
1397,16711403,Naki,"2026-08-12 15:40:45",0.96615,5,nanakiohashi
1398,16654677,"[Deleted] c072da9c-edcb-4624-ac8e-01f3e3135afd","2026-08-04 15:06:46",0.96615,4,del=0fc69e47721f2075
1399,16661954,"Pedro Henrique","2026-08-04 15:42:21",0.96615,1,pedrohets
1400,16726206,sai_ash,"2026-08-20 14:54:16",0.96615,5,saiash
1401,16661418,"Nguyễn Trung Ngạn","2026-08-10 18:37:45",0.96615,31,nguyentrungngan
1402,16728878,"zi Pedro","2026-08-16 18:07:19",0.96615,3,zipedro
1403,16652889,solyanas,"2026-08-18 11:38:06",0.96614,7,solyanas
1404,16685314,Xashimon,"2026-08-07 16:17:56",0.96614,2,xashimon
1405,16785908,"Maher Amara","2026-08-29 13:53:14",0.96614,1,maheramara
1406,16680351,"[Deleted] f38e8021-cf20-4a2c-bcd0-78ddf69d1fa2","2026-08-07 11:43:55",0.96614,1,del=c6ea2a0f46f7b25d
1407,16661074,baishuwow,"2026-08-05 01:22:20",0.96613,5,baishuwow
1408,16633969,green_black_tea,"2026-08-12 18:37:43",0.96613,7,shamsutdinovrad
1409,16634163,"Michael H.","2026-08-28 12:28:09",0.96613,10,mbhznc
1410,16719045,Mhmda81,"2026-08-19 22:32:52",0.96612,7,mhmda81
1411,16689791,healer2408,"2026-08-09 08:28:20",0.96612,3,healer2408
1412,16640185,"Prajwal patil","2026-08-08 11:38:12",0.96612,2,prajwal3335
1413,16718466,"Rimsha Waheed","2026-08-22 13:10:24",0.96612,11,rimsha77
1414,16785754,"Vincent-Adam Alimi","2026-08-29 22:01:19",0.96612,2,vincentadamalimi
1415,16767243,"Ibrahim Abdelsalam","2026-08-24 19:46:44",0.96611,5,ibrahimab2
1416,16671401,songjiajun,"2026-08-07 02:29:42",0.96610,1,realmadridcr7
1417,16661222,"Adison Simanullang","2026-08-05 15:25:41",0.96610,10,adisonsmn
1418,16766362,"Yegor Vynokurov","2026-08-29 09:12:01",0.96610,5,vynokurovyegor
1419,16643912,"Abraham Daniel Yat","2026-08-19 12:51:35",0.96610,14,abrahamdanielyat
1420,16675589,"Areen Agrawal","2026-08-19 15:31:03",0.96610,26,areenagrawal
1421,16758959,"Animesh Kumar","2026-08-27 19:26:15",0.96610,5,animeshuit98
1422,16740095,"Roko Torbarina","2026-08-19 03:59:14",0.96610,3,rokotorbarina
1423,16662970,"Enrico Manosperti","2026-08-08 11:44:55",0.96610,3,enricomanosperti
1424,16643566,"VaLeRiO  XeFtErIs","2026-08-02 20:34:31",0.96610,6,valxef
1425,16727071,ershan23,"2026-08-16 04:08:50",0.96610,1,ershan23
1426,16637889,"Shayan Zulfiqar","2026-08-08 12:45:35",0.96609,17,shayanzk
1427,16740939,"Innovseed | Jenish","2026-08-19 05:08:05",0.96609,1,innovseedjenish
1428,16751523,panda,"2026-08-25 15:14:15",0.96609,7,pandapanda1234
1429,16635444,"Levann Latarche","2026-08-13 22:17:47",0.96609,7,levannlatarche
1430,16645608,"Choe jungmin","2026-08-12 07:21:14",0.96609,2,choejungmin
1431,16656983,"Shailesh Kumar","2026-08-05 17:43:15",0.96609,2,shaileshkumar591
1432,16688645,"Aditya #2","2026-08-08 06:32:51",0.96608,2,a0x1ab
1433,16659486,"Disha Dhope ","2026-08-16 15:25:58",0.96608,4,dishadhope11
1434,16736122,"Danïel Salazar","2026-08-20 07:05:07",0.96608,10,danelsalazar
1435,16742268,Nate_Forbes,"2026-08-20 14:57:20",0.96608,2,nateforbes
1436,16711581,"Sacha Aubert","2026-08-13 15:36:32",0.96608,11,sachaaubert
1437,16712240,"Vivek Verma","2026-08-12 13:13:58",0.96607,2,cosmicescape
1438,16719276,YearntoChurn,"2026-08-20 00:38:26",0.96607,1,"henryeech,karl1024"
1439,16680294,Jackson,"2026-08-19 09:49:33",0.96607,4,itsjackpow
1440,16634004,Quang0150,"2026-08-13 03:29:39",0.96607,45,quang0150
1441,16738483,kminh712,"2026-08-22 16:17:36",0.96607,4,"hanashiroanzu,nh2nam"
1442,16666460,PutN1k,"2026-08-12 16:25:59",0.96607,11,putn1k
1443,16640567,K1taIkuyo,"2026-08-06 11:25:55",0.96607,16,k1taikuyo
1444,16644347,"Jim Gruman","2026-08-13 21:32:59",0.96606,17,jimgruman
1445,16771470,"Sharma Priyanshu","2026-08-27 10:51:37",0.96606,2,sharmapriyanshu
1446,16720040,"Deep Patil","2026-08-15 17:02:34",0.96606,10,deeppatil1
1447,16766297,PIPPI,"2026-08-27 22:45:32",0.96605,3,hayatarosu
1448,16647130,"Muhammad Osama Naeem","2026-08-05 05:33:46",0.96605,2,muhammadosamanaeem
1449,16761950,"Roger King","2026-08-23 18:38:25",0.96605,1,rogerking214
1450,16759209,Hiro,"2026-08-24 00:34:36",0.96605,4,hiroaki401
1451,16765803,"Pavel Drankov","2026-08-24 10:54:07",0.96605,1,summers21
1452,16634377,"Nur Srijan","2026-08-02 06:48:21",0.96605,5,nursrijan
1453,16754865,Potato,"2026-08-20 13:12:21",0.96605,2,"sonaliverma29,starlord0104"
1454,16750710,"Maks Mamaev","2026-08-23 18:14:42",0.96604,2,maksmamaev
1455,16731922,daguniang,"2026-08-24 09:18:31",0.96604,8,daguniang
1456,16679898,"Lindokuhle Nyoka","2026-08-07 19:49:39",0.96604,4,lindokuhlenyoka
1457,16733913,"Arif Camci","2026-08-24 04:48:25",0.96604,1,arifcamci
1458,16653300,"Sakthivarshan S","2026-08-06 10:59:07",0.96604,2,sakthivarshans
1459,16715872,Tamizharasan1907,"2026-08-25 12:27:33",0.96604,4,tamizharasan1907
1460,16719920,Leon,"2026-08-14 10:04:05",0.96604,3,leonoel49
1461,16669894,"Alexis Janke","2026-08-10 14:29:43",0.96603,4,alexisjanke
1462,16722001,K_DHEERAJ_11,"2026-08-18 06:38:16",0.96603,2,kdheeraj11
1463,16705350,"Sanya Gupta31","2026-08-12 08:54:15",0.96603,2,sanyagupta31
1464,16683691,"Hòa Phùng Ngọc GIa","2026-08-13 04:54:05",0.96602,8,haphngngcgia
1465,16693483,UniqueC,"2026-08-29 12:56:27",0.96602,1,uniquec
1466,16757359,manabann,"2026-08-22 10:53:45",0.96602,5,manabann
1467,16633768,"Rohit Prakash Singh","2026-08-30 01:03:48",0.96602,20,rpsingh21
1468,16663190,"Nicole Patterson","2026-08-27 03:57:34",0.96602,4,nicolepatterson8910
1469,16634731,"Rugved Bane","2026-08-08 13:11:51",0.96602,27,rugvedbane
1470,16676831,"Dhiyanesh Babu C V","2026-08-07 06:13:18",0.96602,2,dhiyaneshbabu
1471,16635345,chauahanvivanshu,"2026-08-07 17:40:42",0.96602,5,"blackstone24,chauahanvivanshu,phantomisup"
1472,16648235,"Alibay Alili","2026-08-20 12:19:41",0.96601,2,alibay
1473,16715287,Dule@11,"2026-08-19 06:27:48",0.96601,10,dule11
1474,16713643,"Vineesha avasarala","2026-08-14 02:47:38",0.96601,3,vineeshaavasarala
1475,16656032,"Chris Chang","2026-08-05 02:13:20",0.96601,4,chrischang3
1476,16729774,"moushun chen","2026-08-16 20:01:07",0.96601,1,moushunchen
1477,16750246,"Ayaan Faisal","2026-08-21 10:03:16",0.96601,1,ayaani12
1478,16634745,"Muhammad Hamim Islam","2026-08-14 10:41:46",0.96601,7,odvut1
1479,16687311,"Dev Batra","2026-08-23 10:16:10",0.96601,7,devbatrax
1480,16727016,"Nick Daniel Ramos","2026-08-20 10:48:40",0.96601,1,nickdanielramos
1481,16724568,"Logeshwari Somasundaram","2026-08-26 08:16:01",0.96600,8,logeshwari12345
1482,16706671,"Arijit Paul","2026-08-27 21:19:08",0.96600,5,arijitpaul07
1483,16651233,"Anhad mahajan","2026-08-08 14:30:45",0.96600,11,anhadmh
1484,16639698,永远喜欢薇尔莉特·伊芙加登,"2026-08-09 04:38:45",0.96600,12,zqx960151285
1485,16762497,"Data Rebels","2026-08-23 18:46:29",0.96600,4,"aviswetade,samirt00"
1486,16653014,"Kamonashis Halder","2026-08-28 14:04:24",0.96600,6,kamonashis
1487,16637960,"Stephen Tarter","2026-08-29 19:53:41",0.96600,46,stephentarter
1488,16721469,"Bharat Lashotra","2026-08-26 17:32:20",0.96600,1,bharatbushan03
1489,16634374,teekay,"2026-08-12 19:45:01",0.96600,17,lightbrains
1490,16701865,"Md Naim","2026-08-12 06:22:09",0.96599,2,mdnaimislam165436
1491,16691389,"Jayatee Srivastava","2026-08-24 04:05:46",0.96599,5,jayateesrivastava
1492,16651817,bsenst,"2026-08-03 20:49:15",0.96599,2,bnzn261029
1493,16677860,HarishHR7,"2026-08-21 11:28:46",0.96599,5,harishhr7
1494,16766117,"syouhei yamaguchi","2026-08-29 00:39:29",0.96599,2,syouheiyamaguchi
1495,16640953,"chengho ho","2026-08-02 13:19:51",0.96599,1,chenghoho
1496,16700658,CRUCIFIXION,"2026-08-11 10:49:32",0.96599,5,crucifixion
1497,16699717,"Taranisen Naik","2026-08-24 08:02:14",0.96598,2,taranisennaik
1498,16645428,tuboa2,"2026-08-24 02:10:14",0.96598,6,tuboa2
1499,16709908,"Bijay Syangtan","2026-08-23 13:05:52",0.96598,3,bijaybijay
1500,16692386,"SAIKAT MANDAL","2026-08-09 15:28:54",0.96598,3,saikatmandal01
1501,16654224,NebulousMarksman,"2026-08-08 22:23:34",0.96597,10,markerd
1502,16718530,"Abdulwaliyi Jimoh","2026-08-19 02:42:12",0.96597,5,abdulwaliyijimoh
1503,16757352,"Ashish Kumar #2","2026-08-22 10:39:54",0.96597,2,whoashish115
1504,16783851,"Adiv Mammen Tom","2026-08-28 10:23:11",0.96597,1,adivmammentom
1505,16640491,"Zih-Chen Hung","2026-08-07 06:56:47",0.96597,5,zihchenhung
1506,16724967,"Gokul Sanjay","2026-08-29 16:08:37",0.96597,5,gokulsanjayreddy
1507,16732832,"dark gobelin","2026-08-30 03:06:58",0.96597,27,darkgobelin
1508,16636981,"RAPIDS LAB","2026-08-26 14:35:30",0.96597,11,hyeongsseobkim
1509,16741569,"liua xiao","2026-08-21 08:58:51",0.96596,9,liuaxiao
1510,16745879,Natha_Kaggle,"2026-08-23 06:11:27",0.96596,3,nathakaggle
1511,16638881,"Ankit XII C 6773 roll 5","2026-08-10 18:47:25",0.96595,9,ankitxiic6773roll5
1512,16704510,"Patrick O’Neil","2026-08-12 13:36:11",0.96595,3,patrickoneil
1513,16726756,"Christopher Mungiria","2026-08-26 18:49:31",0.96595,22,christophermungiria
1514,16659780,"Pranjal Arya","2026-08-12 13:26:14",0.96595,2,pranjalaryaa
1515,16772240,"Michał Pasiowiec","2026-08-29 11:35:02",0.96595,3,michapasiowiec
1516,16699792,EstebanCRz,"2026-08-10 08:48:37",0.96594,1,estebancrz
1517,16637979,"Sarvesh Chhetri","2026-08-27 16:38:05",0.96594,24,sarveshchhetri
1518,16728606,LZZZzzzj,"2026-08-30 09:40:57",0.96594,2,lzzzzzzj
1519,16686654,"Gustavo Quevedo","2026-08-09 03:16:42",0.96594,2,gustavoquevedo94
1520,16715849,"Lalit sonawane","2026-08-13 07:03:53",0.96594,1,lalit7881
1521,16653004,Smit_1612,"2026-08-19 14:17:10",0.96594,7,smit1612
1522,16712984,"Aditya Rajesh","2026-08-15 14:00:31",0.96594,5,adityarajesh17
1523,16715329,A100NaN,"2026-08-14 08:23:31",0.96594,10,xufangbao
1524,16661719,datagrind,"2026-08-07 22:40:27",0.96593,11,kevinjusak
1525,16641333,"Dessy Amirudin","2026-08-08 07:59:37",0.96593,23,staesthetics
1526,16672195,shin_kx,"2026-08-27 09:00:28",0.96593,22,kitashinwtf
1527,16765178,jax4096,"2026-08-25 05:38:17",0.96593,2,jax4096
1528,16644538,"Vandana Pathania","2026-08-04 03:06:54",0.96592,2,vandanapathania
1529,16757260,周颐（kifile）,"2026-08-27 07:01:29",0.96592,5,kifile
1530,16705418,kacktus,"2026-08-14 08:19:47",0.96592,4,kacktus
1531,16772857,"zhenming lan","2026-08-26 15:43:44",0.96591,2,zhenminglan
1532,16685080,KCG,"2026-08-30 12:06:19",0.96591,10,"christust,gayathrisrivathsan,newrobot"
1533,16731985,"Tahseen Aslam","2026-08-18 08:54:01",0.96591,2,tahseenaslam
1534,16676178,"CHENZHEN HE111","2026-08-07 14:30:27",0.96591,7,chenzhenhe111
1535,16642187,wangbin.dev,"2026-08-02 16:01:46",0.96590,2,wangbindev
1536,16722952,"SANGHRAJ AADHALE","2026-08-23 08:43:26",0.96590,4,sanghrajaadhale
1537,16634486,UnfriendlyAI,"2026-08-30 04:45:57",0.96590,25,unfriendlyai
1538,16702485,zfzflzf,"2026-08-28 04:28:28",0.96590,1,zfzflzf
1539,16654165,"Abhinandan Mishra","2026-08-26 15:30:21",0.96589,11,whyshouldidoit
1540,16762992,MitulbhBhatia,"2026-08-25 05:56:58",0.96589,2,mitulbhbhatia
1541,16717936,"Vitalii Petrusenko","2026-08-22 14:43:53",0.96589,4,vitaliipetrusenko
1542,16716939,"Kaustubh Bejgamwar","2026-08-16 21:00:30",0.96589,2,kaustubh1145
1543,16785301,"Hugo JOBÉ","2026-08-28 19:46:52",0.96589,2,hugojob
1544,16733690,"Tannushree Vaishnav","2026-08-17 19:53:27",0.96589,1,tannushreevaishnav
1545,16728009,"BitByte gng","2026-08-28 21:59:28",0.96589,6,"abhiramdarbha,manittiwari,tannna"
1546,16679075,"raouf lounis","2026-08-16 10:49:46",0.96589,23,raouflounis
1547,16661442,"Pranali chitre ","2026-08-16 12:10:53",0.96589,2,pranalichitre
1548,16729551,BhagyaVarshney_AIML,"2026-08-18 08:12:25",0.96588,1,bhagyavarshney
1549,16712558,"Joash mapili","2026-08-13 12:17:32",0.96587,3,joashmapili
1550,16790323,"Garvit Bhardwaj","2026-08-29 19:15:23",0.96587,2,garvitofficial
1551,16665603,zhouqingyang,"2026-08-05 12:14:31",0.96587,3,zhouqingyang0512
1552,16746551,"Miruna Stoinea","2026-08-25 18:02:17",0.96587,5,mirunastoinea
1553,16670287,"Manuel Labbé","2026-08-06 01:46:34",0.96587,3,manuellabbe
1554,16677207,"Arin Sharma","2026-08-09 21:35:18",0.96586,2,virtualarin
1555,16634616,Catadanna,"2026-08-04 17:25:51",0.96586,24,catadanna
1556,16643102,ArnoldRosielle,"2026-08-18 18:41:20",0.96586,36,arosielle
1557,16639096,"Clébio Júnior","2026-08-11 20:58:31",0.96586,12,juniorcl
1558,16652852,"Kazuma Minamiguchi","2026-08-22 11:55:15",0.96586,4,kazumaminamiguchi
1559,16655732,마짱MAZZANG,"2026-08-05 14:27:45",0.96586,1,mazzang
1560,16724358,S3ggie,"2026-08-15 07:35:34",0.96586,1,s3ggie
1561,16634171,"huanxian chen","2026-08-02 02:26:51",0.96585,3,huanxiachen
1562,16644718,Tyler_026,"2026-08-18 18:01:05",0.96585,5,tyler026
1563,16692032,QuangVu,"2026-08-08 17:45:57",0.96585,1,quangnguynv
1564,16718920,"Satwato Dey","2026-08-22 05:34:38",0.96585,6,satwato
1565,16670268,"Farrah Tharwat","2026-08-14 23:07:11",0.96584,11,farrahtharwat
1566,16713163,"Mohamed aziz blaidi","2026-08-18 19:14:34",0.96584,1,mohamedazizblaidi
1567,16748898,AmanPatre33,"2026-08-20 20:20:07",0.96583,1,amanpatre33
1568,16661678,elyes3,"2026-08-06 22:06:13",0.96583,21,elyes3
1569,16779755,"Mariyyyaa ella","2026-08-27 14:29:31",0.96583,1,mariyyyaaella
1570,16654923,aina,"2026-08-03 21:31:22",0.96583,1,aina2222
1571,16634198,"Anqi Wang","2026-08-28 05:24:07",0.96583,38,adastroabyssosque
1572,16705379,"Rohit Kathe","2026-08-28 06:19:01",0.96583,1,rohitkathe
1573,16634290,"Rohan Dsouza","2026-08-05 06:03:23",0.96583,7,rohandsouza003
1574,16702694,"Erfan Hosseini","2026-08-25 21:24:52",0.96582,16,erfanhos
1575,16765401,"Pongpol Pt","2026-08-30 08:49:58",0.96582,1,pongpolpt
1576,16739758,samuelpndx,"2026-08-18 20:20:12",0.96582,1,samuelpndx
1577,16712151,"P. K. Mensah","2026-08-16 07:50:50",0.96582,2,pkmensah
1578,16691229,"Antoine Matemane Mahirwe","2026-08-09 13:20:04",0.96582,2,antoinemah
1579,16717372,error_king_real,"2026-08-19 13:47:49",0.96582,13,errorkingreal
1580,16748996,MaratZakirov,"2026-08-25 15:14:22",0.96582,8,maratzakirov
1581,16743597,"Александр Ляшенко","2026-08-19 16:34:38",0.96581,4,pumshik
1582,16705624,"Sudhanthirapriya Sundaram","2026-08-11 12:28:22",0.96581,1,sudhanthirapriyas
1583,16701047,"ham chicchi ","2026-08-10 13:07:53",0.96580,1,hamchicchi
1584,16769668,AllenCheng329,"2026-08-25 09:56:29",0.96580,1,allencheng329
1585,16652938,MingNguyenDang,"2026-08-03 20:14:55",0.96580,5,mingnguyendang
1586,16685269,"Hezekiah  Ayuba","2026-08-23 00:59:36",0.96580,7,hezekiaha
1587,16652983,Emirhan,"2026-08-09 14:07:01",0.96580,6,xpylon
1588,16699173,"Yuxiu Jing","2026-08-10 07:29:48",0.96579,2,yuxiujing
1589,16670726,CREVATEC,"2026-08-07 15:08:56",0.96579,7,olakunleolalekan
1590,16731309,Jatin,"2026-08-17 10:28:05",0.96579,3,jatinkumar2005
1591,16741917,Kazumasa,"2026-08-30 07:13:07",0.96579,5,kaaaaazuuuuu
1592,16777481,"Alfredo Chavelas","2026-08-28 16:11:49",0.96579,9,alfredochavelas
1593,16700880,"YOUSSEF NAGGAR","2026-08-29 19:35:34",0.96579,5,youssefnaggar
1594,16688934,mifnkst,"2026-08-11 14:57:11",0.96579,3,mifnkst
1595,16709353,"Gabriel Dereims","2026-08-11 23:44:12",0.96578,1,dazane
1596,16633815,mcotton,"2026-08-20 19:53:50",0.96578,6,mcotton
1597,16726034,"MOSTEFAI MOUNIR","2026-08-20 15:46:05",0.96578,15,mostefaimounir
1598,16719405,"Lynn Pigott","2026-08-14 06:19:23",0.96578,4,lynnpigott
1599,16725107,karinkaito,"2026-08-19 12:49:11",0.96578,4,karinkaito
1600,16687744,TOMizzz,"2026-08-13 18:48:14",0.96578,7,tomizzz
1601,16742331,Vladata,"2026-08-25 13:07:32",0.96578,13,vladata
1602,16728282,"Navindu Prabhashana","2026-08-23 23:13:46",0.96577,4,navinduprabhashana
1603,16639687,osushi10,"2026-08-15 07:32:15",0.96577,21,kaguru01
1604,16701706,"zhang zefang","2026-08-15 06:03:31",0.96576,1,zzfxs191217
1605,16633756,"Anas Elkot","2026-08-11 15:22:00",0.96576,5,anaselkot
1606,16770050,"Tanishq Bajoria","2026-08-29 12:50:03",0.96576,10,tanishqbajoria
1607,16712322,kakate,"2026-08-12 14:27:10",0.96576,1,kakate
1608,16740580,Haojingyang,"2026-08-28 01:46:15",0.96574,12,haoyj66
1609,16727843,"Kundan Kumar","2026-08-19 07:29:28",0.96574,2,edkundan
1610,16706103,"Priyam Saha","2026-08-11 10:09:05",0.96574,2,priyamsaha17
1611,16725520,Mulukhiya,"2026-08-22 01:13:23",0.96574,11,mulukhiya
1612,16713782,"Sohel Bhongade","2026-08-13 01:12:40",0.96573,1,sohelbhongade
1613,16712534,Jess2005,"2026-08-12 19:16:33",0.96573,5,jess2005
1614,16743242,"Prajwal Khambad","2026-08-20 13:44:42",0.96573,3,prajwalkhambad
1615,16747595,"Prince Radadiya","2026-08-30 06:50:18",0.96573,19,princeradadia
1616,16641265,"Roronoa Zoro","2026-08-18 14:37:22",0.96573,7,zoro1080
1617,16678770,Haseeb_Ahmad_16,"2026-08-30 06:31:27",0.96573,6,haseebahmad16
1618,16640172,amiakar,"2026-08-16 15:05:09",0.96572,7,amiakar
1619,16730160,"Kei Masuda","2026-08-30 03:07:00",0.96572,7,keimasuda
1620,16648546,"Lakshya bakshi","2026-08-09 18:55:18",0.96571,6,majorlakshya
1621,16768344,Constructor_72,"2026-08-27 14:38:27",0.96571,2,constructor72
1622,16659091,na02string,"2026-08-11 13:58:17",0.96571,10,na02string
1623,16723741,Dyl,"2026-08-30 01:25:42",0.96570,13,dylanvatanapradit
1624,16732173,"Taha Farooq","2026-08-27 17:09:22",0.96570,1,tahafarooqkhan
1625,16641084,"ibrahim omh","2026-08-03 14:55:16",0.96570,11,ibrahimouldmohammed
1626,16697972,Hussain99,"2026-08-11 23:18:39",0.96570,6,hussain99
1627,16713478,urbandrei,"2026-08-12 17:54:39",0.96569,1,urbandrei
1628,16739353,flpmcrh,"2026-08-20 21:10:10",0.96568,3,flpmcrh
1629,16764384,thunopro,"2026-08-24 06:19:54",0.96568,2,thunopro
1630,16663138,"Md. Mahbub Ur Rashid","2026-08-27 17:44:53",0.96568,4,mdmahbuburrashid
1631,16749817,"Othman Garaibeh","2026-08-22 15:56:02",0.96568,3,othmangaraibeh
1632,16658351,"Rhys Hicks","2026-08-08 11:43:06",0.96568,2,rhyshicks
1633,16687001,AJ,"2026-08-17 14:12:20",0.96568,15,smstcil
1634,16635059,Sofia_Gilka,"2026-08-07 13:25:40",0.96567,37,sofiagilka
1635,16667670,arno,"2026-08-21 13:52:40",0.96566,1,arnogils
1636,16684876,imunderthetree,"2026-08-17 14:36:28",0.96566,4,imunderthetree
1637,16638775,"Mahesh Gurjar","2026-08-05 07:59:25",0.96565,6,mgjiwana
1638,16751672,Santhosh54365,"2026-08-23 17:17:05",0.96565,1,santhosh54365
1639,16666511,"Grace Ganyilo","2026-08-27 09:55:29",0.96565,6,graceganyilo
1640,16727233,"Ujjal kumar Maity","2026-08-26 17:33:04",0.96565,1,ujjalkumarmaity
1641,16692410,"Maryam Amjad","2026-08-09 14:13:44",0.96565,4,marya8
1642,16683778,"Yi De Tsai","2026-08-11 04:24:36",0.96564,1,yidetsai
1643,16643586,palpawan12,"2026-08-22 11:04:32",0.96564,1,palpawan12
1644,16719048,"Makoto Furukawa","2026-08-16 06:22:26",0.96564,4,makotofurukawa
1645,16700794,Poltergiest,"2026-08-10 14:56:16",0.96564,3,rajraunakkumar3301
1646,16724429,"Sharanya Nagar","2026-08-16 14:58:23",0.96563,2,sharanyanagar07
1647,16635790,"Kir Bor","2026-08-02 07:06:03",0.96563,9,abkir1
1648,16657349,Abhijeet000000007,"2026-08-30 11:43:11",0.96563,3,abhijeet000000007
1649,16779200,yl_wang18,"2026-08-28 10:08:03",0.96563,3,ylwang18
1650,16723154,"Stanciu Raducu-Stefan","2026-08-29 23:42:38",0.96563,2,stanciuraducustefan
1651,16635449,"MD Shafayetur Rahman","2026-08-05 09:18:25",0.96563,4,mdshafayeturrahman
1652,16726920,"Anastasiia Terenteva","2026-08-23 14:41:49",0.96563,7,anastasiiaterenteva
1653,16702886,"Ali Osman Kaya","2026-08-30 11:00:26",0.96562,10,aliosmankaya
1654,16652841,"YuFeng Duck Huang","2026-08-04 09:12:16",0.96562,4,yufengduckhuang
1655,16639904,"Nipuna Dhananjaya","2026-08-02 05:44:54",0.96562,1,nipuna181x
1656,16738245,"Hiruka Devendra","2026-08-18 15:33:09",0.96562,2,hirukadevendra
1657,16696712,"Ashutosh Agnihotri","2026-08-10 09:41:03",0.96561,2,imashuagni
1658,16635344,"Thibault KOBLER","2026-08-14 08:04:17",0.96561,8,thibaultkobler
1659,16715774,"Swapnil Verma","2026-08-16 21:46:16",0.96561,1,swapnilverma10
1660,16726879,"Djaafar Lecheheb DL","2026-08-16 02:15:25",0.96560,3,djaafarlechehebdl
1661,16724028,"Philemon Chan","2026-08-26 14:13:44",0.96560,7,uduntu
1662,16690429,weiri,"2026-08-08 13:55:10",0.96560,2,wweiri
1663,16680179,"Anurag Goyal","2026-08-29 19:43:04",0.96560,4,anuraggoyal2203
1664,16633904,"Malco Qoo","2026-08-01 04:09:02",0.96560,2,malcoqoo
1665,16792337,"Minghao Xia","2026-08-30 09:57:46",0.96560,2,minghaoxia
1666,16790937,yuaacc,"2026-08-29 19:43:34",0.96559,2,yuaacc
1667,16702383,"G S ABINIVAS","2026-08-11 05:17:43",0.96559,2,abinivas8
1668,16663966,racerY,"2026-08-07 22:00:04",0.96559,5,junebug9876
1669,16644850,IamGRootMSE,"2026-08-12 05:23:17",0.96559,8,iamgrootmse
1670,16739707,"Gonçalo Cravinho","2026-08-21 20:54:35",0.96559,1,gonalocravinho
1671,16748648,"Amit Joshi","2026-08-22 10:08:46",0.96559,19,amitjoshi9627
1672,16652621,"João Pedro Mamede Dias","2026-08-08 09:39:33",0.96559,10,joaopedromamededias
1673,16753970,"zuhal yıldırım","2026-08-28 13:46:37",0.96558,2,zuhalyldrm7
1674,16692993,"Giselle Wu","2026-08-08 23:34:21",0.96558,1,gisellewu
1675,16641426,raining1,"2026-08-03 05:35:40",0.96558,4,raining1
1676,16686578,"Taha Nauman","2026-08-07 17:54:12",0.96558,1,mtahanauman
1677,16633879,"Ryukichi INOUE","2026-08-30 04:16:59",0.96558,37,ryukichiinoue
1678,16756450,"Julianno Rogery","2026-08-24 14:27:18",0.96556,2,juliannorcs
1679,16642088,Himansu,"2026-08-15 18:13:33",0.96556,7,himansu033
1680,16758880,aueurm,"2026-08-24 03:26:28",0.96556,4,aueurm
1681,16641543,"Qianhua Huang","2026-08-02 19:29:58",0.96556,2,hqhjtian
1682,16707417,SIlligull_einzbern,"2026-08-27 23:28:43",0.96556,8,silligulleinzbern
1683,16790153,"Dizzar White","2026-08-30 07:25:47",0.96555,2,dizzar
1684,16725861,"Almaz Sakhapov","2026-08-26 19:51:44",0.96555,7,almazsakhapov
1685,16702438,"Kamogawa Gym","2026-08-13 19:04:17",0.96555,2,hrishikeshdhuri19
1686,16686050,rampichino,"2026-08-21 16:00:05",0.96555,3,alfreale
1687,16742902,"Tasin Islam","2026-08-20 12:52:39",0.96555,3,cosmicwanderer2
1688,16662927,mohduwaishchaudhary,"2026-08-04 23:02:26",0.96555,3,muwaish5
1689,16634074,"Ali Shahi","2026-08-25 03:30:25",0.96554,4,k1shahi
1690,16640643,"Abhishek Gupta","2026-08-09 17:03:36",0.96554,8,abhishekgupta56447
1691,16640918,"Carolin DJ","2026-08-05 07:33:10",0.96554,1,carolindj
1692,16771963,"varshitha kolupuri","2026-08-30 08:56:42",0.96554,1,varshithakolupuri
1693,16711702,"Mrudul Mistri","2026-08-21 05:13:18",0.96554,8,mrudulmistri
1694,16649165,daociyiyou0,"2026-08-04 01:46:16",0.96554,2,daociyiyou0
1695,16693924,"Sahil Deogade","2026-08-13 16:43:11",0.96553,3,sdeogade
1696,16653837,"Paolo Barzaghi 95","2026-08-04 12:09:16",0.96553,2,paolobarzaghi95
1697,16687491,Ryuzaki2325,"2026-08-18 06:32:16",0.96553,15,ryuzaki2325
1698,16773271,"Hawlader Sajib","2026-08-27 07:51:54",0.96553,4,hawladersajib
1699,16658857,"Mirko Caroleo","2026-08-23 21:07:44",0.96553,21,mirkocaroleo
1700,16645383,"Aslam Sayyad ","2026-08-12 18:26:05",0.96553,9,aslamsayyad1
1701,16771617,Anuvab07,"2026-08-28 05:19:03",0.96552,8,anuvab07
1702,16693596,"Ayush Devadiga","2026-08-30 12:37:37",0.96552,4,ayushdevadiga
1703,16769203,"Ukasha Nadeem","2026-08-25 10:58:23",0.96552,4,ukashanadeem
1704,16678425,"Chirag Tutlani","2026-08-07 20:28:30",0.96552,5,chiragtutlani
1705,16652593,simplecar,"2026-08-03 14:52:33",0.96551,4,simplecar
1706,16634367,"Khaled Tarchi","2026-08-03 18:56:14",0.96551,2,khaledtarchi
1707,16732099,"Amal Messaoud","2026-08-17 15:54:52",0.96550,2,amalmessaoud
1708,16789538,PipDataScientist,"2026-08-30 12:19:31",0.96550,7,pipdatascientist
1709,16634925,turtle,"2026-08-03 00:52:39",0.96549,8,itasps
1710,16731366,McLovin82,"2026-08-21 11:58:21",0.96549,6,mcloven82
1711,16634929,"Syafrian Abra Hutabarat","2026-08-29 15:12:51",0.96549,23,syafrianabra
1712,16721765,"Yamato MINE","2026-08-16 12:26:35",0.96549,5,yamatomine
1713,16696175,"Ghaith Kammoun","2026-08-21 22:28:21",0.96548,17,ghaithkammoun
1714,16733720,"Emre Erbaşlı","2026-08-17 19:31:53",0.96548,1,emreerbal
1715,16775346,"Akshat Rathore","2026-08-28 06:43:11",0.96548,2,akshatr08
1716,16734808,"Tamanna Ramjan Mujawar","2026-08-21 17:21:32",0.96548,1,tamannaramjanmujawar
1717,16725865,"Shel Horta","2026-08-18 15:17:36",0.96548,2,shelhorta
1718,16678261,"BENDIFALLAH RAMI","2026-08-12 12:00:03",0.96548,7,bendifallahrami
1719,16673699,Nurasik12,"2026-08-15 06:15:18",0.96548,4,nurasylserikov
1720,16654349,SunnyKr19,"2026-08-04 17:09:08",0.96547,2,sunnykr19
1721,16742898,"Aniket Gaikwad","2026-08-24 06:45:41",0.96547,6,aniketng21600
1722,16694757,kitayama,"2026-08-24 02:31:52",0.96547,5,kkityama
1723,16696758,"Junta Hashimoto","2026-08-16 09:06:54",0.96547,6,juntahashimoto
1724,16676659,"mehedi hasan","2026-08-14 13:15:05",0.96546,5,mehedicseju
1725,16636915,"Felopateer William","2026-08-16 20:58:28",0.96546,1,felopateerwilliam
1726,16634576,"christopher obuchere","2026-08-03 14:17:34",0.96546,19,owls0711
1727,16652884,"Mr Tosma","2026-08-04 17:17:47",0.96546,6,mrtosma
1728,16692012,vandanamr,"2026-08-08 23:33:07",0.96545,1,vandanamohanaraj
1729,16658142,"Hamzah Abdillah Gabriela","2026-08-04 11:41:26",0.96544,2,hamzbriel
1730,16644476,EFu9954,"2026-08-06 17:26:01",0.96544,9,erniefu
1731,16696080,Haitaks,"2026-08-29 00:59:27",0.96544,3,haitaks
1732,16769427,"Amir Mohammad Maleki","2026-08-25 19:39:24",0.96544,1,amirmohammadmaleki
1733,16656706,HUSED,"2026-08-28 15:06:40",0.96543,41,"h2c2o4,snagakura"
1734,16706679,na2226,"2026-08-12 09:17:04",0.96543,1,na2226
1735,16651159,ArmanVardanyan07,"2026-08-03 10:50:31",0.96543,10,armanvardanyan07
1736,16637300,"Mohammed arfan shafin","2026-08-27 21:19:40",0.96543,11,mohammedarfanshafin
1737,16763154,"Tayyab Xtrem","2026-08-23 20:51:57",0.96543,10,tayyabxtrem
1738,16652177,"Arda Çiftçi","2026-08-07 10:00:24",0.96543,3,ardaciftci
1739,16640752,gheysar4real,"2026-08-08 19:00:30",0.96543,4,gheysar4real
1740,16644132,"Игорь Селяков","2026-08-02 21:19:21",0.96542,1,davinchi2kxx
1741,16673330,"Keith Ng","2026-08-06 08:24:49",0.96542,1,todayishql
1742,16770603,"Leonard Sugg","2026-08-27 10:20:22",0.96542,1,leonardsugg
1743,16782282,"Ashish Mittal","2026-08-28 02:48:21",0.96542,1,ashish1502g
1744,16690635,feynman,"2026-08-28 00:05:54",0.96541,26,mikeloncaric
1745,16718389,"PRATAP KUMAR","2026-08-14 10:57:07",0.96541,1,pratapkr
1746,16702241,"Shadi Akiki","2026-08-19 16:05:25",0.96541,5,shadiakiki1
1747,16639146,"Emirhan Kadan","2026-08-29 21:09:08",0.96541,6,emirhankadan
1748,16747649,"Shubham Helkar","2026-08-21 17:42:42",0.96541,1,shubhamhelkar
1749,16636044,"YagynaSri Reddy Mukku","2026-08-01 12:39:34",0.96541,1,yagynasrireddymukku
1750,16721811,Danken,"2026-08-18 17:38:56",0.96541,6,danken
1751,16640513,"Alexandr Mezin","2026-08-02 07:25:31",0.96541,1,alexandrmezin
1752,16707885,"Gaurav Mehta","2026-08-11 19:32:42",0.96541,3,gauravmehtaaa
1753,16633993,"Caleb Williamson","2026-08-01 22:34:58",0.96540,1,cwill479
1754,16639921,Vanshika0902,"2026-08-25 23:46:18",0.96540,20,vanshika0902
1755,16770095,"Joshna sathram","2026-08-29 14:10:34",0.96540,20,joshnasathram
1756,16634177,Obzngs,"2026-08-28 19:17:09",0.96540,13,obzngs
1757,16662140,"Ali hassnain","2026-08-30 09:48:20",0.96540,1,alihdataanalyst
1758,16744401,purelilyth,"2026-08-29 22:40:22",0.96540,10,purelilyth
1759,16716839,"Mahesh Munnuru","2026-08-15 07:32:54",0.96539,6,maheshmunnuru
1760,16696913,KNT93,"2026-08-14 04:00:18",0.96539,3,hkanetake
1761,16666405,"Alisa Oplakanskaya","2026-08-10 07:49:21",0.96539,11,inafalutamen
1762,16669307,"Alptuğ Bozkurt","2026-08-10 11:43:21",0.96539,3,alptubozkurt
1763,16640386,diskm25,"2026-08-20 22:18:34",0.96539,10,diskm25
1764,16717898,"Annette Catherine Paul","2026-08-25 14:34:28",0.96539,4,annettecatherinepaul
1765,16779381,"Sebastian Johansson","2026-08-27 14:30:14",0.96539,1,sebbejohansson
1766,16734993,"k nishiyama","2026-08-18 04:32:31",0.96539,1,koshinishiyama
1767,16638882,Usama_Ramzan,"2026-08-09 10:36:44",0.96538,2,usamaramzan011
1768,16695025,"Shahriar Islam Siyam","2026-08-13 16:55:10",0.96538,1,shahriarislamsiyam
1769,16717005,"Hayk's Team","2026-08-19 09:23:41",0.96538,8,hayk08
1770,16756978,"Mateus Alkimim","2026-08-22 02:33:33",0.96538,2,mateusalkimim
1771,16766810,yanyyyzt,"2026-08-27 15:38:38",0.96538,2,yanyyyzt
1772,16634066,"Michael J Hammel","2026-08-01 02:28:57",0.96537,1,michaeljhammel
1773,16722039,"Reem Abdel-Salam","2026-08-30 11:53:46",0.96537,9,protegototalum
1774,16774078,"Shunsuke Watanabe","2026-08-26 13:34:24",0.96537,1,shikadeerstagfawndoe
1775,16772087,"Alexander Pfefferle","2026-08-26 11:16:05",0.96537,2,alexanderpfefferle
1776,16661365,"Sarthak Kapaliya","2026-08-04 21:10:54",0.96536,1,sarthakkapaliya
1777,16716617,"Sri Venkata Abhishikth","2026-08-14 16:51:00",0.96536,12,srivenkataabhishikth
1778,16757360,"Sean Connolly","2026-08-25 05:04:32",0.96536,5,seanconnolly
1779,16725983,"Kishore M😊","2026-08-17 11:44:31",0.96535,1,kishorevis
1780,16743997,"Jack Bernstein","2026-08-19 16:57:19",0.96535,1,vjberny7
1781,16777078,avg,"2026-08-26 19:25:07",0.96535,1,alexgagloev
1782,16713944,"Vladislav Bukhtoyarov","2026-08-13 20:04:32",0.96535,8,vladislavbukhtoyarov
1783,16701317,darasty,"2026-08-10 14:11:38",0.96535,1,darasty
1784,16652430,Marius,"2026-08-21 14:52:56",0.96534,32,mariusborel
1785,16634111,calico,"2026-08-14 16:27:12",0.96534,1,nna777
1786,16762942,"Anton Tanin","2026-08-24 14:54:40",0.96534,2,antontanin
1787,16703876,"Arda Özcan","2026-08-12 23:32:29",0.96534,2,ardozcnn
1788,16748768,ShomaYoshida1,"2026-08-29 14:13:30",0.96534,6,shomayoshida1
1789,16640052,thodotpro,"2026-08-06 07:19:32",0.96534,10,thodotpro
1790,16662562,"Vishwa prabashwara","2026-08-04 21:20:46",0.96534,2,vishwaprabashwara
1791,16758894,"K ss1715","2026-08-22 14:49:32",0.96534,3,kss1715
1792,16779314,"taryn campbell","2026-08-27 10:50:28",0.96534,2,taryncampbell
1793,16761893,"Abinesh M","2026-08-29 04:34:41",0.96534,8,techabinesh
1794,16722880,"Wafaa Alayoubi","2026-08-16 07:47:17",0.96533,4,wafaaalayoubi
1795,16654424,"Vaibhav Bhagat","2026-08-04 20:12:15",0.96533,6,vaibhavbhagat665
1796,16701235,Ellis00322,"2026-08-11 19:28:17",0.96533,1,ellis00322
1797,16651553,"All over the golf","2026-08-06 18:30:22",0.96533,11,alloverthegolf
1798,16674530,"tagughi akihiro","2026-08-10 13:25:40",0.96533,3,tagughiakihiro
1799,16635295,"Ishimori Yusuke","2026-08-06 23:02:45",0.96533,2,ishimoriyusuke
1800,16764810,Branch_404,"2026-08-25 08:39:44",0.96533,1,shuvocs23
1801,16723203,"Bhuvaneshwar Pratap","2026-08-15 13:00:16",0.96532,2,bhuvaneshwarpratap12
1802,16725417,"Bhuvaneshwar Pratap #2","2026-08-15 13:05:31",0.96532,1,bhuvaneshwarpr123
1803,16711433,"Aqiba Farman","2026-08-28 13:25:40",0.96532,5,aqibafarman
1804,16719666,JT-DS-Test,"2026-08-19 06:41:39",0.96532,7,xingwangkaggle
1805,16635422,long1973m,"2026-08-02 07:50:28",0.96532,5,long1973m
1806,16638638,"Nidhi Tomar","2026-08-13 17:04:02",0.96532,8,nexus092
1807,16635023,flag_06,"2026-08-11 10:03:22",0.96531,9,flag06
1808,16741109,"Maneesh Singh Chauhan","2026-08-23 05:44:58",0.96531,3,maneeshsinghchauhan
1809,16732668,"Annam Hema Kumar","2026-08-18 09:28:18",0.96531,1,annamhemakumar25
1810,16781403,Raulgv,"2026-08-30 09:42:36",0.96531,7,raulgv
1811,16718994,"Bhuvan Kadiyala","2026-08-18 16:27:01",0.96531,1,bhuvankadiyala
1812,16754966,zchen,"2026-08-29 12:13:01",0.96530,3,zchen2357
1813,16769934,Sumittttt,"2026-08-25 17:48:50",0.96530,1,sumittttt
1814,16645523,"Muhammad Usman Khan","2026-08-06 08:15:48",0.96530,3,"abbasi1214,usmankhandilzak"
1815,16639516,"chihab gheraibia","2026-08-07 01:40:05",0.96530,1,chihebghraibia
1816,16633782,"Bryce Chambers","2026-08-01 19:04:28",0.96530,4,brycechambers
1817,16669563,Ruszczka,"2026-08-05 19:25:42",0.96530,1,ruszczka
1818,16781222,"Said Ibnerradi","2026-08-28 17:01:13",0.96529,2,saidibnerradi
1819,16676074,Sometin,"2026-08-16 18:13:36",0.96529,16,sometin
1820,16687702,Samidha,"2026-08-07 23:30:49",0.96529,1,samidhabhosale
1821,16682152,"Kezia Imanuella","2026-08-08 12:34:24",0.96528,2,keziaimanuella
1822,16781053,"Ng’endo Wanjiru","2026-08-28 07:08:30",0.96528,4,lynnengendo
1823,16678477,"Jimmy Dani","2026-08-16 13:00:08",0.96528,4,danijimmy979
1824,16733608,"Rishav Raj","2026-08-27 10:27:31",0.96527,14,rishavraj76
1825,16634740,AP12Ramanik,"2026-08-01 21:23:31",0.96527,4,ap12ramanik
1826,16651568,"Srishti Gauraha","2026-08-06 08:03:55",0.96527,4,srishtigauraha
1827,16685557,clashlmfak,"2026-08-09 14:48:31",0.96527,4,clashlmfak
1828,16703854,"Rudolf HOUNLETE","2026-08-14 23:01:45",0.96527,6,queystanle
1829,16681349,"sArwar sHafe ","2026-08-07 08:51:30",0.96527,2,sarwarshafe
1830,16640042,"chen chen","2026-08-02 06:54:13",0.96526,1,chenpingan111
1831,16685343,雨飘的夜,"2026-08-07 17:05:11",0.96526,4,oxfocus
1832,16717246,"subham acherjee","2026-08-24 17:38:48",0.96526,4,subhamacherjee
1833,16641605,Nick,"2026-08-04 00:04:37",0.96526,4,nickkatsarelas
1834,16741233,"Aryan kumar Sahoo","2026-08-19 12:37:16",0.96525,1,aryankumarsahoo
1835,16755289,"Shem Salih","2026-08-22 11:02:51",0.96525,1,shemsalih
1836,16778363,Riyaax07,"2026-08-27 05:46:11",0.96525,1,riyaax07
1837,16767702,vroste,"2026-08-30 09:56:18",0.96525,10,vroste
1838,16722756,Javidan__0,"2026-08-15 15:46:47",0.96525,2,javidan0
1839,16662822,skiyuki,"2026-08-29 03:44:29",0.96524,23,skiyuki
1840,16673323,"Rahul Das","2026-08-06 12:16:36",0.96524,3,jerry42
1841,16636020,wrrd,"2026-08-05 13:43:16",0.96523,8,qqqaaavvv
1842,16733178,"jihyung yun","2026-08-26 07:56:57",0.96523,4,jihyungyun
1843,16766305,etsuko,"2026-08-30 07:23:21",0.96523,5,etsukonaganawa
1844,16645690,"PANCHAL MANAN JAYESHKUMAR","2026-08-03 18:42:16",0.96523,2,mananpanchal18
1845,16765901,"Zak Meyer","2026-08-28 22:35:04",0.96523,3,zakariyameyer
1846,16656356,"Dongyan Zhang (dy)","2026-08-05 06:03:25",0.96523,1,dongyanzhangdy
1847,16634042,DuDuDu0,"2026-08-23 22:34:00",0.96522,14,dududu0
1848,16711293,Crista,"2026-08-20 07:31:31",0.96522,2,ryokamata
1849,16741469,SubikshaParamasivam,"2026-08-19 13:10:59",0.96522,1,"gayathrisellapandi,sowmiya06m,subikshaparamasivam"
1850,16766262,shushushun,"2026-08-29 06:57:08",0.96522,3,shushushun
1851,16692928,"Konko M","2026-08-16 21:55:04",0.96522,3,konkomaji
1852,16702230,"Ivan Seleznov","2026-08-17 08:12:03",0.96521,6,ivanseleznov111
1853,16659495,"Uğur Atlı","2026-08-09 15:18:55",0.96521,2,uuratl
1854,16672793,"Shah Muhmmad Fazle Rabbi","2026-08-06 08:51:52",0.96521,1,engineerfrabbi
1855,16764800,messibeatgravity,"2026-08-25 13:56:55",0.96521,1,messibeatgravity
1856,16640517,malibu_orange,"2026-08-02 11:24:14",0.96521,2,malibuorange
1857,16783757,"Nilabhra Saha","2026-08-28 15:41:14",0.96520,3,nilabhrasaha
1858,16644560,BrentL,"2026-08-07 10:19:10",0.96520,9,brentl
1859,16687969,"juy hh","2026-08-07 23:20:01",0.96520,1,juyhhds
1860,16652049,haideptry,"2026-08-03 10:28:13",0.96520,1,haideptry
1861,16715142,"Christian F. Badillo H.","2026-08-15 21:17:45",0.96520,8,christiaanfbadilloh
1862,16747566,"Akash Jadhav","2026-08-29 16:50:39",0.96519,3,EagleOnAI
1863,16633774,"Keya Dobriyal","2026-08-06 20:58:51",0.96519,6,keyadobriyal
1864,16773480,"ISOMURA Shun","2026-08-26 08:36:38",0.96519,2,shunisomura
1865,16658752,dwdwdwsdedwd,"2026-08-04 10:01:19",0.96519,2,dwdwdwsdedwd
1866,16710581,"Zişan Ferzin YALÇIN","2026-08-13 08:35:45",0.96519,2,zisanferzin
1867,16664832,aniketps4,"2026-08-21 06:30:43",0.96519,1,aniketps4
1868,16646124,Korty,"2026-08-22 14:59:16",0.96519,5,bhaskarmishra44796
1869,16739380,"Mayank Tiwari","2026-08-18 18:37:12",0.96518,2,malware32
1870,16633839,"Đào Minh Thuấn 🎖️","2026-08-15 21:27:08",0.96518,1,thuandao
1871,16733362,"Johannes Jiryis","2026-08-27 19:56:46",0.96518,4,johannesjiryis
1872,16738233,EsdrosDawit2,"2026-08-20 12:15:22",0.96517,4,esdrosdawit2
1873,16657153,"YASASWITHA THAVVA","2026-08-29 14:55:57",0.96517,1,yasaswithathavva
1874,16760081,"Dimitrios Chronis","2026-08-22 19:59:32",0.96517,1,dimitrioschronis
1875,16712482,"Kenzi Zahran","2026-08-25 13:57:10",0.96517,2,kenzizahran
1876,16714475,inga_error,"2026-08-12 23:03:00",0.96517,1,ingaerror
1877,16730324,Canchs,"2026-08-17 03:00:42",0.96516,1,canchs
1878,16652830,"Nikita Savkin","2026-08-03 18:09:54",0.96516,3,gisubo
1879,16690358,NewDayOK,"2026-08-16 11:59:58",0.96516,4,newdayok
1880,16655583,"Vikas Seth","2026-08-14 00:54:10",0.96516,4,vikassethv
1881,16753914,Uoldady,"2026-08-23 13:27:23",0.96515,2,uoldady
1882,16664188,defnotafunction,"2026-08-16 23:54:58",0.96515,14,aidenkatambwa
1883,16729717,Ash,"2026-08-23 16:01:55",0.96514,3,ashiarn
1884,16719269,Junkonno,"2026-08-27 00:59:11",0.96514,13,junkonno
1885,16692717,teaminflation,"2026-08-09 09:45:44",0.96514,1,thiagogoncalvesggg
1886,16706183,"Crafty Code","2026-08-20 11:00:33",0.96513,2,craftycode
1887,16750473,Jsznnn,"2026-08-21 18:25:39",0.96513,2,jsznnn
1888,16742456,"Ana-Maria Ionescu","2026-08-24 15:55:57",0.96513,2,anamariaionescu2
1889,16645027,"Sourjya Mukherjee","2026-08-03 03:34:52",0.96513,2,mukherjeesourjya
1890,16701620,yeongseok32,"2026-08-15 02:04:57",0.96513,1,yeongseok32
1891,16660534,"Tasha Steve","2026-08-11 12:15:44",0.96512,2,tashasteve
1892,16694360,"Martin Saxa","2026-08-09 09:43:34",0.96512,1,martinsaxa
1893,16715757,"Mg Dhia Abdalbakee","2026-08-24 04:36:07",0.96512,5,mgdhia
1894,16634190,"Ujjawal Singh","2026-08-17 05:24:28",0.96512,2,ujjawalsingh10
1895,16665009,"Pooja Puri","2026-08-17 05:48:23",0.96512,1,poojapuri
1896,16693136,h4re,"2026-08-09 00:58:51",0.96512,3,h4rejp
1897,16699443,"Thomas Stahl","2026-08-16 06:09:41",0.96511,3,thomas04
1898,16710403,chirag2705,"2026-08-29 14:29:59",0.96511,4,chirag2705
1899,16727822,"Kenneth Ryan Dsouza","2026-08-16 10:55:46",0.96510,2,kennethryandsouza
1900,16638586,"Parth Sarnobat","2026-08-29 17:58:14",0.96510,18,parthsarnobat
1901,16644465,"Miles Mule","2026-08-02 22:06:47",0.96510,2,milesmule
1902,16722316,Umut07,"2026-08-19 14:36:49",0.96509,1,habes07
1903,16651822," SAI KARTHIK_7007","2026-08-18 05:15:40",0.96509,2,saikarthik7007
1904,16778435,"Shreyash Kharat","2026-08-28 21:39:55",0.96509,3,shreyashkharat
1905,16659531,Outatime,"2026-08-04 16:21:23",0.96509,1,karlcini
1906,16736089,Voyager_Nine,"2026-08-18 16:25:38",0.96509,2,voyagernine
1907,16726719,Olivier,"2026-08-18 04:56:50",0.96509,4,hoololi
1908,16728898,"Chuah Jong Sik","2026-08-29 16:45:16",0.96509,13,cjosik
1909,16728909,Vinymo,"2026-08-19 11:27:52",0.96509,9,vinymo
1910,16712649,"Vision coders","2026-08-17 13:43:47",0.96508,4,"ashumulik02,vedantnaik06"
1911,16719600,LEFEUFOLLET,"2026-08-14 07:26:41",0.96508,1,lefeufollet
1912,16694635,Skvorec,"2026-08-09 13:03:39",0.96508,7,skvorec0
1913,16763555,"Masoom Singh","2026-08-30 10:53:04",0.96508,7,masoomsingh0112
1914,16790558,"sofiane B","2026-08-30 12:06:56",0.96508,3,sofianebeldjillali
1915,16721421,"Abdulsamod Azeez","2026-08-14 09:32:50",0.96508,1,abdulsamod1
1916,16707616,"Rizki Surya Nugroho","2026-08-11 13:55:14",0.96507,1,rizkisuryanugroho
1917,16683627,kachiatsu,"2026-08-16 10:35:39",0.96507,1,kachiatsu
1918,16763825,"Serine Boutiche","2026-08-28 00:02:13",0.96507,15,serineboutiche
1919,16657799,"B Yaswanth Naidu","2026-08-22 19:59:19",0.96507,8,lucdark
1920,16652796,Shash,"2026-08-06 13:07:05",0.96507,2,shashcoder
1921,16695427,sArwar-sHafee,"2026-08-09 11:17:06",0.96507,1,sshhaaffee
1922,16690354,Faheem219,"2026-08-08 15:44:22",0.96506,1,faheem219
1923,16635163,"Edosuyi Enosakhare","2026-08-27 11:15:59",0.96506,6,edosuyienosakhare
1924,16638703,"Sumantra Prajapati","2026-08-05 07:31:16",0.96506,3,sumantraprajapati
1925,16639136,"Divine Oguche","2026-08-05 21:07:50",0.96506,4,divineoguche
1926,16759285,Brian74804,"2026-08-22 15:38:39",0.96505,1,tsengchienchih
1927,16733549,"Francesc Oliveras","2026-08-18 11:27:30",0.96505,2,francescoliveras
1928,16697770,"Sivaramakrishnan G","2026-08-10 07:03:09",0.96505,1,trackcyclist
1929,16727863,"Yanzhe Dong","2026-08-16 10:34:38",0.96505,1,yanzhedong
1930,16660148,"Praveen Kumar Mohan","2026-08-28 16:37:39",0.96505,38,praveenkumar1818
1931,16707529,EddieLK,"2026-08-11 13:17:40",0.96504,2,eddielk
1932,16670062,"Paulo Obnial","2026-08-06 04:22:37",0.96504,1,pauloobnial
1933,16710449,"Adit Bhattarai","2026-08-13 05:08:05",0.96504,1,aditbhattarai
1934,16737043,Aditi,"2026-08-18 12:14:38",0.96504,1,aditi512888
1935,16741355,"Fikri Abdillah","2026-08-29 02:41:59",0.96503,1,fikriabdillah98
1936,16765711,"Jitu Anton","2026-08-24 11:43:33",0.96503,3,jituanton
1937,16782212,hideaki_mizoue,"2026-08-28 02:29:32",0.96502,1,hideakimizoue
1938,16725120,"Repala Manideep","2026-08-16 11:02:44",0.96502,2,repalamanideep
1939,16752410,"Aida Pâncă","2026-08-28 09:20:09",0.96501,2,aidapnc
1940,16750554,"OJO EMMANUEL","2026-08-28 15:29:43",0.96501,1,ojoemmanuelnifemi
1941,16698334,"Ethan J. Schauder","2026-08-11 13:30:11",0.96500,3,ethanjschauder
1942,16790441,"Pinjie Wang","2026-08-29 15:37:32",0.96500,2,pinjiewang
1943,16691242,Niklas,"2026-08-13 17:32:48",0.96500,3,niklasknobel
1944,16746480,"Saawan Rao","2026-08-21 07:32:48",0.96500,2,saawanrao
1945,16759251,chaï,"2026-08-23 13:23:55",0.96500,2,sritichaimae
1946,16779876,"Danylo Kucherenko","2026-08-29 21:26:32",0.96500,15,danylo0501
1947,16739476,"Nilesh Prakash Raut","2026-08-30 07:32:31",0.96499,3,nileshprakashraut
1948,16736806,"Abhinab SM Chhetri","2026-08-24 18:25:48",0.96499,3,abhinabbudhachheri
1949,16694733,"Sergeev Dima","2026-08-09 13:24:17",0.96499,5,sergeevdima
1950,16685049,Garygao,"2026-08-13 17:03:00",0.96499,2,ziang0211
1951,16712306,"Lis Hdez","2026-08-18 16:39:09",0.96499,6,lishdez
1952,16679623,"JC Alicaway","2026-08-09 04:26:10",0.96498,1,jcalicaway
1953,16643205,귀요미,"2026-08-02 19:12:29",0.96498,2,izasssyyy
1954,16697209,kishorkumarJha,"2026-08-09 19:24:32",0.96498,3,kishor1210
1955,16774507,syyycc,"2026-08-28 02:09:40",0.96498,2,syyycc
1956,16651715,"SAMPAT PRAJAPAT","2026-08-05 11:49:33",0.96498,3,sampatprajapat
1957,16692017,"Anushka Sugandh","2026-08-09 08:26:29",0.96498,2,"anushkasugandh,ayush1318"
1958,16782988,"Mon Chinawat","2026-08-28 08:14:58",0.96498,5,monshinawatra
1959,16755217,SJDPK,"2026-08-30 12:18:27",0.96498,4,"danielwilfried,pascalbanamba,samuelebete"
1960,16652735,"Imai Sakiko (tibenfan)","2026-08-13 14:34:51",0.96497,17,imaisakikotibenfan
1961,16718982,evanrcohen,"2026-08-14 02:23:27",0.96497,1,evanrcohen
1962,16693422,Jincy,"2026-08-09 06:54:57",0.96496,3,softau
1963,16656968,Ancy,"2026-08-20 10:34:12",0.96496,12,ancyneuray
1964,16761773,Andrés,"2026-08-23 11:33:26",0.96496,4,anvega99
1965,16695097,PavanKumar9938,"2026-08-09 12:49:04",0.96496,4,pavankumar9938
1966,16717610,"Narpinder Singh","2026-08-16 14:15:29",0.96495,4,pannu22
1967,16686488,"Fahim Muntasir Sajid","2026-08-13 11:27:53",0.96495,2,fahimms07
1968,16638636,"Aum Patel 131","2026-08-09 09:29:25",0.96495,5,aumpatel131
1969,16637567,tuko_tanzwoo,"2026-08-02 09:22:29",0.96495,3,tukotanzwoo
1970,16768754,Fran2026,"2026-08-25 13:13:27",0.96495,2,fran2026
1971,16659992,"shane raphel","2026-08-05 03:07:51",0.96495,3,shaneraphel
1972,16713029,Vux,"2026-08-13 15:27:11",0.96494,3,weiyu85
1973,16679573,mumjum,"2026-08-29 04:46:39",0.96494,7,mumjum
1974,16741166,Novem,"2026-08-19 06:06:09",0.96494,1,novem18
1975,16705120,"Samuel Anklesaria","2026-08-11 21:13:36",0.96493,2,samuelanklesaria
1976,16696832,"Andriy Mysko","2026-08-19 22:54:01",0.96493,1,andriymysko
1977,16756871,"mr Good","2026-08-22 14:31:58",0.96493,1,mrgood2005
1978,16639652,kansyo,"2026-08-09 03:28:05",0.96492,1,kansyo
1979,16724502,doutianlin,"2026-08-15 09:03:00",0.96492,1,doutianlin
1980,16705847,"Shshank Singh","2026-08-13 19:04:59",0.96492,2,shshank7
1981,16731134,"Yehezkiel Haganta","2026-08-25 11:11:13",0.96492,12,yehezkielhaganta
1982,16771812,khan,"2026-08-26 09:14:52",0.96492,2,kuhnsalgo
1983,16649178,Buggy,"2026-08-18 07:53:49",0.96492,15,buggy7073
1984,16675304,"Ryotaro Minato","2026-08-25 21:28:03",0.96491,2,ryotarominato
1985,16702261,"Jarosław Klepadło","2026-08-21 22:10:12",0.96491,2,jarosawklepado
1986,16667982,xuanxuan496,"2026-08-21 05:02:20",0.96491,33,xuanxuan496
1987,16715985,"Devesh Kadam","2026-08-24 11:04:11",0.96491,1,deveshkadam969
1988,16735090,"DEV RAJ SINGH","2026-08-18 04:36:55",0.96490,2,devrajsingh04
1989,16635955,"MD Nahid","2026-08-29 09:59:02",0.96490,1,mdnahidhossain0
1990,16777738,"PANKAJ MAITY","2026-08-29 17:23:28",0.96490,4,pnkj006
1991,16652042,"wildfire kindle","2026-08-04 04:16:59",0.96489,7,wildfirekindle
1992,16729601,"Ankita Chakrawarti","2026-08-29 15:23:51",0.96489,4,ankitachakrawarti
1993,16661769,chanmari_chan,"2026-08-10 10:20:52",0.96489,4,chanmarichan
1994,16766985,"Yoho Ten","2026-08-27 10:17:03",0.96489,6,yohoten
1995,16661380,"Andrey Khamitov","2026-08-08 10:20:31",0.96488,3,cucloo
1996,16778791,ShubxJha,"2026-08-29 12:26:11",0.96488,1,shubxjha
1997,16748850,kunal_singh,"2026-08-22 14:39:54",0.96488,5,kunalsingh100
1998,16640366,"Thomas Meißner","2026-08-03 07:38:55",0.96488,4,thomasmeiner
1999,16712170,"Rutang Patel","2026-08-18 06:00:28",0.96488,2,rutangpatel
2000,16725365,"Robert Šebánek","2026-08-16 13:31:03",0.96487,3,robertseb
2001,16695363,"Turnai Bálint","2026-08-17 14:50:33",0.96487,5,turnaiblint
2002,16715785,WOWTIMWOW,"2026-08-13 07:10:31",0.96487,2,wowtimwow
2003,16663763,"Orlando Virginio Penha Junior","2026-08-08 21:02:02",0.96487,4,orlandovpjunior96
2004,16736274,"B Chaitrashree","2026-08-18 12:43:34",0.96487,3,bchaitrashree
2005,16723831,"Feras Saad","2026-08-29 02:01:34",0.96486,1,ferassaad
2006,16639383,Osku,"2026-08-10 05:04:16",0.96486,1,oskutee
2007,16726843,Mehdiii,"2026-08-27 01:04:49",0.96485,12,mehdifalta
2008,16708675,shpg,"2026-08-28 00:45:33",0.96485,1,shpatrickguo
2009,16768809,"Mukilan A.R.","2026-08-29 04:06:07",0.96485,2,mukilanar
2010,16712206,RAYMOND3274872379,"2026-08-14 07:49:12",0.96485,6,raymond3274872379
2011,16662359,"Dr Anil Kumar Dubey","2026-08-06 04:14:24",0.96485,5,dranilkumardubey
2012,16640236,"Vijesh Kumar 45","2026-08-03 13:50:31",0.96485,4,vijeshkumar45
2013,16701692,Yuk!,"2026-08-12 14:43:30",0.96484,5,mitsuyukiokamura
2014,16725116,"Maize Dough","2026-08-15 11:44:32",0.96484,1,maizedough
2015,16635649,"Taha Zarei","2026-08-01 18:11:26",0.96484,1,tahazarei
2016,16652748,_anji___,"2026-08-11 13:54:05",0.96484,16,swathivenugopal
2017,16696362,dongfangdaguo,"2026-08-09 22:18:00",0.96484,1,dongfangdaguo
2018,16637947,rootenter,"2026-08-01 21:07:54",0.96483,1,rootenter
2019,16676136,"SaiPrasanth S Naidu","2026-08-22 14:25:06",0.96483,1,saiprasanthsnaidu
2020,16732491,Adarsh_Balu,"2026-08-22 04:33:21",0.96483,1,kattapa07
2021,16775407,rodea0952,"2026-08-29 10:36:31",0.96482,3,ryutohosokawa
2022,16779038,"Subhankar Kanrar","2026-08-29 21:16:16",0.96482,1,subhankarkanrar
2023,16780183,"Lokesh Lalan","2026-08-28 11:38:52",0.96482,2,lokeshlalan
2024,16761295,"Shashank jadhav","2026-08-29 18:27:51",0.96481,2,shashankjadhav123
2025,16725732,"Marcelo Kenji Noda","2026-08-15 21:54:32",0.96481,1,marcelokenjinoda
2026,16712736,Lilith,"2026-08-13 15:49:16",0.96481,4,lilith12
2027,16791310,rjo1357,"2026-08-30 08:19:43",0.96480,5,rjo1357
2028,16639848,"Pratish Chaudhary","2026-08-14 03:35:01",0.96480,3,pratishchaudhary
2029,16792609,jjiiio0,"2026-08-30 11:54:49",0.96480,2,jjiiio0
2030,16767362,"Rohit Kumar #4","2026-08-24 18:31:41",0.96480,1,rkrohitkumar
2031,16640766,Timur,"2026-08-09 20:50:01",0.96479,4,timur82
2032,16635443,"Kirill Filippov","2026-08-29 16:49:21",0.96479,32,tayadj
2033,16633751,"Rahib Vk","2026-08-06 11:26:55",0.96479,2,rahibvk
2034,16790151,Astrodry,"2026-08-29 18:23:56",0.96479,1,astrodry
2035,16759788,"Kam Mehr","2026-08-23 12:29:15",0.96479,2,kammehr
2036,16633801,"KOUSHIK KUMAR DINDA","2026-08-26 14:09:36",0.96479,12,koushikkumardinda
2037,16740057,"Muhammad Ammar Jamali","2026-08-19 21:12:20",0.96478,3,muhammadammarjamali
2038,16656238,"Singkwun Law","2026-08-24 08:40:51",0.96478,1,singkwunlaw
2039,16750712,"Apara Medhaavulu","2026-08-21 00:32:37",0.96478,4,"indrasenareddy18,narasimhanaidu7"
2040,16725875,"Dami Lä","2026-08-15 21:59:01",0.96477,2,damilae99
2041,16696415,tsubasacat,"2026-08-09 15:40:31",0.96477,3,tsubasacat
2042,16635271,Koostik126,"2026-08-11 17:10:43",0.96477,7,kostya138
2043,16667076,"Abdelhafid Ammari","2026-08-05 13:53:45",0.96477,3,abammari
2044,16691500,"Vishal Rawat","2026-08-12 08:09:18",0.96476,2,vrawatai
2045,16718559,"Algo Champ 300","2026-08-14 11:35:30",0.96476,7,algochamp300
2046,16737765,ally03,"2026-08-18 18:02:00",0.96476,2,ally03
2047,16758478,wanny0213,"2026-08-22 11:55:51",0.96476,1,wanny0213
2048,16736440,"Neha samanvitha","2026-08-24 12:36:33",0.96474,2,nehasamanvitha
2049,16711511,"Moataz Hindy","2026-08-19 18:47:43",0.96474,3,moatazhindy
2050,16707559,"Sueda Kazan","2026-08-16 15:30:06",0.96473,4,suedakazan
2051,16737501,"Andrew Reed","2026-08-20 01:29:05",0.96473,4,andrewreed
2052,16782563,"Masaaki Nabeshima","2026-08-28 16:54:56",0.96473,1,masaakinabeshima
2053,16730939,"Bhargav Bheemani","2026-08-17 13:05:47",0.96473,1,bhargavbheemani
2054,16768932,yanghsu0302,"2026-08-25 07:14:11",0.96472,2,yanghsu0302
2055,16764437,"George Ward1995","2026-08-24 07:06:40",0.96472,2,georgeward1995
2056,16716361,"vaishnavi gurav","2026-08-14 10:44:19",0.96471,1,vaishnavigurav2005
2057,16721562,"Misba Mestri","2026-08-14 11:22:28",0.96471,2,misbamestri
2058,16758326,"Rahul Joshi","2026-08-23 07:45:01",0.96471,3,rahuljoshi08
2059,16716417,"GOLE SHRIRAJ RAVINDRA","2026-08-15 11:35:09",0.96470,6,goleshrirajravindra
2060,16634344,"Nabil Shahab","2026-08-01 09:36:42",0.96470,6,nabilshahab
2061,16639081,"Prithwiswar Bhattacharya","2026-08-08 18:32:04",0.96470,1,prithwiswarbhatt
2062,16760356,"Román Eliezer Pérez Ríos","2026-08-23 02:57:27",0.96469,1,perezrios
2063,16652862,"João Felix","2026-08-27 19:54:53",0.96469,8,joaosilvafelix
2064,16635325,0x3f1,"2026-08-05 07:21:16",0.96468,3,psy1009
2065,16717168,"Shao huaaa","2026-08-14 05:43:17",0.96468,3,shaohuaaa
2066,16685981,Wittzy,"2026-08-08 15:30:44",0.96468,3,wittzy
2067,16708494,"Dolev Graizer","2026-08-12 11:58:06",0.96468,1,dolevgraizer
2068,16634541,AnishkaRatnawat2,"2026-08-01 06:36:41",0.96468,2,anishkaratnawat2
2069,16662698,"andrea rosati1","2026-08-21 09:34:47",0.96467,1,andrearosati1
2070,16671308,"Joohyun Kim","2026-08-13 09:44:23",0.96467,5,teeeekay
2071,16655513,Morningpaper053,"2026-08-05 09:12:27",0.96466,5,morningpaper053
2072,16757705,C1tr3s,"2026-08-22 11:44:21",0.96466,2,c1tr3s
2073,16689136,"krishanu shah","2026-08-09 17:16:05",0.96465,8,krishanushah
2074,16716444,"Rutuja Mhalungekar","2026-08-14 04:00:31",0.96465,2,rutujamhalungekar
2075,16723463,"Meryem Kevser Keskin","2026-08-22 10:35:25",0.96465,5,meryemkevserkeskin
2076,16716913,"PATIL GAYATREE BHARAT","2026-08-17 17:05:54",0.96464,19,patilgayatreebharat
2077,16691114,"Gaurav Kumar","2026-08-25 03:50:48",0.96464,4,varuag799
2078,16657425,"Kento Arakawa","2026-08-25 07:46:19",0.96464,4,kentoarakawa
2079,16706990,Muhammad_Mohsin.Ahmad,"2026-08-19 09:41:42",0.96463,1,muhammadmohsinahmad
2080,16634915,kozyunderblanket,"2026-08-01 10:55:14",0.96462,1,bigbddgccibrgr
2081,16634690,"Valentin Kalemba","2026-08-05 22:37:14",0.96462,2,valentinkalemba
2082,16686325,"Kavya Shankar","2026-08-08 14:16:35",0.96462,1,kavyashankar0625
2083,16751243,"Random Student in Korea","2026-08-24 00:41:04",0.96462,1,randomstudentinkorea
2084,16770853,orangede,"2026-08-26 13:20:08",0.96461,1,orangede
2085,16724369,"Sudhanshu  Bajpai 01","2026-08-28 14:28:33",0.96461,2,sudhanshubajpai01
2086,16698189,cici0814,"2026-08-11 03:26:24",0.96461,3,cici0814
2087,16636082,"Mayank Saini","2026-08-30 10:25:37",0.96461,1,doracratermayank
2088,16641200,"Zobayer Abdullah","2026-08-04 06:31:47",0.96461,4,zobayerabdullah
2089,16758398,"Frederick Osei Ofori-Boadu","2026-08-27 12:18:09",0.96460,1,foobah
2090,16733722,kirinCool,"2026-08-21 08:15:28",0.96460,2,kirincool
2091,16766242,"Rishikesh Beliya","2026-08-29 11:04:57",0.96460,1,rishikeshbeliya
2092,16745600,stunningvn,"2026-08-20 04:15:49",0.96459,2,dedquoc
2093,16758623,LuanHengYu,"2026-08-22 13:48:13",0.96459,4,apexml
2094,16707793,Fedor,"2026-08-12 12:21:34",0.96459,4,physhock
2095,16714515,Kivanc,"2026-08-12 22:48:29",0.96459,3,kivanc49
2096,16717767,"1123_Lê Trung Kiên","2026-08-13 15:57:27",0.96459,2,ltrungkin33
2097,16737002,Monotoni,"2026-08-18 14:12:16",0.96458,2,monotoni
2098,16728629,hariniii_29,"2026-08-16 15:43:24",0.96458,1,hariniii29
2099,16711672,Gaurav_065,"2026-08-17 11:48:40",0.96457,3,gaurav065
2100,16661366,Gabriel,"2026-08-04 14:27:27",0.96456,1,gabeshaps
2101,16698513,StevenKuo,"2026-08-10 03:08:54",0.96456,1,stevenkuo1025
2102,16697389,"SIVA S","2026-08-30 06:38:06",0.96456,220,codingmaster24
2103,16667713,"Yash Mehrotra","2026-08-05 14:11:40",0.96455,1,yashmehrotraa
2104,16761599,chiclhn,"2026-08-23 10:13:13",0.96455,1,chiclhn
2105,16746201,RoshniSingh_CSE24,"2026-08-30 03:24:16",0.96455,2,roshnisgh
2106,16690803,c0d3l0v3r,"2026-08-08 12:14:21",0.96454,2,dchehe
2107,16738600,Khuuhaku,"2026-08-23 13:05:17",0.96454,1,alexanderefraim
2108,16694637,Overth1nk,"2026-08-09 18:29:56",0.96454,2,overth1nk
2109,16720654,"Shraddha Balaso Patil","2026-08-14 07:34:28",0.96454,2,shraddhabalasopatil
2110,16770158,"Satrio Budi pratama","2026-08-25 13:21:00",0.96453,1,satriobudipratama
2111,16771051,"Gavin Ardhijaya","2026-08-25 13:38:09",0.96453,1,gavinardhijaya
2112,16641306,"Jagatheesan Nachimuthu","2026-08-14 08:18:25",0.96453,3,jagatheesann
2113,16653191,"Jai Sai kamal","2026-08-10 06:00:31",0.96453,1,jaisaikamal
2114,16670109,"Artyom Sayapin","2026-08-09 15:39:12",0.96453,1,spielmeister
2115,16733000,"Sobhan Mahmoudi","2026-08-17 18:37:18",0.96453,1,sobhanmahmoudi
2116,16635616,DanilGorshkov,"2026-08-07 12:31:52",0.96452,7,danilgorshkov
2117,16638067,"Alissa King","2026-08-01 19:49:30",0.96452,1,alissaking
2118,16639091,"Mike Johnson","2026-08-02 02:43:30",0.96452,2,mrjohnsonsea
2119,16771926,"Pabitra Pal","2026-08-28 22:24:15",0.96452,1,pabitrapal07
2120,16633736,kabhishm,"2026-08-03 17:47:45",0.96452,1,kabhishm
2121,16740169,"TASHTEMIROV JAVOKHIR","2026-08-27 05:28:25",0.96452,3,javokhirjon
2122,16718384,"Salma Nageh","2026-08-13 23:28:01",0.96452,1,salmanageh
2123,16759036,"Szymon Bogusz","2026-08-29 14:39:17",0.96451,6,shymoff
2124,16675729,"Sarp Esenli","2026-08-12 15:21:21",0.96451,2,sarpda
2125,16750674,"Shubham Kumar","2026-08-20 21:32:26",0.96450,1,shubhamkasyap
2126,16745107,"Daniele Brunetto","2026-08-22 10:00:53",0.96450,2,danielebrunetto
2127,16777643,"Carol Wu","2026-08-30 05:16:10",0.96450,5,phr0gg
2128,16717191,"Pushti Sapovadiya","2026-08-25 11:28:31",0.96449,5,pushtisapovadiya
2129,16668875,Nokish,"2026-08-13 09:41:39",0.96449,16,nikitasem
2130,16663914,"Aditya Dube","2026-08-05 00:12:52",0.96448,1,dubeaditya
2131,16747514,Mmt11b,"2026-08-20 09:54:39",0.96448,1,mmt11b
2132,16634594,おかゆん,"2026-08-30 01:33:55",0.96447,3,okayun
2133,16703621,Tigerone1945,"2026-08-15 09:32:31",0.96447,1,yozomaeda
2134,16725516,"SAMARTH ZAVERI","2026-08-26 02:31:21",0.96447,4,samarthzaveri
2135,16696230,"Adnan Iqbal Kantroo","2026-08-16 18:15:48",0.96447,3,adnanik23
2136,16715690,pmsarea0662,"2026-08-13 06:50:01",0.96446,7,pmsarea0662
2137,16691459,"Salvatore Ucchino","2026-08-08 15:44:26",0.96445,1,devsu88
2138,16653084,"haoran huang430","2026-08-03 15:20:56",0.96445,1,haoranhuang430
2139,16728602,jibola,"2026-08-19 11:51:12",0.96445,2,jbritz
2140,16716237,"Kenjiro K","2026-08-28 21:10:50",0.96445,6,kenjirok
2141,16675233,Dmitry_Nikolaev53,"2026-08-10 12:32:10",0.96445,2,dmitrynikolaev53
2142,16715806,"Tejaswa Gupta","2026-08-14 09:35:10",0.96444,2,tejaswagupta
2143,16674756,"Krystian Łata","2026-08-10 08:31:49",0.96444,2,krystianlata
2144,16635082,CodeBlooded,"2026-08-01 15:34:48",0.96443,2,divyanshkumar3
2145,16652618,"Muhammad Zalan","2026-08-04 13:44:07",0.96442,4,mohammadzalan1
2146,16667829,"Ladipo Samson","2026-08-06 06:37:37",0.96440,1,ladiposamson
2147,16639978,"Utsav Sarkar","2026-08-02 05:33:30",0.96440,1,utsavsarkar
2148,16653940,Sash,"2026-08-13 19:42:26",0.96439,8,sa4444
2149,16651465,legtso,"2026-08-11 13:06:25",0.96438,17,samcaton
2150,16766793,"Team AM","2026-08-30 12:17:18",0.96438,1,akhilesh119
2151,16662994,"Akanksha Sahai","2026-08-05 00:34:18",0.96438,1,akgoesplaces
2152,16708903,"Gigin George Mathew","2026-08-14 12:02:22",0.96438,11,gigingeorgemathew
2153,16743550,"Zoltan Ersek","2026-08-19 15:31:21",0.96438,1,zoltanersek
2154,16673314,"Manthan Waghela","2026-08-30 11:35:54",0.96437,5,manthanwaghelamoons
2155,16731615,"Alireza Ziglary","2026-08-23 10:57:41",0.96437,1,alirezaziglary
2156,16714369,"Fred kiboga","2026-08-13 13:27:57",0.96435,1,fredkiboga
2157,16692149,yawwpa,"2026-08-23 06:31:22",0.96435,3,yawwpa
2158,16760891,fxywhs,"2026-08-23 05:44:50",0.96434,2,fxywhs
2159,16634207,"Razan Ihab","2026-08-02 10:52:22",0.96434,3,razanihababdellatif
2160,16733114,AmjedCP7,"2026-08-17 16:55:46",0.96434,1,amjedcp7
2161,16701635,"Joe Levine","2026-08-19 17:36:09",0.96433,16,josephlevine
2162,16659122,"sai varshith chilukuri","2026-08-07 06:37:41",0.96433,4,saivarshithchilukuri
2163,16653295,Kazoric,"2026-08-25 11:08:21",0.96432,6,kazoric
2164,16635088,ocean240812,"2026-08-06 08:53:57",0.96432,11,ocean240812
2165,16684212,Vishal0407,"2026-08-12 03:51:05",0.96432,13,vishal0407
2166,16769612,ssssying,"2026-08-26 13:53:59",0.96431,3,ssssying
2167,16696284,Dimitxi,"2026-08-09 16:06:21",0.96431,5,dimitxi
2168,16638920,ReSeP,"2026-08-10 15:24:10",0.96431,2,liverfool
2169,16699204,imkymn,"2026-08-10 15:13:32",0.96431,1,imkymn
2170,16691025,michelle_nicai_rose,"2026-08-08 16:23:53",0.96431,1,michellenicairose
2171,16690441,"Ojas Rohatgi","2026-08-08 14:01:39",0.96430,3,ojasrohatgi
2172,16634285,SuprithaR_6,"2026-08-01 07:49:48",0.96430,1,suprithar6
2173,16738917,"Ibn Tasfaoud AZANWO","2026-08-25 18:56:48",0.96429,5,ibntasfaoudazanwo
2174,16640076,"Harshith Kumar Chitluri","2026-08-07 11:15:11",0.96429,7,harshithchitluri
2175,16639956,"Dyachenko Maksim","2026-08-02 07:03:56",0.96429,3,dyachmak
2176,16635557,"Nitish Kumar","2026-08-02 05:08:58",0.96428,2,nitish9117
2177,16672239,"Peach Hunter","2026-08-06 07:01:00",0.96428,5,peachhunter
2178,16635087,"Parastoo F","2026-08-05 16:20:37",0.96428,2,prfa9877
2179,16634970,FeatheredSongster,"2026-08-05 12:25:50",0.96428,2,featheredsongster
2180,16713758,"Sai Rama Karthikeya Annamareddy","2026-08-26 11:50:19",0.96428,3,karthikeya527
2181,16701319,msemyonov,"2026-08-11 07:21:11",0.96427,3,msemyonov
2182,16714170,Funtik,"2026-08-26 15:22:40",0.96427,2,"arsenyvetkasov,brattsew"
2183,16774718,Azzam,"2026-08-29 12:20:06",0.96427,1,iltizamhasann
2184,16716983,ComradeV7,"2026-08-16 18:13:30",0.96426,3,comradev7
2185,16713137,Eddie,"2026-08-12 18:36:56",0.96426,1,eddie1307
2186,16695908,"Brian Shaw","2026-08-11 08:12:34",0.96425,1,shortpathfirst
2187,16739132,"Subhadip Khawas","2026-08-19 21:19:52",0.96425,2,subhadipkhawas
2188,16725668,"Alexander Kleymenov","2026-08-15 16:24:43",0.96424,3,alexanderkley
2189,16655349,"Adrián Kanuščák","2026-08-04 20:27:12",0.96424,2,adrinkanuk
2190,16701513,gulfan,"2026-08-23 10:51:20",0.96423,7,gulfan
2191,16657147,"Harsh Sharma","2026-08-05 17:38:06",0.96422,2,harshsharma2704
2192,16761550,Pruthviii1,"2026-08-24 18:20:36",0.96421,1,pruthviii1
2193,16664207,TeeSlayer,"2026-08-05 04:56:24",0.96421,3,kraiyoswanna
2194,16665956,Caochenyu,"2026-08-16 09:08:29",0.96421,1,ccwell
2195,16643257,"Tanushree Pandya","2026-08-16 10:44:20",0.96421,4,tanushreepandya
2196,16634379,"Riya Raj","2026-08-04 07:01:01",0.96420,6,riyaraj9
2197,16635919,"Shubham Mali","2026-08-13 13:08:07",0.96420,5,shubham1790
2198,16698552,"Vasanth Dhanagopal","2026-08-14 03:04:18",0.96420,1,vasanth03
2199,16639614,"Guoquan Liu","2026-08-03 00:20:13",0.96419,11,guoquanliu
2200,16698432,Namhh.BTC,"2026-08-10 03:35:18",0.96419,1,haixuanxs
2201,16709412,Vivek1548,"2026-08-20 16:24:59",0.96418,3,vivek1548
2202,16710567,"MOHAN NARALASETTI","2026-08-25 14:55:21",0.96418,3,mohannaralasetti
2203,16718603,"Neel Pavale","2026-08-25 14:04:40",0.96417,2,neelpavale
2204,16634838,krrishk0406,"2026-08-08 14:46:06",0.96416,12,krrishk0406
2205,16714117,"Waithaka Waweru","2026-08-13 13:40:48",0.96416,1,waithakawaweru
2206,16635122,"Alwan Adiuntoro","2026-08-15 13:36:58",0.96416,1,alwanadiuntoro
2207,16676749,ZoBenali,"2026-08-20 19:08:43",0.96415,3,zobenali
2208,16727220,"Jason Lam","2026-08-30 09:28:58",0.96415,27,jlam83
2209,16745009,"AL MUKSITU","2026-08-28 14:07:02",0.96414,16,abdullahsoa
2210,16771003,"Roy Hsu","2026-08-25 15:17:19",0.96414,4,royhsu1012
2211,16729409,"KRISHNA SIMHA","2026-08-17 05:38:03",0.96414,2,krishnasimha
2212,16757896,"Meherose Hossain Tasnia","2026-08-24 07:56:28",0.96412,6,meherosetasnia
2213,16635244,"Pluto Lee","2026-08-14 13:17:13",0.96412,1,plutolee
2214,16667180,zhaoyongbo,"2026-08-07 06:35:39",0.96412,5,zhaoyongbo
2215,16711710,"Yuanxin Qin","2026-08-12 09:47:41",0.96412,4,yuanxinqin
2216,16658040,dwinging,"2026-08-05 09:12:19",0.96411,3,dwinging
2217,16737616,"Kangan Mane","2026-08-29 08:15:22",0.96411,2,"chavanshreyababaso,kanganmane"
2218,16739848,qamro,"2026-08-25 20:12:32",0.96411,4,qamrodz
2219,16676458,Prakash,"2026-08-25 17:02:50",0.96410,18,mlkash
2220,16641525,Nayeemul_Islam909,"2026-08-05 19:22:03",0.96410,2,nayeemulislam909
2221,16691606,"Ayaan Shaheer","2026-08-08 18:39:10",0.96410,1,ayaanshaheer
2222,16653360,রোদশী,"2026-08-22 08:00:02",0.96410,14,nuzhatbintenazim
2223,16779666,yanis_lou,"2026-08-27 13:49:07",0.96409,3,yanislou
2224,16756761,"Abiola O. Olaleye","2026-08-21 23:45:09",0.96409,1,abiolaoolaleye
2225,16710258,"Pranaja ","2026-08-14 12:10:55",0.96408,1,pranaja
2226,16669646,"Olavo Longo","2026-08-08 18:05:28",0.96407,2,olavolongo
2227,16724552,"okoli chidera","2026-08-27 12:45:05",0.96407,4,okolichidera
2228,16694141,"SK N@J","2026-08-09 07:30:43",0.96406,1,shaikhnajiba
2229,16705012,Dong,"2026-08-17 05:09:04",0.96404,6,dongstat
2230,16743040,Shraddha,"2026-08-19 15:15:07",0.96404,1,shraddhaanap
2231,16710735,dustbeast,"2026-08-13 10:42:56",0.96404,4,dustbeast
2232,16727259,"Hao Hongli","2026-08-19 06:41:21",0.96404,16,haohongli
2233,16722635,"Vincent Heng","2026-08-15 15:55:02",0.96403,3,vincenthwq
2234,16643158,GoureeshChandra3241,"2026-08-02 20:46:15",0.96403,1,goureeshchandra3241
2235,16724493,"Mahidi Hasan Mithun","2026-08-23 08:47:48",0.96403,1,mahidihasanmithun
2236,16675730,"Julien Peyrelon","2026-08-06 15:33:59",0.96403,2,julienpeyrelon
2237,16714087,Prakhar_23f3003469,"2026-08-29 20:10:16",0.96402,2,prakhar23f3003469
2238,16700024,"Somil Pandagre","2026-08-11 09:17:21",0.96399,4,somilpandagre
2239,16665484,"Liu Shiyu","2026-08-05 08:09:46",0.96398,1,eloiseliu0906
2240,16685489,"Dmitriy Novak","2026-08-07 15:59:35",0.96397,1,dmitriynovak
2241,16716919,"MANE SANIYA NILKANTH","2026-08-21 13:03:34",0.96397,10,manesaniyanilkanth
2242,16713284,"Nathalia Mainenti","2026-08-12 21:15:39",0.96396,3,nathaliamainenti
2243,16647926,"Ziad Roshdy","2026-08-18 19:43:20",0.96396,2,ziadzika
2244,16713090,siro28844,"2026-08-12 16:00:56",0.96396,1,siro28844
2245,16694730,"Арсений Н","2026-08-09 13:39:46",0.96394,10,paparola
2246,16699101,"valentine mwai","2026-08-14 20:51:53",0.96393,2,valentinemwai
2247,16766264,"Ahmed Abdulkadir Afrah","2026-08-25 18:15:37",0.96393,2,kaafijohn
2248,16758304,"Vinay Rai","2026-08-26 10:37:10",0.96393,3,vinay24baghira
2249,16765596,peter_22,"2026-08-28 07:50:55",0.96392,2,ssah2025
2250,16635461,AnimeTano,"2026-08-01 14:48:55",0.96391,4,animetano
2251,16721447,"Loïc FERON","2026-08-14 10:01:30",0.96390,1,ciooll
2252,16652412,"Tyom Papiyan","2026-08-04 02:29:32",0.96390,8,tyompapiyan
2253,16758635,"Samar Nidal","2026-08-26 19:32:57",0.96390,1,samarnidal
2254,16762965,guoyili666,"2026-08-23 16:27:58",0.96390,1,guoyili666
2255,16731344,"Utkarsh #2","2026-08-18 17:12:53",0.96390,1,neuronomad07
2256,16705989,"Alexandr A","2026-08-17 12:57:29",0.96389,1,shkeela
2257,16733161,"Yash Kadam","2026-08-23 17:15:25",0.96388,1,yashkadam15
2258,16759707,"Sohith Patha","2026-08-24 12:30:50",0.96388,5,sohithpatha
2259,16769156,"Abhishek Mishra112","2026-08-29 06:22:14",0.96387,5,abhishekmishra112
2260,16665948,"Karan #2","2026-08-14 14:26:15",0.96386,6,teamaker
2261,16656330,"pineapples on pizza","2026-08-06 04:36:30",0.96386,4,ozhou1
2262,16634240,Devashish,"2026-08-19 03:12:14",0.96385,3,devashish001
2263,16674726,"Aakash Semwal15","2026-08-08 18:07:16",0.96384,6,aakashsemwal15
2264,16684749,"DIGANTA DIASI","2026-08-07 13:57:22",0.96383,1,digantadiasi
2265,16701099,Salmon,"2026-08-13 13:01:09",0.96383,10,akito31
2266,16678612,"Yoshi Igarashi","2026-08-08 22:20:55",0.96383,3,yoshiigarashi
2267,16771744,Nupur11,"2026-08-26 14:29:18",0.96382,2,nupur1298
2268,16719122,HamzaChaudhry52,"2026-08-15 18:42:44",0.96382,3,hamzachaudhry52
2269,16700240,Ishtiaq,"2026-08-12 21:11:35",0.96382,7,ishtiaq01
2270,16692119,"ِِAmer Ziad","2026-08-08 19:38:53",0.96382,1,amer2121
2271,16715701,"Jordan Smith","2026-08-13 12:39:57",0.96381,10,denominated
2272,16783769,"Sakshi Navalee","2026-08-28 20:19:20",0.96380,5,sakshinavalee
2273,16683674,"Omar Faruq","2026-08-27 14:57:47",0.96379,10,stellaromar
2274,16752020,johnnyee,"2026-08-22 02:54:37",0.96379,2,johnnyee
2275,16636374,yunsuxiaozi,"2026-08-01 13:23:11",0.96377,2,yunsuxiaozi
2276,16702657,"Zanan Pech","2026-08-17 05:36:09",0.96377,3,zananpech
2277,16696788,"Hüseyin Yıldırım","2026-08-09 17:58:15",0.96377,1,hsynyildirim
2278,16772757,"Yuji Fukumoto","2026-08-27 05:28:06",0.96377,2,yujitest
2279,16767544,"Danish Adam","2026-08-29 22:51:04",0.96377,6,danishpythonian
2280,16643732,"Ventie Ravelle","2026-08-02 17:37:29",0.96376,1,ventieravelle
2281,16762094,"Тарас Моторин","2026-08-25 16:42:50",0.96376,2,tarasmotorin
2282,16690176,"Dénes Tóth","2026-08-10 13:26:53",0.96376,5,dnestth99
2283,16663294,"Ryan Finer","2026-08-29 04:50:34",0.96375,3,ryanfiner
2284,16685222,"P.Lakshmi Sainath Reddy","2026-08-17 18:15:24",0.96374,2,plakshmisainathreddy
2285,16652612,"Mr. toxick","2026-08-06 12:27:41",0.96374,3,mrtoxick
2286,16721819,"wira putu","2026-08-14 17:24:12",0.96374,3,wiraputu
2287,16663744,"Taro Ami","2026-08-04 23:37:17",0.96374,1,teanyn
2288,16669795,S.S,"2026-08-05 19:02:54",0.96374,1,domy29
2289,16655110,Osmond,"2026-08-04 12:31:39",0.96374,8,osmond20006
2290,16699348,TTbndgd,"2026-08-10 07:02:51",0.96373,1,ttbndgd
2291,16660132,"praveen kumar18181818","2026-08-25 12:45:01",0.96373,6,praveenkumar18181818
2292,16665409,Wuhuahuichun,"2026-08-06 08:05:15",0.96372,2,wuhuahuichun
2293,16732569,Bekchentaeva,"2026-08-18 07:56:27",0.96372,2,bekchentaeva
2294,16769034,"Chirapathleo Saelim","2026-08-25 08:20:44",0.96371,2,chirapathleosaelim
2295,16698447,"Song Kyeong Eun","2026-08-11 01:39:44",0.96371,4,ske9314
2296,16734043,"Ahmet Kiraz","2026-08-18 13:13:56",0.96371,2,ahmetqiraz
2297,16728767,jinhaworld,"2026-08-16 13:45:10",0.96370,2,jinhaworld
2298,16653863,"Akash Prajapati","2026-08-27 13:11:24",0.96370,4,akashprajapati01
2299,16692636,"Fahad Hussain","2026-08-09 04:23:00",0.96370,1,ohfaddy
2300,16747122,"Srushti Yadav 22","2026-08-20 17:31:05",0.96369,6,srushtiyadav22
2301,16723883,"Gentral Gresham","2026-08-17 22:17:45",0.96369,8,gentralgresham
2302,16742461,"fehmida fajar","2026-08-19 11:57:10",0.96369,1,fehmidafajar
2303,16717759,"Raghad Al-Shareef","2026-08-20 12:03:45",0.96368,14,raghadalshareef
2304,16721824,"Farel Arden","2026-08-14 14:09:02",0.96368,1,farelarden
2305,16749355,FiorellaT,"2026-08-28 21:00:07",0.96368,1,fiorellat
2306,16686759,"Sumay Tode","2026-08-08 13:12:41",0.96367,4,sumaytode
2307,16652467,"Siddhu Jaykay","2026-08-03 12:13:37",0.96367,2,siddhujaykay
2308,16640422,VedangBhardwaj_0114,"2026-08-09 10:27:15",0.96365,12,vedangbhardwaj0114
2309,16635235,"wenjian Lv","2026-08-02 09:52:02",0.96364,6,wenjianlv
2310,16775402,"Lord Official","2026-08-28 22:58:23",0.96362,1,lordofficial
2311,16652532,hiro909890,"2026-08-09 10:36:11",0.96362,4,hiro909890
2312,16719339,"Abhinav Bangar","2026-08-29 13:26:58",0.96362,4,abhinavbangar
2313,16686059,"Abhay sarkar","2026-08-08 02:51:15",0.96361,4,abhaysarkarai
2314,16633972,"Avik Das","2026-08-01 13:08:19",0.96361,2,avikdas567
2315,16736946,kapilsingh99893,"2026-08-18 12:28:00",0.96360,2,kapilsingh99893
2316,16644353,"Gabriel Guzman","2026-08-02 21:41:26",0.96360,2,ggguzm
2317,16792203,"Roalson Purple","2026-08-30 09:37:34",0.96359,2,roalsonpurple
2318,16640031,Fuagra,"2026-08-04 13:02:50",0.96359,15,fuagra
2319,16746181,"Riddhima Agarwal","2026-08-24 08:29:33",0.96359,1,riddhimaagarwal28
2320,16635573,az.shaoon,"2026-08-01 12:24:09",0.96359,1,shaoon
2321,16697711,"Abhishek Godara","2026-08-09 20:10:56",0.96359,2,abhishekp235
2322,16761814,"Sadit 12","2026-08-25 03:32:22",0.96359,5,sadit12
2323,16668893,"KNAI sztuntur","2026-08-05 17:33:45",0.96358,1,stunter2
2324,16763057,"VENGATESH A","2026-08-24 17:14:28",0.96357,1,vengateshvengat
2325,16691904,sachanshreyas,"2026-08-21 05:10:54",0.96357,2,sachanshreyas
2326,16665226,Damo_Zen,"2026-08-08 03:21:21",0.96357,1,damozen
2327,16712600,"Keer 256","2026-08-17 13:59:04",0.96357,1,keer256
2328,16654798,"Flavia Felicioni","2026-08-06 18:44:09",0.96357,1,flaviafelicioni
2329,16635181,masahiro,"2026-08-01 08:35:09",0.96357,1,masakane
2330,16637373,"Raiyana Rufaida","2026-08-27 15:45:40",0.96356,4,shes1r
2331,16663212,VaidehiPandey,"2026-08-07 15:14:28",0.96356,1,bauapandey
2332,16736803,GSY518,"2026-08-21 08:59:35",0.96355,1,gsy518
2333,16636314,"Katsuhisa Fuse","2026-08-06 20:36:58",0.96355,1,katsuhisafuse
2334,16634224,"Akash Das","2026-08-29 16:03:38",0.96355,21,akashdasad
2335,16712177,"ivan gogolev123","2026-08-17 13:57:44",0.96355,14,ivangogolev123
2336,16670503,"rijia zou","2026-08-07 22:13:30",0.96354,2,zourijia
2337,16653795,"Ajitesh Seetesh","2026-08-04 10:11:16",0.96354,4,ajitesh11
2338,16655397,vanjunn,"2026-08-19 12:02:53",0.96354,1,vanjunnmavypongasi
2339,16713785,"Rafael Cunha","2026-08-12 23:58:08",0.96354,2,rnascunha
2340,16725250,"Harsh Kulkarni","2026-08-15 14:49:39",0.96354,1,kojou17
2341,16758748,kfssksks,"2026-08-24 17:02:19",0.96353,4,kldlfgkjdflh
2342,16746170,SHUBHAMSH_CSE,"2026-08-20 05:58:00",0.96353,1,shubhamshcse
2343,16694667,"Abid Hasan","2026-08-12 10:00:14",0.96353,8,abidhasan0720
2344,16739053,"Ethan Tan Zheng Nan","2026-08-23 09:16:16",0.96352,1,ethantanzhengnan
2345,16635157,"Hiroki Kohara","2026-08-10 11:45:28",0.96352,2,hirokikohara
2346,16635307,"Paulo Pinheiro","2026-08-01 13:31:41",0.96352,6,paulopinheiro
2347,16635232,"Paul Babushkin","2026-08-19 15:49:36",0.96351,23,paulbabushkin
2348,16724451,"Rahul lohra","2026-08-17 12:02:57",0.96351,2,rahullohra65
2349,16702025,"Yogita Kumari","2026-08-10 16:18:58",0.96351,1,yogitakumari7
2350,16746253,"Saurabh Pandey","2026-08-27 05:41:11",0.96350,1,saurabh1009
2351,16731231,"Shubham Singh","2026-08-26 14:15:15",0.96349,1,shubham1090
2352,16640573,"Rohit CH","2026-08-05 02:40:16",0.96349,1,rohitchcoursera
2353,16775266,"Yee Chong Tan","2026-08-27 10:17:22",0.96349,1,yeechongtan
2354,16657770,"Jeong Min LEE","2026-08-05 13:49:14",0.96348,5,jeongminlee92
2355,16699320,"Quan Nguyen Minh 0511","2026-08-10 06:58:34",0.96348,1,quannguyenminh0511
2356,16658363,"Ankita Gupta","2026-08-06 17:12:28",0.96345,5,ankitaguptaindia
2357,16633812,"[Deleted] 63c7e5d1-52da-445a-8971-651ebd017ca2","2026-08-01 01:41:46",0.96345,1,ryota517
2358,16784488,psiii0,"2026-08-28 14:56:15",0.96345,1,psiii0
2359,16698352,"Kevin Zhang","2026-08-10 02:10:55",0.96345,1,kevinzhang8816
2360,16777125,"Max Tao","2026-08-27 22:00:34",0.96344,4,maxtao989
2361,16678729,"Igor Panteleev","2026-08-10 00:14:31",0.96344,1,sticktogethertm
2362,16674500,"timur tytrin","2026-08-06 10:39:33",0.96344,1,timurtiutrin
2363,16772689,"Zhou Haonan","2026-08-26 06:39:22",0.96343,2,hatsuseizuna
2364,16752122,"Priyansh Singh Kathayat","2026-08-21 06:20:14",0.96342,1,priyanshsk10
2365,16678280,yashraj,"2026-08-19 12:37:18",0.96340,7,yashraj1y6ty
2366,16749915,"Arsen Ishkhanian","2026-08-21 15:54:01",0.96338,1,arsenishkhanian
2367,16724832,"Nikita Patotov","2026-08-16 08:40:25",0.96338,2,nikitapatotov
2368,16652553,"Nabhag Sorathiya","2026-08-18 03:53:21",0.96338,8,nabhagsorathiya
2369,16634048,"Taylor S. Amarel","2026-08-24 18:50:32",0.96337,7,taylorsamarel
2370,16666475,Tic,"2026-08-07 03:55:08",0.96337,1,taichi7171
2371,16686240,"Balint Miskolczy","2026-08-10 17:38:45",0.96337,10,balintmiskolczy
2372,16715884,mcbun03,"2026-08-13 07:32:37",0.96337,2,emilandreiburloi
2373,16728992,fozeni,"2026-08-16 16:21:53",0.96335,1,fozeni
2374,16725956,"Ragul R","2026-08-16 08:02:45",0.96334,1,rragul2004
2375,16774584,"Ruslan Leushkin","2026-08-26 11:24:35",0.96333,1,osvaldspengler
2376,16728503,"Meryem İnalkaç","2026-08-29 22:32:29",0.96332,8,meryemnalka
2377,16637950,"Ahmed Jendoubi, Ph.D.","2026-08-11 08:43:09",0.96332,6,jendoubiahmed
2378,16784699,"Андрей Мехоношин","2026-08-30 08:53:13",0.96331,3,andrewamn
2379,16653835,"Chris X","2026-08-09 20:03:14",0.96331,5,docxian
2380,16688093,Dalemati,"2026-08-08 19:52:04",0.96330,5,"agustnghioldi,juanmatiasbarraco,martincapandeguy"
2381,16739600,FourierBunny,"2026-08-26 17:53:21",0.96328,2,fourierbunny
2382,16697833,"Dharm Prakash","2026-08-11 20:08:30",0.96327,3,alberto112
2383,16775042,"Argus Kern","2026-08-28 15:30:50",0.96326,6,"arguskern,julescandautilh"
2384,16759207,"Varun Adithya Salunke","2026-08-22 18:32:45",0.96326,2,varunadithyasalunke
2385,16694910,rxc_gamerz,"2026-08-12 14:51:05",0.96323,4,rxcgamerz
2386,16738197,lotus_flame,"2026-08-19 05:46:55",0.96322,1,arunkumarswami
2387,16644792,a3amaT02,"2026-08-29 21:37:17",0.96318,25,a3amat02
2388,16732363,"Fatima Jannet","2026-08-17 19:14:57",0.96318,1,fatimajannet
2389,16636586,catherine,"2026-08-05 13:45:01",0.96317,2,ptfrwrd
2390,16784221,"Prasanna Shakya","2026-08-30 10:18:41",0.96317,2,djskeleton
2391,16761137,"Orange Choco","2026-08-23 06:17:39",0.96317,1,orangechoco
2392,16660608,August0422,"2026-08-05 05:55:41",0.96317,2,august0422
2393,16724762,"Sujay S","2026-08-16 09:55:00",0.96316,1,sujaykid
2394,16725987,"Syed Faizaan Ahmad","2026-08-17 18:52:52",0.96315,1,syedfaizaanahmad
2395,16722108,"Alvaro Martin Coll","2026-08-14 13:54:12",0.96315,1,alvaromartincoll
2396,16640851,"Rushit Devani","2026-08-03 16:51:14",0.96315,1,rushitdevani
2397,16657460,"Sujata mandale","2026-08-10 06:43:57",0.96315,5,sujatamandale
2398,16756968,"kudom Kouhh","2026-08-22 02:57:05",0.96314,3,kudomkouhh
2399,16666899,Lightt63,"2026-08-06 17:45:02",0.96312,2,lightt63
2400,16701394,"Niels de Gier","2026-08-18 08:45:04",0.96311,4,nielsdegier
2401,16639965,"Mayank Gariya ML","2026-08-09 09:22:32",0.96311,3,mayankgariyamldev
2402,16650860,"fizool pann","2026-08-03 09:31:01",0.96310,1,fizoolpann
2403,16699768,Lokeshkumar,"2026-08-10 17:42:17",0.96308,2,lokeshkumarn
2404,16634132,"C.E.73 STARGAZER","2026-08-04 13:44:19",0.96306,5,hasawei
2405,16697856,Jegors,"2026-08-10 08:48:04",0.96306,5,jegors
2406,16679433,ZeusDaGoose,"2026-08-10 19:08:47",0.96305,15,zeusdagoose
2407,16754089,VimarshPandita,"2026-08-25 19:48:52",0.96304,1,vimarsh100
2408,16727840,"Ewia Tng","2026-08-25 17:23:10",0.96302,10,ewiatng
2409,16660760,"Shrika Kamajdar","2026-08-06 07:46:07",0.96302,1,shrikakamajdar
2410,16762199,"Alaa Ahmed Al_Imam","2026-08-24 08:23:49",0.96301,1,alaaalimam
2411,16706771,Mattsco,"2026-08-11 10:22:23",0.96300,1,mattsco
2412,16752438,濵尾颯太,"2026-08-21 08:46:28",0.96299,1,bstep800
2413,16668626,Ref_ka,"2026-08-06 09:27:50",0.96298,4,imrefka
2414,16779954,manman,"2026-08-27 16:10:55",0.96297,2,seiichimanyama
2415,16746310,Terje,"2026-08-25 19:27:28",0.96297,4,terje62
2416,16667702,"Jamie Rea","2026-08-05 23:03:12",0.96296,1,jamierea
2417,16706598,"seeyouyeah 33","2026-08-28 16:53:58",0.96295,7,seeyouyeah33
2418,16717401,"abolfazl daimekar","2026-08-17 12:33:23",0.96295,5,abolfazldaimekar
2419,16728725,Shreyb,"2026-08-22 19:53:19",0.96295,2,dragonologia
2420,16668681,"Yaswanth Ippili","2026-08-06 10:15:51",0.96294,2,yaswanthippili
2421,16642930,"Anuhas Shanuka","2026-08-02 18:59:51",0.96293,1,anuhasshanuka
2422,16710555,"RAMRUP SATPATI","2026-08-12 13:14:58",0.96292,2,ramrupsatpatiiitm
2423,16754854,"Vlad Kapitsa","2026-08-21 13:57:18",0.96291,1,vladkapitsa
2424,16740088,JacobEGarcia,"2026-08-18 22:53:20",0.96289,1,jacobegarcia
2425,16663995,Vinayak29z,"2026-08-05 03:00:53",0.96287,3,vinayak29z
2426,16764685,uchi8977,"2026-08-24 06:25:27",0.96287,1,uchi8977
2427,16633775,tuannm3812,"2026-08-06 12:52:06",0.96286,3,tuannm3812
2428,16640313,TahaTariqf,"2026-08-04 11:41:36",0.96282,8,tahatariqf
2429,16733324,"Darsh Chouhan","2026-08-20 10:55:28",0.96282,6,darshiiit
2430,16735119,"JANHAVI BHOSALE","2026-08-18 16:51:36",0.96281,1,janhavi25122003
2431,16689291,SingUsASong,"2026-08-08 07:47:44",0.96280,1,takadahiroshi
2432,16670008,Abhi_si60,"2026-08-05 22:04:57",0.96274,1,abhisi60
2433,16691888,"Amay Porwal","2026-08-09 22:44:21",0.96271,2,amayporwal
2434,16732227,"Shinichi Monden","2026-08-30 12:16:13",0.96269,12,shinichimonden
2435,16679215,Sahil_4851,"2026-08-29 09:08:11",0.96267,6,sahil4851
2436,16653514,"Devansh Dhingra","2026-08-06 09:02:31",0.96266,2,aviator247
2437,16744956,"Javier Adonay","2026-08-20 02:46:09",0.96266,1,javiadonay
2438,16640660,"Swarnim Mane","2026-08-06 05:00:14",0.96264,1,swarnimmane
2439,16741632,"Emilia Galatanu","2026-08-24 13:36:19",0.96263,2,emiliagalatanu
2440,16738919,aiMahdiX,"2026-08-18 17:58:25",0.96262,1,ahmadimahdi1912
2441,16750075,whimper,"2026-08-22 07:07:15",0.96262,2,whimper
2442,16727140,"Abdurrahman Assegaf","2026-08-16 07:08:11",0.96261,1,amanshop
2443,16716221,"Swapnali Pharande","2026-08-25 18:54:11",0.96260,4,swapnalipharande
2444,16681462,"Mayank Garg ☑️","2026-08-24 11:35:10",0.96259,6,mayank787
2445,16661979,"Ahmad Yousuf Jan","2026-08-10 16:13:45",0.96256,2,ahmadjan20
2446,16694531,MuawiyaHz,"2026-08-14 11:00:48",0.96255,1,muawiyahz
2447,16664209,"Rajinikanth Kakarla","2026-08-05 13:56:54",0.96254,1,rajinikanthk03
2448,16713861,"Avi Akshit","2026-08-25 09:32:47",0.96254,1,aviakshit
2449,16683545,"Vasu Gupta","2026-08-07 13:25:14",0.96253,1,ghardhudo
2450,16741485,renfei0202,"2026-08-19 10:04:38",0.96253,1,renfei0202
2451,16718132,_Hash000,"2026-08-23 14:43:23",0.96253,1,hash000
2452,16681534,roshantitan,"2026-08-07 04:59:10",0.96250,1,roshantitan
2453,16664858,"Ronen Huang","2026-08-06 17:28:39",0.96248,3,ronenhuang
2454,16716185,Aaryanpatil,"2026-08-13 10:46:46",0.96247,1,aaryanpatil0
2455,16706001,divyansh_1615,"2026-08-11 16:53:24",0.96246,3,divyansh1615
2456,16728710,"Isaiah Sabin","2026-08-18 02:02:43",0.96241,2,isabn512
2457,16633794,"Syed Mohaiminul Hoque","2026-08-13 17:04:07",0.96239,1,syedmohaiminulhoque
2458,16709123,"Ryota Tanaka","2026-08-30 06:21:52",0.96239,11,toyodart
2459,16731654,"Кирилл Овсянников","2026-08-25 19:36:13",0.96238,36,kirillovs
2460,16790285,Sunjiadong12,"2026-08-29 15:45:55",0.96238,1,sunjiadong12
2461,16702242,"Mohamed Arif J","2026-08-10 17:52:52",0.96237,2,mohamedarifj
2462,16638942,"Adria Viñas Pascual","2026-08-10 12:35:09",0.96235,5,adriaviaspascual
2463,16635310,"Avinash Changrani","2026-08-01 18:49:48",0.96232,3,nabobery
2464,16739433,"Phylosopher Hossain","2026-08-28 12:33:19",0.96231,2,phylosopherhossain
2465,16774359,"Carlos Gómez","2026-08-26 10:25:08",0.96231,4,carlosgt
2466,16713105,"Lukeman Abubakar","2026-08-15 22:24:11",0.96230,1,lukemanabubakar
2467,16745915,Cadeshooter,"2026-08-20 07:14:23",0.96230,4,cadeshooter
2468,16774938,"M Zahran","2026-08-27 09:24:48",0.96228,2,mhazett
2469,16760962,"Aayush Gupta","2026-08-23 14:42:45",0.96227,1,aayushgupta1510
2470,16644296,"Hugo Max Monteles Teixeira","2026-08-03 00:14:29",0.96225,3,hugomaxmteixeira
2471,16716916,"SALUNKHE NISHA VIKAS","2026-08-16 11:04:14",0.96224,8,salunkhenishavikas
2472,16716903,"Sakshi V Jadhav","2026-08-17 12:27:17",0.96224,8,sakshivjadhav
2473,16718106,"PATIL SANIKAA SAGAR","2026-08-18 09:11:40",0.96224,8,patilsanikaasagar
2474,16738790,"Lâm Lưu Tùng","2026-08-18 19:39:31",0.96224,1,lmlutng
2475,16639591,yscho,"2026-08-06 12:22:26",0.96220,1,yeonseokcho
2476,16716516,rolandata,"2026-08-29 06:42:10",0.96220,5,rolandata
2477,16749917,"Sze yeoh","2026-08-21 03:19:46",0.96218,10,szeyeoh
2478,16775208,"Anim Samuel K.","2026-08-28 20:33:36",0.96217,5,animsamuelk
2479,16665469,JARVIS-01,"2026-08-17 17:49:33",0.96215,2,kausheyk01
2480,16637186,"Peeyush Kant Misra","2026-08-01 15:51:20",0.96215,1,pkmisra
2481,16751107,art6521,"2026-08-27 14:22:30",0.96214,1,arturojeich
2482,16716192,"Jiya Bhalodia","2026-08-14 07:04:22",0.96213,1,jiyabhalodia
2483,16769940,"Warda Adan","2026-08-29 13:04:12",0.96213,1,wardaadann
2484,16702154,Sanchita,"2026-08-20 16:34:35",0.96212,1,s4nchita
2485,16778993,"Nguyễn Hữu Hùng","2026-08-27 12:06:06",0.96211,3,hungngh
2486,16704523,fpsejwhdl,"2026-08-10 23:55:30",0.96209,1,fpsejwhdl
2487,16744010,"Nitin Kumar 2024","2026-08-27 11:47:27",0.96207,4,nitinkumar2024
2488,16716530,"Jun Nohara","2026-08-17 13:38:21",0.96206,5,junnohara
2489,16785715,"Jack Ib","2026-08-28 20:45:36",0.96206,4,jackib
2490,16765259,"Chanhyuk Park","2026-08-24 11:30:09",0.96205,2,chanhyukpark661
2491,16666373,Vladislav,"2026-08-07 15:17:51",0.96205,13,simmeringoverstep
2492,16701730,sicksahill,"2026-08-14 07:05:42",0.96205,3,sicksahill
2493,16698989,"jack li","2026-08-10 09:42:03",0.96204,1,jackli123o
2494,16657490,Srav11,"2026-08-06 05:55:13",0.96202,2,srav11
2495,16652711,"Ugur O.KARAPUNAR","2026-08-18 11:07:14",0.96202,4,ugurokarapunar
2496,16778284,Linxinyi111111,"2026-08-29 01:36:45",0.96202,2,linxinyi111111
2497,16732952,"Hitesh Manuka","2026-08-17 15:39:47",0.96201,1,hiteshmanuka
2498,16713370,"Aditi B Deshmukh","2026-08-29 16:30:12",0.96201,12,aditibdeshmukh
2499,16701716,Quaduc,"2026-08-12 04:47:24",0.96201,1,quaduc
2500,16746270,"Jaded Llama","2026-08-28 10:59:26",0.96198,3,jadedllama
2501,16661373,NosyRuby2187,"2026-08-19 10:07:03",0.96197,8,djsksbrbf
2502,16633844,"Nakamura Sunao","2026-08-04 14:12:48",0.96195,2,nakamurasunao
2503,16706272,"Hữu Bình Nguyên Nguyễn","2026-08-16 11:51:12",0.96195,4,hubnhnguynnguyn
2504,16759856,"Ankur Tiwari","2026-08-23 10:14:30",0.96194,4,eigenstate101
2505,16764140,Fatma,"2026-08-25 22:39:38",0.96193,1,fatma91
2506,16700217,"Dũng Lê","2026-08-11 04:11:38",0.96192,2,dungle2007
2507,16639484,"Daniel Kasianov","2026-08-02 01:14:58",0.96190,1,danielkasianov
2508,16656412,achyuth2005,"2026-08-04 08:13:09",0.96189,1,achy2005
2509,16653020,"Sathira Sri Sathsara","2026-08-03 17:08:16",0.96189,1,sathirasrisathsara
2510,16732497,"Tunahan Demir","2026-08-17 17:23:32",0.96189,1,tunahandemir173
2511,16676979,xpxchxcx,"2026-08-09 06:37:03",0.96188,1,xpxchxcx
2512,16744316,"Naman Rindani","2026-08-20 18:12:35",0.96188,3,namanrindani
2513,16685628,"André Kuster","2026-08-07 18:44:15",0.96187,4,andrkuster
2514,16749696,ASUKIYO,"2026-08-22 12:03:51",0.96181,3,asukiyo
2515,16658681,"Ravi Pathak","2026-08-09 05:40:10",0.96179,3,ravipathak3001
2516,16763929,"Kaiyi Liao","2026-08-24 00:03:21",0.96179,1,kaiyiliao
2517,16746225,"Sachin Kumar Kushwaha","2026-08-23 16:22:11",0.96179,2,sachinkumarkushwaha
2518,16652739,"Bertrand Pigeon","2026-08-18 14:57:39",0.96179,9,bertrandpigeon
2519,16761299,"Taha Faghih","2026-08-26 06:41:29",0.96178,1,tahafaghih
2520,16778915,SamarthAroraa,"2026-08-27 10:09:25",0.96176,5,samartharoraa
2521,16779391,"Ashish Kumar #3","2026-08-28 06:49:52",0.96175,1,ashishkirtiwed
2522,16785435,Shiva_Gupta4662,"2026-08-29 16:36:34",0.96174,1,shivagupta4662
2523,16738481,Aarya,"2026-08-19 17:31:18",0.96173,3,aaryya
2524,16676656,GalaxyK,"2026-08-06 17:54:56",0.96172,1,kimayamore
0,16424381,baseline_submission.csv,"2026-06-23 23:14:38",0.96171,1,
2525,16770562,"Ufuk Can Dereli","2026-08-26 12:39:46",0.96171,2,ufukcandereli
2526,16697613,TobiST10,"2026-08-14 23:06:50",0.96170,13,tobist10
2527,16782780,Roman@Ahmed,"2026-08-28 08:34:52",0.96170,3,romanahmed2024
2528,16735260,"NEERJA PANDEY","2026-08-18 04:18:02",0.96170,3,neerjapandey
2529,16709976,"Siddharaj Kulkarni","2026-08-15 14:22:25",0.96169,4,siddharajkulkarni
2530,16659562,Sachin@1228,"2026-08-04 10:38:02",0.96167,1,sachin1228
2531,16694789,MINE,"2026-08-16 02:59:23",0.96164,1,ljq20418
2532,16729705,"aya abdalsalam","2026-08-16 21:45:11",0.96162,1,ayaabdalsalam
2533,16637733,"Sami Badidi","2026-08-04 10:41:06",0.96162,4,samibadidi
2534,16762573,"Quốc Triệu Nguyễn","2026-08-26 09:49:07",0.96161,8,quctriunguyn
2535,16696095,Burnling,"2026-08-09 19:12:56",0.96161,1,burnling
2536,16651947,aktk,"2026-08-04 15:35:17",0.96158,12,aniltk
2537,16754949,"Aluu Emmanuel","2026-08-25 08:34:32",0.96152,7,aluuemmanuel
2538,16640717,Yanagiguchi,"2026-08-12 13:56:01",0.96151,1,xenosmilus
2539,16743912,"Prajwal Patil","2026-08-23 18:02:52",0.96150,1,prajwalpatil0909
2540,16652873,ZaabaaZ,"2026-08-09 12:24:04",0.96148,2,zaabaaz
2541,16761866,"BISMA AKBAR","2026-08-23 13:17:35",0.96146,1,bismaakbar939
2542,16714393,"Priyanka Kardile","2026-08-12 21:47:20",0.96144,3,priyankadluffy
2543,16721683,charlotteamy,"2026-08-14 15:17:57",0.96144,3,charlottetu
2544,16756648,"Mohamed Moharam Othman","2026-08-23 23:29:15",0.96144,3,mohamedmoharam88
2545,16729234,Stratmann,"2026-08-16 18:01:59",0.96140,4,stratmann
2546,16751974,"Saurav Prateek","2026-08-30 09:14:43",0.96140,15,srvptk97
2547,16779648,"Muhammad Huzaifa","2026-08-27 13:24:20",0.96139,2,muhammadhuzaifagohar
2548,16671815,"Dwi Eflatino","2026-08-07 15:42:40",0.96138,15,eflatino
2549,16652353,"Sammy Anagavah","2026-08-03 11:55:24",0.96136,1,sammyanagavah
2550,16770701,"Ivan Synkovskyi","2026-08-27 17:49:42",0.96134,8,ivansynkovskyi
2551,16682337,DeepanJ,"2026-08-07 09:29:32",0.96130,5,deepanjayapala
2552,16635224,"Mick Yama","2026-08-28 08:22:33",0.96127,1,mickyama
2553,16659388,i_vanfer,"2026-08-04 12:05:36",0.96125,2,ivanfer
2554,16722607,Maahasarathy,"2026-08-15 12:29:40",0.96123,2,maahasarathy
2555,16779468,"Gowtham #2","2026-08-28 07:13:47",0.96122,2,gowtham66866
2556,16645416,"Michael Chavinda","2026-08-21 05:28:27",0.96121,1,mchavinda
2557,16633924,Rubel,"2026-08-15 14:02:59",0.96120,5,rubel01
2558,16725930,"Justyna Grygierek","2026-08-20 18:34:53",0.96118,1,justynagrygierek99
2559,16665218,"Abraham Gomez","2026-08-05 23:17:51",0.96116,7,abgomez
2560,16695912,"Akshat Maurya","2026-08-09 16:37:23",0.96115,1,akshatx25
2561,16700362,"Paul Surya","2026-08-18 13:07:44",0.96114,9,paulsurya11
2562,16639629,"Muh Amri Sidiq","2026-08-02 05:27:32",0.96113,1,amri11
2563,16772622,"Mukremin Tulgar","2026-08-28 12:57:34",0.96112,1,mukremintulgar
2564,16638639,"Desyat IO","2026-08-01 17:57:05",0.96111,3,desyatio
2565,16634439,"Gopi Krishnan R","2026-08-01 07:45:45",0.96111,1,gopikrishnan2005
2566,16759524,"Arudra Vihar Bommana","2026-08-29 05:07:05",0.96110,1,arudraviharbommana
2567,16633964,"Chirel Chi","2026-08-01 03:25:04",0.96108,1,chirelchi
2568,16777724,JessicaNhatAnh,"2026-08-27 03:53:52",0.96107,1,jessicanhatanh
2569,16764533,"Adibah Sabit","2026-08-26 06:20:21",0.96106,1,adibahsabit
2570,16665247,"umesh chandra300689","2026-08-07 07:36:24",0.96105,1,umeshchandra300689
2571,16644290,fearless,"2026-08-11 20:11:37",0.96105,9,phylist
2572,16693734,jerrytoms,"2026-08-30 10:39:03",0.96104,29,jerrytomms
2573,16764661,ちょこうさぎ,"2026-08-24 06:53:11",0.96104,2,tyokousagi
2574,16761743,FernandoIsFasterThanYou,"2026-08-23 18:41:36",0.96102,1,bhaskarreddy1094
2575,16729050,Sakshi04-2006,"2026-08-16 15:11:02",0.96101,1,sakshi042006
2576,16658597,"Morgana Tavella","2026-08-04 09:38:19",0.96099,1,morganatavella
2577,16640699,"manish Raikwar","2026-08-08 17:06:30",0.96098,4,manishraikwar
2578,16635120,"Marie Bruguet","2026-08-02 08:35:39",0.96095,4,mariebruguet
2579,16654336,"Info vista","2026-08-04 04:44:12",0.96092,1,infovista
2580,16635104,"Dávid Kolumber","2026-08-25 16:57:33",0.96089,5,davidkolumber
2581,16783235,Vlodus,"2026-08-28 13:14:38",0.96086,6,vlodus
2582,16739496,"Ilya Strigunkov","2026-08-27 19:02:11",0.96086,1,ilyastrigunkov
2583,16640648,"Виктор Бахурин","2026-08-06 17:44:20",0.96082,8,viktorbah76
2584,16688663,yang20251228,"2026-08-08 04:39:32",0.96073,1,yang20251228
2585,16682322,"Iswar Patra","2026-08-28 08:17:27",0.96073,6,iswarpatra
2586,16713524,"Md Jakir Hussain","2026-08-12 17:08:09",0.96071,1,jakirsust
2587,16634308,mehanalavimajd,"2026-08-02 06:56:09",0.96070,7,mehanalavimajd
2588,16690682,"Aadi Singh","2026-08-18 10:48:02",0.96069,2,aadisingh19
2589,16738402,HiveMynd,"2026-08-27 09:16:15",0.96068,2,hivemynd
2590,16709185,fizzahabdullah,"2026-08-11 19:51:39",0.96066,1,fizzaha99
2591,16658710,"Haritha Sarode","2026-08-05 13:38:17",0.96062,7,harithasarode
2592,16694563,ghdfeccc,"2026-08-09 13:07:52",0.96056,6,ghdfeccc
2593,16747401,"Кирилл Щетников","2026-08-26 11:36:24",0.96055,3,deadmorose007
2594,16710595,"Roshni Chauhan","2026-08-25 16:28:38",0.96054,1,luckyyylllll
2595,16666955,ccatter,"2026-08-07 15:47:56",0.96052,3,ccatter
2596,16634733,"YAJAT PAWAR","2026-08-02 09:51:07",0.96049,4,yajatpawar
2597,16742922,"Mehmet Tatbak","2026-08-19 12:57:47",0.96049,1,mehmettatbak
2598,16654648,"Rushikesh Khandetod","2026-08-13 05:17:50",0.96045,3,rushikeshkhandetod
2599,16690866,Facouse,"2026-08-08 12:35:36",0.96045,2,facouse
2600,16747635,"Yesaya Rudolf Susanto Widyanto","2026-08-23 07:59:55",0.96044,4,yesayarudolf
2601,16770510,"James Imbuido","2026-08-30 12:00:53",0.96041,1,jamesimbuido
2602,16639560,"Pranav Krishnan","2026-08-07 01:31:21",0.96037,1,pranavkrishnan9
2603,16662027,"Ahmed Sherif El-Taher","2026-08-04 16:28:07",0.96036,1,ahmedsherifeltaher
2604,16780234,"Ashish C","2026-08-27 16:37:43",0.96036,2,ashish0405
2605,16660460,Alkaid_Chen,"2026-08-04 13:10:51",0.96032,1,alkaidchen
2606,16655692,YwlELPKM,"2026-08-25 13:30:03",0.96030,4,ywlelpkm
2607,16730540,"Avantika Chellury","2026-08-29 21:42:34",0.96028,2,avantikachellury12
2608,16641624,"caesar arifan","2026-08-02 14:32:14",0.96010,1,caesararifan
2609,16634464,vedddev,"2026-08-13 16:40:38",0.96010,17,vedant0928
2610,16644165,"Lamaq Dahodwala","2026-08-02 22:38:16",0.96009,4,lamaqdahodwala
2611,16666009,"Ruijian Shi","2026-08-05 10:55:38",0.96007,1,maikesedaweiyao
2612,16717190,"Trupti Desai","2026-08-20 16:18:01",0.96006,3,truptinitindesai08
2613,16638643,"Gloire Bisimwa","2026-08-02 12:31:02",0.96006,1,gloirebisimwa
2614,16754532,AdityaPetkar2006,"2026-08-21 13:25:25",0.96005,1,adityapetkar2006
2615,16734818,"Mazen Fehri","2026-08-18 16:14:23",0.96003,1,mazenfehri
2616,16661965,"Rouaa Bakr","2026-08-04 16:41:18",0.96000,1,rouaabakr
2617,16664408,Tomo021219,"2026-08-05 05:08:07",0.95999,2,tomo021219
2618,16737729,Sivasankar,"2026-08-25 12:07:13",0.95998,2,sivasankar19
2619,16636006,"Goutam sharma","2026-08-01 13:06:16",0.95997,1,goutamsharma12
2620,16668033,Jagobee,"2026-08-08 14:36:47",0.95996,1,jagobee
2621,16732095,"Krishna Panwar","2026-08-17 11:30:35",0.95994,1,krishnapanwar649
2622,16791461,"Marcus Tisdale","2026-08-29 22:03:40",0.95993,2,haverfell
2623,16660943,Prakharszn,"2026-08-04 19:31:05",0.95988,2,prakharszn
2624,16653978,Erik.M,"2026-08-07 17:11:28",0.95986,2,harharharhar
2625,16635826,"Aditya Kamtikar","2026-08-03 04:40:04",0.95983,4,adityakamtikar
2626,16645362,"Daddy lu","2026-08-03 03:50:04",0.95981,1,daddylu
2627,16762970,"Arsema Ayele","2026-08-28 08:44:02",0.95981,1,arsemaayele
2628,16724481,takdf056,"2026-08-29 13:09:27",0.95981,1,takdf056
2629,16759634,Dridi_Mohamed,"2026-08-24 22:22:49",0.95978,2,dridimohamed
2630,16785472,"Антон Зяблов","2026-08-28 19:36:15",0.95978,2,antonzbl
2631,16778934,"Cuschevici Climent","2026-08-27 12:44:01",0.95978,1,cuschevicicliment
2632,16763126,"Anas Salmi","2026-08-23 19:30:07",0.95978,1,anassalmi
2633,16706503,zhuo_qing_cn,"2026-08-11 13:19:16",0.95975,3,zhuoqingcn
2634,16715777,"Sumit Raghav","2026-08-29 07:04:26",0.95973,1,raghav000897
2635,16786268,lostromance,"2026-08-29 03:40:25",0.95972,1,lostromance
2636,16703865,Hemanyaharini,"2026-08-10 23:24:18",0.95972,1,hemanyaharini
2637,16703866,Laasyaharini,"2026-08-10 23:24:21",0.95972,1,laasyaharini
2638,16716482,"Sharwani Kadam","2026-08-15 13:17:24",0.95972,1,sharwanikadam
2639,16716481,"Amruta  Tanaji Yadav","2026-08-16 11:00:03",0.95972,1,yadavamruta
2640,16713556,"PATIL YOGITA PRALHAD","2026-08-17 05:02:30",0.95972,1,patilyogitapralhad
2641,16730887,"trupti18 ","2026-08-17 05:11:42",0.95972,1,trupti18
2642,16642010,Dulal_169,"2026-08-02 15:06:36",0.95971,2,dulal169
2643,16637192,"Sayali Lachake","2026-08-04 19:42:09",0.95970,1,sayalilachake
2644,16683162,"Kunal Rout","2026-08-07 13:58:44",0.95967,3,charlotte26
2645,16736396,"Anup kumar","2026-08-18 10:24:26",0.95964,1,enterbrianup
2646,16721254,"Roxana Asavei","2026-08-14 09:21:55",0.95963,1,roxanaasavei
2647,16713211,"Aastha Attri","2026-08-13 15:27:20",0.95962,3,pixy23
2648,16637408,"Rutuja Kale","2026-08-04 11:28:31",0.95959,1,rutujakale067
2649,16728535,陈晓琳Evelyn,"2026-08-20 03:29:59",0.95958,5,evelyn0810
2650,16705451,"Pratyush Kumar Singh","2026-08-19 19:56:34",0.95954,2,darkbit404
2651,16748168,Tom8710,"2026-08-26 23:29:22",0.95952,7,tomactlog
2652,16701192,"Dmitry Bakanov","2026-08-11 18:47:51",0.95951,2,dmitrybakanov
2653,16644644,"Mohamed Abderrahmani","2026-08-24 09:26:09",0.95951,1,mohamedabder
2654,16779488,"Abdallah Hashad","2026-08-28 18:49:50",0.95950,2,abdallahhashad0
2655,16763841,"batuhan kalem","2026-08-23 23:25:35",0.95949,1,batuhankalem
2656,16712918,"Kunal Samanta","2026-08-12 17:05:11",0.95943,1,samantakunal
2657,16719937,"Zeeshan Ali","2026-08-28 11:52:32",0.95940,8,zeeshana1i
2658,16722205,Amster,"2026-08-14 13:41:37",0.95937,1,aman2k5
2659,16634930,"Andrey Bushin","2026-08-02 09:29:52",0.95935,12,andbush
2660,16651284,"Santosh Yadav","2026-08-04 06:56:48",0.95934,1,santoshyadavaiexpert
2661,16688660,"Naman Jain","2026-08-19 13:01:06",0.95932,2,alpharapto
2662,16652434,jmmmy,"2026-08-04 13:52:37",0.95928,3,jmmmmy
2663,16758129,"Chu Van An","2026-08-22 15:49:48",0.95924,4,tbxvnaan
2664,16710151,JLZK,"2026-08-12 05:05:37",0.95916,1,leeljustin
2665,16712542,AN_Kamau171,"2026-08-26 21:29:21",0.95909,2,ankamau171
2666,16705148,"Ata Ul Nasar Mansoor","2026-08-11 14:41:28",0.95907,4,ataulnasarmansoor
2667,16775480,"Patil Sandhya Keshav","2026-08-28 06:20:51",0.95904,1,patilsandhyakeshav
2668,16766766,"Shreef Mahmoud","2026-08-24 20:03:42",0.95901,2,shreefmahmoud
2669,16792177,"Vecheslav Eremeev","2026-08-30 07:49:43",0.95900,9,lorddiablo74
2670,16722761,Musliadi,"2026-08-14 16:08:30",0.95897,2,timscientia
2671,16715544,"Favour Olumese","2026-08-15 19:26:17",0.95894,2,favourolumese
2672,16771335,"Guillermo Torres","2026-08-25 15:24:35",0.95893,1,"guillermotorresj11,jmtbtorres"
2673,16661367,"Felipe Eduardo Vieira","2026-08-04 15:50:15",0.95889,1,felipeeduardovieira
2674,16647545,"Pengjuan Chu","2026-08-15 03:24:03",0.95888,1,pengjuanchu
2675,16635902,"Sanjay Bora","2026-08-02 13:22:44",0.95885,1,sanjaybora143
2676,16717783,nuraly,"2026-08-17 08:16:45",0.95883,1,nura1125
2677,16761941,"vibhav jana","2026-08-27 18:57:40",0.95882,9,vibhavjana
2678,16661855,"Nizami Mammadli","2026-08-05 11:31:11",0.95878,1,nizamimammadli
2679,16790228,"Jonathan Racz","2026-08-29 14:08:51",0.95877,2,jonathanracz
2680,16661939,"AHMED WALED ABDEL SATAR","2026-08-04 16:33:55",0.95876,1,ahmedwaledabdelsatar
2681,16756911,"Jasmine Mohamed Fahmy","2026-08-28 05:27:10",0.95871,3,jasminemohamed2545
2682,16765397,"Tugui Tudor-Costin","2026-08-25 08:32:33",0.95868,1,tuguitudorcostin
2683,16662356,"Jayachandiran K","2026-08-04 17:51:37",0.95858,1,jayachandiran007k
2684,16760319,"Stephen Wasylenko","2026-08-29 14:22:25",0.95855,1,crippledcow
2685,16721584,"Kanat Kozhaniyazov","2026-08-19 12:08:06",0.95855,15,kanatkozhaniyazov
2686,16706271,"Humaira Siddique","2026-08-11 09:58:32",0.95852,1,humairasiddique
2687,16717117,MYosyy,"2026-08-19 21:53:27",0.95851,2,myosyy
2688,16661945,"Olla Abdelnabi","2026-08-04 16:41:14",0.95848,1,ollaabdelnabi
2689,16737463,"KURHADE SANDESH MARUTI","2026-08-21 13:58:47",0.95844,1,kurhadesandeshmaruti
2690,16657991,"Marina T","2026-08-11 13:48:11",0.95844,1,rinatim
2691,16754885,"Rosabella Yang","2026-08-29 08:59:09",0.95843,19,rosabellayang
2692,16727417,raymond.w.wang,"2026-08-19 21:43:32",0.95836,1,raymondwwang
2693,16712092,"Samaya Ranjan Behera","2026-08-19 19:21:43",0.95831,3,samayaranjanbehera
2694,16675718,mohammedadnan,"2026-08-06 13:49:26",0.95829,1,m3dnan
2695,16743304,"Youssef Adel2005","2026-08-20 14:44:53",0.95826,1,youssefadel2005
2696,16702463,"Aaron Tauro","2026-08-12 18:37:14",0.95825,2,aarontauro
2697,16653253,TSE930203,"2026-08-03 16:01:18",0.95822,2,tse930203
2698,16784783,"Jobin thavu varghese","2026-08-28 18:08:53",0.95821,3,jobinv12
2699,16777855,XiaotongYan1125,"2026-08-27 03:44:49",0.95820,1,xiaotongyan1125
2700,16712483,"Mohammed EL-Boukri","2026-08-12 14:19:31",0.95816,1,mohammedelboukri
2701,16710441,KKPrasannaKumari,"2026-08-16 10:05:25",0.95810,1,kkprasannakumari
2702,16652261,"M. Aki","2026-08-20 08:29:27",0.95803,8,mehmetakifkapsz
2703,16714416,"jose manuel Tinajero","2026-08-12 21:23:37",0.95800,1,josemanueltinajero
2704,16682126,"Taiji Higashide","2026-08-12 09:51:43",0.95797,3,taijihigashide
2705,16640390,"Kavindu Sewmina","2026-08-02 08:58:56",0.95795,1,kavindusewmina33
2706,16722325,"Harshit Patil","2026-08-14 14:36:12",0.95780,1,harshitsanjaypatil
2707,16732506,"Rupika upadhyay","2026-08-17 14:30:06",0.95778,1,rupi15
2708,16640666,"Aditya Majumdar","2026-08-02 23:57:04",0.95775,1,adityano1
2709,16764665,[B1]瀬尾,"2026-08-24 06:23:22",0.95757,1,raku191019
2710,16700943,ToshiFal,"2026-08-22 15:50:23",0.95754,17,toshifal
2711,16639623,JeffFosterUK,"2026-08-02 02:05:35",0.95750,4,jefffosteruk
2712,16685483,Vishnu_Anil_117,"2026-08-09 15:39:25",0.95747,11,vishnuanil117
2713,16729803,"Rasol Khaled","2026-08-16 22:48:44",0.95743,1,rasolkhaled
2714,16634140,"Will Coleman","2026-08-01 03:23:13",0.95733,1,willcoleman
2715,16724424,"Nayananshu Garai","2026-08-17 05:21:19",0.95727,2,ngarai
2716,16731033,Triquetrus,"2026-08-17 06:19:16",0.95720,1,triquetrus
2717,16716364,"Aabdal Shaikh","2026-08-18 07:31:20",0.95720,1,aabdalshaikh
2718,16735225,"SHEZLIN DSOUZA","2026-08-18 03:58:59",0.95718,2,shezlindsouza
2719,16702167,"Ragheb haddara","2026-08-10 17:40:11",0.95712,1,l4r3nn
2720,16691624,"Gourang kardam","2026-08-10 17:24:00",0.95711,1,gourangkardam
2721,16653318,"Michał Kakała","2026-08-05 17:24:57",0.95707,1,michakakaa
2722,16693143,"Sarah BeeTee","2026-08-17 02:51:43",0.95706,2,sarahbeetee
2723,16640470,Kaneshiro,"2026-08-13 07:34:58",0.95700,4,kaneshiro0
2724,16751766,"Vinay Todkar","2026-08-21 13:08:45",0.95695,1,vinaytodkar
2725,16638724,"Ashish Mishra","2026-08-08 15:48:05",0.95692,1,dastro64sq
2726,16678484,"Firas ABOUDA","2026-08-10 13:42:25",0.95685,1,firasabouda
2727,16640463,stpete_ishii,"2026-08-08 12:45:47",0.95684,9,stpeteishii
2728,16715758,"Muammal A. Fadhil","2026-08-18 00:51:01",0.95684,8,castial
2729,16633882,aoymats,"2026-08-08 01:14:16",0.95662,10,aoymats
2730,16789457,"Priti Yadav","2026-08-29 07:19:56",0.95658,1,priti0812
2731,16638180,"Muhammad Nebukhadnezar Manthoufani","2026-08-09 14:17:01",0.95646,1,nebukhadnezar234
2732,16740830,Noon,"2026-08-27 03:52:50",0.95644,1,noon555
2733,16683826,Yuma_271,"2026-08-07 10:29:54",0.95632,1,yuma271
2734,16635507,FanRuijie,"2026-08-26 15:04:19",0.95622,8,ruijiefancn04
2735,16662644,"Juswin Jaimathew","2026-08-06 14:52:02",0.95611,2,juswinjaimathew
2736,16634816,"Meet Gajera","2026-08-07 14:19:36",0.95606,2,mitgajera
2737,16640820,"Mathe Matics2","2026-08-24 14:38:32",0.95605,3,mathematics2
2738,16664645,"Haruki Matsuo","2026-08-05 07:28:20",0.95605,2,harukiapi0421
2739,16709449,"Jiyad Hussain","2026-08-11 22:03:37",0.95604,2,basedhussain
2740,16775390,"Tommaso Guerrini","2026-08-30 10:07:15",0.95601,3,tomwarrens
2741,16655408,"Evgeniy Tsysarskiy","2026-08-04 03:02:20",0.95600,2,evgeniytsysarskiy
2742,16668410,mazide,"2026-08-05 15:35:01",0.95598,2,mazide
2743,16692352,"Shivam Sukhija","2026-08-09 14:23:56",0.95598,1,shivamsukhija01
2744,16634294,Soham_Deshpande,"2026-08-28 05:07:20",0.95597,6,sohamdeshpande11
2745,16689757,"Marcel Girgis","2026-08-18 19:00:25",0.95593,8,marcelgirgis
2746,16723454,"Elnur Bairamov","2026-08-24 00:32:04",0.95587,7,elnurbairamov
2747,16633851,Shuai0103,"2026-08-16 15:25:20",0.95583,2,shuai0103
2748,16766969,"Egg Apple","2026-08-25 15:49:02",0.95582,1,eggapple
2749,16681347,F.Ikema,"2026-08-13 14:13:45",0.95577,3,fikema
2750,16634064,"Matthew Chua","2026-08-01 09:21:24",0.95572,2,snake87
2751,16636003,"Andrea Bortolani","2026-08-03 10:53:11",0.95572,2,andreabortolani
2752,16711580,"Haswinchony Saladi","2026-08-12 09:23:24",0.95572,1,haswinchonysaladi
2753,16756931,burblingbrooks,"2026-08-22 22:32:16",0.95570,7,burblingbrooks
2754,16702583,"Abhijeet Arun Gore","2026-08-10 18:52:07",0.95569,2,abhijeetarungore
2755,16640589,AndNov,"2026-08-22 09:56:45",0.95558,3,andnov
2756,16658965,Suzukimako,"2026-08-08 13:31:07",0.95557,1,suzukimako
2757,16640760,Mutahar,"2026-08-29 21:52:30",0.95551,21,mmalam
2758,16709242,Govind,"2026-08-15 19:40:10",0.95551,3,shekeloatmeal
2759,16660016,CaERu_korokoro,"2026-08-06 08:15:44",0.95545,4,caeru11291129
2760,16635339,"Aourar Abdelouahab","2026-08-19 15:57:23",0.95543,14,abdelouahab05
2761,16710777,"Azammit 789","2026-08-16 06:02:40",0.95542,3,azammit789
2762,16638957,mervinjoseph20,"2026-08-01 18:38:29",0.95542,1,mervinjoseph20
2763,16638939,Jayashree21f3001265,"2026-08-01 18:41:06",0.95542,1,jayashree21f3001265
2764,16727522,"Leong JY","2026-08-16 07:13:12",0.95542,1,leongjy
2765,16780926,"keshav bulia","2026-08-27 19:57:34",0.95542,1,keshavbulia
2766,16698042,zbrek0000,"2026-08-10 19:34:45",0.95540,11,zbrek0000
2767,16658107,logithan,"2026-08-04 14:00:47",0.95538,1,logithan
2768,16671749,Dilshodjon,"2026-08-08 08:45:32",0.95536,1,dilshodjon
2769,16732542,"Δημητρης Καλτσιος","2026-08-17 13:15:54",0.95536,1,dimitriskaltsios
2770,16761957,"Shunta Yara","2026-08-23 12:34:56",0.95533,1,shuntayara
2771,16692978,ZAUC,"2026-08-09 08:00:42",0.95523,1,zauctr
2772,16658355,"Võ Đăng Tuệ","2026-08-05 07:42:54",0.95520,4,tuevd0611
2773,16706487,YuvrajSingh6174,"2026-08-12 09:33:30",0.95519,1,yuvrajsingh6174
2774,16716315,"BHUMI PATRE","2026-08-15 09:57:07",0.95517,2,bhumipatre
2775,16725254,"Brian Ochieng","2026-08-15 20:38:54",0.95510,1,brichieng
2776,16766344,"Doodle Peach","2026-08-27 17:16:57",0.95502,3,doodlepeach
2777,16778261,"Varshini Balasubramanya","2026-08-27 11:28:28",0.95491,1,varshini0613
2778,16747740,"Kıvanç Öz","2026-08-20 12:08:26",0.95490,1,kvancoz123
2779,16693057,yu-yo,"2026-08-11 15:56:50",0.95489,1,yukiyosh
2780,16710331,"GPA NNN","2026-08-12 05:59:53",0.95487,1,gpannn
2781,16652877,"Loh Jinsen","2026-08-03 15:18:31",0.95486,1,lohjinsen
2782,16664590,"Muhammad Awais Tariq","2026-08-11 07:54:37",0.95484,1,muhammadawaistariq87
2783,16666019,Zenieverse,"2026-08-17 05:38:06",0.95475,2,zenieverse
2784,16729566,"Marc-Aurel ALLADASSI","2026-08-23 14:54:19",0.95473,3,marcaurelalladassi
2785,16643918,Specter,"2026-08-06 20:13:25",0.95453,2,akwuiwuebube
2786,16743160,"esraa akram","2026-08-27 11:47:34",0.95446,1,esraaakram2005
2787,16645622,"Gowsalya Yogarajah","2026-08-04 05:14:16",0.95444,2,gowsalyayogarajah
2788,16752171,"Santosh Kumar","2026-08-21 06:26:26",0.95441,1,kuchhbhi
2789,16762626,"Dolaimin Yaya KONE","2026-08-25 02:18:36",0.95440,1,dolaiminyayakone
2790,16738443,"Shreyash Siddharth","2026-08-19 09:45:17",0.95437,1,shreyashsiddharth
2791,16759331,"Nafis Ahammad","2026-08-22 18:03:34",0.95432,1,nafisahammad
2792,16676261,"Ankit Seth","2026-08-24 09:33:24",0.95429,1,ankitsethknp
2793,16653174,"P Praveen kumar reddy","2026-08-03 15:43:04",0.95422,1,ppraveenkumarreddy
2794,16770962,"Tirth Dabhi","2026-08-29 15:52:28",0.95419,3,tirthdabhi16
2795,16718906,"Brisa Marina","2026-08-18 11:27:49",0.95415,5,brisamarina
2796,16770655,KaranK09,"2026-08-25 11:55:54",0.95409,1,karank09
2797,16722739,"Jarboui Aminnna","2026-08-15 01:08:21",0.95408,1,jarbouiaminnna
2798,16670683,Kongali,"2026-08-05 22:58:33",0.95368,1,kongali
2799,16644753,"Adiya Tumurbaatar","2026-08-03 07:34:35",0.95325,3,adiyatumurbaatar
2800,16654549,praveensankar,"2026-08-07 05:53:32",0.95317,11,praveensankar
2801,16758674,"Aakash Kushwah","2026-08-23 12:20:02",0.95317,2,aakashrajawat75
2802,16757745,"Kunal Sharma","2026-08-26 09:41:44",0.95307,2,sharmakunal123
2803,16758868,"Tota Adrian","2026-08-24 10:40:09",0.95301,5,totaadrian
2804,16724971,Katze,"2026-08-15 11:33:53",0.95289,2,kckatze
2805,16652486,"Vlad Studennykov","2026-08-11 15:44:07",0.95283,2,vladstud716373618
2806,16634363,"Fueki Arina","2026-08-21 09:08:41",0.95269,2,fueki001
2807,16739382,"Nabeel Qanith","2026-08-19 11:29:21",0.95268,3,nabeelqanith
2808,16694734,"Chakrabhuana V  Deva","2026-08-09 12:26:25",0.95258,3,chakrabhuanavdeva
2809,16700208,"FARSEEN M","2026-08-18 11:50:40",0.95243,4,farseenm
2810,16743941,"Parth Patil","2026-08-20 14:02:53",0.95239,10,"arpitk00,parthdpatil108,surajskokate"
2811,16681221,"Saif Mahdi","2026-08-14 04:54:06",0.95237,6,saifsamianmahdi
2812,16635922,"Tracy Porter","2026-08-02 16:32:50",0.95234,2,tracyporter
2813,16769714,zhonghongxing,"2026-08-26 02:17:51",0.95234,1,zhonghongxing
2814,16731221,riya_yadav,"2026-08-26 18:35:30",0.95233,1,riyaydv08
2815,16635570,"Lena Solodovnyk","2026-08-02 12:27:07",0.95227,3,lenasolodovnyk
2816,16672666,"Vedang Sawant","2026-08-07 18:45:36",0.95225,1,vedangsawant09
2817,16711771,"Vishal Khomane","2026-08-12 10:57:14",0.95218,2,vishal567
2818,16634371,"Manish Patil","2026-08-03 06:53:25",0.95207,2,manishpatil115
2819,16675680,"Dávid Straka","2026-08-06 14:32:44",0.95179,1,dvidstraka
2820,16768445,"Aquiles Barreto","2026-08-25 01:04:16",0.95145,1,aquilesbarreto
2821,16638633,dlougen,"2026-08-01 17:53:44",0.95132,1,dlougen
2822,16684526,TotoriYoyori,"2026-08-26 17:28:29",0.95101,4,totoriyoyori
2823,16654053,Karan,"2026-08-27 17:33:28",0.95092,5,karan9351
2824,16694722,ExceptionEchoTeam,"2026-08-09 12:53:14",0.95075,3,exceptionechoteam
2825,16775756,Human,"2026-08-26 16:44:55",0.95075,1,ahnafmuhtasim
2826,16736331,"Rabbiya affan","2026-08-19 08:33:43",0.95061,1,rabbiyaaffan
2827,16691043,"Mohamed Saad Zerki","2026-08-14 18:43:25",0.95051,4,saadzerki
2828,16713705,"Sohil Tadavi","2026-08-13 20:00:47",0.95045,3,sohiltadavi
2829,16672282,"Anuj Naithani","2026-08-21 14:53:38",0.95038,3,anujnaithani
2830,16694552,llllsssss,"2026-08-09 12:45:48",0.95034,9,llllsssss
2831,16728612,"Jay Gohel","2026-08-24 09:59:59",0.95032,4,jaygohel
2832,16681993,"Pranav Guptaji","2026-08-24 14:15:18",0.94981,1,pranavguptaji
2833,16759286,tyuyoshi,"2026-08-23 23:28:54",0.94968,1,hasegawatsuyoshi
2834,16737168,Sybery_AI,"2026-08-18 11:10:43",0.94960,4,syberyai
2835,16770881,"Miguel Leal Fernández","2026-08-29 16:07:08",0.94939,3,miguellealfernndez
2836,16739243,"BOULANOUAR MOHAMED","2026-08-18 18:24:25",0.94935,1,boulanouarmohamed
2837,16736558,invigi,"2026-08-18 10:12:27",0.94930,1,invigi
2838,16715846,"Moninder Gulati","2026-08-13 06:00:54",0.94882,1,monindergulati
2839,16634015,"Adrien Thomas","2026-08-20 01:48:07",0.94872,5,adrienthomas
2840,16785198,BrianKimmig,"2026-08-28 21:29:57",0.94860,1,brikim
2841,16759908,"Pranoti Bauchkar","2026-08-22 19:07:50",0.94827,1,pranotibauchkar
2842,16712246,"sepehr masoudizad","2026-08-25 13:06:50",0.94802,1,sepehrmasoudizad
2843,16633726,Abhijit,"2026-08-22 21:40:33",0.94771,1,abbeymaj
2844,16741809,Carlos,"2026-08-19 09:03:42",0.94770,1,pentacode
2845,16662606,"Avirat Belekar","2026-08-06 18:54:42",0.94753,1,abelekar
2846,16720085,ShivanshDut,"2026-08-14 06:37:19",0.94749,2,shivanshdut
2847,16714459,Orochimaru,"2026-08-13 22:45:02",0.94721,3,ishan8061
2848,16663041,Zafar,"2026-08-08 21:03:42",0.94703,2,zafarali27
2849,16694695,"Тима Козлов","2026-08-09 12:22:13",0.94687,1,tihonsiska
2850,16737798,mashiroQWQ,"2026-08-18 17:15:16",0.94680,1,mash1roqwq
2851,16726626,SaiboIsland,"2026-08-17 17:40:00",0.94661,1,saikoka
2852,16707924,"Helen yılmaz","2026-08-29 23:33:24",0.94633,3,helenylmaz
2853,16656687,"Sivanja Sivakumar","2026-08-04 22:49:12",0.94621,2,sivanjasivakumar
2854,16780769,"Suman Gouda","2026-08-29 09:19:14",0.94601,1,sumangoudakaggle
2855,16747837,vaishnavi,"2026-08-20 10:49:34",0.94583,1,vaishnavisule
2856,16727156,ZWQ1037,"2026-08-21 04:25:41",0.94582,1,zwq1037
2857,16716871,"Binary Brains","2026-08-18 07:49:44",0.94547,1,"ananyamaurya,surbhisuman"
2858,16713307,"NIKAM ADITI DATTATRAY","2026-08-17 18:13:52",0.94547,1,nikamaditidattatray
2859,16755692,Sanskarrr_p,"2026-08-21 16:18:01",0.94547,1,sanskarrrp
2860,16635336,Deepak9615,"2026-08-07 11:30:51",0.94538,3,"abhijeetsingh1811,biswajitpatgiri,deepakkumar9615"
2861,16694671,Saturn8,"2026-08-09 13:06:27",0.94528,3,saturn8
2862,16654709,treilllaxred,"2026-08-21 04:53:18",0.94521,5,treilllaxred
2863,16710328,Alvin,"2026-08-12 15:15:44",0.94514,1,alvinhoang
2864,16662694,"PRINCE GUPTA","2026-08-10 15:00:21",0.94500,1,prince66
2865,16635516,schliggify,"2026-08-02 11:54:56",0.94461,2,schliggify
2866,16701837,Kai44p,"2026-08-11 05:07:04",0.94441,2,kai44p
2867,16783956,JOvidiu,"2026-08-28 13:17:23",0.94361,1,jovidiu
2868,16660380,marucan,"2026-08-13 13:04:07",0.94357,15,marucan
2869,16762777,"Diana Carcea","2026-08-25 18:49:06",0.94350,2,dianacarcea
2870,16694903,Qwerty,"2026-08-18 14:03:00",0.94331,8,qwerty1234123424
2871,16697004,klsaleh,"2026-08-09 19:25:13",0.94331,1,klsaleh
2872,16747362,"bianca spiridon","2026-08-28 09:09:25",0.94318,9,biancaspiridon
2873,16682947,"Yashpalsinh Thakor","2026-08-07 10:08:32",0.94315,2,yashpalthakor
2874,16696791,Vaishnavi22052006,"2026-08-09 15:37:13",0.94313,1,vaishnavi22052006
2875,16733234,Chansoon,"2026-08-18 04:28:18",0.94304,2,chansoon
2876,16718071,"KALE RIDDHI ARUN","2026-08-17 05:54:26",0.94302,1,kaleriddhiarun
2877,16717023,"Monish Singhal","2026-08-17 17:33:04",0.94301,3,monish0110
2878,16639160,"Maheep Walia","2026-08-01 21:34:08",0.94291,1,maheepwalia
2879,16680962,okuub11,"2026-08-08 02:04:23",0.94284,3,okuub11
2880,16731600,takuya008,"2026-08-17 14:46:50",0.94282,2,takuya008
2881,16639402,"Aᴊɴᴀвı INSAAN","2026-08-05 00:26:00",0.94273,2,ainsaan
2882,16779504,"PATIL AKSHARA ASHOK","2026-08-28 06:41:33",0.94269,3,patilaksharaashok
2883,16691174,"De Marchi Fabio","2026-08-18 14:31:37",0.94257,13,obiaf88
2884,16662379,"Sarath Sreedhar J","2026-08-11 10:38:45",0.94248,9,sarathsreedharj
2885,16670075,"Tereza Hartigova","2026-08-12 20:25:06",0.94240,3,terezahartigova
2886,16665527,yuchen9,"2026-08-05 13:26:53",0.94239,1,yuchen9
2887,16665019,Danjas,"2026-08-23 03:49:49",0.94232,7,danjas
2888,16764484,"Rizky Mubarrok (Rizky)","2026-08-28 04:32:34",0.94227,5,rizkymubarrokrizky
2889,16713624,"Ruturaj Lokhande","2026-08-15 10:55:38",0.94227,1,ruturajlokhande27
2890,16723757,"Saif Shahriar","2026-08-15 17:51:14",0.94211,1,saifshahriar
2891,16758793,"Augusto de Melo Costa","2026-08-22 14:31:17",0.94199,1,augustomelocosta
2892,16764457,"Chabane Messous","2026-08-24 05:48:31",0.94196,1,chabanemessous
2893,16653073,keep_it_best,"2026-08-04 02:20:57",0.94189,4,zhuimengren
2894,16765426,"Acasandrei Nicu","2026-08-24 10:59:43",0.94186,1,acasandreinicu
2895,16710027,"Briant Paul","2026-08-21 19:40:56",0.94186,3,briantpaul
2896,16743448,"Tommy Llewellyn","2026-08-21 12:35:55",0.94180,1,tommyllewellyn
2897,16645053,"praful tiwari123","2026-08-28 06:14:03",0.94170,4,prafultiwari123
2898,16743056,"Natalie Ogungbade","2026-08-21 14:59:33",0.94170,1,natalieogungbade
2899,16663466,"Yash Wardhan Singh","2026-08-09 10:08:59",0.94152,2,y43hwardhan
2900,16726012,"Azad Ali 1995","2026-08-15 23:04:31",0.94141,1,azadali1995
2901,16634558,"Sifan Shamlewala","2026-08-05 11:48:59",0.94136,1,sifanshamlewale
2902,16712181,"Ankita Jethani","2026-08-14 07:38:09",0.94132,1,ankitajethani
2903,16670175,Fiendl,"2026-08-09 14:26:56",0.94131,2,itsmaffz
2904,16641152,Mob,"2026-08-06 20:30:41",0.94123,2,moubarak73
2905,16644523,"Jonathan Leaver","2026-08-02 23:31:11",0.94111,2,jonathanleaver
2906,16697003,"vaibhav solanke","2026-08-16 21:59:56",0.94104,2,vaibhavsolanke
2907,16716316,SamruddhiPatil616061,"2026-08-15 15:24:34",0.94096,1,samruddhipatil616061
2908,16707774,shixingkong,"2026-08-12 14:01:44",0.94091,1,shixingkong
2909,16726160,"Shivani Radhakisan Charvande","2026-08-16 11:08:45",0.94087,1,shivanicharvande
2910,16763923,"Noureddine Mohammedi","2026-08-24 08:17:49",0.94084,1,noureddinemohammedi
2911,16766333,"Nuo Chen","2026-08-24 16:32:00",0.94074,2,nuochen1314
2912,16736642,"Tejas Varshney","2026-08-25 12:48:04",0.94063,2,varshneytejas
2913,16689282,"Smit Raval","2026-08-08 07:28:23",0.94051,1,ravalsmit
2914,16706472,"Neehar S","2026-08-12 09:42:26",0.94042,2,neehars
2915,16700881,WROCODILE,"2026-08-10 13:53:49",0.94040,1,wrocodile
2916,16655592,Fabbasso,"2026-08-25 01:54:07",0.94031,1,fabrizio78
2917,16633856,"Will Imoehl","2026-08-01 02:36:47",0.94014,3,willimoehl
2918,16762756,"Tài Nguyễn","2026-08-23 16:03:30",0.94005,1,tainguyen0512
2919,16766467,"Niklas Krakhofer","2026-08-29 01:00:00",0.94001,19,niklaskrakhofer
2920,16762834,"Ivan Li","2026-08-26 17:09:36",0.93986,2,ivanli256
2921,16646621,"Kevin Proto","2026-08-07 00:02:15",0.93983,2,kevinproto
2922,16688840,"Vishal Reddy.k","2026-08-24 12:57:58",0.93973,9,vishalreddyk
2923,16634971,"Muhammad Hamid Raza","2026-08-03 02:12:58",0.93972,5,hamidrana
2924,16694591,"Nika Popova","2026-08-09 09:20:14",0.93963,1,nikapopova
2925,16790577,"Avishek Sinha","2026-08-30 10:05:03",0.93963,1,avisheksinha91
2926,16701042,marusai6,"2026-08-24 10:25:28",0.93953,4,marusai6
2927,16743271,YL24,"2026-08-19 17:16:35",0.93946,1,yl2407
2928,16705898,上官雨云,"2026-08-12 10:01:10",0.93932,1,frisk1056
2929,16755570,Suriyaa__MM,"2026-08-22 05:42:00",0.93906,5,suriyaamm2705
2930,16659566,Lalmuankima,"2026-08-13 15:42:35",0.93901,4,lalmuankima
2931,16641115,Ahmad,"2026-08-20 14:00:58",0.93871,2,ahmad1029
2932,16644386,"Mohamed Echch","2026-08-27 19:03:44",0.93856,2,mohamedechch
2933,16711494,"Milan Nagy","2026-08-18 13:40:47",0.93851,5,milannagy
2934,16789850,"SACHIN SHARMA","2026-08-29 14:22:58",0.93849,2,sachinsharma1912
2935,16725579,TMNT10,"2026-08-30 12:28:34",0.93828,11,tmnt10
2936,16732444,"Manya Gupta","2026-08-18 07:22:16",0.93819,2,manyagupta30
2937,16686687,"Hack Descent","2026-08-11 01:50:25",0.93796,30,"chrisgeorgeshibu,galimanishkumar,varunkarthikbalaji"
2938,16701033,석유한사발,"2026-08-11 07:44:17",0.93795,3,bbty0310
2939,16709753,"Kaden Trigueiro","2026-08-13 01:50:57",0.93786,1,kadentrigueiro
2940,16765092,"Mihnea Munteanu","2026-08-24 08:49:35",0.93753,5,mihneamunteanu
2941,16764011,"Nima Sharifi","2026-08-24 13:11:13",0.93748,3,nimasharifi
2942,16692703,Aniruddha,"2026-08-11 12:06:46",0.93746,2,animaiti
2943,16766324,"Arseni Costel-Ionut","2026-08-29 23:52:31",0.93743,20,arsenicostelionut
2944,16739143,"Çınar Özdemir","2026-08-18 20:09:50",0.93741,1,cinarozdmr
2945,16779418,"Mohamed Khaled Mohamed","2026-08-27 14:10:06",0.93723,1,mohamedkhaled2007
2946,16788596,Khusyasy,"2026-08-30 07:27:56",0.93714,8,khusyasy
2947,16639394,"Paulo Alex","2026-08-01 23:44:12",0.93695,2,pauloalex11
2948,16655224,GwhE,"2026-08-07 20:40:09",0.93680,2,gwhenap
2949,16693770,"Raj Narayan Sharma","2026-08-09 06:02:52",0.93679,1,rajnarayansharma
2950,16777471,WenlongSun,"2026-08-28 05:32:57",0.93669,5,wenlong2016
2951,16789877,"cz tian","2026-08-29 11:13:38",0.93664,1,deepdragon
2952,16717498,"Rajesh Kumar","2026-08-13 13:46:02",0.93608,1,rajeshlika79
2953,16667923,Chandrashekar,"2026-08-06 10:36:54",0.93607,1,hermitsays
2954,16713432,TanneroJones,"2026-08-13 13:50:28",0.93607,1,tannerojones
2955,16649707,kimchowon11,"2026-08-29 12:36:06",0.93576,3,kimchowon11
2956,16786018,"Remy Ramanan","2026-08-30 09:04:01",0.93576,1,remyramanan
2957,16758501,"Yingjie Ye","2026-08-22 13:13:27",0.93566,1,yingjieye
2958,16723751,"Rithvik Muthyapu","2026-08-17 07:28:29",0.93558,8,rithvikmuthyapu
2959,16709253,"Egor Hohlachev","2026-08-11 21:10:44",0.93550,1,egorhohlachev
2960,16722766,"Stef Simington","2026-08-27 20:58:32",0.93529,6,stefsimington
2961,16711768,"Chinmoy Bhakta","2026-08-14 19:00:42",0.93444,13,chinmoybhakta
2962,16654833,thaanis-mohamed,"2026-08-05 13:56:19",0.93439,3,thaanismohamed
2963,16656289,Indrajit_Pal,"2026-08-23 13:07:26",0.93424,1,palindrajit
2964,16730997,LosevArtem1702,"2026-08-17 07:18:16",0.93422,1,losevartem1702
2965,16723842,"Fedi Boukari","2026-08-15 01:16:48",0.93417,1,fediboukari
2966,16649034,"Narek Davtyan","2026-08-03 08:22:28",0.93408,4,narekdavtyan
2967,16717869,"Rostislav Babich","2026-08-15 15:26:14",0.93380,2,rostislavbabich176
2968,16700396,dark-phoenix,"2026-08-11 05:54:30",0.93380,1,shakiralivijapura
2969,16658443,vuhoangnam2104,"2026-08-05 08:24:22",0.93370,1,vuhoangnam2104
2970,16658417,"Trần Quốc An Trường PT Sao Việt","2026-08-05 08:39:39",0.93370,1,trnqucantrngptsaovit
2971,16756223,SanaK1405,"2026-08-25 11:14:34",0.93355,2,sanak1405
2972,16698325,"Joey Bl","2026-08-14 21:01:08",0.93348,7,joeybl
2973,16702375,"Lukas Maximo","2026-08-30 00:07:09",0.93338,12,lukasmaximo
2974,16758015,"Alisha Gorai","2026-08-25 15:04:25",0.93321,7,alishagorai
2975,16778420,"Samuel Muema","2026-08-27 06:37:27",0.93312,1,samuelmuema
2976,16695905,Eliat,"2026-08-14 13:20:48",0.93304,5,tatianad
2977,16720212,"Vamsi Adithya Yarru","2026-08-25 16:02:49",0.93275,1,"badarinath13,vamsiadithyayarru"
2978,16652539,Polina,"2026-08-03 13:29:23",0.93265,1,polina63
2979,16683269,WiseAndrei4,"2026-08-07 10:16:00",0.93232,3,wiseandrei4
2980,16639367,HamidrezaKeshavarz,"2026-08-02 10:23:16",0.93098,2,hamid9
2981,16694487,"Who am I?","2026-08-28 13:53:16",0.92987,14,lopure
2982,16769835,AgamAken,"2026-08-26 07:31:43",0.92970,1,agamaken
2983,16770389,Vinh2611,"2026-08-25 17:49:48",0.92926,4,vinh2611
2984,16675327,"Kayla Malherbe","2026-08-19 02:09:13",0.92924,1,kaylamalherbe
2985,16652504,"vivek r","2026-08-24 11:54:27",0.92893,1,vivekrrr
2986,16687170,JesusNaranjo1481,"2026-08-13 04:38:04",0.92892,1,jesusnaranjo1481
2987,16681273,Leneen,"2026-08-13 14:02:27",0.92887,1,leneen
2988,16766451,"vansh singla","2026-08-28 14:15:15",0.92839,2,vanshsingla79
2989,16676189,YTomo2,"2026-08-08 04:20:36",0.92730,3,ytomo2
2990,16669008,Aryan_negi93,"2026-08-06 08:58:13",0.92669,7,aryannegi93
2991,16639794,"Omar M","2026-08-13 03:17:53",0.92666,2,healthtricks
2992,16715131,hwang85,"2026-08-13 00:48:11",0.92621,1,hwang85
2993,16694950,"Mihiran Pasindu","2026-08-09 16:44:47",0.92507,1,mihiranpasindu
2994,16733306,"Aikantic Maitra","2026-08-24 18:42:03",0.92475,3,aikanticmaitra
2995,16767526,"Bhuvesh Chauhan","2026-08-26 14:24:37",0.92317,6,bhuveshchauhan
2996,16763233,Praveen.V,"2026-08-30 04:24:12",0.92308,5,praveenfiles
2997,16729950,"Jonathan T","2026-08-16 22:52:24",0.92257,1,jtdataperuser
2998,16728167,"Ghazal Fahmy","2026-08-16 11:56:26",0.92130,1,ghazalfahmy
2999,16770052,"yoru kusuhara","2026-08-29 08:51:12",0.92115,3,yorukusuhara
3000,16704450,"Saiful Rijal","2026-08-23 04:08:43",0.91981,1,saiful873
3001,16639393,"abd el moujib","2026-08-05 12:55:02",0.91954,2,abdelmoujib
3002,16751206,"Yuanbo Yang123","2026-08-21 02:56:31",0.91952,2,yuanboyang123
3003,16727036,"Wang Jingzi","2026-08-27 08:17:40",0.91951,4,wangjingzi111111111
3004,16690968,"Hoso Badalyan","2026-08-20 10:50:49",0.91931,4,hosobadalyan
3005,16724370,"SRI HARI VASAN","2026-08-15 06:25:52",0.91917,1,sriharivasan
3006,16643452,"José Luís Fernando","2026-08-10 14:34:20",0.91872,1,joslusfernando
3007,16660441,"Rishwanth Sai Singirikonda","2026-08-05 14:48:17",0.91858,1,rishwanthsai1537
3008,16676876,"Rahul Kumar","2026-08-29 17:52:29",0.91781,5,rahulk0719
3009,16635258,"Hanston H","2026-08-05 08:21:27",0.91666,1,hanstonh
3010,16790471,NynsenFaber,"2026-08-29 16:19:21",0.91598,2,nynsenfaber
3011,16782934,Jimljay,"2026-08-28 14:20:48",0.91598,1,jimljay
3012,16751118,"Ashton Peng","2026-08-25 23:24:23",0.91383,2,ashtonpeng
3013,16713197,"Omer Raveh","2026-08-12 18:01:00",0.91359,1,georgeconey
3014,16741706,agargawegawevawe,"2026-08-20 16:39:39",0.91359,1,agargawegawevawe
3015,16729410,"Aisy Maffaz","2026-08-17 16:39:37",0.91358,5,aisymaffaz
3016,16783686,"Tran duc anh ","2026-08-29 04:51:05",0.91358,1,ducanh2
3017,16736794,"Jaydeep Yadav","2026-08-20 06:56:34",0.91358,2,jaydeepy
3018,16696036,"Yuqing Liu","2026-08-10 11:35:38",0.91358,1,clearain0015
3019,16759928,"Dilfuza Umarjonova","2026-08-23 18:32:33",0.91357,1,dilfuzaumarjonova
3020,16734575,"Antonio Efe Vizcarra","2026-08-21 20:11:16",0.91356,1,antonioefevizcarra
3021,16711643,"Temuulen Wang","2026-08-13 03:49:17",0.91356,1,temuulenwang
3022,16664088,shrutihore,"2026-08-10 01:31:52",0.91355,1,shrutihore
3023,16743422,"Vinod Kumar ","2026-08-23 18:09:03",0.91355,1,vinodkumar369
3024,16729195,"DESAI TRUPTI NITIN","2026-08-16 15:33:47",0.91355,1,desaitruptinitin
3025,16717628,"Anjali Rajesh Sutar","2026-08-17 05:44:52",0.91355,1,anjalirajeshsutar
3026,16639153,"David Blandón","2026-08-17 20:43:03",0.91355,11,dacxj0
3027,16733416,"Divya Herle","2026-08-19 16:00:07",0.91355,1,divyaherle
3028,16731493,"Luca Britten","2026-08-17 08:14:44",0.91355,1,lucabritten
3029,16725832,Secertive,"2026-08-17 09:32:16",0.91355,1,secretiveplotter1863
3030,16635352,SrimannarayanaMedoju,"2026-08-13 05:55:09",0.91354,1,"brahmam1086,srimannarayanamedoju"
3031,16758538,"Mehdi Sahhar","2026-08-23 16:23:03",0.91346,1,mehdisahhar
3032,16644389,"Christopher Arzate-Benitez","2026-08-14 02:24:13",0.91314,2,christopherarzate
3033,16735068,"SHREYAS KUMBHAR","2026-08-18 03:51:24",0.91311,1,kshreyas26
3034,16765028,"Hasan Normamatov","2026-08-24 09:41:39",0.91310,1,hasannormamatov
3035,16770335,"Kholoud Almutairi - LAB7","2026-08-26 04:45:48",0.91298,2,kholoudalmutairilab7
3036,16739595,"Anushka Kawane","2026-08-20 19:03:45",0.91255,1,anushkakawane
3037,16772207,"Carter Anderson","2026-08-28 01:46:22",0.91253,5,celsian04
3038,16706383,INyomanArvindraPW,"2026-08-11 11:16:17",0.91230,1,shadowwizard
3039,16643967,"Shubham Phapale","2026-08-02 17:57:49",0.91132,1,shubhamphapale
3040,16783576,Shashwat_rj,"2026-08-30 12:07:54",0.91087,1,shashwatrj
3041,16720711,"Rishikesh Paul","2026-08-22 11:16:59",0.90975,4,rishikeshpaul
3042,16749146,"Tanvir Singh","2026-08-20 17:27:46",0.90763,1,tanvirsingh2004
3043,16763219,"Sanjib Kumar Mandal","2026-08-25 10:27:36",0.90546,1,sanjib2005
3044,16725021,"Silvia de Anitua Aspiazu","2026-08-30 12:43:24",0.90426,11,silviadeanitua
3045,16654748,"[Deleted] 7a1a2a56-1433-4c1f-8a35-f776df823bbf","2026-08-03 21:07:02",0.89728,3,del=207c7a0a2ad9e094
3046,16707365,Figusama,"2026-08-19 16:35:40",0.89682,5,figusama
3047,16661843,"Trinh Tuan Anh","2026-08-06 08:38:23",0.89643,1,trinhtuananh
3048,16701410,"Ashutosh Agarwal","2026-08-12 09:57:29",0.89561,4,"ashutoshagarwal088,shriii21"
3049,16654860,"Leandro Sanchez B","2026-08-16 02:25:55",0.89474,3,leandrosanchezb
3050,16745340,Orangle,"2026-08-20 01:58:57",0.89466,2,orangle
3051,16649959,Itpl16,"2026-08-04 14:03:13",0.89266,4,itpl16
3052,16667473,"Subham Gupta","2026-08-06 18:53:52",0.89266,2,subham09g
3053,16713589,"Thomas J Varghese","2026-08-12 17:56:58",0.89253,1,thomasjvarghese
3054,16644088,"Egor Mashtakov","2026-08-02 18:58:32",0.89162,3,egormashtakov
3055,16688632,"Alfi Willianz","2026-08-10 04:04:10",0.89102,4,zwniff
3056,16634712,"Kriti Jain","2026-08-01 10:00:51",0.89047,4,kritijain11
3057,16696603,"Abdullah Al Aymon","2026-08-26 18:09:20",0.89047,8,abdullahalaymon
3058,16719818,"Syed Rayyan Haider","2026-08-28 04:56:19",0.89042,33,"mabdulrafay2,syedrayyanhaider"
3059,16663638,Mohamed_726,"2026-08-07 00:46:39",0.88965,1,mohamed726
3060,16712266,"Andy Andy","2026-08-12 11:51:14",0.88917,6,andy3373
3061,16648469,briskwalking53,"2026-08-26 06:31:18",0.88888,1,takayukihayakawa
3062,16780174,German1212,"2026-08-27 17:00:15",0.88846,5,german1212
3063,16634657,FishEnjoyTea,"2026-08-06 08:13:35",0.88785,2,fishenjoytea
3064,16698660,encredbile,"2026-08-10 05:30:09",0.88747,4,encredbile
3065,16770034,"Kamyab Kazemzadeh","2026-08-26 14:31:00",0.88648,1,kamyabkazemzadeh
3066,16692312,Anandha003,"2026-08-18 17:28:14",0.88646,1,anandha003
3067,16699424,Ajohnbin,"2026-08-13 08:46:46",0.88601,1,ajohnbin
3068,16658424,"Trịnh Hoàng Huy","2026-08-05 08:52:36",0.88596,1,trnhhonghuy
3069,16694882,"ABeer AZ","2026-08-09 09:48:27",0.88558,1,abeeralzebda
3070,16688965,"jevil savani","2026-08-23 08:23:17",0.88275,11,"jevilsavani,pipaliyajeel27"
3071,16652650,"Just Code","2026-08-21 13:25:27",0.88218,2,justcode1
3072,16633948,revathip,"2026-08-02 23:55:26",0.88185,1,revathiprakash
3073,16767626,"Jakub Kowalik","2026-08-24 20:17:04",0.88151,2,jkowalik
3074,16639618,"Klenn Dungaran","2026-08-04 05:57:20",0.88132,1,klekzee
3075,16648316,feng,"2026-08-10 14:54:18",0.88117,5,guofungwong
3076,16755728,"Eymen Akb","2026-08-23 09:30:33",0.88101,4,eymenakb
3077,16640454,PsayaP,"2026-08-23 09:03:42",0.88100,11,psayap
3078,16639495,KF,"2026-08-19 11:54:19",0.88093,2,kimurafumiya
3079,16641088,"Kirill Osherov","2026-08-03 12:14:11",0.88082,2,kirillosherov
3080,16686313,"Abid Allam","2026-08-15 13:27:55",0.88059,3,abidallam
3081,16770554,"Safak Atakan Celik","2026-08-28 19:23:14",0.88046,1,safakatakancelik
3082,16757569,"Sarang Balakrishnan","2026-08-29 04:05:41",0.88042,2,sarang027
3083,16714174,"Kalash's Kaggle","2026-08-16 15:12:29",0.88031,1,kalashskaggle
3084,16727288,"Rohit Rai1930","2026-08-16 18:42:52",0.87994,2,rohitrai1930
3085,16635582,"Amir Sohail","2026-08-10 05:19:43",0.87985,8,amirsohail122
3086,16730062,"Olatide Bolaji","2026-08-27 21:19:56",0.87982,4,olatidebolaji
3087,16634293,LeoForReal,"2026-08-04 22:29:22",0.87965,5,leoforreal
3088,16739190,real_elevator,"2026-08-20 19:03:21",0.87941,4,realelevator
3089,16765751,"Ibrahim Amoo","2026-08-24 15:11:32",0.87936,1,ibrahimamoo
3090,16697542,v-krishna@25,"2026-08-13 11:49:28",0.87925,22,vkrishna25
3091,16734355,"Louis “Louis 732A”","2026-08-18 12:52:56",0.87923,7,louislouis732a
3092,16637393,"Arin Tripathi","2026-08-06 18:46:49",0.87909,1,arintripathi
3093,16686691,"Mahesh Bawane","2026-08-25 09:18:57",0.87899,1,maheshbawane073
3094,16741631,"Farhan Qadir","2026-08-25 16:22:01",0.87895,6,farhanmassan
3095,16678238,"Arjun S Karthikeyan","2026-08-10 02:37:14",0.87855,2,arjunskarthikeyan
3096,16716326,"MUHAMMAD ARSAL (TSHR)","2026-08-14 14:48:08",0.87830,1,muhammadarsaltshr
3097,16749064,"Ashok Gaire","2026-08-24 18:25:32",0.87804,1,ashokgaire
3098,16781086,"Santhosh Banoth","2026-08-29 18:58:22",0.87797,3,santhoshbanoth
3099,16790873,"Vallam Dinakar","2026-08-29 18:09:59",0.87793,2,vallamdinakar
3100,16748829,"James Hinshaw","2026-08-21 02:07:58",0.87783,2,jameshinshaw
3101,16646395,"Xander Zoom","2026-08-05 02:54:17",0.87763,3,xanderzoom
3102,16640519,Sushanth@1213791529,"2026-08-06 05:45:47",0.87759,1,sushanth1213791529
3103,16732411,"Ferhat Gönülveren","2026-08-18 12:40:51",0.87732,1,ferhatgnlveren
3104,16688356,"Keagan Wijaya","2026-08-08 05:54:55",0.87692,1,keagannn
3105,16658968,arman_3,"2026-08-17 10:47:28",0.87676,4,arman3
3106,16713212,DevashishSoni123,"2026-08-15 15:00:15",0.87659,4,devashishsoni123
3107,16761310,"[Mali12]Aboubacar Diarra","2026-08-23 07:59:24",0.87651,2,aboubacardiarra1810
3108,16692394,"ROBLOX SCHOOL","2026-08-21 17:59:46",0.87638,1,robloxschool
3109,16716280,"Jedsadakorn Suma","2026-08-19 01:47:55",0.87595,1,jedsadakornsuma
3110,16702213,"Keerthana Govind","2026-08-11 15:27:13",0.87589,1,keerthanagovind
3111,16715485,"Shaurya Singh","2026-08-21 07:50:05",0.87587,6,justnshaurya
3112,16691110,mimatu,"2026-08-23 09:30:55",0.87586,3,mimatu
3113,16722959,FraChiere,"2026-08-15 08:27:27",0.87566,1,frachiere
3114,16634242,"Rohit Kumar","2026-08-10 06:13:03",0.87553,19,rohit4468
3115,16656865,Sreekar2828.,"2026-08-04 06:20:26",0.87542,1,sreekar2828
3116,16669840,"Prakash Patel","2026-08-28 23:15:26",0.87530,8,rakatel
3117,16772086,"Shah Anan","2026-08-07 10:12:40",0.87528,6,"anaanruti,hollowf4d9"
3118,16694576,"Ganesh S Sable","2026-08-27 07:15:44",0.87513,5,ganeshssable
3119,16660386,"Abhay Rao","2026-08-11 14:03:47",0.87502,14,abhayrao24
3120,16694594,Razgibator3004,"2026-08-09 12:24:20",0.87487,2,razgibator3004
3121,16709135,Paco88,"2026-08-13 05:37:20",0.87464,2,paco88
3122,16665075,"satvik hosagoudar","2026-08-05 06:59:11",0.87441,2,satvikhosagoudar
3123,16767914,"Rachit Das","2026-08-26 19:53:49",0.87441,12,exterminator11
3124,16711879,"Sparsh Vishwakarma","2026-08-19 11:44:07",0.87438,1,sparshvishwakarma
3125,16682682,ShauryaSaysHi,"2026-08-08 06:51:24",0.87406,2,shauryasayshi
3126,16740036,Рафаэль,"2026-08-18 23:36:09",0.87374,8,pozoyan
3127,16705651,"Akmal Azzam o'g'li","2026-08-11 07:05:54",0.87371,10,akmalmir
3128,16683878,"Anthony Erinfolami","2026-08-07 13:58:51",0.87330,1,anthonyerinfolami
3129,16709195,"gabriel buchhorn","2026-08-20 16:34:59",0.87286,1,gabrielbuchhorn
3130,16661354,"Bohdan Zvorskyy","2026-08-26 12:07:21",0.87274,1,bohdanzvorskyy
3131,16684108,Idymayou,"2026-08-10 13:38:57",0.87243,2,vadsul
3132,16775591,"Teodor Radosavljevic","2026-08-26 21:56:35",0.87240,3,teodorradosavljevic
3133,16638806,Zorgeee,"2026-08-01 18:02:50",0.87235,1,"forsmthnoithingtosay,zorgeee"
3134,16690546,"Nayan Pal","2026-08-09 08:10:45",0.87220,1,z4y4zz
3135,16652390,"Gor Mkhitaryan","2026-08-08 20:25:51",0.87219,2,gormkhitaryan
3136,16694715,"Михаил Пуртов","2026-08-09 13:14:58",0.87216,1,mishaaaaa665738u9
3137,16754075,"Dhruv Chakraborty","2026-08-22 06:10:29",0.87185,1,dhruv07321
3138,16652785,"Philippe Coulombe","2026-08-18 14:31:39",0.87161,1,philippecoulombe
3139,16654829,"Vijay Ola","2026-08-10 18:11:37",0.87153,5,vijayola
3140,16727285,"Deep Thought","2026-08-16 04:55:40",0.87146,1,deepakjnath
3141,16653275,"Prof. Dr. Jefferson T.","2026-08-03 15:39:35",0.87143,1,profdrjeffersont
3142,16652655,"Kuldeep Sadhu","2026-08-07 17:47:51",0.87140,2,sadhukuldeep
3143,16688002,"Heath Dingus","2026-08-17 23:54:19",0.87121,8,heathdingus
3144,16696511,"Mohit Boura","2026-08-18 06:20:50",0.87119,1,"mohitboura,shraddhabisht4821,unnatibisht"
3145,16765801,eunobi,"2026-08-27 15:14:41",0.87067,4,eunikeobidient
3146,16748118,"Manuhash ","2026-08-24 18:15:22",0.87046,1,manuhash
3147,16713433,coredumpdev,"2026-08-13 10:01:04",0.87025,2,coredumpdev
3148,16725704,dorikado,"2026-08-16 18:59:41",0.87001,1,dorikado
3149,16782163,"Natarajan Gautam","2026-08-28 21:20:32",0.86988,4,gamtamu
3150,16743323,"Lesole Polilane","2026-08-24 14:23:20",0.86981,1,lesolepolilane
3151,16757660,_yii4e3,"2026-08-22 11:10:50",0.86967,1,yii4e3
3152,16719803,"Abdul Rafay Rizwan","2026-08-29 04:56:36",0.86961,9,abdulrafay2525
3153,16690229,SkanX7,"2026-08-08 16:20:05",0.86924,2,skanx7
3154,16772358,Chinta,"2026-08-28 19:56:28",0.86901,4,chintaybr
3155,16707018,RyanCarlisle1204,"2026-08-12 05:36:12",0.86880,1,ryancarlisle1204
3156,16667963,Jimhsu07,"2026-08-06 13:53:26",0.86879,3,jimhsu07
3157,16741029,Yashika202006,"2026-08-30 06:57:35",0.86871,4,yashika202006
3158,16772876,"Wai Mai Lydia Tsang","2026-08-28 16:03:04",0.86857,4,waimailydiatsang
3159,16740270,"Sleem Hashem","2026-08-21 22:16:34",0.86845,1,sleemhashem
3160,16708544,MCXGenesis,"2026-08-11 23:56:14",0.86816,8,naufalmaulanabil
3161,16783307,RayHuang,"2026-08-29 03:14:08",0.86778,1,rayhuang0124
3162,16649063,"Musa Aleksanyan","2026-08-03 08:30:56",0.86741,10,musaaleksanyan
3163,16717519,"biswajit giri","2026-08-30 04:33:30",0.86688,2,biswajit69panda
3164,16792707,"Aisha Sinha1","2026-08-30 09:49:52",0.86654,1,aishasinha1
3165,16694595,"Елизавета ","2026-08-09 12:31:58",0.86526,5,elizaveta26
3166,16699725,As_a_freebyrd,"2026-08-10 09:40:47",0.86471,1,asafreebyrd
3167,16641596,"Jesuthas Ramsika","2026-08-05 13:55:35",0.86390,1,jesuthasramsika
3168,16782674,"Fish Hsu","2026-08-28 08:57:50",0.86370,1,fishhsu
3169,16635045,"Anshu Tyagi","2026-08-01 08:50:13",0.86317,1,tyagianshu01
3170,16763177,"Magnus Valter Kaljuste","2026-08-23 18:40:03",0.86277,4,kiirois
3171,16749261,jojotaro,"2026-08-21 14:25:08",0.86266,3,ohisamataro
3172,16702021,"shaivya shankar","2026-08-10 17:20:39",0.86248,1,shaivyashankar12
3173,16664071,"Goutam vg Ghanti","2026-08-05 02:15:35",0.86242,1,goutamvgghanti
3174,16758187,"Giovanni Valentini","2026-08-25 14:01:01",0.86194,2,gvalentini
3175,16634496,"Süleyman Yılmaz","2026-08-25 13:05:28",0.86181,4,slymnylmz
3176,16634728,"Abubakar Magomedov","2026-08-01 06:24:21",0.86178,1,magomedovabubakarz
3177,16716422,"INGALE ARAV RAMDAS","2026-08-23 11:40:18",0.86136,3,ingalearavramdas
3178,16710718,SahilVortex,"2026-08-21 11:56:30",0.86075,1,sahilvortex
3179,16668722,"Hamza sajid","2026-08-06 17:32:44",0.86072,2,anonymusserver
3180,16745658,"Arati Sankpal","2026-08-30 07:50:50",0.85957,2,aratisankpal
3181,16792690,ARCHANAKUMARI_RAM,"2026-08-30 09:49:44",0.85957,2,archanakumariram
3182,16722982,"Yash Vasudeva","2026-08-14 18:24:14",0.85940,1,yashvasudeva
3183,16698973,Vijayakumar2007@,"2026-08-28 06:11:00",0.85885,1,vijayakumar2007
3184,16781270,"Andrew Edmonds","2026-08-27 22:54:23",0.85868,1,aedmonds11
3185,16791305,"Vivaan Khatri","2026-08-29 21:52:30",0.85832,1,vivaankhatri
3186,16765089,Vinay@61,"2026-08-28 03:34:53",0.85832,1,vinay61
3187,16651560,BirdBird,"2026-08-08 06:49:16",0.85795,8,jiayuanfoo
3188,16664216,"Siwar Ehwass","2026-08-05 04:28:36",0.85786,1,siwarehwass
3189,16658271,"Anvita S Reddy","2026-08-08 07:40:12",0.85786,2,anvitasreddy
3190,16770624,sc0v0ne,"2026-08-27 19:07:08",0.85719,2,sc0v1n0
3191,16698645,"Chaturya Vardhan","2026-08-11 10:22:29",0.85605,1,chaturyavardhan
3192,16766409,"First name Second name","2026-08-29 01:47:08",0.85579,21,bredonmwangi
3193,16668467,"Viswanath Anand","2026-08-06 03:45:55",0.85538,2,viswanathanand2005
3194,16651193,"Hamik Manukyan","2026-08-03 09:27:42",0.85209,1,hamikmanukyan
3195,16660946,"Mina Niazizadeh","2026-08-04 20:01:09",0.85138,1,mina8888
3196,16711770,SpongeBob,"2026-08-12 10:35:12",0.85122,5,dakshagarwalch24b050
3197,16661738,"Yadav Chandan","2026-08-23 09:51:40",0.84959,5,yadav98788
3198,16651204,"Vahagn Avanesyan","2026-08-03 09:31:01",0.84881,1,vahagnavanesyan
3199,16675013,夜幻冰锋,"2026-08-07 10:04:23",0.84821,2,yhbfff
3200,16728542,"Mouad AOUS","2026-08-18 16:22:12",0.84529,2,mouadaous
3201,16759595,"ashwani balyan","2026-08-24 16:19:56",0.84510,6,ashwanibalyan
3202,16762720,"Trần Đức Bảo","2026-08-24 10:39:58",0.84353,2,baobot26
3203,16711588,"Vivek Kapri","2026-08-16 15:00:22",0.84271,2,vivekkapri
3204,16712251,"Huseyn Akhmedov","2026-08-14 13:39:02",0.84134,1,huseynakhmedov
3205,16747483,"Ritu Bhardwaj","2026-08-20 10:43:46",0.84071,1,ritubhardwaj19
3206,16747801,"Davin LeClair","2026-08-25 17:01:47",0.84018,1,davinleclair
3207,16634962,Learn_By_Doing,"2026-08-30 02:43:44",0.83967,4,pratik2901
3208,16774215,MinhHien18,"2026-08-27 09:59:38",0.83830,1,minhhien18
3209,16712657,ckaushik,"2026-08-13 10:27:51",0.83822,1,ckaushik
3210,16656818,"UMITH KEERTHISINGHA","2026-08-04 07:00:50",0.83750,2,umithkeerthisingha02
3211,16754520,yyyyyy1122,"2026-08-21 23:57:25",0.83717,1,yyyyyy1122
3212,16746183,"SALONI VERMA","2026-08-26 12:29:34",0.83697,1,saloniv22
3213,16729249,"Ojas padhye","2026-08-19 09:11:34",0.83690,4,ojaspadhye
3214,16774693,"Raja Priyan","2026-08-26 13:24:23",0.83636,1,rajapriyan129
3215,16765864,ThomasAIST,"2026-08-25 17:05:32",0.83635,4,thomasaist
3216,16765167,"Adisha Farooq","2026-08-25 06:30:37",0.83609,1,adishafarooq
3217,16735301,"Harshada Thorat 129","2026-08-18 04:27:02",0.83603,2,harshadathorat129
3218,16657863,"Sora Ohtani","2026-08-15 05:19:32",0.83565,2,soraohtani
3219,16750077,SnakenSnake,"2026-08-20 18:26:21",0.83518,2,michael1horse
3220,16743176,"Vinitha Raj","2026-08-25 18:38:40",0.83475,11,vinurajesh
3221,16684953,ZhaoSX,"2026-08-10 04:35:02",0.83425,1,zsx0802
3222,16761733,"Fazil Shammi","2026-08-24 14:02:08",0.83424,1,fazilshammi
3223,16636031,"lakshit kothari","2026-08-22 13:36:18",0.83375,1,smartplayer
3224,16698557,"Mohamadou Nouroud-dine","2026-08-12 02:59:06",0.83310,5,mohamadounourouddine
3225,16700877,"Zain Hamza","2026-08-12 04:49:50",0.83286,1,zainhamza56
3226,16746397,Ridhima,"2026-08-27 09:41:22",0.83278,2,ridhima2512
3227,16645473,"Paras Gaur","2026-08-09 13:57:31",0.83217,2,animeguylrn
3228,16782604,"sichen fu","2026-08-28 03:57:39",0.83182,1,sichenfu
3229,16642608,"Sudarshika ","2026-08-03 10:11:45",0.83163,1,sudarshika
3230,16649910,"Ahmet Yavuzkanat","2026-08-05 11:18:48",0.83162,9,ahmetyavuzkanat
3231,16677474,"Calum Milloy","2026-08-25 20:37:17",0.82943,1,calummilloy
3232,16698636,kelly0913,"2026-08-10 06:59:32",0.82931,1,kelly0913
3233,16683483,MLCoder90,"2026-08-07 12:34:26",0.82918,2,mlcoder90
3234,16786562,"Mehul Jivani","2026-08-30 06:57:35",0.82882,2,mehuljivani
3235,16750557,"Toàn ","2026-08-24 03:06:33",0.82882,4,tonnguyenbao
3236,16792642,"Bảo Dương (Crinkk)","2026-08-30 10:32:27",0.82850,10,crinkk
3237,16746234,"Shibu kumar1","2026-08-24 06:05:13",0.82599,1,shibukumar1
3238,16652296,LeoLuo,"2026-08-27 06:07:22",0.82386,2,leoluo806
3239,16732405,"Arjun Dixit","2026-08-26 06:40:06",0.82301,1,arjundix
3240,16721949,"V Ambrish kumar","2026-08-14 13:47:06",0.82268,1,vambrishkumar
3241,16774053,"Mahabub Hasan Mamun","2026-08-26 19:34:37",0.82265,1,mahabub001cs
3242,16644440,PhoenixAStar,"2026-08-04 22:06:21",0.82176,2,phoenixastar
3243,16654226,Pablo,"2026-08-06 16:36:38",0.81697,1,juanrojasb
3244,16698774,"Gauttam Jangir","2026-08-25 12:43:54",0.81172,2,gauttamjangir
3245,16749297,Rahulrockstarrr,"2026-08-21 04:43:03",0.80972,3,rahulrockstarrr
3246,16700331,"Harshal Nalin Patel","2026-08-14 08:56:00",0.80925,5,harshalnalinpatel
3247,16662466,"Luke Pipkin","2026-08-04 17:32:09",0.80780,2,lukepipkin
3248,16634625,coolngr8,"2026-08-01 18:20:53",0.80680,6,coolngr8
3249,16743877,node_king,"2026-08-19 18:06:12",0.80548,1,nodeking
3250,16790090,"Nagendra Gouda 125","2026-08-29 12:23:31",0.80204,1,nagendragouda125
3251,16696617,"Abhishek Chauhan","2026-08-28 03:48:50",0.79951,1,abhi00o
3252,16723006,"Sakina Saif","2026-08-14 19:48:43",0.79840,1,sakinasaifit
3253,16665186,"Enow Orock","2026-08-27 14:43:08",0.79332,2,enoworock
3254,16662192,"Padamata Dhanush","2026-08-15 15:43:24",0.79282,1,padamatadhanush
3255,16760475,"Adebayo Obademi","2026-08-23 01:23:23",0.79270,2,adebayoobademi
3256,16724549,"Arnav Amrit","2026-08-28 04:00:47",0.79258,1,pseudochrome
3257,16742918,"Tan Jun Hong","2026-08-20 11:43:51",0.79255,2,ermine28
3258,16782666,M1nhPh4m,"2026-08-28 04:16:45",0.79253,1,m1nhph4m
3259,16687133,"Mayko Rodrigues Ribeiro da Costa","2026-08-23 22:21:38",0.79248,1,makrrc
3260,16716419,"MAGAR OMKAR VITHAL","2026-08-17 08:12:21",0.79247,1,magaromkarvithal
3261,16756670,"Anisha Maurya","2026-08-22 00:19:35",0.79222,2,anishamaurya
3262,16702069,Nmngup,"2026-08-10 16:02:44",0.79212,1,nmngup
3263,16670966,DannyDog1227,"2026-08-06 20:39:51",0.79168,1,dannydog1227
3264,16722669,"M kaif","2026-08-15 08:21:07",0.79028,1,kaif0222
3265,16706469,AnJaNa,"2026-08-12 09:27:56",0.78533,1,"anjanaaaaaaash,hrishita21"
3266,16725012,"Harvey Cox","2026-08-22 07:16:58",0.78389,1,harveycox
3267,16706492,"Lokesh Poudyal","2026-08-12 09:29:02",0.78319,1,lokeshpoudyal
3268,16706483,Amy,"2026-08-12 09:32:07",0.78309,1,"amandeep80,somyakhurana"
3269,16706470,Chhotu6969,"2026-08-12 09:34:48",0.78299,1,chhotu6969
3270,16706554,"alexandre kouakou","2026-08-12 09:29:27",0.78272,1,alexandrekouakou
3271,16705701,Coder_Anand,"2026-08-12 09:27:20",0.78269,1,coderanand
3272,16706490,"Adlite Mutambara","2026-08-12 09:29:24",0.78225,1,adlitemutambara
3273,16761699,"Archit Tyagi","2026-08-23 10:56:27",0.77889,1,architty108
3274,16634490,"Ujjwal Paul","2026-08-02 16:51:42",0.77793,2,ujjwalpaul2
3275,16773372,Tototttt,"2026-08-26 06:43:47",0.77603,4,tototttt
3276,16667554,"[Serbia] Andrija Nešić","2026-08-06 16:35:07",0.77269,1,serbiaandrijanei
3277,16722929,"Uday Prattap","2026-08-19 18:53:14",0.77268,3,udayprattap
3278,16713867,"magdy hassaan","2026-08-13 16:31:41",0.77250,2,magdy53
3279,16639413,Роман,"2026-08-01 23:34:41",0.76553,1,romanneromanov
3280,16706048,Gavinkeith,"2026-08-11 08:07:26",0.75595,1,gavinkeith666
3281,16749232,agarciabl,"2026-08-22 12:24:54",0.75301,8,albertogarcablas
3282,16715370,"Rohit kumar211987","2026-08-16 08:10:40",0.74745,3,rohitkumar211987
3283,16693393,"Karri Sai Krishna Naga Satish Reddy","2026-08-09 18:18:53",0.74252,4,karrinagasatishreddy
3284,16710904,"vatsal sharma32123","2026-08-12 12:08:57",0.74018,1,vatsalsharma32123
3285,16702505,"Onur KARASÜRMELİ","2026-08-14 11:34:17",0.73059,1,onurkarasurmeli
3286,16658306,VisiBalint,"2026-08-04 08:55:44",0.69496,1,visibalint
3287,16712414,HearVo1ce,"2026-08-23 06:01:14",0.62493,1,hearvo1ce
3288,16716992,"Hugo Browning","2026-08-20 11:53:43",0.61992,2,hugobrowning
3289,16792063,"NGUYEN LE NHAT THANH","2026-08-30 09:09:26",0.58149,2,nguyenlenhatthanh
3290,16634286,"Ethan Zhang","2026-08-25 11:30:15",0.57377,1,ethanzys
3291,16760130,"Alex Dong","2026-08-22 21:47:20",0.56192,3,digamos
3292,16748794,kaypto,"2026-08-23 17:11:47",0.52659,8,kaypto
3293,16703140,"Bijoy Kumar Paul","2026-08-19 07:00:00",0.50343,6,bijoykumarpaul
3294,16651121,"Hillary Mahura","2026-08-03 13:14:10",0.50237,1,hillarymahura
3295,16639180,Younus_Mohamed,"2026-08-01 20:11:54",0.50000,1,younusmohamed
3296,16661963,"mahmoud mohamed","2026-08-04 16:15:29",0.50000,1,mahmoudmohamed987
3297,16661684,"Mohammed Nemr","2026-08-04 16:19:29",0.50000,1,mohammednemr
3298,16662640,"Adolph Ramahabe","2026-08-04 18:14:52",0.50000,1,adolphramahabe
3299,16683612,"Sahir Maharaj","2026-08-29 19:54:35",0.50000,23,sahirmaharajj
3300,16687867,"Japman Singh","2026-08-09 14:50:42",0.50000,2,japman001
3301,16705209,"SOTA ARASHIDA","2026-08-11 02:35:32",0.50000,1,sotaarashida
3302,16715807,"Zaphyer Modal","2026-08-13 05:44:35",0.50000,1,qasminumber
3303,16682197,"Ayush Muley","2026-08-14 05:26:48",0.50000,1,ayushmuley
3304,16716438,"Amruta Vadar","2026-08-14 10:49:47",0.50000,1,amrutavadar
3305,16724184,YoshimasaAndo,"2026-08-15 04:07:37",0.50000,1,yoshimasaandou
3306,16727053,"je nap","2026-08-16 05:14:17",0.50000,1,johnenapoles
3307,16753973,"Arno Emeksuzyan","2026-08-21 11:44:52",0.50000,1,arnoemeksuzyan
3308,16765129,Kazuhiro_Yogo,"2026-08-24 07:22:08",0.50000,1,kazuhiroyogo
3309,16765806,"Maram Ali","2026-08-24 10:33:58",0.50000,2,msama01
3310,16773378,alpha0314alpha,"2026-08-26 05:40:17",0.50000,1,alpha0314alpha
3311,16772518,FTB,"2026-08-26 08:29:45",0.50000,1,berkery
3312,16786131,kaptaan45,"2026-08-29 01:31:32",0.50000,1,kaptaan45
3313,16756954,Silentpartnr,"2026-08-29 07:40:07",0.50000,1,silentpartnr
3314,16784039,"Luthfi Hanif","2026-08-29 11:22:05",0.50000,1,lhanif
3315,16775683,aasimar88,"2026-08-29 15:54:41",0.50000,1,aasimar88
3316,16792797,Llll00077,"2026-08-30 10:36:37",0.50000,1,llll00077
3317,16639309,vardkag,"2026-08-09 17:50:44",0.49223,1,vardkag
3318,16730379,Elliana02,"2026-08-25 17:51:03",0.06028,1,elliana02
3319,16643523,NikitOK24,"2026-08-17 14:26:56",0.04358,1,nikitok24
3320,16640999,SANTOS,"2026-08-04 17:00:20",0.03882,1,sandocorp23santos
