Rank,TeamId,TeamName,LastSubmissionDate,Score,SubmissionCount,TeamMemberUserNames
1,16724329,"Chris Deotte","2026-08-30 23:14:31",0.97207,90,cdeotte
2,16698321,"Changye Li","2026-08-30 12:49:14",0.97154,55,antoinegg1
3,16633740,MILANFX,"2026-08-31 23:53:41",0.97149,68,milanfx
4,16633764,cstdy,"2026-08-31 18:40:51",0.97147,132,kirill0212
5,16635530,Miłosz,"2026-08-31 22:13:48",0.97146,34,miloszkrzeminski
6,16639426,Keanan,"2026-08-31 22:33:20",0.97139,34,citerne
7,16705653,JungHwan,"2026-08-31 21:22:02",0.97138,199,najunghwan
8,16633767,"Don Mani","2026-08-31 16:00:50",0.97137,173,donmarch14
9,16734934,BOB,"2026-08-31 05:57:24",0.97137,123,hotpotbro
10,16636196,"Maher el Ouahabi","2026-08-31 00:24:42",0.97137,126,maherelouahabi
11,16757608,"Eduardo Molina","2026-08-31 18:28:06",0.97136,52,eduardomolinaai
12,16687243,Utkarsh,"2026-08-29 21:20:01",0.97136,121,n0va007
13,16634252,"Taemyung Heo","2026-08-31 16:37:50",0.97135,28,tmheo74
14,16633796,Optimistix,"2026-08-30 23:58:43",0.97135,214,optimistix
15,16748912,Can,"2026-08-30 00:06:02",0.97135,53,canentay
16,16728887,"Andrey Shpigar","2026-08-31 15:13:19",0.97135,79,andreyshpigar
17,16654846,"Emile Andrieu","2026-08-29 20:31:44",0.97133,21,emileandrieu
18,16633766,"Ravi Ramakrishnan","2026-08-31 18:39:09",0.97133,96,ravi20076
19,16769386,"Hai Dang","2026-08-29 06:19:44",0.97133,31,haidang2405
20,16763750,"Subramanya N","2026-08-30 11:46:24",0.97132,41,subramanya1997
21,16648936,r0tor,"2026-08-31 14:26:30",0.97132,114,nikita7364777
22,16736438,sime_saba,"2026-08-29 16:02:11",0.97131,34,watarukawashima
23,16777418,"Sean Pinkney","2026-08-31 14:23:57",0.97131,38,oneiroi
24,16710470,"Charles Backman on LinkedIn","2026-08-31 04:08:15",0.97131,39,charlesbackman
25,16723692,"Christoffer Thimsen","2026-08-31 22:01:10",0.97131,19,lowasitgoes
26,16767572,"Arka Ariya","2026-08-31 22:32:12",0.97131,45,arkaariya
27,16685415,yukiZ,"2026-08-31 14:40:53",0.97131,118,hideyukizushi
28,16666907,"Kota Fuchiwaki","2026-08-31 01:27:45",0.97131,25,kotafuchiwaki
29,16786408,"Colin Ma","2026-08-31 22:20:56",0.97131,9,colinm5
30,16692228,CazyUndee,"2026-08-31 20:37:57",0.97131,20,crazybro
31,16789930,EvilHero,"2026-08-31 00:09:08",0.97131,30,evilhero
32,16689162,"Zeyou Zhang","2026-08-30 08:08:04",0.97131,75,zeyouzhang
33,16634788,"Mikhail Naumov","2026-08-31 10:04:08",0.97130,159,mikhailnaumov
34,16798081,"Bo Sun","2026-08-31 21:50:17",0.97130,10,dermcortex
35,16760786,yuxuan,"2026-08-31 05:34:17",0.97130,47,yuxuan1221
36,16691149,BostonKaggle,"2026-08-31 03:57:53",0.97130,33,"isthereanycode,lynnkim0"
37,16724181,"PS-S6E8 Codex Blender","2026-08-31 18:42:54",0.97130,152,"aditya2909rb,duyguabbasoglu,jazivxt"
38,16670739,XAVI,"2026-08-31 05:19:27",0.97130,57,xx1263
39,16751356,"Wenbo Qin","2026-08-31 07:45:31",0.97130,73,"lilei577,wenboqin"
40,16786355,Mr.Frundles,"2026-08-31 03:38:39",0.97130,20,watehell
41,16776994,s0673468,"2026-08-31 17:21:05",0.97130,28,s0673468
42,16779468,"Gowtham #2","2026-08-31 18:50:21",0.97130,7,gowtham66866
43,16721433,"Asterios Terzis","2026-08-31 15:08:58",0.97130,59,asteriosterzis
44,16753827,luofeng19970209,"2026-08-31 14:51:26",0.97130,25,luofeng19970209
45,16793390,"Tariku Mehdi","2026-08-31 16:13:09",0.97130,6,tarikumehdi
46,16675946,thisray,"2026-08-31 12:32:38",0.97130,62,thisray
47,16793793,"Ulugbek Salohiddinov","2026-08-31 22:54:55",0.97130,10,ulugbeksalohiddinov
48,16650327,Mohit,"2026-08-31 19:28:46",0.97130,1,mohit78241
49,16716266,HuiJuan.Yu,"2026-08-30 08:32:07",0.97130,125,chuyuni
50,16634334,"Arko Bera","2026-08-31 19:34:06",0.97130,23,cartoonistbeard
51,16635847,F.A.Nina,"2026-08-31 10:54:48",0.97130,58,nina2025
52,16724508,"Jordi Corbilla","2026-08-31 19:30:37",0.97130,26,jordicorbilla
53,16649456,MomotokD,"2026-08-31 07:37:19",0.97130,13,momotokd
54,16637991,StephenNedumpally,"2026-08-31 17:37:42",0.97130,28,stephennedumpally
55,16690544,"Abdussamad Usman","2026-08-30 17:39:44",0.97130,14,abdussamadusman
56,16659376,ASHML,"2026-08-31 19:04:48",0.97130,12,ashml
57,16723987,Tanvi,"2026-08-31 22:25:29",0.97130,14,tanvicaaa
58,16722761,Musliadi,"2026-08-31 06:07:33",0.97130,12,timscientia
59,16757038,"Hanxiang Li","2026-08-29 20:22:06",0.97130,3,hanxiangjames
60,16692183,"Xu Suyi","2026-08-31 07:59:17",0.97130,14,xuyuhaosuyi
61,16717529,Leqi.Xie,"2026-08-30 15:07:19",0.97130,21,"jackson818,leqixie"
62,16635752,"Jeki Wan Taufik","2026-08-30 15:16:23",0.97130,20,jek1wantaufik
63,16702634,MJVinay,"2026-08-30 18:40:57",0.97130,20,mallajayanthvinay
64,16760174,"Ahmed Malik","2026-08-31 02:50:03",0.97130,39,ahmeduor25
65,16652726,"Vladimir Demidov","2026-08-30 20:50:47",0.97130,28,yekenot
66,16633716,"M.N. Mohamed Aman","2026-08-31 23:06:52",0.97130,13,mnmohamedaman
67,16633933,kglctf,"2026-08-31 09:30:51",0.97130,308,kglctf
68,16643106,"Gaurav Kokila","2026-08-31 13:53:08",0.97130,12,gauravkokila
69,16644580,Chloe,"2026-08-31 04:03:15",0.97130,11,baytree1238
70,16634362,"Ilya Sevastyanov","2026-08-31 05:09:30",0.97130,31,sev1lya
71,16771209,Vanshika,"2026-08-31 05:19:49",0.97130,4,crystalbaby
72,16712501,"Kunal Desale","2026-08-31 05:51:32",0.97130,12,kunaldesale2408
73,16641245,"Raunak Dey","2026-08-31 06:03:58",0.97130,3,raunakdey07
74,16699264,camurberkayy,"2026-08-31 13:39:49",0.97130,8,camurberkayy
75,16771610,"Elvern Neylmav Tanny","2026-08-31 14:47:51",0.97130,27,elvernneylmavtanny
76,16635042,prashant75,"2026-08-31 09:01:26",0.97130,5,prashant75
77,16795890,"Hemnath D","2026-08-31 09:23:35",0.97130,1,hemnathd12
78,16635971,"Code by Nadiia","2026-08-31 10:05:28",0.97130,34,codebynadiia
79,16634754,"Ritanshu Prasad","2026-08-31 11:03:04",0.97130,3,ritanshuprasad
80,16743534,Chiranjeev,"2026-08-31 14:24:19",0.97130,58,abhirajhiwale
81,16756871,"mr Good","2026-08-31 13:52:34",0.97130,3,mrgood2005
82,16636199,xiaoyang66,"2026-08-31 11:35:53",0.97130,6,kennethhao8
83,16774234,"Ömer Faruk Yüce","2026-08-31 11:53:56",0.97130,5,merfarukyce
84,16714137,"Aqib Raza","2026-08-31 13:09:22",0.97130,8,aqibrazadev
85,16735507,"HBoyang ","2026-08-31 12:54:49",0.97130,25,hboyang
86,16783105,"Anushka Kumari","2026-08-31 13:03:18",0.97130,1,kumarianushka02
87,16633957,YUYA,"2026-08-31 13:54:14",0.97130,14,yuyaizumikawa
88,16633759,"Lakhindar Pal","2026-08-31 13:24:40",0.97130,2,lakhindarpal
89,16677180,"Akhilesh godugu","2026-08-31 14:34:27",0.97130,25,akhileshgodugu
90,16643058,GodofThunder2407,"2026-08-31 15:43:48",0.97130,8,godofthunder2407
91,16665633,"Charismatic Pizza Party🍕","2026-08-31 16:57:22",0.97130,7,debugendless
92,16639739,Geegoogaagaa,"2026-08-31 17:08:54",0.97130,8,"aarthiarulprakash,ishavenkataraman1606,jananess"
93,16634721,"Md Abdul Al Hasib","2026-08-31 17:52:47",0.97130,17,mdabdulalhasib
94,16693814,"rupsa roy","2026-08-31 18:02:58",0.97130,15,rupsarroy
95,16797872,"Samyakraj Bayar","2026-08-31 18:20:43",0.97130,7,samyakrajbayar
96,16635471,"navazsh fathi","2026-08-31 19:29:42",0.97130,14,navazshfathi
97,16749659,"Anurag Roy","2026-08-31 19:30:49",0.97130,1,binarybeast880
98,16738206,"Atakan Aldemir","2026-08-31 20:35:03",0.97130,25,atakanaldemir
99,16662485,Lonnie,"2026-08-31 21:00:40",0.97130,15,lonnieqin
100,16791638,"Arjun Madaan","2026-08-31 23:33:57",0.97130,1,juniam
101,16634926,"Szymon Kłapiński","2026-08-28 11:21:05",0.97130,56,szymonkapiski
102,16797118,DhanaLakshmiMalla,"2026-08-31 15:39:29",0.97130,6,dhanalakshmimalla
103,16790881,woldy,"2026-08-29 22:01:18",0.97130,7,woldywei
104,16752453,scikit-learn,"2026-08-27 07:02:34",0.97129,14,scikitlearning
105,16783953,"Phantom F5","2026-08-30 04:19:53",0.97129,23,phantomf5
106,16779684,"Adnan Zaman","2026-08-28 12:25:37",0.97129,14,adnanzamanniloy
107,16726849,"sissoko cheick","2026-08-31 16:56:50",0.97129,33,sissokocheick
108,16760599,UnRealYoussef,"2026-08-31 20:53:41",0.97129,42,youssefsalemishere
109,16782893,Velociraptor_N,"2026-08-29 04:07:36",0.97129,20,velociraptorn
110,16702366,william950615,"2026-08-30 01:28:49",0.97129,135,"jenytsian,william950615"
111,16662979,"Shashwat Bajpai","2026-08-31 17:53:26",0.97129,190,shashwat1729
112,16762966,"Abhi Pokhrel","2026-08-31 14:30:16",0.97129,44,slangitup
113,16670179,DataRegressor,"2026-08-26 20:11:44",0.97129,25,azzamradman
114,16778508,"Sridip Basu","2026-08-28 12:00:03",0.97129,13,sridipbasu
115,16639212,"Maria Startseva","2026-08-31 23:47:18",0.97129,275,untouchableforest
116,16764789,GUGUGAGA,"2026-08-31 07:51:46",0.97129,29,"ruiyangzhang23,taoguo079"
117,16780847,Yassinovich,"2026-08-30 16:40:44",0.97129,34,yassinovich
118,16663141,"Julia Kolesnyk","2026-08-31 20:38:28",0.97129,16,juliakolesnyk
119,16785894,"Mohamed Yassine Aouidet","2026-08-30 22:13:24",0.97129,22,yasinovich
120,16773302,antadam127,"2026-08-31 00:47:43",0.97129,21,antadam127
121,16652751,Mrsalty,"2026-08-29 11:02:26",0.97129,4,mrsaltyx
122,16665659,"Yusuke Hayashi","2026-08-31 15:45:20",0.97129,21,yhay81
123,16638558,"Ripon C. Malo","2026-08-28 23:14:58",0.97129,3,riponce
124,16785938,"Ghofrane Ben Hassan","2026-08-30 11:09:08",0.97129,16,ghofranebenhassen
125,16774581,Ajanraj,"2026-08-31 23:08:46",0.97129,12,ajanraj25
126,16761407,ZEEli,"2026-08-30 08:53:14",0.97129,12,jzexiong
127,16770471,"Success Oduduru","2026-08-29 20:52:15",0.97129,7,successoduduru
128,16635700,"Mirza Yasir Abdullah Baig","2026-08-31 02:12:44",0.97129,7,myab07
129,16634902,Kudos_07,"2026-08-31 19:08:06",0.97129,29,saranshsurana07
130,16748098,JasonL,"2026-08-25 22:06:37",0.97129,21,jasonling95
131,16742246,sssskilo,"2026-08-28 09:08:56",0.97129,23,wellkilo
132,16709091,"Juan Vazquez","2026-08-31 23:27:31",0.97129,32,ysjuan
133,16633811,Naji,"2026-08-31 23:44:30",0.97129,247,"najiama,nathaliach"
134,16756534,"Raman Singh","2026-08-30 12:01:14",0.97129,19,ramansingh1108
135,16661937,"Omar Morsi 2004","2026-08-28 21:58:41",0.97129,62,omarmorsi2004
136,16694955,"Trust CV","2026-08-31 13:34:10",0.97129,25,ryosketchbook2007
137,16792522,Winter,"2026-08-31 12:39:50",0.97129,15,nobuwlnter
138,16644201,"Prinshu Dewangan","2026-08-30 12:23:37",0.97129,12,prinshudewangan
139,16633921,GUAM,"2026-08-31 00:43:07",0.97129,31,kmmmvs
140,16635630,AnthonyTherrien,"2026-08-31 10:56:05",0.97129,34,anthonytherrien
141,16759297,"PREM GAIKWAD","2026-08-28 05:06:09",0.97129,17,premgaikwad07
142,16681616,AJboos,"2026-08-29 00:20:33",0.97129,87,"ajboos,moyulyt"
143,16661627,"Sankalp Nagineni","2026-08-29 16:12:26",0.97129,9,sankalpnagineni
144,16700751,"Isle Bennett","2026-08-30 10:23:21",0.97129,13,islebennett
145,16690817,"Mohamed Saeed","2026-08-30 18:58:10",0.97129,6,m0sm71
146,16665313,"Reyhan Ksatria","2026-08-31 19:45:13",0.97129,3,reyhanksatria
147,16661938,"Muhammed Shad Bhati","2026-08-29 14:52:37",0.97129,11,bhatimohdshad
148,16797336,Aamod06,"2026-08-31 17:44:59",0.97129,2,aamod06
149,16642199,xxlcxsh,"2026-08-28 10:43:50",0.97129,22,aopsfapojfmvoiv
150,16738247,"Raef Guizani","2026-08-29 11:51:57",0.97129,34,raefguizani
151,16661205,"Nilav Kashyap","2026-08-29 12:57:18",0.97129,11,nilavkashyap
152,16662839,"Huzaifa Mankda","2026-08-30 03:27:41",0.97129,32,huzaifa242
153,16777246,"Al Fardin","2026-08-29 03:07:02",0.97128,15,alfardin09
154,16735527,DarkMatterNet,"2026-08-25 01:08:03",0.97128,7,darkmatternet
155,16775258,test_addicted,"2026-08-27 12:36:57",0.97128,11,michaelsemenoff
156,16738623,Corgi-Samoyed,"2026-08-27 14:36:22",0.97128,2,corgisamoyed
157,16668214,"Omkar Kadam","2026-08-26 14:12:40",0.97128,94,itzzomkar
158,16771446,"Satyajeet Kumar","2026-08-25 19:24:07",0.97128,3,m4rcuseryx
159,16768528,"Yassine Ben Zekri","2026-08-25 21:47:09",0.97128,2,yassinebenzekri
160,16642971,"Mathurin Ache","2026-08-26 07:29:00",0.97128,9,mathurinache
161,16773354,"Keisuke Ishii","2026-08-26 07:35:12",0.97128,2,akikukeo1
162,16681574,Akhyar,"2026-08-26 08:24:35",0.97128,10,akhyar2612
163,16774256,"C R Suthikshn Kumar","2026-08-26 08:36:36",0.97128,1,crsuthikshnkumar
164,16634069,diorita,"2026-08-27 04:36:33",0.97128,1,diorita
165,16673703,"Lavanya Bacche","2026-08-31 20:55:46",0.97128,18,lavanyabacche
166,16665454,"Lance Lee66","2026-08-27 02:48:11",0.97128,59,lancelee66
167,16763673,"SeshuRaju 🧘‍♂️","2026-08-26 00:25:56",0.97128,19,seshurajup
168,16758962,"Dharmendra Chilhate","2026-08-25 07:36:05",0.97128,2,dharmendrachilhate
169,16735531,ajikajadeh,"2026-08-28 06:05:07",0.97128,17,ajikajadeh
170,16768967,"Asuu Dane","2026-08-27 02:36:11",0.97128,5,asuudane
171,16791665,"Tomohiko Ikeda","2026-08-31 01:26:45",0.97128,20,tomohikoikedajpn
172,16695622,"Deniz Eryılmaz","2026-08-30 07:08:13",0.97128,183,denizeryilmaz
173,16780087,"Edmond Kirsch","2026-08-28 07:01:31",0.97128,8,edmondkirsch
174,16655359,Vyas,"2026-08-27 04:41:46",0.97128,38,vyask21
175,16786187,"ma 127","2026-08-29 03:39:26",0.97128,2,ma1166mu
176,16773330,Shymohn,"2026-08-27 17:46:48",0.97128,14,shymohn
177,16762011,"Priyanshu Kumar","2026-08-31 12:52:33",0.97128,11,priyanshu956
178,16634178,Gigrise,"2026-08-31 22:10:51",0.97128,27,gigrais
179,16671894,Souvik_D_Biswas,"2026-08-25 05:47:04",0.97128,23,souvikdbiswas
180,16749277,"Roshan Roy","2026-08-31 15:03:01",0.97128,24,roshanroy333
181,16660925,Ace,"2026-08-31 09:33:41",0.97128,20,shikhageekachad
182,16755403,"Lissandra Kruse Fuganti","2026-08-31 15:05:52",0.97128,6,lissandrakruse
183,16729154,"Timofej Golobokov","2026-08-29 07:41:38",0.97128,80,"dymy1ry,felixcumarav"
184,16692300,"Krishanki ","2026-08-25 20:38:11",0.97128,7,krishanki
185,16772593,P3069,"2026-08-25 22:53:45",0.97128,1,pietrocol
186,16749792,"Sythat Sokmontrey","2026-08-26 05:05:48",0.97128,5,sythatsokmontrey
187,16705291,JT-DS-Agent,"2026-08-26 02:27:11",0.97128,19,"celi123,dawn0713"
188,16773533,"Abhishek Mahto","2026-08-26 06:28:23",0.97128,1,abhishek3115
189,16761850,"Hafid Idrissi","2026-08-27 20:51:05",0.97128,4,hafididrissi
190,16641560,really?,"2026-08-27 09:06:33",0.97128,10,udaken10
191,16644545,"Krizsó Gergely","2026-08-26 16:12:03",0.97128,14,lucifer19
192,16633723,"Pavlo Ivanin","2026-08-27 05:55:51",0.97128,14,pavloivanin
193,16778577,"yanzhen chen","2026-08-29 16:36:58",0.97128,7,yanzhenchen1001
194,16778948,Daiki,"2026-08-30 05:18:07",0.97128,8,dadamasa
195,16772832,"Highth wang","2026-08-28 08:27:12",0.97128,5,highthwang
196,16701569,SoraGinko,"2026-08-28 10:18:33",0.97128,16,terrywuu
197,16777637,"Tomas Almeida","2026-08-28 14:13:13",0.97128,10,tomasalmeida123
198,16685912,sonny_01,"2026-08-29 11:51:40",0.97128,9,sonnymupfuni01
199,16790619,"Debanshi Das","2026-08-29 19:28:47",0.97128,8,debanshidas
200,16791316,"AbdUlaziz Mohammed","2026-08-29 20:01:51",0.97128,1,i0nlyaziz
201,16773161,"Zhu Feiyang","2026-08-30 14:25:54",0.97128,4,fionazhu03
202,16793291,"Danil Arkhipov","2026-08-31 09:13:54",0.97128,8,aceloolrd
203,16758384,NEPTUNI,"2026-08-31 04:51:53",0.97128,37,anthonyheredia
204,16795206,"Gongping Shallowfield","2026-08-31 07:10:33",0.97128,2,gongpingshallowfield
205,16712170,"Rutang Patel","2026-08-31 10:37:56",0.97128,7,rutangpatel
206,16770027,"Milad Akbarivarmazyar","2026-08-31 21:46:50",0.97128,5,miladakbarivarmazyar
207,16771178,"Clark Kitchen","2026-08-31 23:45:47",0.97128,4,clarkkitchen
208,16660300,"Joe Young","2026-08-31 11:09:10",0.97128,34,jsphyg
209,16781282,UtkarshArya3725,"2026-08-30 20:42:03",0.97128,11,utkarsharya3725
210,16753952,"Alexey Kuznetsov","2026-08-28 09:54:26",0.97128,40,legtarrr
211,16777870,pinion05,"2026-08-30 11:15:09",0.97128,24,pinion05
212,16666361,miki,"2026-08-29 08:28:23",0.97128,81,miki2025lee
213,16757906,bestmark1,"2026-08-30 21:04:50",0.97128,5,bestmark1
214,16756340,"Arnav Goel","2026-08-29 05:46:49",0.97128,32,arnavgoel17
215,16767367,siamese_cat,"2026-08-30 07:14:35",0.97128,18,wittzard
216,16774922,JeedimetlaCharan213,"2026-08-31 07:09:30",0.97128,32,jeedimetlacharan213
217,16713518,asdfassdf,"2026-08-31 20:21:28",0.97128,1,asdfassdf
218,16730457,"Seungjun Lee","2026-08-28 16:30:21",0.97128,12,seungjunleeofficial
219,16774031,"Calpa Liu","2026-08-29 08:51:52",0.97128,31,hokyiuliu
220,16775649,renji_starfall,"2026-08-27 11:59:12",0.97128,12,degnonguidi
221,16779162,"Aadi Joshi","2026-08-28 06:30:44",0.97128,11,aadijoshi19
222,16684951,Leo,"2026-08-23 07:27:01",0.97128,27,nanaresudo
223,16764822,"Vaibhav Singh","2026-08-31 13:03:42",0.97128,3,"aman4563,vaibhavsingh00"
224,16740194,"Mehul Arora","2026-08-29 05:12:33",0.97128,29,mehularora023
225,16675325,"Laurent Pourchot","2026-08-30 16:42:49",0.97127,100,pourchot
226,16745181,"Juan David Villate","2026-08-29 13:25:17",0.97127,14,juandavidvillate
227,16749066,FENGYESHAN,"2026-08-31 02:29:45",0.97127,82,fengyeshan
228,16640278,"Jithun is scammer","2026-08-25 04:26:29",0.97127,25,"ivna98,psychocoderxd,warunimanike"
229,16670301,"Mathieu W","2026-08-24 15:39:00",0.97127,20,mathieuw
230,16633854,Pascal,"2026-08-26 00:36:54",0.97127,42,pascalledesma
231,16671202,"xi luo","2026-08-24 23:14:40",0.97127,10,xiluo00
232,16758184,FrankyFeng,"2026-08-25 02:58:22",0.97127,7,frankyfeng
233,16730900,noynkmr,"2026-08-25 05:38:34",0.97127,1,noynkmr
234,16637909,Seungyeon,"2026-08-25 06:35:36",0.97127,9,allie3103
235,16661958,"Abdelrahman Goda","2026-08-25 12:59:17",0.97127,10,abdelrahmangoda
236,16745639,CyberRacoon,"2026-08-28 08:39:29",0.97127,29,racoontw
237,16658913,Yan,"2026-08-30 13:46:01",0.97127,12,diskya
238,16662674,"Monesh Satheeswaran","2026-08-30 23:44:19",0.97127,4,moneshsatheeswaran
239,16724083,Cacinie,"2026-08-31 08:43:51",0.97127,17,cacinie
240,16769326,"Фёдор Алифанов","2026-08-25 05:49:06",0.97127,1,idontfuckingcarenow1
241,16761276,"Subodh Deogade","2026-08-31 05:14:37",0.97127,19,sometimessubodh
242,16640636,choqui62,"2026-08-30 06:15:03",0.97127,39,choqui62
243,16694520,KK_nut,"2026-08-24 03:20:32",0.97127,90,k0k0nut
244,16711205,johnsebin97,"2026-08-31 20:20:59",0.97127,25,johnsebin97
245,16783305,"SHUO WANG","2026-08-30 02:20:12",0.97127,14,shuowang928
246,16674317,"Ayaz Ahmed Kazi","2026-08-31 19:15:30",0.97127,38,ayazahmedkazi
247,16653480,delai50,"2026-08-29 09:17:17",0.97127,43,delai50
248,16686831,"Mohamed Youssef","2026-08-26 08:27:18",0.97127,22,mhmd1424
249,16710733,"Sujal Bist","2026-08-31 21:55:49",0.97127,33,sujalbist
250,16697683,AleNic,"2026-08-28 11:26:59",0.97126,10,alenic
251,16634934,"Aman Atar","2026-08-26 11:12:06",0.97126,99,amanatar
252,16766868,"Duc Trung Hoang","2026-08-27 08:39:23",0.97126,10,ductrunghoang
253,16681210,LeTuanM,"2026-08-31 23:30:05",0.97126,36,letuanm
254,16715580,khursani,"2026-08-29 20:23:53",0.97126,15,khursani8
255,16716310,"Igor Orlachev","2026-08-26 23:39:22",0.97126,8,igororlachev
256,16792569,Zcy,"2026-08-31 01:09:04",0.97126,11,laura831
257,16635606,S-as-H,"2026-08-31 05:40:27",0.97126,51,sasha1111
258,16771713,"Lâm Huy","2026-08-29 13:16:05",0.97125,10,lamhuy8904
259,16634822,Will,"2026-08-24 19:12:53",0.97125,35,wguesdon
260,16677329,"Arnie Jimenez","2026-08-25 18:35:15",0.97125,11,arniejimenez
261,16766474,"Saleh Ahmed Shafin","2026-08-24 17:26:36",0.97125,4,positivesas
262,16719244,Allan,"2026-08-31 23:51:08",0.97125,14,bayntuna
263,16713006,zengzhaohua,"2026-08-31 14:49:42",0.97125,11,zengzhaohua
264,16635296,"Maria Shatrova","2026-08-31 06:38:13",0.97125,39,mariashatrova
265,16728012,"Nishant Dhingra","2026-08-29 18:24:09",0.97125,31,nishantdhingra
266,16713466,"Seyit kaan Gunes","2026-08-31 11:16:05",0.97125,22,seyitkaangunes
267,16635276,hotaq,"2026-08-25 14:30:07",0.97125,6,chinnaphatkhun
268,16759183,lixiuqixiaoke,"2026-08-26 06:14:06",0.97125,43,lixiuqixiaoke
269,16708502,"Youssef Morsi 2007","2026-08-26 15:13:55",0.97125,23,youssefmorsi2007
270,16661931,LAdham,"2026-08-26 15:54:51",0.97125,22,ladham
271,16770962,"Tirth Dabhi","2026-08-31 14:07:04",0.97125,6,tirthdabhi16
272,16660447,Saynam,"2026-08-31 20:22:19",0.97125,23,saynam
273,16636861,"Shigeru Kondou","2026-08-29 02:09:46",0.97125,5,shigerukondou
274,16769222,kento2002,"2026-08-28 15:22:15",0.97125,9,kento2002
275,16636528,Mahog,"2026-08-31 06:52:20",0.97125,30,"funguscakehead,mahoganybuttstrings"
276,16780634,"Nguyễn Thế Minh Đức","2026-08-31 09:31:01",0.97125,13,"del=cc6ca72438e5623b,ngtmduc,nguynthminhc"
277,16721806,"Hongbin Guokaggle","2026-08-29 05:53:11",0.97124,15,hongbinguokaggle
278,16778423,Dino,"2026-08-28 03:13:05",0.97124,11,ngohongthai
279,16774724,"Dannya AbdulHadi","2026-08-31 05:25:56",0.97124,8,dannyaabdulhadi
280,16790069,"Fan Ziqian","2026-08-31 14:08:36",0.97124,16,fanziqian
281,16763757,mkai1981,"2026-08-25 20:07:45",0.97124,12,mkai1981
282,16739746,easonyanyan,"2026-08-29 21:53:55",0.97124,32,easonyanyan
283,16773813,w123,"2026-08-27 03:15:27",0.97124,6,w25747
284,16720046,"Bilal Shabbir1","2026-08-27 14:20:03",0.97124,27,bilalshabbir1
285,16685826,"Abdulatif Mahgoub","2026-08-23 11:36:05",0.97124,17,abdulatifmahgoub
286,16761224,Comet19,"2026-08-27 12:26:09",0.97124,8,comet19
287,16692221,zenlife711,"2026-08-29 18:16:55",0.97124,4,zenlife711
288,16718136,AdarshAleti,"2026-08-31 15:00:09",0.97124,41,adarsh1077
289,16708197,Celibistrial,"2026-08-28 11:06:37",0.97124,19,"ayaanmustafa,celibistrial"
290,16709324,"Hafida Belayd","2026-08-28 14:35:57",0.97124,7,hafidabelayd
291,16635564,"Rayk Kretzschmar","2026-08-25 11:53:14",0.97124,118,raykkretzschmar
292,16732010,yngd99,"2026-08-29 23:21:04",0.97123,3,yngd99
293,16654652,dragoshh1984,"2026-08-31 21:00:28",0.97123,18,dragoshh1984
294,16661946,"Abdo Elries","2026-08-26 15:29:31",0.97123,8,abdoelries
295,16661671,AbdelrahmanNagah,"2026-08-31 20:55:52",0.97123,56,abdelrahmannagah
296,16692209,NIklitaCheporev,"2026-08-31 10:36:08",0.97123,7,niklitacheporev
297,16754062,"Hemanth Raja Guttikonda","2026-08-30 21:53:09",0.97123,9,hemanthrajg
298,16781547,"Jimin Wang","2026-08-28 00:11:49",0.97123,2,jimmy987654
299,16792203,"Roalson Purple","2026-08-31 19:42:28",0.97123,12,roalsonpurple
300,16752964,"Julien Heiduk","2026-08-31 09:55:33",0.97123,31,zoupet
301,16642677,"fromage _","2026-08-24 06:26:53",0.97123,56,fromagesea
302,16691118,Alfred,"2026-08-24 21:07:12",0.97123,6,holleyalfred
303,16727342,"Md.Mahfujul Karim","2026-08-31 05:50:16",0.97122,46,mdmahfujulkarim
304,16722813,UglyDuck,"2026-08-31 22:59:21",0.97122,15,bykjeon
305,16726759,"Rabia Naz","2026-08-29 17:08:47",0.97122,11,rabianaz22
306,16791860,"Alexander Biller","2026-08-30 04:22:46",0.97122,10,alexandrbiller
307,16686117,"Laura Liepa","2026-08-31 19:57:46",0.97122,110,lauraliepa
308,16720073,KiKi,"2026-08-23 07:17:01",0.97122,11,kingkiller2164
309,16764695,Keito,"2026-08-24 16:00:43",0.97121,4,keitookamoto
310,16697355,VKAUL3,"2026-08-23 11:50:13",0.97121,23,vkaul3
311,16758450,3정훈,"2026-08-31 14:03:06",0.97121,14,az05192000gmailcom
312,16639403,"Dariush Afshar","2026-08-23 07:19:00",0.97121,35,dariushafshar
313,16759131,"Arkat Khassanov","2026-08-22 15:52:18",0.97121,5,arkatkhasanov
314,16753896,Andrew98,"2026-08-22 10:19:11",0.97121,7,vitem98
315,16741781,Peggy,"2026-08-26 04:48:16",0.97121,17,refrigerator21
316,16761273,taiseiu,"2026-08-23 11:59:35",0.97121,6,taiseiu
317,16695386,Fujinawa,"2026-08-25 21:24:58",0.97121,22,wasshoiwasshoi
318,16641327,Tilii,"2026-08-31 22:39:46",0.97121,208,tilii7
319,16716427,"Yanwen Wang","2026-08-31 13:33:27",0.97121,10,"yanwenwang921,zhouzhengyu118"
320,16785097,nicdeluc,"2026-08-30 07:13:53",0.97121,7,nicdeluc
321,16719950,Exposed,"2026-08-30 15:09:36",0.97120,18,erickeller2
322,16701481,"alexandre santo","2026-08-24 22:38:21",0.97120,50,alexandresanto
323,16720031,"Yusuf Murtaza","2026-08-23 13:58:17",0.97120,11,yusufmurtaza01
324,16717804,"Nicolò Alberti","2026-08-30 11:36:46",0.97120,20,nicolalberti
325,16690590,"Mitudru Dutta","2026-08-21 09:04:00",0.97120,27,mitudru
326,16713617,林木子吖,"2026-08-24 12:16:10",0.97120,12,linmuzi0108
327,16722347,"TANG BUDU 19SD195","2026-08-29 12:55:55",0.97120,19,tangbudu19sd195
328,16636289,"Sohail Khan","2026-08-30 13:05:27",0.97120,4,sohailkhanlml
329,16754813,"Wang H2O","2026-08-21 14:58:51",0.97120,9,wangh2o
330,16750090,"hang zhao666","2026-08-26 09:22:16",0.97120,12,hangzhao666
331,16701216,"Teddy Tennant","2026-08-31 12:37:26",0.97119,201,thtennant
332,16654670,"Victor Orihuel","2026-08-23 22:33:53",0.97119,22,victororihuel
333,16643749,"Shantanu Chopra","2026-08-31 22:51:33",0.97119,29,shanchp
334,16765736,yun_smart_cat,"2026-08-25 10:18:16",0.97119,4,yunsmartcat
335,16688244,"Matvey Morozov","2026-08-27 03:10:14",0.97119,7,matthewmoro
336,16726546,"Ezra Kho","2026-08-29 18:39:04",0.97119,16,ezrakho
337,16634532,"Nhật Quyên","2026-08-27 03:31:51",0.97119,10,nhtquyn
338,16759877,"Shreela Sapkota","2026-08-23 16:21:34",0.97119,8,shreelasapkota21
339,16750917,"Martin Delgado","2026-08-22 03:47:39",0.97118,14,martindelgado1302
340,16633714,"Masaya Kawamata","2026-08-31 23:55:54",0.97118,36,masayakawamata
341,16716979,"Mursal Gorchuyev","2026-08-18 07:45:34",0.97118,16,mursalgorchuyev
342,16725510,"Malhar Ujawane","2026-08-16 16:49:57",0.97118,18,justmalhar
343,16722422,mraz1006,"2026-08-20 09:28:52",0.97118,16,mraz1006
344,16633967,"Michael Y. Qiu","2026-08-30 01:45:20",0.97118,76,michaelqiu0606
345,16693333,Orig_lab,"2026-08-21 16:00:56",0.97117,43,chengxixixi
346,16745543,"Ye Guanzi","2026-08-20 10:57:33",0.97117,10,aaautomata
347,16759529,Cnyz,"2026-08-28 19:52:13",0.97117,17,canyklmaz
348,16752451,Shikhar_AII,"2026-08-21 19:18:35",0.97117,6,shikharaii
349,16748269,Nagipan74,"2026-08-22 08:08:29",0.97117,11,chikaimai
350,16740482,"yicong shen","2026-08-19 08:56:19",0.97117,10,ethanbird
351,16743779,stimmie,"2026-08-23 18:02:33",0.97117,15,stimmie
352,16725270,"Hem J V K","2026-08-20 02:28:41",0.97117,8,hemjvk14762
353,16725864,"MN Kaggler","2026-08-31 09:53:21",0.97117,11,mnkaggler
354,16782926,"Trung Nguyen Si","2026-08-28 06:47:24",0.97117,5,trungns
355,16739620,deepblue,"2026-08-18 18:58:33",0.97117,2,larjeck
356,16736938,"Raj Aryan Singh","2026-08-19 07:41:58",0.97117,7,kratos14raj
357,16660337,Algorex,"2026-08-19 16:29:33",0.97117,17,daniellebagaforomeer
358,16746363,"Harmain Mughal","2026-08-20 07:43:18",0.97117,10,harmainmughal11
359,16636972,"Владислав Мурник","2026-08-20 10:17:27",0.97117,28,adik23twhrs
360,16744176,"Ramrithik Chirra","2026-08-20 12:13:11",0.97117,8,ramrithikchirra
361,16736744,"Affriza Wildan Fauzan","2026-08-20 15:50:00",0.97117,1,affrizawildanfauzan
362,16749995,SagarGrv,"2026-08-24 18:04:57",0.97117,30,sagargurav019
363,16731327,aki,"2026-08-21 03:34:03",0.97117,18,cob12426
364,16729804,"Jules Charlier","2026-08-21 06:37:33",0.97117,45,julescharlier
365,16641452,AbdulRehman_AR,"2026-08-22 17:49:53",0.97117,1,abdulrehmanar
366,16720445,ValerieWL,"2026-08-23 08:28:11",0.97117,30,valeriewl
367,16642835,"Nikitas Rafael Nikitas","2026-08-27 21:26:56",0.97117,19,rafanikitas
368,16633729,Jerry,"2026-08-31 04:13:41",0.97117,13,jerry34
369,16729790,"ENG NAGAH","2026-08-31 20:55:39",0.97116,45,engnagah
370,16743158,curtisxi,"2026-08-23 00:05:44",0.97116,25,curtisxi
371,16634201,Ricky,"2026-08-31 18:58:05",0.97115,7,rickyds97
372,16717145,"Felipe Tamaki","2026-08-15 20:56:17",0.97115,29,"felipetamaki,matiagoldschmidt"
373,16728134,attentionIsAllYouNeed,"2026-08-18 14:45:05",0.97115,6,kavinthakurkm
374,16775421,"ship ship","2026-08-26 17:25:26",0.97115,3,shipship
375,16766284,Antigone_duckduck,"2026-08-24 12:27:10",0.97115,1,antigonexzh
376,16708103,tomo11111,"2026-08-20 13:08:58",0.97115,59,tomo11111
377,16692169,"Moaiz Baloch","2026-08-19 03:04:50",0.97115,39,moaizbaloch
378,16693954,chenshiyo,"2026-08-21 23:29:12",0.97114,8,chenshiyo
379,16756877,"Singaraj B","2026-08-22 12:57:48",0.97114,10,singarajb
380,16644338,AI4SG,"2026-08-24 01:16:50",0.97114,49,"emrehachasan,sercanyldrm,zeynepnazalbayrak"
381,16722776,"Hinal Mehra","2026-08-25 08:37:34",0.97114,17,hinalmehra
382,16712615,JM,"2026-08-25 12:40:28",0.97114,54,julianmukaj
383,16794558,"Radhakrishnan Guhan","2026-08-31 21:21:40",0.97114,10,rmsgrk
384,16716925,"Direc M","2026-08-17 04:24:30",0.97114,31,direcm
385,16729385,"Oleksandr Zalievskyi","2026-08-19 18:34:47",0.97114,22,sashaworker
386,16686068,Markus.JM,"2026-08-16 10:01:34",0.97114,17,maiernator
387,16741043,"Arya Shah","2026-08-19 11:25:01",0.97114,7,aryashah2k
388,16744166,"mathis Brugeaud123","2026-08-19 22:08:58",0.97114,4,mathisbrugeaud123
389,16732845,Nipah,"2026-08-18 03:35:56",0.97113,4,nipah1
390,16718370,"Sinh Nguyễn Đức","2026-08-23 17:33:07",0.97113,9,sinhnguync
391,16679085,"Maks Prinko","2026-08-31 23:37:12",0.97113,1,maksprinko
392,16635241,"Romone Dunlop","2026-08-23 06:47:37",0.97113,25,romonedunlop
393,16719998,"Karol Tang","2026-08-30 04:18:47",0.97113,21,karoltang
394,16637531,"Mengfei Li","2026-08-18 13:04:57",0.97113,22,meli19
395,16727950,"Sidharth Hulyalkar","2026-08-22 23:51:55",0.97113,7,sidharthhulyalkar21
396,16721680,"Kyle Goosen","2026-08-16 03:48:28",0.97113,6,kylegoosen
397,16718500,Achilov15,"2026-08-21 16:31:55",0.97113,26,achilov15
398,16698157,lytCNAORevision2018,"2026-08-16 13:08:27",0.97113,18,lytcnaorevision2018
399,16663338,"Bulşah Keçici","2026-08-31 08:55:11",0.97113,23,bulsahkecici
400,16706398,SonOfHector,"2026-08-31 09:03:22",0.97113,8,sonofhector
401,16640606,"Krasnov Daniil","2026-08-18 19:50:35",0.97113,34,daniilkrasnovvv
402,16657702,harsh@gurnani08,"2026-08-17 14:46:33",0.97113,12,harshgurnani08
403,16638363,"Aniket Abhishek Soni","2026-08-17 13:47:47",0.97113,2,aniketsoni
404,16683187,"Silvan Müller","2026-08-24 20:01:59",0.97113,10,silvanmller
405,16735699,"Hyun-woo Kim","2026-08-18 05:57:20",0.97113,1,hwkims
406,16679502,"Udit Jain","2026-08-18 06:58:09",0.97113,2,iamudit
407,16745883,"syouya tobita","2026-08-27 09:03:47",0.97113,12,syouyatobita
408,16756043,FucaiXie1209,"2026-08-22 01:06:05",0.97113,11,fucaixie1209
409,16757816,"Molly Kao","2026-08-23 08:27:40",0.97113,6,smallikao
410,16652182,"Yogesh Jadhav","2026-08-28 14:40:22",0.97113,151,dynamo14324
411,16763792,Meher,"2026-08-26 03:09:18",0.97113,6,mehergajula
412,16750016,"Vijay Takbhate","2026-08-31 02:37:18",0.97113,11,vijay20213
413,16656481,Kizabgd,"2026-08-30 03:54:06",0.97113,3,kiza123123
414,16791084,"The Great Alliance","2026-08-30 11:39:40",0.97113,4,sorcererbi
415,16748642,tyf_scu,"2026-08-22 01:18:28",0.97113,18,tyfscu
416,16711421,"Alexander Shahramanyan","2026-08-26 11:37:21",0.97113,8,alexshah
417,16636583,"Neel Dipesh shah","2026-08-21 22:47:36",0.97113,46,neeldipeshshah
418,16742539,"Meryem Sakin","2026-08-20 20:41:44",0.97113,12,meryemsakin
419,16714130,"Robert Cyiza","2026-08-21 18:02:14",0.97113,10,robertcyiza
420,16638898,Dnyanesh,"2026-08-25 15:43:23",0.97113,5,dnyaneshbharambe
421,16735543,"Troy Loeffler","2026-08-31 21:21:31",0.97113,16,troyloeffler
422,16730550,liyumeng_1122,"2026-08-17 14:01:49",0.97113,3,liyumeng1122
423,16727649,Punkharb,"2026-08-16 17:17:07",0.97113,1,punkharb
424,16736550,HemanthRaju311,"2026-08-21 06:47:43",0.97113,11,hemanthraju311
425,16719355,monnosuke,"2026-08-26 02:22:19",0.97113,35,shiomi1012
426,16707361,adamdavis99,"2026-08-28 18:51:00",0.97113,11,adamdavis99
427,16637997,Randynho,"2026-08-30 23:50:11",0.97113,12,randynho
428,16712591,Andrey01452,"2026-08-17 05:34:33",0.97113,11,andrey01452
429,16731474,momo,"2026-08-26 10:12:59",0.97113,14,fyenneyenn
430,16651559,"Tamerlan Omralinov","2026-08-19 07:27:06",0.97113,39,tamerlanomralinov
431,16745118,maronist,"2026-08-31 08:31:17",0.97113,2,emikonandate
432,16647397,"Smit Tiwary","2026-08-17 14:19:41",0.97113,34,smittiwary
433,16698046,"Vedran Hrabar","2026-08-31 16:52:34",0.97113,4,vhrabar
434,16712382,destroyer@123787,"2026-08-16 16:25:00",0.97113,8,destroyer123787
435,16652934,"Muhammad Ridwan","2026-08-21 13:42:54",0.97113,37,ridwansigma
436,16731783,"Syed Muhammad Ahmed Khalid","2026-08-18 08:01:45",0.97113,2,smak17
437,16692494,lazy,"2026-08-16 06:28:41",0.97113,4,rachitmangawa
438,16767540,"Shivansu soni","2026-08-25 05:12:31",0.97113,6,shivansusoni
439,16730456,seanliwenguan,"2026-08-21 10:17:15",0.97113,5,seanliwenguan
440,16639695,"Dmitrii K","2026-08-24 13:01:10",0.97113,4,spacesurfer
441,16700698,Suharyadi,"2026-08-17 03:35:00",0.97113,6,yadoy666
442,16760955,Ftps,"2026-08-23 08:34:48",0.97113,5,ftps15
443,16743468,"Syed Saad Hasan Emad","2026-08-21 15:26:03",0.97112,14,syedsaadhasanemad
444,16758296,yympong,"2026-08-22 12:28:03",0.97112,4,yympong
445,16712574,"LAN KEYNG","2026-08-20 09:34:55",0.97112,17,lankeyng
446,16726171,"Dingwen Kong","2026-08-21 05:39:38",0.97112,14,dingwenkong
447,16755496,dummynude,"2026-08-21 15:51:32",0.97112,10,dummynude
448,16709829,MKhlystun,"2026-08-19 21:24:27",0.97112,44,mkhlystun
449,16733906,acw511,"2026-08-19 00:08:19",0.97112,21,acw511
450,16753546,yw8837,"2026-08-21 10:18:14",0.97111,1,yw8837
451,16666051,CaptainNemo,"2026-08-31 20:43:42",0.97111,43,nemokaggler
452,16731281,"Nikash U ","2026-08-20 08:01:40",0.97111,7,nikashu
453,16701840,"Yunho Hwang","2026-08-30 00:31:15",0.97111,12,yunhohwang
454,16639430,"Oleksii Zhukov","2026-08-24 22:04:17",0.97110,17,zhukovoleksiy
455,16764309,Arulich,"2026-08-25 14:30:22",0.97110,1,arulich
456,16635027,midway2333,"2026-08-15 15:27:14",0.97110,19,blueszhao
457,16777431,"Kazuhiro Masuyama","2026-08-30 22:35:45",0.97109,11,kazuhiromasuyama
458,16633953,daoviet,"2026-08-30 02:34:07",0.97109,85,daoviet
459,16634736,"Georgy Mamarin","2026-08-18 05:04:11",0.97109,5,georgymamarin
460,16651096,magp,"2026-08-22 07:22:41",0.97109,47,wjdzxh
461,16683425,kuroneko,"2026-08-23 22:47:02",0.97109,3,kurorosuke
462,16660347,dangwok,"2026-08-16 21:48:32",0.97109,19,josephdongwookkim
463,16636394,FunnyBishop,"2026-08-09 11:05:02",0.97108,38,funnybishop
464,16666331,Amaranta,"2026-08-31 18:42:25",0.97108,232,ulyanovantonamaranta
465,16635358,"Raymond Yuen","2026-08-22 03:59:30",0.97108,34,laymond
466,16706543,"Talha Tursun","2026-08-30 12:16:32",0.97108,43,talhatursun
467,16763697,"Aryan Bhardwaj","2026-08-25 19:56:13",0.97108,11,panzerkampfwagen
468,16710182,"KeHao Liu","2026-08-14 04:57:30",0.97108,22,kehaoliu
469,16760192,Rakhansyah,"2026-08-29 08:39:53",0.97108,17,rakhansyah
470,16756916,Jingxiang,"2026-08-23 02:19:27",0.97107,12,jingxiango
471,16710548,"Russlan Ramdowar","2026-08-21 06:15:21",0.97107,5,russlan
472,16785908,"Maher Amara","2026-08-30 13:25:11",0.97107,2,maheramara
473,16641562,"Games Jadley","2026-08-13 17:23:10",0.97106,18,gamesjadley
474,16713316,"ADITYA RAJ","2026-08-26 01:28:36",0.97105,23,adityaraj0612
475,16721342,­taekholee,"2026-08-17 02:37:34",0.97105,15,taekholee88
476,16662115,"Patrick Joël MAIRLOT-MBEZELE","2026-08-09 14:57:39",0.97104,23,pigenesis75
477,16723390,VicenteCardoso,"2026-08-17 00:55:30",0.97104,5,vicentescardoso
478,16756560,"Praneeth Paikray","2026-08-24 05:24:22",0.97104,10,paiky1995
479,16709732,KrisGur,"2026-08-12 07:33:19",0.97104,8,krisgur
480,16768847,"Q Deng","2026-08-25 03:54:56",0.97103,2,maiaparecida
481,16790608,arman1o1,"2026-08-31 07:43:43",0.97103,8,arman1o1
482,16747322,"Swastik Prakash","2026-08-23 15:18:17",0.97103,6,swastikprakash
483,16637054,CAPRICORNUS0908,"2026-08-31 12:00:44",0.97103,82,capricornus0908
484,16743389,"Prashant & Nitin","2026-08-30 19:31:04",0.97102,2,"nitinpandeyyyy,prashant2quant"
485,16721604,Akritas,"2026-08-30 14:25:05",0.97102,7,akritas
486,16716016,"Pansheng Chen","2026-08-28 05:11:11",0.97102,8,panshengchen
487,16655256,artmak,"2026-08-24 17:37:21",0.97102,12,qwerte123
488,16636905,kenchanhodgkin,"2026-08-30 12:20:43",0.97101,44,kenchanhodgkin
489,16634945,Psi,"2026-08-31 11:33:33",0.97101,46,philippsinger
490,16634217,kava1,"2026-08-31 02:25:13",0.97101,200,kava1
491,16725573,"Aaran Dey","2026-08-15 14:36:58",0.97101,1,shadowcoder17
492,16695929,"Mohammed Majeed","2026-08-15 07:35:48",0.97101,3,mojjeed
493,16726473,"Syed Ahnaf Raza","2026-08-15 20:23:58",0.97101,3,syedahnafraza
494,16755345,"Aleksei Surmin","2026-08-29 20:20:50",0.97100,9,surminaleksei
495,16661935,"Ahmed Adel7777","2026-08-22 22:15:22",0.97100,5,ahmedadel7777
496,16722348,aa3070,"2026-08-14 14:03:39",0.97100,9,aa3070
497,16731018,"S M Asif Hossain","2026-08-17 07:48:42",0.97100,3,smasifhossain1204
498,16652403,"Anna Kazarian","2026-08-18 20:03:32",0.97100,8,annakazarian
499,16634150,"Chekhlov Dmitrii","2026-08-31 16:30:15",0.97100,10,zoli800
500,16636687,TomaszBoguslawski,"2026-08-14 16:15:39",0.97100,22,tomaszboguslawski
501,16713679,"Chanakya Gidipally","2026-08-14 00:02:46",0.97099,15,chanakyagidipally
502,16708496,織田織田,"2026-08-15 07:54:47",0.97099,1,akira1194
503,16666592,BaiYuBY,"2026-08-16 23:31:52",0.97099,10,baiyuby
504,16667184,Mohit_Negi,"2026-08-20 12:42:52",0.97099,11,salamanbhai
505,16718117,Vaibhav,"2026-08-14 16:21:01",0.97099,14,vaibhavpatel
506,16686774,Xu-shinonome,"2026-08-17 00:30:31",0.97099,4,xushinonome
507,16721422,"Panagiotis Anagnost","2026-08-16 07:31:34",0.97098,7,panagiotisanagnost
508,16710752,spicyricey,"2026-08-31 23:01:51",0.97098,13,ericwang03
509,16661616,"Saad M Khan","2026-08-13 15:18:19",0.97098,30,saadkhanxdcatalyst
510,16712897,"Mahmud Galib","2026-08-12 14:36:19",0.97098,1,mahmudgalib
511,16671879,"Cristobal Tudela","2026-08-12 15:41:38",0.97098,1,cristobaltudela
512,16638546,"Danushkumar Venkadesh","2026-08-12 18:11:22",0.97098,30,danushkumarv
513,16715767,asdfyash1,"2026-08-13 13:58:00",0.97098,10,asdfyash1
514,16716426,"Kon James Ayuen","2026-08-31 09:21:34",0.97098,7,nyiel55
515,16645574,"Kolektor Waifu","2026-08-13 07:56:28",0.97098,35,"mikhaeldhika,zelera"
516,16689027,Dean0016,"2026-08-13 14:07:20",0.97098,23,dean0016
517,16717687,"Yogesh Mishra","2026-08-13 19:02:29",0.97098,2,yogeshm01
518,16715446,"Aryan Kumar Sinha","2026-08-14 14:51:00",0.97098,3,patermars
519,16653056,Kareem,"2026-08-13 19:00:09",0.97098,2,kareemmourad
520,16634828,"Hussaan Haroon","2026-08-31 23:58:42",0.97098,72,hussaanharoon
521,16686703,t2better,"2026-08-08 07:09:11",0.97097,5,t2better
522,16693542,"John Smith","2026-08-14 09:29:23",0.97097,7,qq3327008209
523,16722830,Astraeus,"2026-08-31 00:06:04",0.97097,59,astraeusdotdev
524,16710147,M272727,"2026-08-16 01:50:31",0.97097,11,m272727
525,16661413,Sophie,"2026-08-19 18:58:54",0.97097,28,morty3500
526,16711869,AsterZephyr,"2026-08-13 04:09:31",0.97097,2,asterzephyr
527,16711261,"Prajwal Dongre","2026-08-12 13:46:26",0.97097,9,prajwaldongre
528,16694776,Jim879793123,"2026-08-17 05:08:56",0.97097,18,jim879793123
529,16728493,"Sega Mega","2026-08-16 11:50:51",0.97097,1,segamega
530,16709863,Jupiter6339,"2026-08-14 00:02:10",0.97097,26,benjaminbeaujard
531,16694957,JiangWenfeng1,"2026-08-13 07:51:26",0.97097,18,jiangwenfeng1
532,16655564,"CHANGYOU MU","2026-08-11 02:57:02",0.97097,20,changyoumu
533,16640967,SparrowSteelDuck,"2026-08-10 07:29:15",0.97097,15,sparrowsteelduck
534,16707457,qrcodeTH,"2026-08-19 08:09:22",0.97096,19,thanaphumsaywonin
535,16640376,"Hamza Nazim Siddiqui","2026-08-28 12:09:40",0.97096,29,dtdoww
536,16635489,Xiang,"2026-08-07 14:42:36",0.97096,8,happierboy
537,16641511,nobuya,"2026-08-31 23:48:05",0.97096,165,kakiginobuya
538,16697000,sergiobuilds,"2026-08-12 16:18:44",0.97095,17,sergiobuilds
539,16696580,"maximo lorenzo y losada","2026-08-12 02:20:47",0.97095,4,maximolorenzoylosada
540,16710376,"Cary Chan","2026-08-12 04:50:17",0.97095,2,srchancary
541,16682737,YappingNonStop,"2026-08-09 14:40:14",0.97095,26,yappingnonstop
542,16693698,Hoai0312phong@,"2026-08-09 14:40:24",0.97095,10,hoai0312phong
543,16681556,AlexPiggie,"2026-08-09 14:40:21",0.97095,30,alexpiggie
544,16701075,HansolKangLZ,"2026-08-12 04:32:41",0.97095,3,hansolkanglz
545,16705820,Baoxinyang,"2026-08-11 17:44:00",0.97095,3,baoxinyang
546,16791639,Pirhosseinlou,"2026-08-31 17:59:43",0.97093,1,pirhosseinlou
547,16701232,Andywjd,"2026-08-10 16:03:01",0.97092,5,andywjd
548,16636858,Zhenrui.Weng,"2026-08-09 23:44:30",0.97092,17,zhenruiweng
549,16663911,islet,"2026-08-10 02:05:44",0.97092,3,kojimar
550,16698858,"Ra'uf Fauzan Rambe","2026-08-10 04:38:40",0.97092,1,rauffauzanrambe
551,16638805,"Anhad Mahajan","2026-08-10 14:17:54",0.97092,47,anhadmahajan06
552,16702795,"Gamze Akkurt","2026-08-16 21:05:52",0.97092,42,gamzeakkurt
553,16664340,E散人chloeprice,"2026-08-30 08:18:32",0.97092,38,echloeprice
554,16685035,HuangKX666,"2026-08-11 07:25:51",0.97092,17,huangkx666
555,16658253,ItzRustam,"2026-08-11 12:50:54",0.97092,7,rustambhadouriya
556,16698465,"KIM JISU","2026-08-10 11:52:02",0.97092,10,jieesoo222
557,16731864,Rapha,"2026-08-31 22:45:55",0.97092,14,raphaabels
558,16693026,"Dhavan Shah","2026-08-08 22:05:55",0.97092,1,dhavanshah99
559,16693277,"zulfikar isiklar","2026-08-11 10:12:31",0.97092,5,zulfikarisiklar
560,16697387,RameshG888,"2026-08-09 17:37:42",0.97092,1,ramesh888
561,16690676,"Haidar Azka","2026-08-10 05:26:39",0.97092,4,haidarazka
562,16645865,"Kun Zhang","2026-08-18 08:43:37",0.97091,73,beicicc
563,16705976,Solid,"2026-08-30 22:31:45",0.97091,20,nizhen
564,16687976,"Vegard Berget","2026-08-08 14:06:53",0.97091,3,vegahyo
565,16683736,kinnkinn,"2026-08-09 19:56:26",0.97091,20,kinnkinn
566,16785498,Antonoof,"2026-08-28 18:47:46",0.97091,5,antonoof
567,16724919,"Sakito Horie","2026-08-18 00:57:58",0.97090,6,sakitohorie
568,16758789,weimean,"2026-08-23 07:32:57",0.97090,2,gtwm98
569,16662692,LucasSmedley,"2026-08-06 12:08:01",0.97090,2,lucassmedley
570,16772397,XiaozhenWu2002,"2026-08-30 15:47:41",0.97090,4,xiaozhenwu2002
571,16730019,HaydenPham,"2026-08-19 22:14:39",0.97089,3,haydenpham
572,16763439,"⸻AgentZZ ⸻","2026-08-23 21:00:03",0.97089,4,agentzz
573,16652523,Ole-Jakob,"2026-08-31 21:51:43",0.97089,120,olejakobrosenvold
574,16696708,cameronezrajones579,"2026-08-09 16:56:56",0.97088,6,cameronezrajones579
575,16688052,"Денис Чистов","2026-08-31 13:21:26",0.97088,15,denis4u
576,16773329,Doug,"2026-08-27 01:57:34",0.97087,3,dougsgrott
577,16685316,bgnosboehb,"2026-08-07 20:56:08",0.97086,4,bgnosboehb
578,16792524,Meteor_1108,"2026-08-31 09:29:09",0.97086,20,"kengleksee,meteor1108"
579,16693323,vreamartins,"2026-08-10 00:05:03",0.97086,11,vreamartins
580,16645243,"Mizushima Toshihiko","2026-08-31 10:27:02",0.97086,94,mizushimatoshihiko
581,16670381,"HoaiPhong Nguyen","2026-08-09 04:41:37",0.97086,39,hoaiphongnguyen
582,16653003,lsclove,"2026-08-17 07:36:58",0.97086,6,lsclove
583,16674837,"Aryan Kumar","2026-08-06 13:20:59",0.97086,3,kumaryan12
584,16645177,"Yan Hu","2026-08-07 10:21:06",0.97086,36,icyskyhy
585,16672459,Star_xinglan,"2026-08-06 05:48:24",0.97086,1,starxinglan
586,16675180,"family union윤원민 (윤원민)","2026-08-06 14:45:02",0.97086,7,familyunion
587,16679062,"Nithin maktha","2026-08-06 20:20:45",0.97086,1,makthanithin
588,16685185,Narendra2809,"2026-08-08 17:27:20",0.97086,3,narendra2809
589,16689191,Hawksartelier,"2026-08-10 21:52:00",0.97086,7,"nibeditabal,satyapb2002"
590,16656856,Pruthvish,"2026-08-09 11:20:00",0.97086,4,pruthvish115
591,16689362,"Krinal Naghera","2026-08-09 13:27:20",0.97086,4,krinalnaghera
592,16677251,ktyser,"2026-08-09 21:12:49",0.97086,6,keithtyser
593,16637040,tudousisi,"2026-08-06 08:43:36",0.97086,10,tudousisi
594,16635520,Jason-Oh,"2026-08-07 19:00:01",0.97085,20,dossantoss
595,16633869,goodpjw2008,"2026-08-18 07:45:35",0.97085,15,goodpjw2008
596,16635500,G4N0_669,"2026-08-14 17:18:32",0.97085,7,g4n0669
597,16633807,"Evan Arlen Handy","2026-08-07 01:11:44",0.97085,40,evanarlenhandy
598,16640373,ALKRIS,"2026-08-07 01:33:16",0.97085,6,wasimjbuh
599,16639147,Rosehyt,"2026-08-05 14:30:04",0.97085,8,rosehyt
600,16664475,"Revanth Tambisetty","2026-08-18 04:36:35",0.97085,10,revanthtambisetty
601,16666074,xlforml,"2026-08-10 07:00:57",0.97084,9,xlforml
602,16634863,RuiFSPinto,"2026-08-31 12:58:12",0.97084,76,ruifspinto
603,16661439,"Tilak Datta Iyer","2026-08-05 02:38:21",0.97084,4,tilakdattaiyer
604,16659538,happylongliveduck!,"2026-08-04 11:47:24",0.97084,4,happylongliveduck
605,16652413,"Shiv Satyam","2026-08-11 08:38:55",0.97084,7,shivsatyam
606,16747879,yyyggg725,"2026-08-25 11:58:31",0.97084,3,yyyggg725
607,16639622,"Sadam Torres","2026-08-05 22:20:16",0.97084,12,sadamtorres
608,16638654,yuta_hamatani,"2026-08-05 04:32:30",0.97084,38,yutahamatani
609,16634847,"OMID BAGHCHEH SARAEI","2026-08-31 22:48:17",0.97084,115,omidbaghchehsaraei
610,16684266,"Sushmit Deb","2026-08-11 11:46:08",0.97084,11,sushm17
611,16691650,"Olga Eleftherakou","2026-08-10 08:09:20",0.97084,10,olgaeleftherakou
612,16753315,"Alexie Huynh","2026-08-21 17:35:32",0.97084,10,alexiehuynh
613,16634133,BhuvanNR,"2026-08-31 02:58:41",0.97084,34,bhuvannr2006
614,16700509,"Muneeb ul Hassan","2026-08-12 23:45:44",0.97083,8,muneeb2405
615,16664235,wuy1hao,"2026-08-12 07:08:55",0.97083,1,wuy1hao
616,16659289,"Hiến Nguyễn Đức","2026-08-05 05:44:46",0.97083,4,hinnguync
617,16705796,tani46,"2026-08-27 11:23:23",0.97083,18,tani46
618,16734486,NULL,"2026-08-17 23:27:28",0.97083,3,rogelnull
619,16743960,sswatari,"2026-08-26 20:20:22",0.97083,10,sswatari
620,16662207,James,"2026-08-31 22:55:10",0.97083,7,jamesripoll
621,16644883,"Coen Hewes","2026-08-06 02:00:47",0.97083,15,coenhewes
622,16634751,Kaileh57,"2026-08-06 02:57:45",0.97083,22,kaileh57
623,16645808,"Yong Ming-Jia","2026-08-11 06:11:01",0.97083,2,ymingj
624,16634378,"Coding made Easy","2026-08-05 09:05:04",0.97083,11,codingmadeeasy
625,16683344,"Kerem Tüzün","2026-08-07 20:45:38",0.97083,3,keremtzn
626,16710249,RYnerv,"2026-08-16 11:01:19",0.97082,6,rynerv
627,16635789,hertz,"2026-08-11 04:44:25",0.97082,10,nori117
628,16757358,ZhiLiNyuan,"2026-08-24 23:37:02",0.97082,7,lynnsaylyn
629,16695435,"Rahul Ray","2026-08-18 17:23:45",0.97081,18,rahulray5
630,16636101,Ye,"2026-08-31 10:41:26",0.97080,75,gimgoon
631,16653826,Boltuzamaki,"2026-08-08 08:18:05",0.97080,18,boltuzamaki
632,16642191,"Toshiki Honda","2026-08-27 15:05:58",0.97079,14,toshikihonda
633,16633717,Chovy,"2026-08-30 08:56:47",0.97079,121,chovyxu
634,16650259,guosong111,"2026-08-08 03:35:15",0.97079,9,guosong111
635,16689596,王国松Learwwwlll,"2026-08-08 07:54:54",0.97079,2,learwwwlll
636,16688133,daidaidai4126dai,"2026-08-08 09:29:49",0.97079,2,daidaidai4126dai
637,16778102,"Vishmitha Samarakoon","2026-08-27 08:51:39",0.97078,5,vishmithasamarakoon
638,16675439,"Aman Dubal","2026-08-07 05:33:12",0.97077,1,amandubal
639,16657468,"SYED FARHAN78 ","2026-08-13 09:55:28",0.97077,9,syedfarhan78
640,16736503,ZiYiMing,"2026-08-22 16:05:03",0.97076,7,ziyiming
641,16741778,dancacy,"2026-08-31 22:33:30",0.97075,23,dancacy
642,16635014,tomasa2,"2026-08-26 19:44:21",0.97075,33,tomasa2
643,16671605,ganbat24,"2026-08-06 13:18:33",0.97075,3,ganbat24
644,16712564,fryhat,"2026-08-29 23:34:47",0.97074,33,fryhat
645,16634833,"HIKARU KOWATA","2026-08-31 13:37:28",0.97074,59,hikarukowata
646,16634369,"tom c tea","2026-08-29 07:48:27",0.97072,34,tomctea
647,16689753,Hamachi,"2026-08-31 00:33:18",0.97072,13,hamatz
648,16635665,Kyr1ll,"2026-08-21 12:54:46",0.97071,2,kyr1ll
649,16715827,Hemlata009,"2026-08-31 05:56:29",0.97070,9,hemlata009
650,16639088,Aren,"2026-08-03 21:56:47",0.97069,5,flare20012
651,16696844,Rohitt_94,"2026-08-29 10:56:04",0.97069,6,rohitt94
652,16712783,"Alpay Abbaszade","2026-08-27 12:48:51",0.97069,17,alpayabbaszade
653,16685279,"Prakash Meher","2026-08-12 09:48:59",0.97069,12,prakashmeher
654,16641095,"Mohamed Amine Rebhi","2026-08-03 22:12:57",0.97069,6,mohamedaminerebhi
655,16657548,"Nicolai Johannesen 73","2026-08-07 01:46:28",0.97069,20,nicolaijohannesen73
656,16656365,xianyu3,"2026-08-06 05:41:48",0.97068,14,xianyu3
657,16728359,BlamerX,"2026-08-24 03:24:11",0.97068,1,blamerx
658,16640984,protects-lab,"2026-08-25 04:25:20",0.97068,13,protectslab
659,16653548,"ahbab zahin","2026-08-03 16:35:07",0.97068,2,ahbabzahin
660,16635425,"Sunix Liu","2026-08-04 12:47:25",0.97068,10,sunixliu
661,16664269,"Nathaniel DeMoro","2026-08-28 16:14:18",0.97068,12,nathanieldemoro
662,16641991,Caesar_yyh,"2026-08-03 16:19:42",0.97067,3,rxscii
663,16680018,"shankar lal","2026-08-28 22:05:59",0.97067,21,shankar3234
664,16635934,Tsubasa_00,"2026-08-20 10:19:58",0.97067,5,tsubasa00
665,16638833,"Szymon Nowacki","2026-08-02 13:11:40",0.97066,4,szymokpetrikov
666,16721984,TrinhDung16,"2026-08-28 09:23:22",0.97065,14,trinhdung16
667,16634573,"Mohit Negi","2026-08-14 04:01:37",0.97065,6,mohitnegi1007
668,16633836,dai2,"2026-08-03 14:13:20",0.97065,4,dai222dai222
669,16652578,"Stop Scrolling","2026-08-03 15:41:38",0.97064,8,alessandrodaldossi
670,16653017,cctr,"2026-08-04 07:23:26",0.97063,2,dionisiusserafs
671,16634867,"Sergey Belov","2026-08-20 05:00:58",0.97063,13,exelero
672,16636806,Hamza,"2026-08-30 13:01:45",0.97063,23,mhamza0810
673,16766565,nhatvo,"2026-08-26 03:27:32",0.97062,8,nhatvo
674,16642004,WYSSR1225,"2026-08-02 14:13:24",0.97062,1,wyssr1225
675,16670183,"louis @ tradeInsight.ai","2026-08-06 20:32:01",0.97062,5,louisquart
676,16648750,Laksharma,"2026-08-06 20:10:07",0.97062,4,laksharma
677,16634184,WXYYYYY,"2026-08-08 06:38:24",0.97062,21,beneththeskin
678,16634674,unknown,"2026-08-03 01:02:46",0.97061,3,abdullahshafi2021
679,16639856,luosukk,"2026-08-03 03:19:58",0.97061,3,luosukk
680,16644603,Ryan,"2026-08-03 04:25:37",0.97061,4,ryan37
681,16639549,GCarnovale,"2026-08-13 01:45:13",0.97060,18,gcarno
682,16777373,"Siddharth Patel","2026-08-31 22:58:18",0.97060,16,siddhugp
683,16663620,"Abhinay Krishna Bodi","2026-08-06 20:11:28",0.97060,12,abhinaykrishna7379
684,16651460,"Reda Mountassir","2026-08-31 09:51:33",0.97059,26,"aribaymane61,redamountassir"
685,16692515,cigdembal,"2026-08-30 14:17:38",0.97058,65,cigdembaloglu
686,16655591,Epiphany_Thu,"2026-08-28 03:26:02",0.97058,3,epiphanythu
687,16699330,"Animesh Wani","2026-08-31 07:06:51",0.97058,18,wanimesh
688,16744406,"Hafiz Atif Ali","2026-08-19 20:26:38",0.97058,3,dingolingo
689,16644187,"Gerald Schwartz","2026-08-29 13:00:19",0.97058,6,geraldschwartz
690,16668401,"Dirac Turing","2026-08-31 11:08:36",0.97058,2,diracturing
691,16714741,Adnane,"2026-08-14 16:36:42",0.97057,12,adnaneel
692,16740999,"Barudak Skenempa","2026-08-22 09:18:56",0.97056,10,"hafidzyazeed,radityaalfarisi"
693,16634806,"(ノ◡ <)","2026-08-31 20:33:42",0.97056,18,nawfeelrahman1124444
694,16793526,field996,"2026-08-30 17:10:06",0.97056,4,field996
695,16757651,恵輔平川,"2026-08-30 05:16:24",0.97055,18,hirakawa0k
696,16712835,Philipos64,"2026-08-13 13:13:37",0.97055,10,philipos64
697,16757628,"RainQ Bangbangbang","2026-08-23 02:49:40",0.97055,5,rainqbangbangbang
698,16689119,souju00,"2026-08-09 02:20:48",0.97053,6,souju00
699,16662792,"Gourab Roy","2026-08-06 17:10:30",0.97053,11,gourabroy553
700,16664124,"Matthew Knyazev","2026-08-31 15:29:29",0.97053,17,matthewknyazev
701,16644706,サポタン,"2026-08-26 06:21:54",0.97052,72,sapotan
702,16665553,"She didn't love me Back 💔","2026-08-05 15:45:49",0.97052,10,"gourabroy,sudiptatrisha"
703,16633868,"Paul Bryan Elefante","2026-08-31 02:44:49",0.97052,7,heuljax
704,16634086,Wonderwall,"2026-08-31 13:58:15",0.97050,62,yuxiang328
705,16680289,"Jieun Guu","2026-08-11 02:30:32",0.97050,5,fa9lous
706,16710829,Jerrist,"2026-08-28 05:16:25",0.97049,23,jerrist
707,16654453,chetocheese1821,"2026-08-16 04:01:15",0.97048,7,chetocheese1821
708,16640575,池田拓耶,"2026-08-19 05:43:55",0.97047,45,takuya3412
709,16707874,Alexander683,"2026-08-30 16:47:59",0.97046,13,"alexander683,bros360x"
710,16715624,"Yonju Kim","2026-08-14 12:53:14",0.97046,3,yonjukim
711,16633965,YuAn,"2026-08-31 06:45:48",0.97046,7,yuanke2001
712,16663293,kakuteki,"2026-08-13 20:51:14",0.97045,21,kakuteki
713,16703378,"Jacopo Dalmasso","2026-08-18 20:26:35",0.97044,10,jdalmasso
714,16634644,psychoTKC,"2026-08-31 05:31:00",0.97044,18,psychotkc
715,16644222,"manifest manifesst yapanzi","2026-08-14 11:46:50",0.97044,14,yusufsadpc
716,16755325,"Kaixi Zha","2026-08-25 04:15:01",0.97044,7,kaixizha
717,16635549,"Szwajcar ","2026-08-31 22:30:32",0.97042,8,szwajcar
718,16725988,Subaru486,"2026-08-17 12:42:36",0.97042,3,subaru486
719,16736639,Logus,"2026-08-28 09:03:00",0.97042,3,logus4704
720,16713094,"Juan Pablo Alzate","2026-08-28 08:29:03",0.97041,6,juanpabloalzate
721,16633789,rockyhg,"2026-08-24 05:34:50",0.97041,28,rockyhg
722,16715893,"Wu Kerui1006","2026-08-18 05:03:59",0.97041,10,wukerui1006
723,16750736,"Vishal Agrawal","2026-08-30 17:25:52",0.97040,16,"sreenivastatuskar,vishala28"
724,16718059,"Omar Mohamed","2026-08-19 16:11:21",0.97039,21,omarmohamed89
725,16739397,"Mukesh Bhandarkar","2026-08-24 16:27:06",0.97039,7,slowlearnermack
726,16705887,"Aditya Pachpande","2026-08-12 19:24:16",0.97038,3,adityapachpande
727,16732631,"Tys TANA","2026-08-26 01:19:34",0.97037,37,tystana
728,16789559,FARHAAN'S,"2026-08-31 16:50:30",0.97037,2,mdfarhaanakhtar
729,16703774,Latku_ram,"2026-08-25 20:59:32",0.97037,7,avndope
730,16721649,"Dee Wythe","2026-08-18 06:29:17",0.97036,5,deewythe
731,16675689,hasanbakr,"2026-08-24 15:27:09",0.97036,11,hasanbakr
732,16634329,GurSimran,"2026-08-31 23:27:19",0.97035,28,gurseeon
733,16716588,"Mikhail Ignatenko","2026-08-20 11:54:33",0.97035,8,mdu827
734,16635077,"Дворкин Евгений Владимирович","2026-08-26 20:57:59",0.97034,38,evgendvorkin
735,16639039,Jorgen9B,"2026-08-11 11:04:12",0.97034,46,jorgen9b
736,16640028,"Kodai Fukuda","2026-08-31 02:37:12",0.97034,72,kodaifukuda0311
737,16758304,"Vinay Rai","2026-08-31 10:59:11",0.97034,4,vinay24baghira
738,16738158,Shingo,"2026-08-30 22:48:03",0.97034,7,shnakazawa
739,16637703,"Adithya Giridharan","2026-08-31 03:41:13",0.97032,40,adithyagiri
740,16790018,"ZHANG CHUNJIE","2026-08-31 07:28:59",0.97032,12,nemonade
741,16675915,Yu,"2026-08-25 08:57:46",0.97031,16,b107050
742,16748178,"Abhimanyu Singh","2026-08-21 15:18:14",0.97031,3,abhimanyusingh170702
743,16732598,YKuma,"2026-08-21 17:16:39",0.97030,21,ykumazaki
744,16634307,"Thùy Thùy","2026-08-26 15:10:17",0.97030,17,thuynguyen246
745,16635321,yalpha,"2026-08-31 17:38:21",0.97029,28,yusukeimura
746,16730035,"OPEN TO WORK","2026-08-20 10:29:48",0.97029,14,mob404
747,16752162,"Bruce Liu47","2026-08-31 18:20:59",0.97028,35,bruceliu47
748,16786310,Y10x17,"2026-08-30 10:34:50",0.97028,6,"jing1028,y10x17"
749,16675495,"Koshtubh Singh Parihar","2026-08-07 18:44:40",0.97027,3,koshtubhsinghparihar
750,16695977,"sakkn sakkn","2026-08-31 15:31:07",0.97027,37,sakknsakkn
751,16707557,"Timofey Kravchenko","2026-08-18 12:59:52",0.97026,3,timofeyyyyyy
752,16756466,"Nikhil Fotedar","2026-08-31 16:56:07",0.97026,7,nikhilfotedar
753,16740814,"Chanho Lee","2026-08-23 19:58:55",0.97025,21,leechanho1111
754,16701536,"Anurag Garg","2026-08-19 11:52:50",0.97025,18,anuraggarg1209
755,16635551,"Akiyoshi Kinoshita","2026-08-31 22:05:37",0.97025,22,satokin13m
756,16684274,mana99,"2026-08-16 13:23:57",0.97024,16,xmana99
757,16637286,Mohit_Singh,"2026-08-28 10:22:39",0.97024,23,mohitsingh955
758,16635974,"Sergey Qt2024","2026-08-31 18:35:43",0.97024,178,sergeyqt2024
759,16705524,"Shikha Bhushan","2026-08-16 14:38:36",0.97023,12,shikhabhushan
760,16638965,hipotures,"2026-08-23 16:49:46",0.97020,222,hipotures
761,16777062,PrivatePieceRec,"2026-08-27 21:44:20",0.97020,10,privatepiecerec
762,16730336,"the Penguins","2026-08-17 07:39:38",0.97019,3,carmenwang0724
763,16760525,manboddj,"2026-08-23 11:16:33",0.97018,5,manboddj
764,16734264,"Nikhil R","2026-08-18 02:02:16",0.97016,1,nikhilramlukan
765,16705277,"José Freitas","2026-08-19 07:26:15",0.97016,11,josefreitasalvesneto
766,16774462,"Brejesh Balakrishnan","2026-08-31 12:52:36",0.97015,4,brejeshbalakrishnan
767,16668077,"A bojbn oln;n","2026-08-09 14:52:41",0.97015,21,abojbnolnn
768,16710205,"ASEF KABIR","2026-08-12 13:10:22",0.97015,3,asefkabir
769,16701449,"Toshifumi Komiya","2026-08-29 01:43:54",0.97015,57,toshifumikomiya
770,16666113,Hairbel,"2026-08-18 07:25:40",0.97015,8,hairbel
771,16736331,"Rabbiya affan","2026-08-31 17:10:37",0.97014,3,rabbiyaaffan
772,16796617,"papa chany pa","2026-08-31 21:16:24",0.97014,2,affansaied
773,16651596,"Anshraj Gupta","2026-08-15 07:23:12",0.97014,6,zeusgod230
774,16763409,"Vivek Teja","2026-08-31 03:44:01",0.97014,5,vivektejaraju
775,16708256,"Karl Kallavus","2026-08-13 07:23:04",0.97013,3,karlkallavus
776,16698030,"Carmen Wang","2026-08-17 01:01:23",0.97013,3,carmenmuziwang
777,16734413,"Jon Chernoch","2026-08-31 02:30:51",0.97013,6,jonchernoch
778,16741170,"Daniel LPD","2026-08-24 14:35:38",0.97013,11,daniellpd
779,16678075,"Manu Nicholas Jacob","2026-08-07 23:56:39",0.97013,12,manunicholasjacob
780,16633900,W-Bruno,"2026-08-03 23:08:03",0.97012,8,haoqiangzheng
781,16638818,kobby_,"2026-08-31 23:58:06",0.97012,10,sylvesterdalmeida
782,16751184,"Jiashun Tan","2026-08-31 00:30:40",0.97012,2,jiashuntan
783,16634450,kminsher,"2026-08-30 23:51:11",0.97011,5,kminsher
784,16718604,"Jarbas Camurça","2026-08-18 22:58:52",0.97011,2,pjarbas
785,16633988,AbdullahSafwan333,"2026-08-03 11:31:05",0.97010,15,abdullahsafwan333
786,16649703,karin,"2026-08-22 14:03:41",0.97010,28,karin1234
787,16699863,"Faris El hakim","2026-08-20 14:10:30",0.97009,3,fariselhakim
788,16730493,dhseries,"2026-08-31 13:24:06",0.97009,4,hoang001
789,16777560,"Carl Pang","2026-08-31 03:41:55",0.97009,15,carlpang
790,16655635,kif,"2026-08-26 00:18:45",0.97008,13,echigobran
791,16634856,"Factual Explorer","2026-08-30 16:39:13",0.97008,8,factualexplorer
792,16707306,haukesteffen,"2026-08-29 19:42:19",0.97008,17,haukesteffen
793,16640456,Oreb98,"2026-08-04 14:15:43",0.97008,5,oreb98
794,16723741,Dyl,"2026-08-31 23:33:18",0.97007,27,dylanvatanapradit
795,16638857,"David Cohen ","2026-08-26 20:43:25",0.97006,11,davidco1
796,16732808,JustineTct,"2026-08-30 07:44:47",0.97006,6,justinetct
797,16635844,ts,"2026-08-02 07:45:25",0.97006,2,takehirosano
798,16634041,LearningNN,"2026-08-26 01:31:39",0.97006,16,koheishima
799,16635584,"Leonardo Cofone","2026-08-02 13:03:21",0.97005,10,zlatan599
800,16791269,"Hashmat Zamaryali","2026-08-31 21:29:24",0.97005,10,hashmatzamaryali
801,16712802,"Utomo Abimail","2026-08-13 10:45:24",0.97005,1,utomoabimail
802,16743925,"Maria Cioratanu","2026-08-30 18:04:16",0.97005,4,mariacioratanu
803,16719252,mirandora,"2026-08-16 11:20:00",0.97004,6,mirandora
804,16638097,mige551,"2026-08-31 04:06:51",0.97004,11,mige551
805,16659456,jjakimoto,"2026-08-05 07:14:34",0.97003,1,jjakimoto
806,16635176,NatSwamin,"2026-08-31 15:41:27",0.97002,18,natswamin
807,16725311,"oke gas","2026-08-22 16:24:50",0.97002,14,"farhankhairullah06,fatzaaa"
808,16772973,Gale,"2026-08-31 23:44:27",0.97001,9,na1vel
809,16730439,3as6Bl,"2026-08-24 05:12:24",0.97001,13,segusegu
810,16699195,"Kensei Furuya","2026-08-13 03:53:43",0.97001,9,furuken0527
811,16634145,Magikarp,"2026-08-05 03:21:09",0.97001,15,feromagikarp
812,16726995,Rattan,"2026-08-30 05:07:10",0.97000,8,rattans
813,16635866,mitamaru,"2026-08-27 13:11:23",0.96999,12,mitatomo3
814,16633884,cshara,"2026-08-27 01:00:31",0.96999,47,cshara
815,16775227,wmls_oaok,"2026-08-31 23:10:54",0.96999,9,kjy666
816,16747972,T1-Reks,"2026-08-31 23:56:52",0.96998,16,t1reks
817,16685029,"Fidel Lusiana Putri","2026-08-30 17:29:39",0.96998,21,fidellusianaputri
818,16718111,SZU蓝心,"2026-08-20 13:37:01",0.96998,45,jiazhanliu
819,16635526,TBRTRL,"2026-08-30 03:27:00",0.96998,99,tbrtrl
820,16731702,datatuu,"2026-08-23 17:52:56",0.96998,15,yaoguang516
821,16718222,AnRyisReal,"2026-08-31 14:27:33",0.96998,17,"anryisreal,gigan11ga"
822,16638863,"Vitalii Novikov","2026-08-31 12:34:30",0.96998,9,nu1ll1
823,16687764,chlee85,"2026-08-23 22:56:13",0.96998,9,chlee85
824,16690633,Wildata,"2026-08-31 23:57:29",0.96998,16,wildata
825,16786407,yumayunaranran,"2026-08-31 06:57:35",0.96997,7,yumayuna0003
826,16785790,"Newton Baba","2026-08-29 11:00:03",0.96997,1,newtonbaba12345
827,16784506,"Dmitry Belan","2026-08-28 18:38:14",0.96997,1,dimong4
828,16761460,"Kshitiz Sharma","2026-08-27 08:42:37",0.96997,3,kshitizsharma08
829,16640393,nkmr,"2026-08-31 14:44:14",0.96996,30,nicomugilove
830,16645575,"Seungjin Kim","2026-08-04 08:12:01",0.96995,11,nforestcat
831,16700358,"EOM JAEHYEOK","2026-08-10 21:42:50",0.96995,9,eomjaehyeok
832,16698154,후라이드닭튀김,"2026-08-11 00:03:32",0.96995,7,kooiuy
833,16698452,"Sophia Jiyoung Chung","2026-08-11 00:26:35",0.96995,4,sophiajiyoungchung
834,16698179,jaehyeokEom,"2026-08-11 05:58:19",0.96995,13,jaehyeokeom
835,16728750,"Назар Коваль","2026-08-27 23:15:14",0.96993,33,miickey
836,16732898,Hagepiyo,"2026-08-23 14:24:05",0.96993,21,hagepiyo
837,16664296,"Ryo Myzk","2026-08-31 23:57:13",0.96993,47,"kokimanabexhello,ryomyzk"
838,16713166,"Sebastian Carreras","2026-08-21 14:17:11",0.96993,6,sebastiancarreras
839,16769704,"Yan Slabodich","2026-08-27 22:39:24",0.96993,13,yanskij
840,16656845,"Lancelot foreman","2026-08-06 01:36:11",0.96992,2,lancelotforeman
841,16743281,"Tatsuya Aramaki","2026-08-31 14:53:45",0.96992,14,tatsuyaaramaki
842,16710087,"Yashwanth Kumar Kotla","2026-08-22 17:45:05",0.96992,16,yashwanthkumarkotla
843,16766744,"Oral Ersoy Dokumaci","2026-08-28 06:43:27",0.96991,3,oralersoydokumaci
844,16663921,kimhongjoong,"2026-08-11 05:13:26",0.96991,17,kimhongjoong
845,16695003,Semen,"2026-08-28 22:52:21",0.96991,33,fiktus
846,16641347,平野竜貴,"2026-08-29 08:30:11",0.96991,85,hiraaaaah
847,16663283,"yuuta ozeki","2026-08-28 09:28:50",0.96991,44,yuutaozeki
848,16758764,void,"2026-08-25 17:49:52",0.96991,7,"aaradhyaguptaai,hargunsandhu"
849,16711935,Raphdraft,"2026-08-25 05:30:46",0.96991,11,raphdraft
850,16780992,"Silver Surfer","2026-08-28 17:25:41",0.96990,9,hausch11
851,16695673,"Gourav Saha","2026-08-22 14:44:44",0.96990,3,gourav404
852,16635322,"Xinyi Cai","2026-08-30 17:07:49",0.96990,18,xinyeee
853,16705826,Vishwa,"2026-08-22 07:41:45",0.96990,3,rv1922
854,16708178,ANURAGDolui,"2026-08-18 10:42:33",0.96990,6,anurag20042003
855,16711319,tohud,"2026-08-13 12:34:44",0.96990,4,ss16th
856,16638813,"Den Pugovkin","2026-08-03 20:29:32",0.96990,11,denpugovkin
857,16668349,"Павел Филиппенко","2026-08-19 17:52:52",0.96989,8,pavelfilippenko
858,16660937,"st yang12","2026-08-25 13:04:25",0.96988,4,styang12
859,16710436,shisan92,"2026-08-25 08:54:43",0.96988,17,shisan92
860,16754087,EitaF,"2026-08-29 06:47:21",0.96988,9,eitafukumoto
861,16635470,SergeyN1942,"2026-08-13 13:40:00",0.96988,25,sergeyn1942
862,16712178,Finezza,"2026-08-31 22:51:02",0.96988,8,finezza
863,16768652,"Jesus TIAN","2026-08-26 05:59:01",0.96988,7,jesustian
864,16641613,"ML learner","2026-08-31 11:49:27",0.96988,28,usermaname1
865,16643225,"Pavel Ryabov","2026-08-16 18:04:03",0.96987,10,pavelryabov
866,16698151,minsookim,"2026-08-11 06:30:32",0.96987,12,minsoozzang
867,16696183,"Ahmet Kağan Koral","2026-08-11 20:56:19",0.96987,8,kagankoral
868,16789538,PipDataScientist,"2026-08-31 12:34:13",0.96986,12,pipdatascientist
869,16706717,"Luis Zhang","2026-08-12 04:35:58",0.96985,5,luiszhang777
870,16634000,lighth,"2026-08-29 15:56:05",0.96985,15,lighth
871,16635450,"Kemal Musab Dayioglu","2026-08-31 14:01:20",0.96985,15,kemalmusabdayioglu
872,16718581,Galaxantic,"2026-08-14 13:19:42",0.96984,5,neel21yt
873,16635118,"Pravin Takpire","2026-08-19 07:41:20",0.96983,12,pravintakpire
874,16779448,"Mongkhon Hatit","2026-08-28 13:23:33",0.96983,4,mongkolhatit
875,16638810,"nikolaou nikolaou","2026-08-05 17:32:38",0.96983,23,nikolaounikolaou
876,16698050,KDTD,"2026-08-17 05:34:46",0.96982,52,kdtdao
877,16706449,Forensic.nc,"2026-08-12 09:57:23",0.96982,6,forensicnc
878,16666278,"Atsushi Yoshikawa","2026-08-20 08:42:36",0.96982,13,atsushiyoshikawa
879,16693950,Vmax,"2026-08-18 15:28:05",0.96981,4,"harshalivadher1,kazuma005"
880,16767167,Imane101,"2026-08-29 20:57:36",0.96981,18,imane101
881,16756998,"Patrick CHER","2026-08-23 06:21:18",0.96981,4,patrickcher
882,16699611,Xiluii,"2026-08-18 12:39:21",0.96981,23,xiluii
883,16706164,SDA000,"2026-08-14 14:14:50",0.96981,6,sda000
884,16758770,Pinkbanane,"2026-08-23 13:44:28",0.96981,11,pinkbanane
885,16736868,"Evgeny Nevodnich","2026-08-31 14:26:38",0.96981,4,evgenynevodnich
886,16740024,"TAHMI NESRINE","2026-08-31 19:39:00",0.96981,6,tahminesrine
887,16638198,oliver,"2026-08-31 20:15:55",0.96980,79,oliverlang
888,16674872,"Ankit Bari","2026-08-26 11:50:14",0.96979,12,bariankitvinod
889,16634229,Evdilos_Ikaria,"2026-08-16 11:11:09",0.96979,28,georgem
890,16715167,OwenChen07,"2026-08-31 02:49:49",0.96978,11,chen613
891,16633891,"Yoshitomo AI","2026-08-29 12:04:18",0.96978,53,yoshitomoai
892,16719685,"Jared Floersch","2026-08-21 13:37:29",0.96978,5,jaredfloersch
893,16646586,"RZ Lu","2026-08-20 07:08:32",0.96978,13,ruizhaolu
894,16698457,kyg0220,"2026-08-12 00:03:15",0.96978,16,kyg0220
895,16740694,jyama,"2026-08-25 08:26:38",0.96978,12,yarukikun
896,16661055,"Haojun Chen123","2026-08-09 09:48:15",0.96978,16,haojunchen123
897,16741590,Nononoi,"2026-08-20 07:41:07",0.96976,7,nononoi
898,16634071,jngchan,"2026-08-09 11:28:15",0.96976,9,chanjiewang
899,16687080,PeterGrundell,"2026-08-31 19:44:35",0.96976,40,petea2z
900,16698209,watarukaggle,"2026-08-18 19:11:47",0.96976,2,watarukaggle
901,16764815,ML2024_11,"2026-08-24 15:22:14",0.96976,8,ktaewan0703
902,16698553,"yoshiomi shimazu","2026-08-29 10:17:50",0.96975,71,yoshiomishimazu
903,16634944,zlka,"2026-08-01 09:04:27",0.96975,2,z3lkahmet
904,16731948,"Komil Parmar","2026-08-18 15:23:13",0.96974,5,komilparmar
905,16641776,"Bogdan Doicin","2026-08-18 05:30:19",0.96974,1,bogdandoicin
906,16695374,BitlevRobert,"2026-08-16 11:28:52",0.96973,1,bitlevrobert
907,16698471,AHNHOJEONG,"2026-08-10 05:57:32",0.96973,3,ahnhojeong
908,16661006,"Sarthak Tyagi","2026-08-14 16:41:35",0.96973,4,lypeorge
909,16766662,Systum_Phar_Denge,"2026-08-29 12:43:59",0.96972,9,"jamiussiddiqui,shahahnafulislam"
910,16732467,pieego,"2026-08-30 14:03:53",0.96972,17,pieego
911,16792268,SIDDpat,"2026-08-30 11:40:32",0.96972,2,siddpat
912,16734424,Hemingweb,"2026-08-31 20:49:14",0.96971,22,hemingweb
913,16644295,Ern711,"2026-08-30 06:59:11",0.96970,21,ern711
914,16653306,Lzw1110,"2026-08-08 10:29:44",0.96968,1,lzw1110
915,16672808,クリスチャン・デムーロ,"2026-08-06 12:07:42",0.96968,2,croixdunord
916,16785109,"Daniel Mineev","2026-08-29 07:06:28",0.96968,7,nilpotent1
917,16642593,"Comunidad Ninja","2026-08-16 14:12:24",0.96968,29,dxfl42
918,16634472,Keisuke_kaggle,"2026-08-31 23:42:15",0.96968,115,keisukekaggle
919,16635771,BLANDCorporatio,"2026-08-20 06:54:37",0.96967,20,blandcorporatio
920,16634584,MIYINKS,"2026-08-18 17:27:46",0.96967,29,miyinks
921,16773392,raehu7,"2026-08-26 06:48:46",0.96967,1,raehu7
922,16684627,Jaideep726,"2026-08-23 16:26:32",0.96967,10,jaideep726
923,16730465,"Yamin Hossain","2026-08-31 07:11:35",0.96967,3,yaminh
924,16634350,Goyomatsu,"2026-08-30 08:18:34",0.96967,7,hirokimori
925,16773257,MingyangQu666,"2026-08-31 14:29:17",0.96967,1,mingyangqu666
926,16674594,"Luka Duvanov","2026-08-20 17:25:20",0.96966,4,nekkon
927,16660069,assbreaker0607,"2026-08-19 08:22:50",0.96965,2,assbreaker0607
928,16764779,れもねーど,"2026-08-24 08:12:03",0.96965,1,lemoninthelemonade
929,16705456,HungTing,"2026-08-11 12:37:46",0.96965,10,hn28082251
930,16728911,"deepak bahuguna","2026-08-20 04:21:15",0.96964,8,batman1997
931,16761899,"Preet Kumar","2026-08-31 16:17:41",0.96964,2,preetgujjar
932,16651945,"Paul Shelby","2026-08-11 15:48:37",0.96963,18,paulshelby
933,16756674,"Oleg Buklanov","2026-08-28 10:40:23",0.96963,2,olegbuklanov
934,16678280,yashraj,"2026-08-31 20:00:41",0.96963,16,yashraj1y6ty
935,16689676,"Utkarsh Anand","2026-08-11 09:41:32",0.96963,2,utkarshanand140
936,16754659,"Akash Pattani","2026-08-22 15:29:23",0.96962,1,akashpattani
937,16754865,Potato,"2026-08-31 20:35:14",0.96962,6,"sonaliverma29,starlord0104"
938,16642651,PX0000,"2026-08-16 01:35:20",0.96962,17,px0000
939,16783419,"Đoàn Văn Bình B19DCCN066","2026-08-29 04:53:05",0.96961,4,onvnbnhb19dccn066
940,16705942,Ryo.s,"2026-08-15 09:02:08",0.96959,8,rioh07
941,16664978,"mithul chander","2026-08-10 08:03:02",0.96958,5,mithulchander
942,16702603,ethan.ai,"2026-08-12 23:25:41",0.96958,3,ethanai
943,16713602,Shenghan,"2026-08-20 14:11:36",0.96958,1,shenghanxie
944,16756289,"Chaman Agrawal","2026-08-22 09:41:21",0.96958,3,chamanag
945,16761304,小等等,"2026-08-31 06:28:12",0.96957,11,atwelve
946,16723264,mayukistarry,"2026-08-30 09:05:42",0.96957,17,mayukistarry
947,16635197,"Georgios Nikolitsis","2026-08-23 14:19:29",0.96956,23,gnikolitsis
948,16723258,arnavgoel26,"2026-08-14 20:07:16",0.96956,3,arnavgoel26
949,16782476,qkrehgusdlqslek,"2026-08-28 08:58:06",0.96956,2,qkrehgusdlqslek
950,16740876,"Kaustubh Mukdam","2026-08-24 05:07:04",0.96956,2,kaustubhmukdam
951,16674846,"Abubakar Idrees","2026-08-11 16:57:19",0.96956,4,abubakaridrees
952,16633860,"Hiroko Tsuchida","2026-08-29 13:11:05",0.96956,60,hirokotsuchida
953,16761734,takoyakiman,"2026-08-29 08:29:26",0.96955,10,takoyakiman
954,16676112,LINKIT,"2026-08-06 15:19:39",0.96955,3,lin1027
955,16762136,"Voinea Cristian Mihai","2026-08-26 19:02:29",0.96955,12,voineacristianmihai
956,16633905,Herohito,"2026-08-31 20:02:42",0.96954,18,aangphurba
957,16668847,"Water ground","2026-08-31 22:48:27",0.96954,81,kyumoto
958,16656750,there,"2026-08-06 05:12:26",0.96953,4,theevolutionisnear
959,16684487,"Oana-Elena Barbu","2026-08-22 05:14:15",0.96950,8,oanaelenabarbu
960,16678079,"Fernando Figaro","2026-08-27 01:59:27",0.96950,1,fernandooligg
961,16777078,avg,"2026-08-31 18:59:19",0.96950,5,alexgagloev
962,16673644,JYShane,"2026-08-16 11:08:19",0.96949,8,jyshane
963,16724891,sokoranohimazin,"2026-08-15 12:34:14",0.96949,2,sokoranohimazin
964,16706547,symmys,"2026-08-19 06:41:00",0.96948,5,toasthink
965,16775198,"Erik Tavares","2026-08-26 18:05:47",0.96947,2,eriktavares
966,16707569,kito_pl,"2026-08-22 12:23:12",0.96947,15,kitopl
967,16680668,"Manuel Santiago Atencio","2026-08-30 22:47:51",0.96947,9,manuelsatencio
968,16770344,xqhoj1,"2026-08-28 23:56:59",0.96946,9,xqhoj1
969,16732987,"Abhishek Anand","2026-08-25 08:32:54",0.96945,7,abhishekanand
970,16769771," Lưu Khải Hưng","2026-08-29 01:47:43",0.96945,11,lukhihng
971,16726663,"Ruslan Prashchurovich","2026-08-16 21:02:11",0.96944,5,ruslanprashchurovich
972,16780619,"A Siri","2026-08-29 16:31:36",0.96944,3,siribtech
973,16717283,riicon,"2026-08-21 15:26:13",0.96944,1,risakashiwabara
974,16725734,"Ali Azizi","2026-08-31 10:56:16",0.96943,20,aliazizi1
975,16698970,"Vikram Tiwari","2026-08-30 22:18:38",0.96943,6,vikramtiwari
976,16708080,大谷悠斗,"2026-08-12 01:08:01",0.96941,1,otaniyu
977,16639631,"SIDHAARTH SHREE","2026-08-27 10:58:37",0.96941,12,sidhaarthshree
978,16687191,"hakan ulucan","2026-08-31 21:29:29",0.96940,8,hakanulucan
979,16688744,Wen003,"2026-08-14 21:08:07",0.96940,8,wen003
980,16644704,Chloevan,"2026-08-10 02:38:29",0.96940,8,j2hoon85
981,16790386,"quant park","2026-08-31 20:51:40",0.96939,7,quantpark
982,16708874,"Alejandro Vivero","2026-08-13 18:16:28",0.96939,4,alejandrovivero
983,16793565,"Takumu Hata","2026-08-31 09:46:42",0.96939,1,takumuhata
984,16760528,"Amey Thakur","2026-08-25 21:10:40",0.96939,18,ameythakur20
985,16635101,"Carlos Perea","2026-08-18 14:59:50",0.96938,1,carlospereavega
986,16645181,Ryuji_tech,"2026-08-31 17:08:33",0.96938,3,ratovia
987,16719572,"Jiefu Zhou","2026-08-14 05:27:33",0.96938,1,jiefuzhou121
988,16748038,"Hưng Lưu","2026-08-28 13:46:32",0.96937,24,yahhngliu
989,16692599,"Varun Purushothaman","2026-08-10 17:42:13",0.96937,5,varunpurushothaman
990,16669512,"Sami Aden","2026-08-08 08:39:04",0.96936,7,samiaden
991,16681237,ynrasr,"2026-08-13 11:29:04",0.96936,29,ynrasr
992,16690350,coolcat,"2026-08-16 03:00:09",0.96936,13,zhanjinbo
993,16637713,"Michael Nguyen","2026-08-11 03:21:00",0.96935,20,michaelnguyen66
994,16772684,"ychen liu","2026-08-26 09:07:32",0.96932,4,liuyuchenhust
995,16722566,"Amir hosein Shabani","2026-08-31 20:12:43",0.96932,5,amirhoseinshabani
996,16637245,"Rob Schieber","2026-08-29 19:06:16",0.96932,16,robschieber
997,16686414,SOSyuki,"2026-08-09 15:12:18",0.96931,3,sosyuki
998,16738811,yemi10703,"2026-08-31 06:22:51",0.96931,1,yemi10703
999,16700977,kani,"2026-08-29 13:43:20",0.96930,2,na7na7
1000,16641681,mmasato,"2026-08-24 15:33:44",0.96927,9,mizogakimasato
1001,16749829,"Antonio Rotundo","2026-08-27 13:09:41",0.96926,16,antoniorotundo2
1002,16684722,"Nikhil Krishna A","2026-08-27 13:54:30",0.96926,25,techmasternikhil
1003,16775561,moxi21,"2026-08-27 14:24:08",0.96925,3,moxi21
1004,16635292,AndyL,"2026-08-29 12:51:06",0.96925,26,androidl
1005,16692236,"Thiago Yoris","2026-08-16 02:22:56",0.96924,22,thiagoyoris
1006,16635025,"Emre Bektas","2026-08-03 07:22:07",0.96924,1,ebktas
1007,16751177,"Abdullah Al-Duwaihy","2026-08-30 06:27:46",0.96923,4,abdullahalduwaihy
1008,16639839,Uedaaya,"2026-08-31 04:09:15",0.96923,16,"kanosoeda,uedaaya"
1009,16704808,DeguTakeHaya,"2026-08-31 15:51:30",0.96922,12,"hisashihayakawa,soratakeuch,takumideguchi"
1010,16635403,"mariko f.","2026-08-31 23:31:12",0.96920,79,marikof
1011,16634600,"Touhidul Alam Seyam","2026-08-01 07:45:23",0.96919,10,seyamalam
1012,16707748,"Sarim Javed","2026-08-17 13:00:19",0.96919,4,sarimr
1013,16750039,"Taro Sakaguchi","2026-08-21 03:12:28",0.96919,3,tarosakaguchi
1014,16732546,"Ibai Ceberio","2026-08-27 12:37:17",0.96917,5,ibaiceberio
1015,16698451,"kiwong jung","2026-08-10 05:58:12",0.96917,2,kiwongjung
1016,16698445,sshh,"2026-08-10 23:36:07",0.96916,6,ssahhhh
1017,16698466,JeonJeonghui,"2026-08-10 13:25:47",0.96916,4,jeonjeonghui
1018,16704599,Lee14k,"2026-08-17 06:33:35",0.96916,14,lee14k
1019,16655208,"Abhinav Neelam","2026-08-21 08:04:42",0.96915,9,abhinavneelam
1020,16634361,"M. Syahrindra","2026-08-31 10:19:53",0.96914,37,mochammadsasuharno
1021,16668584,Raccoon2,"2026-08-12 18:22:25",0.96914,15,raccoon2
1022,16655614,"Yueyang Wang","2026-08-05 03:26:38",0.96914,4,dkexodus
1023,16730877,"Ahmed Elkasy","2026-08-31 19:25:52",0.96913,10,ahmedelkasy
1024,16690854,henri66,"2026-08-15 22:35:35",0.96912,2,henri665
1025,16693433,"Yang Tanxin(Artemis)","2026-08-31 22:33:20",0.96910,9,yangtanxin
1026,16698453,"Suyeon Noh","2026-08-10 23:30:56",0.96910,4,suyeonnoh
1027,16757731,nakayoshiver1,"2026-08-24 01:30:07",0.96909,7,nakayoshiver1
1028,16773374,awasq123,"2026-08-26 06:23:36",0.96909,1,awasq123
1029,16762122,sowhatwillwelearn,"2026-08-31 21:24:34",0.96908,3,sowhatwillwelearn
1030,16693935,kinosuke,"2026-08-31 02:34:11",0.96905,6,kosukekino
1031,16678643,Devanshk09,"2026-08-20 11:58:01",0.96904,16,"devanshk09,rishiraj29"
1032,16743875,Akiu17,"2026-08-27 00:32:39",0.96904,1,akiu17
1033,16758996,luicaru,"2026-08-28 15:02:30",0.96903,6,luicaru
1034,16698463,"sunhee back","2026-08-10 23:33:30",0.96903,6,sunheeback
1035,16762328,pansya,"2026-08-30 04:16:13",0.96902,2,pansya
1036,16742563,"My Pham Nguyen Ha ","2026-08-28 09:33:38",0.96902,18,myphamnguyenha
1037,16738703,"Oussama Khaldi","2026-08-19 19:31:34",0.96901,11,oussamakhaldii
1038,16707270,"Olena Gaponenko","2026-08-14 08:38:50",0.96900,8,olenagaponenko
1039,16792686,shimodas,"2026-08-30 11:53:17",0.96900,2,shimodas
1040,16689583,A_ladd_insane_Pirrip,"2026-08-16 02:47:33",0.96899,1,aladdinsanepirrip
1041,16639110,"SOUSSOU Koffi Désiré","2026-08-02 01:36:17",0.96898,8,soussoukoffidsir
1042,16704562,kouchan,"2026-08-28 22:39:06",0.96898,11,kouchan0104
1043,16663673,"Samuel Patton","2026-08-12 23:31:13",0.96898,45,samuelpatton22
1044,16698449,"Jinnie Yoon","2026-08-11 04:22:39",0.96894,5,jinnieyoon
1045,16644828,"CJ ROCKBALL","2026-08-15 11:17:24",0.96894,16,cjrockball
1046,16698152,"marine jang","2026-08-10 06:42:13",0.96894,4,marinejang
1047,16674622,thymeprn,"2026-08-19 17:29:27",0.96894,12,prajyotnula
1048,16757390,"Zakir Khan","2026-08-23 08:18:38",0.96893,2,zakirkhanhu
1049,16778698,"Andrew Leal70","2026-08-30 01:29:20",0.96893,7,andrewleal70
1050,16635912,L.E.Electron,"2026-08-13 11:55:27",0.96893,6,eelectronlee
1051,16635589,"Yilan Zhu","2026-08-02 10:59:28",0.96893,5,yilanzhu
1052,16639385,"NAWAZ SHARIF","2026-08-03 09:38:55",0.96892,2,nawazs4265
1053,16665010,"Reman Dey","2026-08-12 11:05:52",0.96891,3,remandey
1054,16660126,"Erwin Huizenga","2026-08-30 20:44:21",0.96891,147,erwinh
1055,16693365,"Oğuzhan Özdemir","2026-08-15 20:39:18",0.96889,5,ouzhanzdemir
1056,16638669,PavelLiashkov,"2026-08-02 08:29:06",0.96888,4,bigbag1983
1057,16795420,Peter_Pei,"2026-08-31 17:20:56",0.96888,4,peterpei123
1058,16641636,"Mika SHNHR","2026-08-30 14:20:50",0.96888,26,mikashnhr42261
1059,16705193,AIsummer2026,"2026-08-27 13:33:06",0.96887,26,aisummer2026
1060,16673991,"Wang Yayan","2026-08-07 03:22:24",0.96887,5,wangyayan0308
1061,16743324,"Ciobanu Robert Andrei","2026-08-21 21:45:19",0.96886,7,ciobanurobertandrei
1062,16634056,"Trish Cornelissen","2026-08-29 12:36:48",0.96884,125,tcspecialist
1063,16755207,"Shubham Tibrewal","2026-08-22 18:35:50",0.96884,2,researchai2026
1064,16698304,"KAIYU FENG","2026-08-12 07:00:22",0.96882,9,kaiyufeng
1065,16668570,"Saiyma Sarmin","2026-08-28 19:52:36",0.96877,23,saiymasarmin
1066,16694604,dengyufei,"2026-08-31 16:31:46",0.96877,36,dengyufei666
1067,16795511,wumingzhibei_99,"2026-08-31 19:37:04",0.96876,7,wumingzhibei99
1068,16757212,"Guido Bróccoli","2026-08-29 18:59:37",0.96876,21,guidobrccoli
1069,16765661,kamaras,"2026-08-27 06:37:35",0.96874,5,kamaras
1070,16698464,sonnarae,"2026-08-10 10:05:05",0.96873,5,sonnarae
1071,16726194,"ahmed hossam","2026-08-16 11:25:22",0.96873,5,ahmedhossam61
1072,16731985,"Tahseen Aslam","2026-08-31 14:26:07",0.96873,3,tahseenaslam
1073,16655628,"Azamat Sadikov","2026-08-28 10:11:00",0.96872,14,azamatsadikov
1074,16724020,shige,"2026-08-17 22:32:42",0.96871,3,shigechan
1075,16735073,"VINEET LAXMAN MALLARAP","2026-08-18 04:34:57",0.96871,5,vineetlaxmanmallarap
1076,16735656,anubh09,"2026-08-18 17:47:07",0.96870,1,anubh09
1077,16696680,"Yuandong Xu","2026-08-13 11:46:51",0.96869,4,yuandongxu
1078,16726400,MADX,"2026-08-16 14:28:49",0.96868,5,isejal
1079,16793125,"Jayaprakash Sundararaj","2026-08-30 16:44:18",0.96868,4,jpsundararaj
1080,16716122,"Archit Uke","2026-08-31 15:50:06",0.96868,1,archituke
1081,16768865,jx1573t,"2026-08-26 04:54:48",0.96865,8,jx1573t
1082,16722014,"Gnach Deraj","2026-08-24 07:05:58",0.96863,23,gnachderaj
1083,16785754,"Vincent-Adam Alimi","2026-08-30 22:08:52",0.96863,4,vincentadamalimi
1084,16660122,"cinnamon melon pig","2026-08-13 15:47:51",0.96863,2,cinnamonmelonpig
1085,16762534,"Shankar Shanmugham","2026-08-31 17:38:05",0.96863,4,sshankar11
1086,16674070,"Komarov Andrew","2026-08-18 21:14:51",0.96862,7,lucci01a
1087,16634206,miyu.k1aras@gmail.com,"2026-08-31 03:04:06",0.96861,82,miyuk1arasgmailcom
1088,16638925,"Prabhat Agnihotri","2026-08-30 07:22:40",0.96859,28,pls1999
1089,16639087,"Leo Torres","2026-08-13 03:38:10",0.96859,2,leotorres321
1090,16784870,"иван астахов","2026-08-31 12:41:59",0.96859,10,iastakhov
1091,16766174,"Maahir Soni","2026-08-30 10:24:36",0.96859,3,maahirsoni
1092,16723000,Юрий,"2026-08-17 11:42:13",0.96857,1,ussrgangrena
1093,16717157,"Manuel Burki","2026-08-15 05:06:54",0.96857,1,brmnlk
1094,16699212,SD,"2026-08-13 15:40:55",0.96857,17,stefdec
1095,16757241,@Vishwa20,"2026-08-23 13:22:06",0.96857,15,vishwavikas20
1096,16651594,"Bhanu Pratap Singh","2026-08-08 17:05:49",0.96856,17,kakarot167vegeta
1097,16635590,"Etsushi Yamamoto","2026-08-03 15:28:32",0.96856,6,etsushiyamamoto
1098,16634917,sasadai,"2026-08-17 10:24:01",0.96855,18,"kekicake,sasadai"
1099,16677745,Dinesh.N,"2026-08-10 17:10:57",0.96855,6,dineshn001
1100,16777282,Charlezz8z,"2026-08-29 07:24:25",0.96853,5,charlezz8z
1101,16707892,"Akalya Bharathi S A","2026-08-31 16:05:24",0.96853,66,akalyabharathisa
1102,16763791,"Edem Aniwa","2026-08-25 21:45:13",0.96850,1,edemaniwa
1103,16634257,"Abiram Bharathi S.A","2026-08-31 14:21:08",0.96849,15,abirambharathisa
1104,16642386,"Sudhanshu Singh","2026-08-31 20:42:58",0.96849,1,sudhanshu3112
1105,16772674,Taipei,"2026-08-31 23:50:55",0.96848,1,taipei0888
1106,16715230,zgdllt,"2026-08-30 09:55:28",0.96847,3,zgdllt
1107,16797715,"Yash Shah","2026-08-31 19:50:02",0.96846,3,yashshah2004
1108,16654357,"Aleksandr Ulianin","2026-08-06 21:49:08",0.96846,8,aleksandrulianin
1109,16717400,"Akmal Yaasir Fauzaan","2026-08-15 07:50:20",0.96845,3,akmalyaasir
1110,16698450,park,"2026-08-11 04:50:54",0.96845,10,jyeonning
1111,16716194,"Aniket Bandgar","2026-08-25 03:33:31",0.96845,5,"aniketsb,ayushmahadik1256,prat0511"
1112,16721890,"Pranali Shivaji Gadade","2026-08-14 11:29:01",0.96845,2,pranalishivajigadade
1113,16731851,Sandesh1813,"2026-08-17 10:15:08",0.96845,2,sandesh1813
1114,16739052,DynamicDuo,"2026-08-18 16:51:10",0.96845,2,"pranaliarunkarande,suhanipawar2503"
1115,16745925,parth076,"2026-08-20 06:49:40",0.96845,2,parth076
1116,16730474,"Jishnu Bhutkar","2026-08-31 08:58:21",0.96845,2,jishnubhutkar
1117,16733013,"EBN MASER","2026-08-17 16:07:45",0.96844,10,ebnmaser
1118,16729678,"Kieran Moffat","2026-08-22 11:14:37",0.96843,7,kieranmoff
1119,16638276,NoOneAhead,"2026-08-01 17:30:35",0.96842,1,jerrlu
1120,16635621,"Mubashir Ul Hassan","2026-08-12 01:09:18",0.96840,1,mubashirulhassan00
1121,16698455,yunheekimm,"2026-08-10 11:48:30",0.96840,3,yunheekimm
1122,16797239,LumiRuvenne,"2026-08-31 17:11:22",0.96837,3,lumiruvenne
1123,16649815,"as Rd see the uhh fs the","2026-08-22 23:45:27",0.96836,14,asrdseetheuhhfsthe
1124,16634554,"Hugues Bousquet","2026-08-11 16:50:48",0.96836,6,huguesbousquet
1125,16694026,mutsumi,"2026-08-15 07:42:10",0.96834,1,mutsumit
1126,16733358,"GG FOR ALL","2026-08-22 15:32:50",0.96834,13,ggforall
1127,16640917,"Kian Maghsoodi","2026-08-31 22:32:52",0.96834,4,kizmodo
1128,16661421,"Otchym Grazny","2026-08-21 17:43:47",0.96833,7,otchymgrazny
1129,16737525,"alex chilton","2026-08-18 21:29:51",0.96831,4,alexchilton
1130,16674898,"Lu Mingming","2026-08-08 23:40:11",0.96828,6,mming0430
1131,16782749,"Rodrigo Nader","2026-08-28 05:55:40",0.96827,3,rodrigosnader
1132,16795577,"VALENTINA SHVETSOVA","2026-08-31 22:03:49",0.96827,3,valentinashvetsova
1133,16779316,KaluzaKlein,"2026-08-28 10:38:03",0.96825,2,kaluzaklein
1134,16785148,"Prasiddha Koirala","2026-08-29 06:17:51",0.96825,6,prasiddhakoirala
1135,16678621,masterlincs,"2026-08-09 19:21:20",0.96825,16,masterlincs
1136,16759116,"Mehmet Özel","2026-08-24 10:14:26",0.96824,9,mehmetozell
1137,16653013,"Justine Lopez","2026-08-14 13:52:02",0.96824,12,justinelopez
1138,16737554,"Beyond Accuracy","2026-08-27 14:05:00",0.96822,4,"anushkad21,prajaktaraghunathsan,varadkatti07816"
1139,16639435,"Sergei Lepitko","2026-08-25 01:42:28",0.96821,61,sergeilepitko
1140,16634339,mochi0601,"2026-08-30 17:14:25",0.96819,130,mochi0601
1141,16642111,SARANG,"2026-08-29 20:53:32",0.96819,15,vh10935cse20
1142,16728392,bankrupted,"2026-08-16 14:31:10",0.96819,1,bankrupted
1143,16640756,QiYian,"2026-08-31 16:40:50",0.96818,13,"uhduih123,yunqitianxiao"
1144,16657865,"Patrice MAZEL","2026-08-21 11:09:30",0.96817,3,patricemazel
1145,16731133,"Waihei Yuk","2026-08-24 09:38:28",0.96816,4,waiheiyuk
1146,16634003,"Nirmal Patel","2026-08-03 17:41:59",0.96816,5,nirmalpatel02
1147,16738760,"Harish Yadav","2026-08-25 12:37:40",0.96815,8,harishyadav0506
1148,16708443,xiaohuangtheory,"2026-08-31 15:23:08",0.96814,3,xiaohuangtheory
1149,16670650,"Brendon Wang","2026-08-16 16:52:56",0.96813,10,invisiblefire
1150,16634015,"Adrien Thomas","2026-08-31 17:08:56",0.96813,7,adrienthomas
1151,16734030,Timurlan,"2026-08-31 18:39:28",0.96812,1,asxiii
1152,16635577,casati8,"2026-08-31 12:40:59",0.96811,29,casati8
1153,16653791,"Andre Endress","2026-08-18 17:54:53",0.96810,7,andreendress
1154,16655038,"Baseer Shah","2026-08-05 20:08:12",0.96809,3,baseershah
1155,16657903,SamSV,"2026-08-25 09:31:26",0.96809,8,sameerasvithanage
1156,16764701,TtAI1302,"2026-08-29 04:03:25",0.96809,9,ttai1302
1157,16679008,"kavvyashre v","2026-08-06 22:05:04",0.96809,1,kavvyashrev
1158,16724690,Async,"2026-08-28 22:51:42",0.96808,51,k1y0sh1
1159,16680898,jiweijing,"2026-08-31 09:22:30",0.96808,27,jiweijing
1160,16711876,"Mark Cooper","2026-08-18 00:01:59",0.96808,12,markjcooper
1161,16745869,SunaoCool,"2026-08-20 05:39:50",0.96806,2,yoshikinishita
1162,16706542,"yuyang he2004","2026-08-31 20:43:35",0.96806,4,"celina41,yuyanghe2004"
1163,16754011,"Varun Gupta","2026-08-22 19:48:01",0.96806,6,mister2005
1164,16644539,"Sudhir Sharma","2026-08-09 19:47:40",0.96806,4,satanic47
1165,16725019,久原祐輝,"2026-08-16 03:14:38",0.96805,3,yuki0524
1166,16655094,Wakabourne,"2026-08-23 12:27:43",0.96804,6,wakabourne
1167,16644890,Sunshien-1023,"2026-08-16 04:04:39",0.96803,5,sunshien1023
1168,16642334,"Sarvesh Nikas","2026-08-13 06:49:24",0.96803,7,sarveshnikas
1169,16664613,"Prosotas dubiosa","2026-08-31 12:07:01",0.96803,13,prosotasdubiosa
1170,16719421,"Aidan Furlong","2026-08-15 18:47:39",0.96800,3,aidanfurlong
1171,16728606,LZZZzzzj,"2026-08-30 16:33:18",0.96799,6,lzzzzzzj
1172,16702550,XuHaoRan1233,"2026-08-10 20:50:21",0.96799,9,xuhaoran1233
1173,16635998,DaniilSnegurov,"2026-08-01 20:13:45",0.96797,5,daniil6437829
1174,16736618,"Jeffery Mei","2026-08-19 05:12:07",0.96797,3,callmejeffery
1175,16633711,"Gaurav Dutta","2026-08-30 02:13:52",0.96796,41,gauravduttaiiitb
1176,16704478,"Dark Bhai","2026-08-31 22:32:06",0.96796,3,darkhkr
1177,16791386,"Aashutosh Kumar Bhardwaj","2026-08-30 19:30:41",0.96795,2,aashutoshbhardwaj5
1178,16795118,LULU,"2026-08-31 19:11:30",0.96794,6,"luluwenhaolulu,qingwending"
1179,16633992,Shailesh,"2026-08-21 08:14:27",0.96794,9,shailesh5430
1180,16760124,"Dhruv Tibarewal","2026-08-23 20:41:12",0.96794,4,dhruvtibarewal
1181,16718168,"Maksym Tkachenko","2026-08-17 17:18:00",0.96794,3,dngrsdev
1182,16663781,"Mark Conrad","2026-08-22 01:38:40",0.96794,20,markds1
1183,16701197,绯色月下,"2026-08-16 02:19:33",0.96792,3,mclster
1184,16756649,"Emir Koc","2026-08-28 13:39:09",0.96792,3,emirkoc17
1185,16685454,"Qudsiya Siddique","2026-08-17 17:16:43",0.96791,11,qudsiyasiddique
1186,16790078,"He Yufeng","2026-08-30 11:27:26",0.96790,1,heyufeng2003
1187,16679724,"Sreekaran Reddy1704","2026-08-07 13:03:03",0.96790,2,sreekaranreddy1704
1188,16634980,"Luca Lullo","2026-08-31 20:31:24",0.96789,25,lucalullo
1189,16680616,"Amarjeet Singh","2026-08-22 14:13:03",0.96787,3,amarjeetsingh016
1190,16639037,dukka,"2026-08-28 11:54:47",0.96787,41,onurozahioglu
1191,16724765,"Steven Liwang","2026-08-25 12:12:13",0.96787,5,stevenliwang
1192,16635313,harwinder_singh_766,"2026-08-07 19:28:58",0.96787,10,harwindersingh766
1193,16739476,"Nilesh Prakash Raut","2026-08-31 14:25:15",0.96785,4,nileshprakashraut
1194,16665483,Rishi_Lokesh07,"2026-08-24 16:09:58",0.96785,12,rishilokesh07
1195,16790236,"Rohit Loharkar","2026-08-31 20:47:39",0.96785,2,rohitloharkar
1196,16747931,MikhailBoltyshev,"2026-08-26 07:03:15",0.96784,2,mikhailboltyshev
1197,16639656,kazkod,"2026-08-15 11:32:25",0.96781,2,kazkod
1198,16778791,ShubxJha,"2026-08-31 15:13:23",0.96781,2,shubxjha
1199,16696338,dianatofficial,"2026-08-27 15:29:01",0.96781,13,dianatofficial
1200,16643118,"Junyeong Ahn","2026-08-03 20:24:42",0.96780,6,junyeongahn
1201,16667891,"Alikhan Gavrilov","2026-08-27 16:20:43",0.96780,13,alikhangavrilov
1202,16637262,"Jesús Sevilla Pérez","2026-08-20 08:17:59",0.96780,5,jesssevillaprez
1203,16633739,SkibidiUzbek,"2026-08-23 23:35:10",0.96779,9,dummkopf
1204,16734358,"hero from zero","2026-08-17 21:32:54",0.96779,2,herofromzero
1205,16722039,"Reem Abdel-Salam","2026-08-31 10:49:22",0.96778,13,protegototalum
1206,16726699,"Behiye Bedir","2026-08-20 15:26:44",0.96776,16,behiyebedir
1207,16634299,"Javier Agnir","2026-08-19 09:51:18",0.96776,5,javieragnir
1208,16688511,"Sri Datta Yaddanapudi","2026-08-08 19:29:11",0.96776,4,sridattayaddanapudi
1209,16766139,"Alberto de Alarcón Sánchez","2026-08-29 15:07:32",0.96773,8,albertodealarcon
1210,16768182,"Mohit Pandey","2026-08-26 21:19:25",0.96770,2,mojoji
1211,16634638,xFlilax,"2026-08-31 10:33:53",0.96770,3,xflilax
1212,16634255,"Phoneix Algorithms","2026-08-15 13:06:33",0.96770,41,"mohankrishnathalla,neelamuday,rakesh630"
1213,16639270,Tigerpiotta,"2026-08-21 08:51:11",0.96768,11,tigerpiotta
1214,16726797,"T T‗Worker","2026-08-24 03:25:30",0.96767,13,ttworker
1215,16713881,"Gabriele Santoro","2026-08-16 20:42:16",0.96767,1,gabrielesantoro
1216,16669759,"Anuj Saha","2026-08-08 21:41:33",0.96766,13,anujsaha0123456789
1217,16634515,Arukyan,"2026-08-28 03:41:45",0.96765,25,arukyan
1218,16643248,glock48,"2026-08-02 22:10:42",0.96764,3,glock48
1219,16724168,cocohuangke,"2026-08-19 16:25:02",0.96763,4,cocohuangke
1220,16735074,"PRERANA MADAVI","2026-08-18 04:34:21",0.96762,4,preranamadavi
1221,16679060,JeovaAnderson,"2026-08-07 07:29:36",0.96761,1,jeovaanderson
1222,16663400,"Alex Bissacco","2026-08-10 20:56:11",0.96761,23,alexbissacco
1223,16634405,"Laksika Tharmalingam","2026-08-01 07:23:18",0.96761,8,uom190346a
1224,16639276,"Jayant Parashar","2026-08-05 17:57:05",0.96761,8,jayantparashar
1225,16794682,"xiang156 xu","2026-08-31 03:54:25",0.96760,1,xiang156xu
1226,16723886,igtheflash,"2026-08-16 11:30:58",0.96756,4,hengnui
1227,16769705,"Soheib Miloudi","2026-08-25 11:12:37",0.96751,2,soheibmiloudi
1228,16654492,"Tsyban Valery","2026-08-30 06:52:16",0.96750,8,tsybanvalery
1229,16741540,"Andrei Lefter","2026-08-25 10:50:03",0.96748,6,andreilefter23
1230,16640760,Mutahar,"2026-08-31 08:00:09",0.96746,30,mmalam
1231,16792509,"Chong Xuan Ng","2026-08-30 10:41:22",0.96743,1,chongxuanng
1232,16687198,"Jakub Cabala","2026-08-10 18:34:14",0.96743,4,jakubcabala
1233,16640767,"GEORGE DOUKAS","2026-08-30 20:45:50",0.96742,18,georgedoukas
1234,16786547,Spandan,"2026-08-31 07:40:00",0.96742,2,laughtime
1235,16716517,"poignant padaeng","2026-08-28 08:29:45",0.96741,24,poignantpadaeng
1236,16701740,"Sirui Zheng452","2026-08-10 18:56:47",0.96740,4,siruizheng452
1237,16710691,Yuriii12345,"2026-08-28 06:49:49",0.96740,7,yuriii12345
1238,16794386,"Hunter Mimaroglu","2026-08-31 20:44:50",0.96738,2,huntermimaroglu
1239,16641449,"A Aswanth Raj","2026-08-02 12:56:37",0.96737,2,aaswanthraj
1240,16748965,abdur_developer,"2026-08-31 20:08:45",0.96737,33,abdurdeveloper
1241,16779650,ZAOUI_Yassine,"2026-08-28 12:40:45",0.96737,20,zaouiyassine
1242,16665607,"Oscar Yáñez Feijóo","2026-08-16 07:56:51",0.96737,3,oscaryezfeijo
1243,16634050,"Dinh Bao Binh Tran","2026-08-07 14:49:11",0.96736,4,dinhbaobinhtran
1244,16695796,"Haozhe Wang 2022","2026-08-10 02:58:05",0.96736,2,haozhewang2022
1245,16674432,松田啓太,"2026-08-30 10:21:25",0.96735,54,nekonekonekone
1246,16644272,"SYED HANZALA ALI SHAH","2026-08-10 18:39:54",0.96735,16,syedhanzalaalishah
1247,16727606,Cadb3rry,"2026-08-18 14:53:17",0.96735,3,cadb3rry
1248,16735417,Doreamon,"2026-08-29 23:31:00",0.96735,7,"rohitshelke26,sanjanaingleshwar66"
1249,16688117,"Grzegorz Zawadzki","2026-08-08 20:32:59",0.96734,9,grzegorzzawadzki
1250,16744659,"Arun Gyawali","2026-08-21 19:41:25",0.96733,4,lucymlai32
1251,16785164,"Mobeen Fatima","2026-08-29 04:54:52",0.96731,1,mobeenfatimah
1252,16754654,Bitok_001,"2026-08-25 04:57:44",0.96727,2,bitok001
1253,16662221,"Aditya Raj Singh","2026-08-18 19:51:00",0.96725,1,aditya9151
1254,16738069,Bilkenters,"2026-08-20 17:22:57",0.96725,20,"ahmetthelegend,arifbaranbykalan"
1255,16638278,"dimitrios tsiakoulias","2026-08-13 02:26:36",0.96725,17,dimitriostsiakoulias
1256,16758067,Fuwari618,"2026-08-30 04:27:18",0.96724,4,fuwari618
1257,16714112,Marwan_Mostafa,"2026-08-19 16:29:04",0.96724,3,marwanmostafa222012
1258,16634388,"Jonok Sharma","2026-08-05 09:53:54",0.96724,12,jonoksharma
1259,16724484,"Yueci Li","2026-08-30 12:01:31",0.96723,5,"albertliu1,yuecili"
1260,16729306,"Şeyma Nur ARI","2026-08-27 19:38:06",0.96722,5,eymanurari
1261,16653203,"Akshara Akshi","2026-08-03 19:49:26",0.96720,5,aksharaakshi
1262,16641154,thinkrunner,"2026-08-31 12:03:57",0.96719,39,thinkrunner
1263,16644147,C4rl05/V,"2026-08-15 00:30:21",0.96719,15,cv13j0
1264,16663898,"keita exe","2026-08-05 05:43:45",0.96718,2,keitaexe
1265,16682969,"Misbah Fatima","2026-08-17 19:12:25",0.96715,1,misbah278
1266,16717871,"Pierre FAURE-GEORS","2026-08-28 12:59:01",0.96715,10,pierrefauregeors
1267,16724152,北村七海,"2026-08-31 13:11:51",0.96712,1,nnnanami
1268,16634988,"Wei Hsiang Lin111","2026-08-06 09:14:45",0.96712,1,weihsianglin111
1269,16743284,"Fernando Rodrigues","2026-08-20 14:29:26",0.96711,2,fernandosr85
1270,16652961,Alexdruso,"2026-08-15 13:22:02",0.96711,4,alessandrosanvito
1271,16633996,Akahachi,"2026-08-25 06:49:43",0.96711,9,wordcards
1272,16664673,JiéHuángSoDope,"2026-08-06 06:31:05",0.96711,4,kiethuynhisme
1273,16744202,Lukas,"2026-08-26 15:35:45",0.96710,7,lukab25
1274,16655476,Rayy,"2026-08-31 23:48:37",0.96710,2,cloudcuckoo
1275,16639299,"Satyam Kumar0725","2026-08-23 20:31:11",0.96710,17,satyamkumar0725
1276,16718306,"Saad Furquan","2026-08-28 07:52:40",0.96707,16,saadfurquan
1277,16706088,"Ömer Faruk Tekin","2026-08-13 16:26:44",0.96707,15,faruktekin
1278,16704595,"Sanket Kharche","2026-08-20 16:34:13",0.96707,2,sanketkharche123
1279,16729837,Kapil,"2026-08-19 13:50:57",0.96706,15,kapil3
1280,16719031,Md.Tayyab,"2026-08-18 15:00:25",0.96706,9,mdtayyab
1281,16659745,"Nursultan Koshekbaev","2026-08-06 13:41:08",0.96706,1,nursultankoshekbaev
1282,16710837,"Святослав Проців","2026-08-17 12:46:59",0.96705,1,tpochuk
1283,16722645,Egunuraka,"2026-08-19 11:47:43",0.96704,12,egunuraka
1284,16790471,NynsenFaber,"2026-08-30 19:32:28",0.96703,4,nynsenfaber
1285,16687002,CherylStoned,"2026-08-08 12:35:56",0.96703,8,cherylstoned
1286,16701673,"Toheed Quraishi","2026-08-28 15:40:45",0.96700,1,"afreen1207,mdsarwashahmed,toheedquraishi"
1287,16730572,ltt7476,"2026-08-25 06:15:10",0.96700,1,ltt7476
1288,16696374,Abhinav0067,"2026-08-27 12:54:59",0.96699,6,abhinav0067
1289,16743444,"Vultur Stefana","2026-08-22 00:31:45",0.96699,4,vulturstefana
1290,16642410,"deepankur lohiya","2026-08-26 17:18:26",0.96698,9,deepankurlohiya
1291,16783629,lyagushkerr,"2026-08-31 13:57:21",0.96698,5,lyagushkerr
1292,16781939,Blake,"2026-08-31 23:42:05",0.96698,1,blaket3
1293,16706645,"Shashank reddy","2026-08-12 08:41:49",0.96697,2,shashankreddy123987
1294,16681918,shark++,"2026-08-20 13:38:15",0.96695,9,"learnwaterflow,serenalcc,vincentyingxichen"
1295,16721475,cr4bbz,"2026-08-15 21:26:53",0.96695,16,julianvoigt
1296,16793939,"Krishna Trehan","2026-08-31 12:14:26",0.96695,6,krishnatrehan
1297,16634391,SamyukthaV,"2026-08-26 20:48:45",0.96694,3,"poojashree1789,samyuktha12v"
1298,16716302,"Benedictus Ryu Gunawan","2026-08-13 13:44:10",0.96694,4,benedictusryugunawan
1299,16664371,mxt1022,"2026-08-07 08:36:11",0.96692,7,unlome
1300,16651493,"Samvel Serobyan","2026-08-03 10:04:51",0.96692,2,samvelserobyan
1301,16677278,"BOUSSEBATA ISSAM","2026-08-07 22:50:19",0.96692,4,boussebataissam
1302,16640601,"Pranav Uniyal","2026-08-13 08:49:06",0.96692,10,fall2fire
1303,16747834,llorenzo,"2026-08-23 18:08:54",0.96691,2,llorenzok
1304,16671499,Pig30nidaE,"2026-08-06 07:50:04",0.96691,2,pig30nidae
1305,16776892,"gyanaranjan mishra","2026-08-27 17:20:56",0.96691,10,gyanaranjanmishra
1306,16639951,kntnkm,"2026-08-02 23:31:08",0.96687,3,kntnkm
1307,16772034,"Bouthina ikram Zergaouina","2026-08-31 21:55:14",0.96685,2,bouthinaikzergaouina
1308,16719171,"Donald Galliano III","2026-08-14 03:24:52",0.96685,2,donaldgalliano
1309,16728635,"Prithvi Bansal","2026-08-17 04:53:16",0.96684,1,prithvibansal07
1310,16697313,"Brice Piaple","2026-08-09 20:43:01",0.96683,2,livaikira
1311,16797662,"Chaudhary Harsh7","2026-08-31 18:26:37",0.96683,2,chaudharyharsh7
1312,16767876,MatthewEmery,"2026-08-25 00:00:07",0.96680,4,memery44
1313,16636781,"arnav chaturvedi123","2026-08-11 14:47:37",0.96680,10,arnavchaturvedi123
1314,16642610,"Ryan Altic","2026-08-04 03:40:01",0.96679,4,ryaltic
1315,16783790,"Arjun Saha","2026-08-29 08:45:15",0.96679,4,arjunsaha21
1316,16634486,UnfriendlyAI,"2026-08-31 16:05:20",0.96679,40,unfriendlyai
1317,16774013,"Jie Zhou0428","2026-08-27 05:17:46",0.96679,6,jiezhou0428
1318,16633710,torrreeesss,"2026-08-04 21:41:34",0.96678,5,torrreeesss
1319,16635721,"Muhammad Faheem","2026-08-07 10:32:14",0.96676,6,muhammadf4h33m
1320,16706050,"Sarthak #2","2026-08-14 13:03:18",0.96675,6,srthkdixit
1321,16639608,"Samuel Irenikase","2026-08-31 05:55:10",0.96675,1,samuelirenikase
1322,16706199,"Gaurav kumar","2026-08-14 01:22:50",0.96672,3,gauravkrsinha
1323,16647693,"Avinash maurya","2026-08-17 22:46:08",0.96672,7,avinash2009
1324,16713767,"Wafa ALDALBAHI","2026-08-13 03:46:37",0.96671,1,wafasaifaldalbahi
1325,16727224,"Ethika Das","2026-08-23 14:32:30",0.96671,3,ethikadas
1326,16764739,Maimun1,"2026-08-27 18:30:58",0.96671,3,maimun1
1327,16722722,"Andrea Moschetti","2026-08-30 06:25:07",0.96670,37,andreamoschetti
1328,16786057,"Md Delwar Husen","2026-08-31 16:23:23",0.96670,2,mddelwarhusen
1329,16686508,butlerc9,"2026-08-16 21:34:32",0.96669,11,butlerc9
1330,16724636,Tris05,"2026-08-16 17:02:28",0.96669,2,trishanadar
1331,16751107,art6521,"2026-08-31 02:16:20",0.96668,4,arturojeich
1332,16790285,Sunjiadong12,"2026-08-31 05:35:03",0.96668,3,sunjiadong12
1333,16635392,jesusvivo,"2026-08-01 16:20:30",0.96668,5,jesusvivo
1334,16638477,Kshitij,"2026-08-15 08:37:53",0.96667,9,kshitijkhonde
1335,16663776,"David Guzzi","2026-08-24 23:39:57",0.96667,8,davidguzzi
1336,16695984,PersonName54,"2026-08-10 18:41:06",0.96666,2,personname54
1337,16691179,wesley,"2026-08-09 09:13:38",0.96664,1,wesleyhuan
1338,16725465,Max,"2026-08-15 20:28:15",0.96664,2,mn12111
1339,16743667,gizmrkv,"2026-08-23 05:16:47",0.96662,3,gizmrkv
1340,16640926,"Yasmine Laajailia","2026-08-02 16:16:36",0.96661,1,yasminelaajailia
1341,16635423,LouisPlottier,"2026-08-29 18:44:23",0.96661,6,louisplottier
1342,16637037,rahfar,"2026-08-17 20:44:24",0.96661,5,airmech
1343,16729509,"Sarthak Sharma #2","2026-08-17 20:51:34",0.96661,4,sarthaksharma14
1344,16760183,迫田　莉空,"2026-08-31 13:35:54",0.96660,4,dustpptale
1345,16723180,"Reda HEDDAD","2026-08-25 14:32:51",0.96660,3,redaheddad
1346,16634851,Emilia_ZET,"2026-08-24 20:34:09",0.96660,5,emiliazet
1347,16634470,Gravity,"2026-08-21 16:37:09",0.96657,16,shivamgravity
1348,16652913,"Baha Enes Ören","2026-08-30 00:06:10",0.96657,6,bahaenesren
1349,16726715,"Nguyen Binh Ho","2026-08-20 02:29:03",0.96657,6,nguyenbinhho
1350,16651635,RudraSingh0001,"2026-08-11 16:25:50",0.96657,9,rudrasingh0001
1351,16639673,T_Techno,"2026-08-23 06:28:57",0.96655,8,ttechno
1352,16694753,"Nishant Kumar","2026-08-09 11:11:03",0.96655,4,nishantkumarabes
1353,16766362,"Yegor Vynokurov","2026-08-31 08:17:53",0.96654,6,vynokurovyegor
1354,16709518,"Sanjay Dilip","2026-08-24 13:40:28",0.96653,6,sanjaydilip
1355,16660244,Moujoudix,"2026-08-24 09:25:18",0.96653,7,mjdism
1356,16713939,"resolution time","2026-08-13 05:24:30",0.96653,7,resolutiontime
1357,16668293,"Marcos Silveira","2026-08-30 12:46:48",0.96652,126,msilve
1358,16674997,imjamj01,"2026-08-14 05:30:09",0.96652,22,takemayuj01
1359,16765527,reimei2009,"2026-08-24 10:45:59",0.96652,1,reimei2009
1360,16639373,stxrs7,"2026-08-11 19:51:34",0.96651,8,tomhejl
1361,16634074,"Ali Shahi","2026-08-31 03:26:47",0.96650,7,k1shahi
1362,16633876,"Alfandi Hassan","2026-08-03 14:28:26",0.96650,7,alfandihassan
1363,16644430,"SHUBH SETH","2026-08-29 11:15:36",0.96650,16,sethshubh
1364,16725156,perry,"2026-08-15 16:10:03",0.96649,3,perry040411
1365,16775208,"Anim Samuel K.","2026-08-31 20:28:03",0.96649,12,animsamuelk
1366,16706964,GregH,"2026-08-21 14:37:45",0.96649,7,eosgreg
1367,16753936,"Galvin Prime","2026-08-22 15:57:32",0.96649,6,"shanmukhvilluri,thrishankkarri"
1368,16665096,"Can Gürcüoğlu","2026-08-26 13:25:53",0.96648,1,cangurcuoglu
1369,16659862,"Anant jain","2026-08-31 10:50:42",0.96648,11,anantjain159
1370,16635736,"AFSHA ANJUM","2026-08-29 20:57:25",0.96648,3,afshakhan007
1371,16638058,"Mohammad Elsayed","2026-08-01 23:16:26",0.96648,3,someotherbody
1372,16641325,Mikey-TraceGod,"2026-08-02 12:16:58",0.96648,1,mikeytracegod
1373,16706159,"Koki ANDO","2026-08-13 04:53:06",0.96647,7,kokiando
1374,16649441,VisionSpace,"2026-08-31 11:10:42",0.96647,26,"camacho10,emacedo"
1375,16711878,teddyoweh,"2026-08-12 20:48:31",0.96647,3,teddyoweh
1376,16645388,Ivan1625,"2026-08-10 03:13:18",0.96647,3,ivan1625
1377,16636018,Avrs,"2026-08-15 14:44:49",0.96646,1,hussainafroz
1378,16725077,Shanks,"2026-08-16 09:29:40",0.96646,1,shashx
1379,16634189,vvqqpptt,"2026-08-02 00:09:47",0.96646,2,vvqqpptt
1380,16723471,"Sonali Duvesh","2026-08-31 09:28:01",0.96646,11,sonaliduvesh
1381,16716034,sooflee,"2026-08-13 09:01:39",0.96646,2,sooflee
1382,16659966,"Team Hynixplz","2026-08-24 10:07:48",0.96645,7,wkddnjs1998
1383,16759192,"Arda Hepguler","2026-08-29 23:10:00",0.96645,14,ardahepguler
1384,16730037,MattRP,"2026-08-17 18:40:45",0.96645,6,mattrp
1385,16761940,Anvar,"2026-08-25 15:01:45",0.96645,4,anvarbekatayev
1386,16641595,"Pius Ajamma","2026-08-04 15:30:33",0.96645,4,piusajamma
1387,16725969,Md-Ali-Azad,"2026-08-15 22:58:34",0.96645,2,mdaliazad
1388,16634177,Obzngs,"2026-08-31 19:13:06",0.96644,16,obzngs
1389,16724296,"Sreejit Pradhan","2026-08-22 04:32:19",0.96644,10,sreejitpradhan
1390,16696536,"Žak Ruben Šinkovec","2026-08-31 21:31:28",0.96644,7,akrubeninkovec
1391,16636530,"S Aishvarya","2026-08-09 07:15:10",0.96644,8,saishvarya
1392,16770390,kirill_davidovskiy,"2026-08-25 13:23:27",0.96644,2,kirilldavidovskiy67
1393,16657447,"Ryan Lence","2026-08-05 20:35:42",0.96644,6,mylabsllc
1394,16661516,"ِAli Barakat","2026-08-08 16:15:59",0.96643,1,alibarakat7215454
1395,16723868,computersoul,"2026-08-22 03:00:03",0.96643,3,computersoul
1396,16667864,"Eren Demirtaş","2026-08-06 15:29:54",0.96643,3,agining
1397,16701566,"Papa Annan","2026-08-10 15:50:45",0.96643,2,papaannan
1398,16659753,nouvya,"2026-08-10 08:33:32",0.96642,7,nouvya
1399,16671972,"Brad Hill","2026-08-29 21:07:54",0.96642,6,jhill101
1400,16790141,Ardahep,"2026-08-29 13:28:56",0.96642,1,ardahep
1401,16634595,donkedo,"2026-08-10 15:34:17",0.96642,47,donkedo
1402,16688604,Silveris2,"2026-08-25 08:28:23",0.96642,3,silveris2
1403,16641626,Matts6591,"2026-08-06 12:13:38",0.96642,8,mathwithmatt
1404,16707196,VaraPrabha,"2026-08-12 16:41:49",0.96641,3,galiveetipoornima
1405,16634967,BwandoWando,"2026-08-21 03:54:15",0.96641,1,bwandowando
1406,16759970,"Hassen Hicheri","2026-08-23 15:24:21",0.96641,6,hassenhicheri
1407,16746482,"Aman thakur04","2026-08-25 13:05:58",0.96641,9,amanthakur04
1408,16635347,AAAMIKASA,"2026-08-01 19:25:07",0.96640,7,aaamikasa
1409,16695835,"Kuba Kościan","2026-08-14 14:05:02",0.96640,8,kubakocian
1410,16664038,"Edward L","2026-08-15 00:09:00",0.96640,5,treedle
1411,16658035,"Jimmy Wang","2026-08-05 06:21:17",0.96639,7,renedescarteees
1412,16779915,"Farid Pangestu Aji","2026-08-31 10:25:15",0.96639,12,faridpangestuaji
1413,16742231,Barbagrande007,"2026-08-28 15:59:15",0.96638,7,barbagrande007
1414,16665053,KHuShIMaHajan,"2026-08-22 14:30:39",0.96638,2,bymista4578
1415,16770496,"Goga Vlad","2026-08-25 12:12:45",0.96638,1,gogavlad
1416,16666681,"Bery Max","2026-08-31 16:05:11",0.96638,7,berymax
1417,16767785,"Abina Kukanova","2026-08-26 19:56:56",0.96638,4,abinakukanova15
1418,16706371,Zerixter,"2026-08-18 14:17:09",0.96637,2,zerixter
1419,16750795,"Nash Adam","2026-08-21 05:08:06",0.96637,6,lichclass
1420,16659780,"Pranjal Arya","2026-08-31 05:25:30",0.96637,3,pranjalaryaa
1421,16791376,"Saj Patel","2026-08-29 23:31:48",0.96637,2,sajpatel15
1422,16670529,"bobby lucido","2026-08-06 01:37:12",0.96637,3,bobbylucido
1423,16640475,"Karan Tanshukh","2026-08-11 13:03:35",0.96637,9,karantanshukh
1424,16693298,"Jaan Olev","2026-08-23 13:56:38",0.96637,2,jaanolev11
1425,16644170,"Priyanshu Mittal","2026-08-20 17:44:32",0.96636,15,"piyushprashant0799,priyanshu310"
1426,16698853,"SAI ESHWAR S","2026-08-11 05:23:10",0.96635,1,saieshwars
1427,16739602,"Fred Bicknell","2026-08-31 16:07:41",0.96635,1,fredbicknell
1428,16724225,"NAGIREDY SURYA","2026-08-21 05:57:48",0.96635,1,nagiredysurya
1429,16759018,"Callum Stephen Connell","2026-08-22 18:57:05",0.96635,3,callumstephenconnell
1430,16749942,"Tymofii Kyrylenko","2026-08-25 12:42:40",0.96634,1,timonneon
1431,16635319,"Shamanthak Reddy Mallu","2026-08-27 05:59:41",0.96634,2,shamanthakreddymallu
1432,16777745,"Daniel Bandy","2026-08-27 06:57:54",0.96634,5,goddangitboby
1433,16633747,"Adama Traore","2026-08-04 00:12:51",0.96634,21,adamstra
1434,16742315,"Aiman Al-Shalfi","2026-08-21 13:23:34",0.96634,14,aimanalshalfi
1435,16761278,"JiaHui Ni ","2026-08-26 13:02:29",0.96633,1,jiahuini
1436,16771963,"varshitha kolupuri","2026-08-30 12:48:32",0.96633,2,varshithakolupuri
1437,16640012,N.I,"2026-08-06 11:43:10",0.96633,10,nariakiinamine
1438,16730166,"Soham Dave","2026-08-17 03:45:25",0.96633,3,sohamdave19
1439,16680557,"Takashi Miura","2026-08-07 04:04:31",0.96632,1,takasshu
1440,16660218,"Babul Kumar","2026-08-31 09:57:21",0.96632,5,babulkumar07
1441,16735302,"Zechu Liu","2026-08-18 14:33:28",0.96632,4,wafflebear
1442,16661918,"Mazen Hassane","2026-08-19 14:49:13",0.96631,25,mazenhassane
1443,16708052,"Paul Ryan","2026-08-14 16:12:17",0.96630,6,justaloaf
1444,16651202,"Sem Simonyan","2026-08-03 10:14:14",0.96630,2,semsimonyan
1445,16648235,"Alibay Alili","2026-08-31 13:15:05",0.96630,4,alibay
1446,16634731,"Rugved Bane","2026-08-30 14:49:35",0.96629,34,rugvedbane
1447,16765637,Karan8435,"2026-08-30 07:48:12",0.96629,3,karan8435
1448,16715356,"Dias Tashev, MD","2026-08-13 11:03:35",0.96628,4,diassio
1449,16652691,TUNA,"2026-08-04 14:05:23",0.96628,2,magurodataanalysis
1450,16635550,Punyak,"2026-08-23 17:06:33",0.96628,26,punyakdei
1451,16669087,JosephKHassan,"2026-08-05 22:13:45",0.96628,1,josephkhassan
1452,16737496,xixiheihei,"2026-08-24 08:47:25",0.96627,2,xixiheihei
1453,16759389,mrrakk,"2026-08-27 15:59:03",0.96627,1,mrrakk
1454,16639115,"Iwo Grzeszkowski","2026-08-07 07:39:34",0.96627,5,iwogrzeszkowski
1455,16689462,"Allen Donald","2026-08-09 12:39:32",0.96627,3,allendonald
1456,16676474,"Isaac Quishpillo ","2026-08-08 00:14:28",0.96627,6,isaacquishpillo
1457,16693261,ikazen,"2026-08-28 21:00:14",0.96625,9,ikazen
1458,16715906,ninja496,"2026-08-14 11:54:20",0.96625,3,"ankit0208,ninja496"
1459,16650258,"Yihan Guo","2026-08-04 10:22:27",0.96624,1,yihanguo
1460,16634693,"Savi Kanse","2026-08-05 10:19:55",0.96624,6,savikanse
1461,16775411,Egorasdaw,"2026-08-26 17:21:14",0.96623,1,egorasdaw
1462,16662671,"Agent Arya","2026-08-04 17:43:00",0.96623,1,agentjeet
1463,16661263,"Ákos Pintér","2026-08-05 09:50:43",0.96623,14,kospintr
1464,16681472,"Shounak Kanade","2026-08-10 08:49:59",0.96623,1,shounakkanade
1465,16638146,mr.pickleee,"2026-08-01 16:32:47",0.96623,3,mrpickleee
1466,16721088,"Shivangi Singh","2026-08-15 11:23:17",0.96623,3,shivangisingh300
1467,16723454,"Elnur Bairamov","2026-08-31 01:54:24",0.96623,9,elnurbairamov
1468,16762242,"Grigorii Panin","2026-08-23 19:23:39",0.96622,3,pangr33n
1469,16785371,"Maaz Shuaib","2026-08-29 16:27:32",0.96622,5,maazshuaib
1470,16773438,Karl0106,"2026-08-26 09:47:58",0.96621,1,karl0106
1471,16656462,"bong seonghyun","2026-08-05 13:15:15",0.96621,5,bongseonghyun
1472,16777050,Jeremy,"2026-08-27 14:43:21",0.96621,7,jeremybetz
1473,16703815,Simon,"2026-08-11 04:36:50",0.96621,7,simonpreuss01
1474,16724256,"Hemanth Kumar","2026-08-29 11:34:13",0.96621,2,hemanthkumara2005
1475,16634175,"Jesmi George","2026-08-23 14:16:35",0.96620,15,jesmigeorge04
1476,16635032,"ARUNAGIRINATHAN K","2026-08-01 15:15:37",0.96620,8,arunsworkspace
1477,16738789,"Bianca Denadai","2026-08-21 19:21:04",0.96620,19,biancadenadai
1478,16661941,"Olga Legan","2026-08-25 15:41:23",0.96620,21,helgalegan
1479,16636357,Mohtamyzan,"2026-08-03 07:22:25",0.96619,19,mohtamyzan
1480,16644764,"Claudio Sturaro","2026-08-16 20:49:21",0.96619,2,sturarods
1481,16738919,aiMahdiX,"2026-08-31 16:28:34",0.96619,4,ahmadimahdi1912
1482,16767416,"Joe Chapa","2026-08-24 21:14:37",0.96619,3,joechapa
1483,16703148,Jigyasa_2606,"2026-08-11 17:13:17",0.96618,2,jigyasa2606
1484,16662943,"Enes Haşıl","2026-08-10 06:42:41",0.96618,6,abdullaheneshasil
1485,16640157,BloodyGymVisitor,"2026-08-29 12:11:31",0.96618,6,bloodygymvisitor
1486,16655613,Khongor2424,"2026-08-15 03:18:54",0.96618,23,khongorkikaik21
1487,16695287,"Nitish Das","2026-08-31 20:32:10",0.96618,2,nitishd64
1488,16731366,McLovin82,"2026-08-30 13:45:26",0.96617,7,mcloven82
1489,16732260,"Rushikesh Gaonkar","2026-08-20 16:30:01",0.96617,2,rushikeshgaonkar
1490,16744497,"Racem Trabelsi","2026-08-20 00:48:33",0.96617,3,racemtrabelsi
1491,16793227,"58_Shivani Bhandari","2026-08-30 14:43:43",0.96617,2,shivanibhandari767
1492,16683151,Kr1ator,"2026-08-15 04:31:33",0.96617,5,kr1ator
1493,16657363,"Muhammad Shoaib Altaf","2026-08-30 11:48:34",0.96617,7,muhammadshoaibaltaf
1494,16651109,"DIJIN DOMINIC","2026-08-06 10:47:08",0.96617,3,"anandpapully,dijindominic,vishnuprakashj"
1495,16656398,"Tatikonda Venkatesh","2026-08-29 14:34:30",0.96617,5,tatikondavenkatesh
1496,16652746,Takuya,"2026-08-08 12:40:06",0.96616,1,takuya07
1497,16668780,Aknot,"2026-08-09 13:20:19",0.96616,2,antok33
1498,16740947,bob,"2026-08-21 01:26:08",0.96616,1,paulmnz
1499,16772098,"Quang Trinh Dinh","2026-08-26 05:18:23",0.96615,3,quangtrinh25
1500,16651667,C3PO,"2026-08-31 14:50:40",0.96615,5,alunji
1501,16711403,Naki,"2026-08-12 15:40:45",0.96615,5,nanakiohashi
1502,16661954,"Pedro Henrique","2026-08-04 15:42:21",0.96615,1,pedrohets
1503,16726206,sai_ash,"2026-08-20 14:54:16",0.96615,5,saiash
1504,16661418,"Nguyễn Trung Ngạn","2026-08-10 18:37:45",0.96615,31,nguyentrungngan
1505,16728878,"zi Pedro","2026-08-16 18:07:19",0.96615,3,zipedro
1506,16652889,solyanas,"2026-08-18 11:38:06",0.96614,7,solyanas
1507,16685314,Xashimon,"2026-08-07 16:17:56",0.96614,2,xashimon
1508,16661074,baishuwow,"2026-08-05 01:22:20",0.96613,5,baishuwow
1509,16633969,green_black_tea,"2026-08-12 18:37:43",0.96613,7,shamsutdinovrad
1510,16796176,"Vaibhav Kundu","2026-08-31 15:24:54",0.96613,2,vaibhavkundu69
1511,16634163,"Michael H.","2026-08-28 12:28:09",0.96613,10,mbhznc
1512,16719045,Mhmda81,"2026-08-19 22:32:52",0.96612,7,mhmda81
1513,16689791,healer2408,"2026-08-09 08:28:20",0.96612,3,healer2408
1514,16640185,"Prajwal patil","2026-08-08 11:38:12",0.96612,2,prajwal3335
1515,16718466,"Rimsha Waheed","2026-08-22 13:10:24",0.96612,11,rimsha77
1516,16793175,yatakeuc,"2026-08-31 13:32:03",0.96611,9,yatakeuc
1517,16767243,"Ibrahim Abdelsalam","2026-08-24 19:46:44",0.96611,5,ibrahimab2
1518,16671401,songjiajun,"2026-08-07 02:29:42",0.96610,1,realmadridcr7
1519,16661222,"Adison Simanullang","2026-08-05 15:25:41",0.96610,10,adisonsmn
1520,16791501,DaTaro,"2026-08-31 15:48:39",0.96610,3,starokes
1521,16643912,"Abraham Daniel Yat","2026-08-19 12:51:35",0.96610,14,abrahamdanielyat
1522,16675589,"Areen Agrawal","2026-08-19 15:31:03",0.96610,26,areenagrawal
1523,16758959,"Animesh Kumar","2026-08-31 20:25:10",0.96610,6,animeshuit98
1524,16792609,jjiiio0,"2026-08-31 11:56:39",0.96610,4,jjiiio0
1525,16740095,"Roko Torbarina","2026-08-19 03:59:14",0.96610,3,rokotorbarina
1526,16662970,"Enrico Manosperti","2026-08-08 11:44:55",0.96610,3,enricomanosperti
1527,16643566,"VaLeRiO  XeFtErIs","2026-08-02 20:34:31",0.96610,6,valxef
1528,16727071,ershan23,"2026-08-16 04:08:50",0.96610,1,ershan23
1529,16637889,"Shayan Zulfiqar","2026-08-08 12:45:35",0.96609,17,shayanzk
1530,16740939,"Innovseed | Jenish","2026-08-19 05:08:05",0.96609,1,innovseedjenish
1531,16751523,panda,"2026-08-25 15:14:15",0.96609,7,pandapanda1234
1532,16635444,"Levann Latarche","2026-08-13 22:17:47",0.96609,7,levannlatarche
1533,16645608,"Choe jungmin","2026-08-12 07:21:14",0.96609,2,choejungmin
1534,16656983,"Shailesh Kumar","2026-08-05 17:43:15",0.96609,2,shaileshkumar591
1535,16688645,"Aditya #2","2026-08-08 06:32:51",0.96608,2,a0x1ab
1536,16659486,"Disha Dhope ","2026-08-16 15:25:58",0.96608,4,dishadhope11
1537,16736122,"Danïel Salazar","2026-08-20 07:05:07",0.96608,10,danelsalazar
1538,16742268,Nate_Forbes,"2026-08-20 14:57:20",0.96608,2,nateforbes
1539,16711581,"Sacha Aubert","2026-08-13 15:36:32",0.96608,11,sachaaubert
1540,16712240,"Vivek Verma","2026-08-12 13:13:58",0.96607,2,cosmicescape
1541,16719276,YearntoChurn,"2026-08-20 00:38:26",0.96607,1,"henryeech,karl1024"
1542,16680294,Jackson,"2026-08-19 09:49:33",0.96607,4,itsjackpow
1543,16634004,Quang0150,"2026-08-13 03:29:39",0.96607,45,quang0150
1544,16738483,kminh712,"2026-08-22 16:17:36",0.96607,4,"hanashiroanzu,nh2nam"
1545,16666460,PutN1k,"2026-08-12 16:25:59",0.96607,11,putn1k
1546,16640567,K1taIkuyo,"2026-08-06 11:25:55",0.96607,16,k1taikuyo
1547,16644347,"Jim Gruman","2026-08-13 21:32:59",0.96606,17,jimgruman
1548,16771470,"Sharma Priyanshu","2026-08-27 10:51:37",0.96606,2,sharmapriyanshu
1549,16793669,"Mala Yadav","2026-08-31 07:12:11",0.96606,4,mail2malayadav
1550,16720040,"Deep Patil","2026-08-15 17:02:34",0.96606,10,deeppatil1
1551,16766297,PIPPI,"2026-08-27 22:45:32",0.96605,3,hayatarosu
1552,16766810,yanyyyzt,"2026-08-31 15:20:48",0.96605,4,yanyyyzt
1553,16761965,"Tìm hiểu TV","2026-08-31 04:01:52",0.96605,3,tmhiutv
1554,16647130,"Muhammad Osama Naeem","2026-08-05 05:33:46",0.96605,2,muhammadosamanaeem
1555,16761950,"Roger King","2026-08-23 18:38:25",0.96605,1,rogerking214
1556,16759209,Hiro,"2026-08-24 00:34:36",0.96605,4,hiroaki401
1557,16765803,"Pavel Drankov","2026-08-24 10:54:07",0.96605,1,summers21
1558,16634377,"Nur Srijan","2026-08-02 06:48:21",0.96605,5,nursrijan
1559,16798547,"JASPER WU","2026-08-31 23:53:03",0.96604,1,jasperwuu
1560,16750710,"Maks Mamaev","2026-08-23 18:14:42",0.96604,2,maksmamaev
1561,16797455,"shubham kumar","2026-08-31 18:34:31",0.96604,3,shubzk17
1562,16731922,daguniang,"2026-08-24 09:18:31",0.96604,8,daguniang
1563,16679898,"Lindokuhle Nyoka","2026-08-07 19:49:39",0.96604,4,lindokuhlenyoka
1564,16733913,"Arif Camci","2026-08-24 04:48:25",0.96604,1,arifcamci
1565,16653300,"Sakthivarshan S","2026-08-06 10:59:07",0.96604,2,sakthivarshans
1566,16715872,Tamizharasan1907,"2026-08-25 12:27:33",0.96604,4,tamizharasan1907
1567,16723154,"Stanciu Raducu-Stefan","2026-08-31 18:33:41",0.96604,5,stanciuraducustefan
1568,16719920,Leon,"2026-08-14 10:04:05",0.96604,3,leonoel49
1569,16669894,"Alexis Janke","2026-08-10 14:29:43",0.96603,4,alexisjanke
1570,16722001,K_DHEERAJ_11,"2026-08-18 06:38:16",0.96603,2,kdheeraj11
1571,16705350,"Sanya Gupta31","2026-08-12 08:54:15",0.96603,2,sanyagupta31
1572,16683691,"Hòa Phùng Ngọc GIa","2026-08-13 04:54:05",0.96602,8,haphngngcgia
1573,16693483,UniqueC,"2026-08-29 12:56:27",0.96602,1,uniquec
1574,16757359,manabann,"2026-08-22 10:53:45",0.96602,5,manabann
1575,16633768,"Rohit Prakash Singh","2026-08-31 11:22:13",0.96602,23,rpsingh21
1576,16663190,"Nicole Patterson","2026-08-27 03:57:34",0.96602,4,nicolepatterson8910
1577,16676831,"Dhiyanesh Babu C V","2026-08-07 06:13:18",0.96602,2,dhiyaneshbabu
1578,16635345,chauahanvivanshu,"2026-08-07 17:40:42",0.96602,5,"blackstone24,chauahanvivanshu,phantomisup"
1579,16715287,Dule@11,"2026-08-19 06:27:48",0.96601,10,dule11
1580,16713643,"Vineesha avasarala","2026-08-14 02:47:38",0.96601,3,vineeshaavasarala
1581,16656032,"Chris Chang","2026-08-05 02:13:20",0.96601,4,chrischang3
1582,16729774,"moushun chen","2026-08-16 20:01:07",0.96601,1,moushunchen
1583,16750246,"Ayaan Faisal","2026-08-21 10:03:16",0.96601,1,ayaani12
1584,16634745,"Muhammad Hamim Islam","2026-08-14 10:41:46",0.96601,7,odvut1
1585,16687311,"Dev Batra","2026-08-23 10:16:10",0.96601,7,devbatrax
1586,16727016,"Nick Daniel Ramos","2026-08-20 10:48:40",0.96601,1,nickdanielramos
1587,16716516,rolandata,"2026-08-31 21:52:35",0.96601,12,rolandata
1588,16724568,"Logeshwari Somasundaram","2026-08-31 06:57:06",0.96600,10,logeshwari12345
1589,16706671,"Arijit Paul","2026-08-27 21:19:08",0.96600,5,arijitpaul07
1590,16651233,"Anhad mahajan","2026-08-08 14:30:45",0.96600,11,anhadmh
1591,16639698,永远喜欢薇尔莉特·伊芙加登,"2026-08-09 04:38:45",0.96600,12,zqx960151285
1592,16762497,"Data Rebels","2026-08-23 18:46:29",0.96600,4,"aviswetade,samirt00"
1593,16653014,"Kamonashis Halder","2026-08-28 14:04:24",0.96600,6,kamonashis
1594,16637960,"Stephen Tarter","2026-08-31 11:14:11",0.96600,47,stephentarter
1595,16721469,"Bharat Lashotra","2026-08-26 17:32:20",0.96600,1,bharatbushan03
1596,16634374,teekay,"2026-08-12 19:45:01",0.96600,17,lightbrains
1597,16792797,Llll00077,"2026-08-30 15:32:51",0.96600,2,llll00077
1598,16701865,"Md Naim","2026-08-12 06:22:09",0.96599,2,mdnaimislam165436
1599,16691389,"Jayatee Srivastava","2026-08-24 04:05:46",0.96599,5,jayateesrivastava
1600,16651817,bsenst,"2026-08-03 20:49:15",0.96599,2,bnzn261029
1601,16677860,HarishHR7,"2026-08-21 11:28:46",0.96599,5,harishhr7
1602,16766117,"syouhei yamaguchi","2026-08-29 00:39:29",0.96599,2,syouheiyamaguchi
1603,16640953,"chengho ho","2026-08-02 13:19:51",0.96599,1,chenghoho
1604,16700658,CRUCIFIXION,"2026-08-11 10:49:32",0.96599,5,crucifixion
1605,16699717,"Taranisen Naik","2026-08-24 08:02:14",0.96598,2,taranisennaik
1606,16645428,tuboa2,"2026-08-24 02:10:14",0.96598,6,tuboa2
1607,16743220,"Krishna Dargarh","2026-08-31 16:12:42",0.96598,2,krishnadargarh
1608,16709908,"Bijay Syangtan","2026-08-23 13:05:52",0.96598,3,bijaybijay
1609,16692386,"SAIKAT MANDAL","2026-08-09 15:28:54",0.96598,3,saikatmandal01
1610,16795992,"Abhi Sircar","2026-08-31 13:22:56",0.96598,8,abhisircar
1611,16654224,NebulousMarksman,"2026-08-08 22:23:34",0.96597,10,markerd
1612,16718530,"Abdulwaliyi Jimoh","2026-08-19 02:42:12",0.96597,5,abdulwaliyijimoh
1613,16757352,"Ashish Kumar #2","2026-08-22 10:39:54",0.96597,2,whoashish115
1614,16783851,"Adiv Mammen Tom","2026-08-28 10:23:11",0.96597,1,adivmammentom
1615,16640491,"Zih-Chen Hung","2026-08-07 06:56:47",0.96597,5,zihchenhung
1616,16724967,"Gokul Sanjay","2026-08-29 16:08:37",0.96597,5,gokulsanjayreddy
1617,16793778,"Shivraj Dhote","2026-08-31 11:34:23",0.96597,3,shivrajdhote
1618,16732832,"dark gobelin","2026-08-31 19:00:05",0.96597,30,darkgobelin
1619,16636981,"RAPIDS LAB","2026-08-26 14:35:30",0.96597,11,hyeongsseobkim
1620,16741569,"liua xiao","2026-08-21 08:58:51",0.96596,9,liuaxiao
1621,16745879,Natha_Kaggle,"2026-08-23 06:11:27",0.96596,3,nathakaggle
1622,16638881,"Ankit XII C 6773 roll 5","2026-08-10 18:47:25",0.96595,9,ankitxiic6773roll5
1623,16704510,"Patrick O’Neil","2026-08-12 13:36:11",0.96595,3,patrickoneil
1624,16726756,"Christopher Mungiria","2026-08-26 18:49:31",0.96595,22,christophermungiria
1625,16772240,"Michał Pasiowiec","2026-08-31 12:29:38",0.96595,5,michapasiowiec
1626,16699792,EstebanCRz,"2026-08-10 08:48:37",0.96594,1,estebancrz
1627,16637979,"Sarvesh Chhetri","2026-08-31 15:30:48",0.96594,26,sarveshchhetri
1628,16795393,Tomo,"2026-08-31 12:01:48",0.96594,1,tomotooo
1629,16686654,"Gustavo Quevedo","2026-08-09 03:16:42",0.96594,2,gustavoquevedo94
1630,16715849,"Lalit sonawane","2026-08-13 07:03:53",0.96594,1,lalit7881
1631,16653004,Smit_1612,"2026-08-19 14:17:10",0.96594,7,smit1612
1632,16712984,"Aditya Rajesh","2026-08-15 14:00:31",0.96594,5,adityarajesh17
1633,16715329,A100NaN,"2026-08-14 08:23:31",0.96594,10,xufangbao
1634,16661719,datagrind,"2026-08-07 22:40:27",0.96593,11,kevinjusak
1635,16641333,"Dessy Amirudin","2026-08-08 07:59:37",0.96593,23,staesthetics
1636,16672195,shin_kx,"2026-08-27 09:00:28",0.96593,22,kitashinwtf
1637,16765178,jax4096,"2026-08-25 05:38:17",0.96593,2,jax4096
1638,16644538,"Vandana Pathania","2026-08-04 03:06:54",0.96592,2,vandanapathania
1639,16757260,周颐（kifile）,"2026-08-27 07:01:29",0.96592,5,kifile
1640,16705418,kacktus,"2026-08-14 08:19:47",0.96592,4,kacktus
1641,16772857,"zhenming lan","2026-08-26 15:43:44",0.96591,2,zhenminglan
1642,16685080,KCG,"2026-08-30 12:06:19",0.96591,10,"christust,gayathrisrivathsan,newrobot"
1643,16676178,"CHENZHEN HE111","2026-08-07 14:30:27",0.96591,7,chenzhenhe111
1644,16642187,wangbin.dev,"2026-08-02 16:01:46",0.96590,2,wangbindev
1645,16722952,"SANGHRAJ AADHALE","2026-08-23 08:43:26",0.96590,4,sanghrajaadhale
1646,16702485,zfzflzf,"2026-08-28 04:28:28",0.96590,1,zfzflzf
1647,16654165,"Abhinandan Mishra","2026-08-26 15:30:21",0.96589,11,whyshouldidoit
1648,16762992,MitulbhBhatia,"2026-08-25 05:56:58",0.96589,2,mitulbhbhatia
1649,16796827,"Aritra Dasgupta","2026-08-31 21:14:30",0.96589,3,ardagmus
1650,16717936,"Vitalii Petrusenko","2026-08-22 14:43:53",0.96589,4,vitaliipetrusenko
1651,16716939,"Kaustubh Bejgamwar","2026-08-16 21:00:30",0.96589,2,kaustubh1145
1652,16726034,"MOSTEFAI MOUNIR","2026-08-31 22:15:02",0.96589,19,mostefaimounir
1653,16754966,zchen,"2026-08-31 11:27:35",0.96589,4,zchen2357
1654,16785301,"Hugo JOBÉ","2026-08-28 19:46:52",0.96589,2,hugojob
1655,16733690,"Tannushree Vaishnav","2026-08-17 19:53:27",0.96589,1,tannushreevaishnav
1656,16728009,"BitByte gng","2026-08-28 21:59:28",0.96589,6,"abhiramdarbha,manittiwari,tannna"
1657,16679075,"raouf lounis","2026-08-16 10:49:46",0.96589,23,raouflounis
1658,16661442,"Pranali chitre ","2026-08-16 12:10:53",0.96589,2,pranalichitre
1659,16729551,BhagyaVarshney_AIML,"2026-08-18 08:12:25",0.96588,1,bhagyavarshney
1660,16782282,"Ashish Mittal","2026-08-31 11:06:39",0.96588,11,ashish1502g
1661,16712558,"Joash mapili","2026-08-13 12:17:32",0.96587,3,joashmapili
1662,16790323,"Garvit Bhardwaj","2026-08-29 19:15:23",0.96587,2,garvitofficial
1663,16665603,zhouqingyang,"2026-08-05 12:14:31",0.96587,3,zhouqingyang0512
1664,16746551,"Miruna Stoinea","2026-08-25 18:02:17",0.96587,5,mirunastoinea
1665,16670287,"Manuel Labbé","2026-08-06 01:46:34",0.96587,3,manuellabbe
1666,16677207,"[Deleted] 30e39bc2-c0ad-4d16-997b-a86f23eb1bac","2026-08-09 21:35:18",0.96586,2,del=89df7f8bac513031
1667,16634616,Catadanna,"2026-08-04 17:25:51",0.96586,24,catadanna
1668,16643102,ArnoldRosielle,"2026-08-18 18:41:20",0.96586,36,arosielle
1669,16639096,"Clébio Júnior","2026-08-11 20:58:31",0.96586,12,juniorcl
1670,16652852,"Kazuma Minamiguchi","2026-08-22 11:55:15",0.96586,4,kazumaminamiguchi
1671,16655732,마짱MAZZANG,"2026-08-05 14:27:45",0.96586,1,mazzang
1672,16724358,S3ggie,"2026-08-15 07:35:34",0.96586,1,s3ggie
1673,16634171,"huanxian chen","2026-08-02 02:26:51",0.96585,3,huanxiachen
1674,16644718,Tyler_026,"2026-08-18 18:01:05",0.96585,5,tyler026
1675,16692032,QuangVu,"2026-08-08 17:45:57",0.96585,1,quangnguynv
1676,16718920,"Satwato Dey","2026-08-22 05:34:38",0.96585,6,satwato
1677,16714087,Prakhar_23f3003469,"2026-08-31 19:56:07",0.96585,13,prakhar23f3003469
1678,16670268,"Farrah Tharwat","2026-08-14 23:07:11",0.96584,11,farrahtharwat
1679,16713163,"Mohamed aziz blaidi","2026-08-18 19:14:34",0.96584,1,mohamedazizblaidi
1680,16748898,AmanPatre33,"2026-08-20 20:20:07",0.96583,1,amanpatre33
1681,16661678,elyes3,"2026-08-06 22:06:13",0.96583,21,elyes3
1682,16779755,"Mariyyyaa ella","2026-08-27 14:29:31",0.96583,1,mariyyyaaella
1683,16654923,aina,"2026-08-03 21:31:22",0.96583,1,aina2222
1684,16634198,"Anqi Wang","2026-08-28 05:24:07",0.96583,38,adastroabyssosque
1685,16705379,"Rohit Kathe","2026-08-28 06:19:01",0.96583,1,rohitkathe
1686,16634290,"Rohan Dsouza","2026-08-05 06:03:23",0.96583,7,rohandsouza003
1687,16702694,"Erfan Hosseini","2026-08-25 21:24:52",0.96582,16,erfanhos
1688,16765401,"Pongpol Pt","2026-08-30 08:49:58",0.96582,1,pongpolpt
1689,16739758,samuelpndx,"2026-08-18 20:20:12",0.96582,1,samuelpndx
1690,16712151,"P. K. Mensah","2026-08-16 07:50:50",0.96582,2,pkmensah
1691,16691229,"Antoine Matemane Mahirwe","2026-08-09 13:20:04",0.96582,2,antoinemah
1692,16717372,error_king_real,"2026-08-19 13:47:49",0.96582,13,errorkingreal
1693,16748996,MaratZakirov,"2026-08-25 15:14:22",0.96582,8,maratzakirov
1694,16743597,"Александр Ляшенко","2026-08-19 16:34:38",0.96581,4,pumshik
1695,16705624,"Sudhanthirapriya Sundaram","2026-08-11 12:28:22",0.96581,1,sudhanthirapriyas
1696,16701047,"ham chicchi ","2026-08-10 13:07:53",0.96580,1,hamchicchi
1697,16769668,AllenCheng329,"2026-08-25 09:56:29",0.96580,1,allencheng329
1698,16652938,MingNguyenDang,"2026-08-03 20:14:55",0.96580,5,mingnguyendang
1699,16685269,"Hezekiah  Ayuba","2026-08-23 00:59:36",0.96580,7,hezekiaha
1700,16652983,Emirhan,"2026-08-09 14:07:01",0.96580,6,xpylon
1701,16699173,"Yuxiu Jing","2026-08-10 07:29:48",0.96579,2,yuxiujing
1702,16670726,CREVATEC,"2026-08-07 15:08:56",0.96579,7,olakunleolalekan
1703,16731309,Jatin,"2026-08-17 10:28:05",0.96579,3,jatinkumar2005
1704,16741917,Kazumasa,"2026-08-30 07:13:07",0.96579,5,kaaaaazuuuuu
1705,16774078,"Shunsuke Watanabe","2026-08-31 08:45:16",0.96579,2,shikadeerstagfawndoe
1706,16777481,"Alfredo Chavelas","2026-08-31 23:44:16",0.96579,16,alfredochavelas
1707,16700880,"YOUSSEF NAGGAR","2026-08-29 19:35:34",0.96579,5,youssefnaggar
1708,16688934,mifnkst,"2026-08-11 14:57:11",0.96579,3,mifnkst
1709,16709353,"Gabriel Dereims","2026-08-11 23:44:12",0.96578,1,dazane
1710,16724481,takdf056,"2026-08-30 15:22:52",0.96578,3,takdf056
1711,16633815,mcotton,"2026-08-20 19:53:50",0.96578,6,mcotton
1712,16719405,"Lynn Pigott","2026-08-14 06:19:23",0.96578,4,lynnpigott
1713,16725107,karinkaito,"2026-08-19 12:49:11",0.96578,4,karinkaito
1714,16687744,TOMizzz,"2026-08-13 18:48:14",0.96578,7,tomizzz
1715,16742331,Vladata,"2026-08-25 13:07:32",0.96578,13,vladata
1716,16728282,"Navindu Prabhashana","2026-08-23 23:13:46",0.96577,4,navinduprabhashana
1717,16783757,"Nilabhra Saha","2026-08-31 13:43:16",0.96577,8,nilabhrasaha
1718,16639687,osushi10,"2026-08-15 07:32:15",0.96577,21,kaguru01
1719,16701706,"zhang zefang","2026-08-15 06:03:31",0.96576,1,zzfxs191217
1720,16633756,"Anas Elkot","2026-08-11 15:22:00",0.96576,5,anaselkot
1721,16770050,"Tanishq Bajoria","2026-08-29 12:50:03",0.96576,10,tanishqbajoria
1722,16757018,yoake_dawn,"2026-08-30 14:33:58",0.96576,1,yoakedawn
1723,16712322,kakate,"2026-08-12 14:27:10",0.96576,1,kakate
1724,16740580,Haojingyang,"2026-08-28 01:46:15",0.96574,12,haoyj66
1725,16727843,"Kundan Kumar","2026-08-19 07:29:28",0.96574,2,edkundan
1726,16706103,"Priyam Saha","2026-08-11 10:09:05",0.96574,2,priyamsaha17
1727,16725520,Mulukhiya,"2026-08-22 01:13:23",0.96574,11,mulukhiya
1728,16713782,"Sohel Bhongade","2026-08-13 01:12:40",0.96573,1,sohelbhongade
1729,16712534,Jess2005,"2026-08-12 19:16:33",0.96573,5,jess2005
1730,16743242,"Prajwal Khambad","2026-08-20 13:44:42",0.96573,3,prajwalkhambad
1731,16747595,"Prince Radadiya","2026-08-31 18:54:30",0.96573,22,princeradadia
1732,16641265,"Roronoa Zoro","2026-08-18 14:37:22",0.96573,7,zoro1080
1733,16678770,Haseeb_Ahmad_16,"2026-08-30 06:31:27",0.96573,6,haseebahmad16
1734,16640172,amiakar,"2026-08-16 15:05:09",0.96572,7,amiakar
1735,16730160,"Kei Masuda","2026-08-30 03:07:00",0.96572,7,keimasuda
1736,16648546,"Lakshya bakshi","2026-08-09 18:55:18",0.96571,6,majorlakshya
1737,16768344,Constructor_72,"2026-08-27 14:38:27",0.96571,2,constructor72
1738,16659091,na02string,"2026-08-11 13:58:17",0.96571,10,na02string
1739,16732173,"Taha Farooq","2026-08-27 17:09:22",0.96570,1,tahafarooqkhan
1740,16641084,"ibrahim omh","2026-08-03 14:55:16",0.96570,11,ibrahimouldmohammed
1741,16697972,Hussain99,"2026-08-11 23:18:39",0.96570,6,hussain99
1742,16713478,urbandrei,"2026-08-12 17:54:39",0.96569,1,urbandrei
1743,16676074,Sometin,"2026-08-31 23:23:01",0.96569,21,sometin
1744,16770095,"Joshna sathram","2026-08-31 15:46:55",0.96569,34,joshnasathram
1745,16736323,"jidong Wu","2026-08-31 15:29:06",0.96569,1,jidongwu
1746,16779954,manman,"2026-08-31 08:20:31",0.96569,3,seiichimanyama
1747,16739353,flpmcrh,"2026-08-20 21:10:10",0.96568,3,flpmcrh
1748,16764384,thunopro,"2026-08-24 06:19:54",0.96568,2,thunopro
1749,16663138,"Md. Mahbub Ur Rashid","2026-08-27 17:44:53",0.96568,4,mdmahbuburrashid
1750,16749817,"Othman Garaibeh","2026-08-22 15:56:02",0.96568,3,othmangaraibeh
1751,16658351,"Rhys Hicks","2026-08-08 11:43:06",0.96568,2,rhyshicks
1752,16702886,"Ali Osman Kaya","2026-08-31 19:26:35",0.96568,14,aliosmankaya
1753,16774728,yesicann,"2026-08-31 23:55:18",0.96568,3,yesicann
1754,16687001,AJ,"2026-08-17 14:12:20",0.96568,15,smstcil
1755,16635059,Sofia_Gilka,"2026-08-07 13:25:40",0.96567,37,sofiagilka
1756,16667670,arno,"2026-08-21 13:52:40",0.96566,1,arnogils
1757,16684876,imunderthetree,"2026-08-17 14:36:28",0.96566,4,imunderthetree
1758,16638775,"Mahesh Gurjar","2026-08-05 07:59:25",0.96565,6,mgjiwana
1759,16751672,Santhosh54365,"2026-08-23 17:17:05",0.96565,1,santhosh54365
1760,16666511,"Grace Ganyilo","2026-08-27 09:55:29",0.96565,6,graceganyilo
1761,16783956,JOvidiu,"2026-08-31 14:03:38",0.96565,4,jovidiu
1762,16727233,"Ujjal kumar Maity","2026-08-26 17:33:04",0.96565,1,ujjalkumarmaity
1763,16692410,"Maryam Amjad","2026-08-09 14:13:44",0.96565,4,marya8
1764,16785810,"Black Bull","2026-08-31 04:34:22",0.96564,3,anaskhan208
1765,16792214,"JinCheng Hei","2026-08-31 06:07:05",0.96564,2,jinchenghei
1766,16683778,"Yi De Tsai","2026-08-11 04:24:36",0.96564,1,yidetsai
1767,16643586,palpawan12,"2026-08-22 11:04:32",0.96564,1,palpawan12
1768,16719048,"Makoto Furukawa","2026-08-16 06:22:26",0.96564,4,makotofurukawa
1769,16700794,Poltergiest,"2026-08-10 14:56:16",0.96564,3,rajraunakkumar3301
1770,16724429,"Sharanya Nagar","2026-08-16 14:58:23",0.96563,2,sharanyanagar07
1771,16635790,"Kir Bor","2026-08-02 07:06:03",0.96563,9,abkir1
1772,16657349,Abhijeet000000007,"2026-08-31 19:56:39",0.96563,7,abhijeet000000007
1773,16779200,yl_wang18,"2026-08-28 10:08:03",0.96563,3,ylwang18
1774,16790604,Aquaflame,"2026-08-31 17:49:06",0.96563,13,aquaflame
1775,16635449,"MD Shafayetur Rahman","2026-08-05 09:18:25",0.96563,4,mdshafayeturrahman
1776,16726920,"Anastasiia Terenteva","2026-08-23 14:41:49",0.96563,7,anastasiiaterenteva
1777,16634929,"Syafrian Abra Hutabarat","2026-08-31 13:52:13",0.96562,25,syafrianabra
1778,16652841,"YuFeng Duck Huang","2026-08-04 09:12:16",0.96562,4,yufengduckhuang
1779,16639904,"Nipuna Dhananjaya","2026-08-02 05:44:54",0.96562,1,nipuna181x
1780,16738245,"Hiruka Devendra","2026-08-18 15:33:09",0.96562,2,hirukadevendra
1781,16696712,"Ashutosh Agnihotri","2026-08-10 09:41:03",0.96561,2,imashuagni
1782,16635344,"Thibault KOBLER","2026-08-14 08:04:17",0.96561,8,thibaultkobler
1783,16715774,"Swapnil Verma","2026-08-16 21:46:16",0.96561,1,swapnilverma10
1784,16726879,"Djaafar Lecheheb DL","2026-08-16 02:15:25",0.96560,3,djaafarlechehebdl
1785,16724028,"Philemon Chan","2026-08-26 14:13:44",0.96560,7,uduntu
1786,16690429,weiri,"2026-08-08 13:55:10",0.96560,2,wweiri
1787,16680179,"Anurag Goyal","2026-08-29 19:43:04",0.96560,4,anuraggoyal2203
1788,16633904,"Malco Qoo","2026-08-01 04:09:02",0.96560,2,malcoqoo
1789,16673142,rlrlrlrlrl,"2026-08-31 03:35:37",0.96560,1,rlrlrlrlrl
1790,16792337,"Minghao Xia","2026-08-30 09:57:46",0.96560,2,minghaoxia
1791,16654860,"Leandro Sanchez B","2026-08-31 20:49:00",0.96560,13,leandrosanchezb
1792,16790937,yuaacc,"2026-08-29 19:43:34",0.96559,2,yuaacc
1793,16702383,"G S ABINIVAS","2026-08-11 05:17:43",0.96559,2,abinivas8
1794,16663966,racerY,"2026-08-07 22:00:04",0.96559,5,junebug9876
1795,16644850,IamGRootMSE,"2026-08-12 05:23:17",0.96559,8,iamgrootmse
1796,16739707,"Gonçalo Cravinho","2026-08-21 20:54:35",0.96559,1,gonalocravinho
1797,16748648,"Amit Joshi","2026-08-22 10:08:46",0.96559,19,amitjoshi9627
1798,16652621,"João Pedro Mamede Dias","2026-08-08 09:39:33",0.96559,10,joaopedromamededias
1799,16753970,"zuhal yıldırım","2026-08-28 13:46:37",0.96558,2,zuhalyldrm7
1800,16692993,"Giselle Wu","2026-08-08 23:34:21",0.96558,1,gisellewu
1801,16641426,raining1,"2026-08-03 05:35:40",0.96558,4,raining1
1802,16686578,"Taha Nauman","2026-08-07 17:54:12",0.96558,1,mtahanauman
1803,16633879,"Ryukichi INOUE","2026-08-31 23:16:05",0.96558,40,ryukichiinoue
1804,16794738,"Davi Specia","2026-08-31 13:59:50",0.96557,6,davispecia
1805,16790558,"sofiane B","2026-08-31 18:38:14",0.96557,13,sofianebeldjillali
1806,16756450,"Julianno Rogery","2026-08-24 14:27:18",0.96556,2,juliannorcs
1807,16642088,Himansu,"2026-08-15 18:13:33",0.96556,7,himansu033
1808,16758880,aueurm,"2026-08-24 03:26:28",0.96556,4,aueurm
1809,16641543,"Qianhua Huang","2026-08-02 19:29:58",0.96556,2,hqhjtian
1810,16707417,SIlligull_einzbern,"2026-08-27 23:28:43",0.96556,8,silligulleinzbern
1811,16790153,"Dizzar White","2026-08-30 07:25:47",0.96555,2,dizzar
1812,16725861,"Almaz Sakhapov","2026-08-26 19:51:44",0.96555,7,almazsakhapov
1813,16702438,"Kamogawa Gym","2026-08-13 19:04:17",0.96555,2,hrishikeshdhuri19
1814,16686050,rampichino,"2026-08-21 16:00:05",0.96555,3,alfreale
1815,16742902,"Tasin Islam","2026-08-20 12:52:39",0.96555,3,cosmicwanderer2
1816,16719269,Junkonno,"2026-08-31 03:15:42",0.96555,14,junkonno
1817,16662927,mohduwaishchaudhary,"2026-08-04 23:02:26",0.96555,3,muwaish5
1818,16640643,"Abhishek Gupta","2026-08-09 17:03:36",0.96554,8,abhishekgupta56447
1819,16640918,"Carolin DJ","2026-08-05 07:33:10",0.96554,1,carolindj
1820,16711702,"Mrudul Mistri","2026-08-21 05:13:18",0.96554,8,mrudulmistri
1821,16649165,daociyiyou0,"2026-08-04 01:46:16",0.96554,2,daociyiyou0
1822,16763555,"Masoom Singh","2026-08-30 20:26:09",0.96554,12,masoomsingh0112
1823,16693924,"Sahil Deogade","2026-08-13 16:43:11",0.96553,3,sdeogade
1824,16653837,"Paolo Barzaghi 95","2026-08-04 12:09:16",0.96553,2,paolobarzaghi95
1825,16687491,Ryuzaki2325,"2026-08-18 06:32:16",0.96553,15,ryuzaki2325
1826,16773271,"Hawlader Sajib","2026-08-27 07:51:54",0.96553,4,hawladersajib
1827,16658857,"Mirko Caroleo","2026-08-23 21:07:44",0.96553,21,mirkocaroleo
1828,16645383,"Aslam Sayyad ","2026-08-12 18:26:05",0.96553,9,aslamsayyad1
1829,16771617,Anuvab07,"2026-08-28 05:19:03",0.96552,8,anuvab07
1830,16693596,"Ayush Devadiga","2026-08-31 11:05:29",0.96552,7,ayushdevadiga
1831,16769203,"Ukasha Nadeem","2026-08-25 10:58:23",0.96552,4,ukashanadeem
1832,16678425,"Chirag Tutlani","2026-08-07 20:28:30",0.96552,5,chiragtutlani
1833,16781053,"Ng’endo Wanjiru","2026-08-31 08:32:57",0.96552,5,lynnengendo
1834,16652593,simplecar,"2026-08-03 14:52:33",0.96551,4,simplecar
1835,16634367,"Khaled Tarchi","2026-08-03 18:56:14",0.96551,2,khaledtarchi
1836,16732099,"Amal Messaoud","2026-08-17 15:54:52",0.96550,2,amalmessaoud
1837,16634925,turtle,"2026-08-03 00:52:39",0.96549,8,itasps
1838,16721765,"Yamato MINE","2026-08-16 12:26:35",0.96549,5,yamatomine
1839,16696175,"Ghaith Kammoun","2026-08-21 22:28:21",0.96548,17,ghaithkammoun
1840,16733720,"Emre Erbaşlı","2026-08-17 19:31:53",0.96548,1,emreerbal
1841,16775346,"Akshat Rathore","2026-08-28 06:43:11",0.96548,2,akshatr08
1842,16734808,"Tamanna Ramjan Mujawar","2026-08-21 17:21:32",0.96548,1,tamannaramjanmujawar
1843,16725865,"Shel Horta","2026-08-18 15:17:36",0.96548,2,shelhorta
1844,16678261,"BENDIFALLAH RAMI","2026-08-12 12:00:03",0.96548,7,bendifallahrami
1845,16673699,Nurasik12,"2026-08-15 06:15:18",0.96548,4,nurasylserikov
1846,16654349,SunnyKr19,"2026-08-04 17:09:08",0.96547,2,sunnykr19
1847,16742898,"Aniket Gaikwad","2026-08-24 06:45:41",0.96547,6,aniketng21600
1848,16694757,kitayama,"2026-08-24 02:31:52",0.96547,5,kkityama
1849,16696758,"Junta Hashimoto","2026-08-16 09:06:54",0.96547,6,juntahashimoto
1850,16676659,"mehedi hasan","2026-08-14 13:15:05",0.96546,5,mehedicseju
1851,16636915,"Felopateer William","2026-08-16 20:58:28",0.96546,1,felopateerwilliam
1852,16634576,"christopher obuchere","2026-08-03 14:17:34",0.96546,19,owls0711
1853,16652884,"Mr Tosma","2026-08-04 17:17:47",0.96546,6,mrtosma
1854,16692012,vandanamr,"2026-08-08 23:33:07",0.96545,1,vandanamohanaraj
1855,16749309,"Salman Khurshid","2026-08-30 16:05:02",0.96545,1,salmankhurshid1
1856,16658142,"Hamzah Abdillah Gabriela","2026-08-04 11:41:26",0.96544,2,hamzbriel
1857,16644476,EFu9954,"2026-08-06 17:26:01",0.96544,9,erniefu
1858,16696080,Haitaks,"2026-08-29 00:59:27",0.96544,3,haitaks
1859,16769427,"Amir Mohammad Maleki","2026-08-25 19:39:24",0.96544,1,amirmohammadmaleki
1860,16656706,HUSED,"2026-08-28 15:06:40",0.96543,41,"h2c2o4,snagakura"
1861,16706679,na2226,"2026-08-12 09:17:04",0.96543,1,na2226
1862,16651159,ArmanVardanyan07,"2026-08-03 10:50:31",0.96543,10,armanvardanyan07
1863,16637300,"Mohammed arfan shafin","2026-08-27 21:19:40",0.96543,11,mohammedarfanshafin
1864,16763154,"Tayyab Xtrem","2026-08-23 20:51:57",0.96543,10,tayyabxtrem
1865,16652177,"Arda Çiftçi","2026-08-07 10:00:24",0.96543,3,ardaciftci
1866,16789888,AjayKumar@9391123,"2026-08-31 06:05:56",0.96543,1,ajaykumar9391123
1867,16640752,gheysar4real,"2026-08-08 19:00:30",0.96543,4,gheysar4real
1868,16644132,"Игорь Селяков","2026-08-02 21:19:21",0.96542,1,davinchi2kxx
1869,16673330,"Keith Ng","2026-08-06 08:24:49",0.96542,1,todayishql
1870,16770603,"Leonard Sugg","2026-08-27 10:20:22",0.96542,1,leonardsugg
1871,16690635,feynman,"2026-08-28 00:05:54",0.96541,26,mikeloncaric
1872,16718389,"PRATAP KUMAR","2026-08-14 10:57:07",0.96541,1,pratapkr
1873,16702241,"Shadi Akiki","2026-08-19 16:05:25",0.96541,5,shadiakiki1
1874,16637503,Nishuxf,"2026-08-30 16:12:35",0.96541,1,nishu65
1875,16639146,"Emirhan Kadan","2026-08-29 21:09:08",0.96541,6,emirhankadan
1876,16747649,"Shubham Helkar","2026-08-21 17:42:42",0.96541,1,shubhamhelkar
1877,16636044,"YagynaSri Reddy Mukku","2026-08-01 12:39:34",0.96541,1,yagynasrireddymukku
1878,16721811,Danken,"2026-08-18 17:38:56",0.96541,6,danken
1879,16640513,"Alexandr Mezin","2026-08-02 07:25:31",0.96541,1,alexandrmezin
1880,16635336,Deepak9615,"2026-08-30 17:01:09",0.96541,4,"abhijeetsingh1811,biswajitpatgiri,deepakkumar9615"
1881,16707885,"Gaurav Mehta","2026-08-11 19:32:42",0.96541,3,gauravmehtaaa
1882,16633993,"Caleb Williamson","2026-08-01 22:34:58",0.96540,1,cwill479
1883,16639921,Vanshika0902,"2026-08-25 23:46:18",0.96540,20,vanshika0902
1884,16662140,"Ali hassnain","2026-08-30 09:48:20",0.96540,1,alihdataanalyst
1885,16744401,purelilyth,"2026-08-29 22:40:22",0.96540,10,purelilyth
1886,16716839,"Mahesh Munnuru","2026-08-15 07:32:54",0.96539,6,maheshmunnuru
1887,16696913,KNT93,"2026-08-14 04:00:18",0.96539,3,hkanetake
1888,16666405,"Alisa Oplakanskaya","2026-08-10 07:49:21",0.96539,11,inafalutamen
1889,16669307,"Alptuğ Bozkurt","2026-08-10 11:43:21",0.96539,3,alptubozkurt
1890,16640386,diskm25,"2026-08-20 22:18:34",0.96539,10,diskm25
1891,16717898,"Annette Catherine Paul","2026-08-25 14:34:28",0.96539,4,annettecatherinepaul
1892,16779381,"Sebastian Johansson","2026-08-27 14:30:14",0.96539,1,sebbejohansson
1893,16734993,"k nishiyama","2026-08-18 04:32:31",0.96539,1,koshinishiyama
1894,16638882,Usama_Ramzan,"2026-08-09 10:36:44",0.96538,2,usamaramzan011
1895,16695025,"Shahriar Islam Siyam","2026-08-13 16:55:10",0.96538,1,shahriarislamsiyam
1896,16717005,"Hayk's Team","2026-08-19 09:23:41",0.96538,8,hayk08
1897,16756978,"Mateus Alkimim","2026-08-22 02:33:33",0.96538,2,mateusalkimim
1898,16634066,"Michael J Hammel","2026-08-01 02:28:57",0.96537,1,michaeljhammel
1899,16772087,"Alexander Pfefferle","2026-08-26 11:16:05",0.96537,2,alexanderpfefferle
1900,16681462,"Mayank Garg ☑️","2026-08-31 11:20:48",0.96536,9,mayank787
1901,16661365,"Sarthak Kapaliya","2026-08-04 21:10:54",0.96536,1,sarthakkapaliya
1902,16716617,"Sri Venkata Abhishikth","2026-08-14 16:51:00",0.96536,12,srivenkataabhishikth
1903,16763825,"Serine Boutiche","2026-08-31 19:39:52",0.96536,20,serineboutiche
1904,16757360,"Sean Connolly","2026-08-25 05:04:32",0.96536,5,seanconnolly
1905,16725983,"Kishore M😊","2026-08-17 11:44:31",0.96535,1,kishorevis
1906,16743997,"Jack Bernstein","2026-08-19 16:57:19",0.96535,1,vjberny7
1907,16713944,"Vladislav Bukhtoyarov","2026-08-13 20:04:32",0.96535,8,vladislavbukhtoyarov
1908,16701317,darasty,"2026-08-10 14:11:38",0.96535,1,darasty
1909,16652430,Marius,"2026-08-21 14:52:56",0.96534,32,mariusborel
1910,16634111,calico,"2026-08-14 16:27:12",0.96534,1,nna777
1911,16762942,"Anton Tanin","2026-08-24 14:54:40",0.96534,2,antontanin
1912,16703876,"Arda Özcan","2026-08-12 23:32:29",0.96534,2,ardozcnn
1913,16748768,ShomaYoshida1,"2026-08-29 14:13:30",0.96534,6,shomayoshida1
1914,16640052,thodotpro,"2026-08-06 07:19:32",0.96534,10,thodotpro
1915,16662562,"Vishwa prabashwara","2026-08-04 21:20:46",0.96534,2,vishwaprabashwara
1916,16758894,"K ss1715","2026-08-22 14:49:32",0.96534,3,kss1715
1917,16779314,"taryn campbell","2026-08-27 10:50:28",0.96534,2,taryncampbell
1918,16761893,"Abinesh M","2026-08-29 04:34:41",0.96534,8,techabinesh
1919,16722880,"Wafaa Alayoubi","2026-08-16 07:47:17",0.96533,4,wafaaalayoubi
1920,16654424,"Vaibhav Bhagat","2026-08-04 20:12:15",0.96533,6,vaibhavbhagat665
1921,16701235,Ellis00322,"2026-08-11 19:28:17",0.96533,1,ellis00322
1922,16651553,"All over the golf","2026-08-06 18:30:22",0.96533,11,alloverthegolf
1923,16674530,"tagughi akihiro","2026-08-10 13:25:40",0.96533,3,tagughiakihiro
1924,16635295,"Ishimori Yusuke","2026-08-06 23:02:45",0.96533,2,ishimoriyusuke
1925,16793098,"Lapo Stopponi","2026-08-30 20:13:38",0.96533,1,lapostopponi
1926,16764810,Branch_404,"2026-08-25 08:39:44",0.96533,1,shuvocs23
1927,16723203,"Bhuvaneshwar Pratap","2026-08-15 13:00:16",0.96532,2,bhuvaneshwarpratap12
1928,16725417,"Bhuvaneshwar Pratap #2","2026-08-15 13:05:31",0.96532,1,bhuvaneshwarpr123
1929,16711433,"Aqiba Farman","2026-08-28 13:25:40",0.96532,5,aqibafarman
1930,16719666,JT-DS-Test,"2026-08-19 06:41:39",0.96532,7,xingwangkaggle
1931,16635422,long1973m,"2026-08-02 07:50:28",0.96532,5,long1973m
1932,16638638,"Nidhi Tomar","2026-08-13 17:04:02",0.96532,8,nexus092
1933,16635023,flag_06,"2026-08-11 10:03:22",0.96531,9,flag06
1934,16741109,"Maneesh Singh Chauhan","2026-08-23 05:44:58",0.96531,3,maneeshsinghchauhan
1935,16732668,"Annam Hema Kumar","2026-08-18 09:28:18",0.96531,1,annamhemakumar25
1936,16781403,Raulgv,"2026-08-31 12:55:18",0.96531,11,raulgv
1937,16718994,"Bhuvan Kadiyala","2026-08-18 16:27:01",0.96531,1,bhuvankadiyala
1938,16773177,TerenceLSH,"2026-08-30 14:35:05",0.96531,1,terencelsh
1939,16769934,Sumittttt,"2026-08-25 17:48:50",0.96530,1,sumittttt
1940,16645523,"Muhammad Usman Khan","2026-08-06 08:15:48",0.96530,3,"abbasi1214,usmankhandilzak"
1941,16639516,"chihab gheraibia","2026-08-07 01:40:05",0.96530,1,chihebghraibia
1942,16633782,"Bryce Chambers","2026-08-01 19:04:28",0.96530,4,brycechambers
1943,16669563,Ruszczka,"2026-08-05 19:25:42",0.96530,1,ruszczka
1944,16781222,"Said Ibnerradi","2026-08-28 17:01:13",0.96529,2,saidibnerradi
1945,16687702,Samidha,"2026-08-07 23:30:49",0.96529,1,samidhabhosale
1946,16682152,"Kezia Imanuella","2026-08-08 12:34:24",0.96528,2,keziaimanuella
1947,16678477,"Jimmy Dani","2026-08-16 13:00:08",0.96528,4,danijimmy979
1948,16733608,"Rishav Raj","2026-08-27 10:27:31",0.96527,14,rishavraj76
1949,16634740,AP12Ramanik,"2026-08-01 21:23:31",0.96527,4,ap12ramanik
1950,16651568,"Srishti Gauraha","2026-08-06 08:03:55",0.96527,4,srishtigauraha
1951,16685557,clashlmfak,"2026-08-09 14:48:31",0.96527,4,clashlmfak
1952,16703854,"Rudolf HOUNLETE","2026-08-14 23:01:45",0.96527,6,queystanle
1953,16681349,"sArwar sHafe ","2026-08-07 08:51:30",0.96527,2,sarwarshafe
1954,16640042,"chen chen","2026-08-02 06:54:13",0.96526,1,chenpingan111
1955,16685343,雨飘的夜,"2026-08-07 17:05:11",0.96526,4,oxfocus
1956,16717246,"subham acherjee","2026-08-24 17:38:48",0.96526,4,subhamacherjee
1957,16641605,Nick,"2026-08-04 00:04:37",0.96526,4,nickkatsarelas
1958,16741233,"Aryan kumar Sahoo","2026-08-19 12:37:16",0.96525,1,aryankumarsahoo
1959,16692005,"Astha Bansal","2026-08-31 14:23:38",0.96525,1,asthabansal1705
1960,16755289,"Shem Salih","2026-08-22 11:02:51",0.96525,1,shemsalih
1961,16778363,Riyaax07,"2026-08-27 05:46:11",0.96525,1,riyaax07
1962,16746236,"shobhit Vaish","2026-08-31 05:12:53",0.96525,1,shobhitvaish
1963,16764912,"Rimjhim Madaan","2026-08-31 05:15:30",0.96525,1,rimjhimmadaan
1964,16767702,vroste,"2026-08-30 09:56:18",0.96525,10,vroste
1965,16722756,Javidan__0,"2026-08-15 15:46:47",0.96525,2,javidan0
1966,16662822,skiyuki,"2026-08-29 03:44:29",0.96524,23,skiyuki
1967,16673323,"Rahul Das","2026-08-06 12:16:36",0.96524,3,jerry42
1968,16636020,wrrd,"2026-08-05 13:43:16",0.96523,8,qqqaaavvv
1969,16733178,"jihyung yun","2026-08-26 07:56:57",0.96523,4,jihyungyun
1970,16766305,etsuko,"2026-08-30 07:23:21",0.96523,5,etsukonaganawa
1971,16645690,"PANCHAL MANAN JAYESHKUMAR","2026-08-03 18:42:16",0.96523,2,mananpanchal18
1972,16765901,"Zak Meyer","2026-08-28 22:35:04",0.96523,3,zakariyameyer
1973,16656356,"Dongyan Zhang (dy)","2026-08-05 06:03:25",0.96523,1,dongyanzhangdy
1974,16634042,DuDuDu0,"2026-08-23 22:34:00",0.96522,14,dududu0
1975,16711293,Crista,"2026-08-20 07:31:31",0.96522,2,ryokamata
1976,16741469,SubikshaParamasivam,"2026-08-19 13:10:59",0.96522,1,"gayathrisellapandi,sowmiya06m,subikshaparamasivam"
1977,16766262,shushushun,"2026-08-29 06:57:08",0.96522,3,shushushun
1978,16692928,"Konko M","2026-08-16 21:55:04",0.96522,3,konkomaji
1979,16673314,"Manthan Waghela","2026-08-30 14:28:16",0.96522,6,manthanwaghelamoons
1980,16702230,"Ivan Seleznov","2026-08-17 08:12:03",0.96521,6,ivanseleznov111
1981,16659495,"Uğur Atlı","2026-08-09 15:18:55",0.96521,2,uuratl
1982,16672793,"Shah Muhmmad Fazle Rabbi","2026-08-06 08:51:52",0.96521,1,engineerfrabbi
1983,16764800,messibeatgravity,"2026-08-25 13:56:55",0.96521,1,messibeatgravity
1984,16640517,malibu_orange,"2026-08-02 11:24:14",0.96521,2,malibuorange
1985,16644560,BrentL,"2026-08-07 10:19:10",0.96520,9,brentl
1986,16687969,"juy hh","2026-08-07 23:20:01",0.96520,1,juyhhds
1987,16652049,haideptry,"2026-08-03 10:28:13",0.96520,1,haideptry
1988,16762210,"NEHA SHARMA","2026-08-31 08:28:42",0.96520,1,nehash0123gmailcom
1989,16715142,"Christian F. Badillo H.","2026-08-15 21:17:45",0.96520,8,christiaanfbadilloh
1990,16747566,"Akash Jadhav","2026-08-29 16:50:39",0.96519,3,EagleOnAI
1991,16633774,"Keya Dobriyal","2026-08-06 20:58:51",0.96519,6,keyadobriyal
1992,16712543,"Vincenzo Moccia 01","2026-08-30 14:07:08",0.96519,1,vincenzomoccia01
1993,16792145,JiashengYun,"2026-08-31 06:32:38",0.96519,1,yjsh2003
1994,16773480,"ISOMURA Shun","2026-08-26 08:36:38",0.96519,2,shunisomura
1995,16658752,dwdwdwsdedwd,"2026-08-04 10:01:19",0.96519,2,dwdwdwsdedwd
1996,16710581,"Zişan Ferzin YALÇIN","2026-08-13 08:35:45",0.96519,2,zisanferzin
1997,16664832,aniketps4,"2026-08-21 06:30:43",0.96519,1,aniketps4
1998,16646124,Korty,"2026-08-22 14:59:16",0.96519,5,bhaskarmishra44796
1999,16739380,"Mayank Tiwari","2026-08-18 18:37:12",0.96518,2,malware32
2000,16633839,"Đào Minh Thuấn 🎖️","2026-08-15 21:27:08",0.96518,1,thuandao
2001,16733362,"Johannes Jiryis","2026-08-27 19:56:46",0.96518,4,johannesjiryis
2002,16738233,EsdrosDawit2,"2026-08-20 12:15:22",0.96517,4,esdrosdawit2
2003,16657153,"YASASWITHA THAVVA","2026-08-29 14:55:57",0.96517,1,yasaswithathavva
2004,16760081,"Dimitrios Chronis","2026-08-22 19:59:32",0.96517,1,dimitrioschronis
2005,16712482,"Kenzi Zahran","2026-08-25 13:57:10",0.96517,2,kenzizahran
2006,16714475,inga_error,"2026-08-12 23:03:00",0.96517,1,ingaerror
2007,16730324,Canchs,"2026-08-17 03:00:42",0.96516,1,canchs
2008,16652830,"Nikita Savkin","2026-08-03 18:09:54",0.96516,3,gisubo
2009,16690358,NewDayOK,"2026-08-16 11:59:58",0.96516,4,newdayok
2010,16775560,FredericaBernkastel,"2026-08-31 18:42:17",0.96516,1,galonglau
2011,16655583,"Vikas Seth","2026-08-14 00:54:10",0.96516,4,vikassethv
2012,16753914,Uoldady,"2026-08-23 13:27:23",0.96515,2,uoldady
2013,16664188,defnotafunction,"2026-08-16 23:54:58",0.96515,14,aidenkatambwa
2014,16729717,Ash,"2026-08-23 16:01:55",0.96514,3,ashiarn
2015,16692717,teaminflation,"2026-08-09 09:45:44",0.96514,1,thiagogoncalvesggg
2016,16706183,"Crafty Code","2026-08-20 11:00:33",0.96513,2,craftycode
2017,16750473,Jsznnn,"2026-08-21 18:25:39",0.96513,2,jsznnn
2018,16742456,"Ana-Maria Ionescu","2026-08-24 15:55:57",0.96513,2,anamariaionescu2
2019,16645027,"Sourjya Mukherjee","2026-08-03 03:34:52",0.96513,2,mukherjeesourjya
2020,16701620,yeongseok32,"2026-08-15 02:04:57",0.96513,1,yeongseok32
2021,16777643,"Carol Wu","2026-08-31 08:14:10",0.96513,7,phr0gg
2022,16660534,"Tasha Steve","2026-08-11 12:15:44",0.96512,2,tashasteve
2023,16694360,"Martin Saxa","2026-08-09 09:43:34",0.96512,1,martinsaxa
2024,16715757,"Mg Dhia Abdalbakee","2026-08-24 04:36:07",0.96512,5,mgdhia
2025,16634190,"Ujjawal Singh","2026-08-17 05:24:28",0.96512,2,ujjawalsingh10
2026,16665009,"Pooja Puri","2026-08-17 05:48:23",0.96512,1,poojapuri
2027,16693136,h4re,"2026-08-09 00:58:51",0.96512,3,h4rejp
2028,16699443,"Thomas Stahl","2026-08-16 06:09:41",0.96511,3,thomas04
2029,16710403,chirag2705,"2026-08-29 14:29:59",0.96511,4,chirag2705
2030,16723831,"Feras Saad","2026-08-31 22:44:22",0.96510,2,ferassaad
2031,16727822,"Kenneth Ryan Dsouza","2026-08-16 10:55:46",0.96510,2,kennethryandsouza
2032,16638586,"Parth Sarnobat","2026-08-31 17:57:16",0.96510,20,parthsarnobat
2033,16644465,"Miles Mule","2026-08-02 22:06:47",0.96510,2,milesmule
2034,16722316,Umut07,"2026-08-19 14:36:49",0.96509,1,habes07
2035,16651822," SAI KARTHIK_7007","2026-08-18 05:15:40",0.96509,2,saikarthik7007
2036,16778435,"Shreyash Kharat","2026-08-28 21:39:55",0.96509,3,shreyashkharat
2037,16659531,Outatime,"2026-08-04 16:21:23",0.96509,1,karlcini
2038,16736089,Voyager_Nine,"2026-08-18 16:25:38",0.96509,2,voyagernine
2039,16726719,Olivier,"2026-08-18 04:56:50",0.96509,4,hoololi
2040,16728898,"Chuah Jong Sik","2026-08-29 16:45:16",0.96509,13,cjosik
2041,16728909,Vinymo,"2026-08-19 11:27:52",0.96509,9,vinymo
2042,16712649,"Vision coders","2026-08-17 13:43:47",0.96508,4,"ashumulik02,vedantnaik06"
2043,16719600,LEFEUFOLLET,"2026-08-14 07:26:41",0.96508,1,lefeufollet
2044,16694635,Skvorec,"2026-08-09 13:03:39",0.96508,7,skvorec0
2045,16721421,"Abdulsamod Azeez","2026-08-14 09:32:50",0.96508,1,abdulsamod1
2046,16707616,"Rizki Surya Nugroho","2026-08-11 13:55:14",0.96507,1,rizkisuryanugroho
2047,16683627,kachiatsu,"2026-08-16 10:35:39",0.96507,1,kachiatsu
2048,16657799,"B Yaswanth Naidu","2026-08-22 19:59:19",0.96507,8,lucdark
2049,16652796,Shash,"2026-08-06 13:07:05",0.96507,2,shashcoder
2050,16695427,sArwar-sHafee,"2026-08-09 11:17:06",0.96507,1,sshhaaffee
2051,16690354,Faheem219,"2026-08-08 15:44:22",0.96506,1,faheem219
2052,16635163,"Edosuyi Enosakhare","2026-08-27 11:15:59",0.96506,6,edosuyienosakhare
2053,16638703,"Sumantra Prajapati","2026-08-05 07:31:16",0.96506,3,sumantraprajapati
2054,16639136,"Divine Oguche","2026-08-05 21:07:50",0.96506,4,divineoguche
2055,16791048,"Pedro Farias","2026-08-31 10:55:43",0.96505,2,pedrosfarias
2056,16759285,Brian74804,"2026-08-22 15:38:39",0.96505,1,tsengchienchih
2057,16783671,"Elif Baydoğan","2026-08-31 14:11:36",0.96505,1,elifbaydogann
2058,16733549,"Francesc Oliveras","2026-08-18 11:27:30",0.96505,2,francescoliveras
2059,16697770,"Sivaramakrishnan G","2026-08-10 07:03:09",0.96505,1,trackcyclist
2060,16727863,"Yanzhe Dong","2026-08-16 10:34:38",0.96505,1,yanzhedong
2061,16660148,"Praveen Kumar Mohan","2026-08-28 16:37:39",0.96505,38,praveenkumar1818
2062,16707529,EddieLK,"2026-08-11 13:17:40",0.96504,2,eddielk
2063,16670062,"Paulo Obnial","2026-08-06 04:22:37",0.96504,1,pauloobnial
2064,16710449,"Adit Bhattarai","2026-08-13 05:08:05",0.96504,1,aditbhattarai
2065,16737043,Aditi,"2026-08-18 12:14:38",0.96504,1,aditi512888
2066,16741355,"Fikri Abdillah","2026-08-29 02:41:59",0.96503,1,fikriabdillah98
2067,16765711,"Jitu Anton","2026-08-24 11:43:33",0.96503,3,jituanton
2068,16782212,hideaki_mizoue,"2026-08-28 02:29:32",0.96502,1,hideakimizoue
2069,16725120,"Repala Manideep","2026-08-16 11:02:44",0.96502,2,repalamanideep
2070,16634243,"Joel Benson","2026-08-31 21:32:32",0.96501,2,joelbenson20
2071,16752410,"Aida Pâncă","2026-08-28 09:20:09",0.96501,2,aidapnc
2072,16750554,"OJO EMMANUEL","2026-08-28 15:29:43",0.96501,1,ojoemmanuelnifemi
2073,16698334,"Ethan J. Schauder","2026-08-11 13:30:11",0.96500,3,ethanjschauder
2074,16790441,"Pinjie Wang","2026-08-29 15:37:32",0.96500,2,pinjiewang
2075,16691242,Niklas,"2026-08-13 17:32:48",0.96500,3,niklasknobel
2076,16746480,"Saawan Rao","2026-08-21 07:32:48",0.96500,2,saawanrao
2077,16759251,chaï,"2026-08-23 13:23:55",0.96500,2,sritichaimae
2078,16779876,"Danylo Kucherenko","2026-08-29 21:26:32",0.96500,15,danylo0501
2079,16736806,"Abhinab SM Chhetri","2026-08-24 18:25:48",0.96499,3,abhinabbudhachheri
2080,16694733,"Sergeev Dima","2026-08-09 13:24:17",0.96499,5,sergeevdima
2081,16685049,Garygao,"2026-08-13 17:03:00",0.96499,2,ziang0211
2082,16712306,"Lis Hdez","2026-08-18 16:39:09",0.96499,6,lishdez
2083,16679623,"JC Alicaway","2026-08-09 04:26:10",0.96498,1,jcalicaway
2084,16643205,귀요미,"2026-08-02 19:12:29",0.96498,2,izasssyyy
2085,16697209,kishorkumarJha,"2026-08-09 19:24:32",0.96498,3,kishor1210
2086,16774507,syyycc,"2026-08-28 02:09:40",0.96498,2,syyycc
2087,16651715,"SAMPAT PRAJAPAT","2026-08-05 11:49:33",0.96498,3,sampatprajapat
2088,16692017,"Anushka Sugandh","2026-08-09 08:26:29",0.96498,2,"anushkasugandh,ayush1318"
2089,16782988,"Mon Chinawat","2026-08-28 08:14:58",0.96498,5,monshinawatra
2090,16755217,SJDPK,"2026-08-30 12:18:27",0.96498,4,"danielwilfried,pascalbanamba,samuelebete"
2091,16652735,"Imai Sakiko (tibenfan)","2026-08-13 14:34:51",0.96497,17,imaisakikotibenfan
2092,16718982,evanrcohen,"2026-08-14 02:23:27",0.96497,1,evanrcohen
2093,16693422,Jincy,"2026-08-09 06:54:57",0.96496,3,softau
2094,16656968,Ancy,"2026-08-20 10:34:12",0.96496,12,ancyneuray
2095,16761773,Andrés,"2026-08-23 11:33:26",0.96496,4,anvega99
2096,16695097,PavanKumar9938,"2026-08-09 12:49:04",0.96496,4,pavankumar9938
2097,16717610,"Narpinder Singh","2026-08-16 14:15:29",0.96495,4,pannu22
2098,16686488,"Fahim Muntasir Sajid","2026-08-13 11:27:53",0.96495,2,fahimms07
2099,16638636,"Aum Patel 131","2026-08-09 09:29:25",0.96495,5,aumpatel131
2100,16637567,tuko_tanzwoo,"2026-08-02 09:22:29",0.96495,3,tukotanzwoo
2101,16768754,Fran2026,"2026-08-25 13:13:27",0.96495,2,fran2026
2102,16769034,"Chirapathleo Saelim","2026-08-31 14:05:17",0.96495,4,chirapathleosaelim
2103,16659992,"shane raphel","2026-08-05 03:07:51",0.96495,3,shaneraphel
2104,16713029,Vux,"2026-08-13 15:27:11",0.96494,3,weiyu85
2105,16679573,mumjum,"2026-08-29 04:46:39",0.96494,7,mumjum
2106,16741166,Novem,"2026-08-19 06:06:09",0.96494,1,novem18
2107,16705120,"Samuel Anklesaria","2026-08-11 21:13:36",0.96493,2,samuelanklesaria
2108,16696832,"Andriy Mysko","2026-08-19 22:54:01",0.96493,1,andriymysko
2109,16639652,kansyo,"2026-08-09 03:28:05",0.96492,1,kansyo
2110,16724502,doutianlin,"2026-08-15 09:03:00",0.96492,1,doutianlin
2111,16705847,"Shshank Singh","2026-08-13 19:04:59",0.96492,2,shshank7
2112,16731134,"Yehezkiel Haganta","2026-08-25 11:11:13",0.96492,12,yehezkielhaganta
2113,16771812,khan,"2026-08-26 09:14:52",0.96492,2,kuhnsalgo
2114,16649178,Buggy,"2026-08-18 07:53:49",0.96492,15,buggy7073
2115,16675304,"Ryotaro Minato","2026-08-25 21:28:03",0.96491,2,ryotarominato
2116,16702261,"Jarosław Klepadło","2026-08-21 22:10:12",0.96491,2,jarosawklepado
2117,16667982,xuanxuan496,"2026-08-21 05:02:20",0.96491,33,xuanxuan496
2118,16715985,"Devesh Kadam","2026-08-24 11:04:11",0.96491,1,deveshkadam969
2119,16735090,"DEV RAJ SINGH","2026-08-18 04:36:55",0.96490,2,devrajsingh04
2120,16635955,"MD Nahid","2026-08-29 09:59:02",0.96490,1,mdnahidhossain0
2121,16777738,"PANKAJ MAITY","2026-08-29 17:23:28",0.96490,4,pnkj006
2122,16652042,"wildfire kindle","2026-08-04 04:16:59",0.96489,7,wildfirekindle
2123,16729601,"Ankita Chakrawarti","2026-08-29 15:23:51",0.96489,4,ankitachakrawarti
2124,16661769,chanmari_chan,"2026-08-10 10:20:52",0.96489,4,chanmarichan
2125,16770853,orangede,"2026-08-31 07:45:04",0.96489,2,orangede
2126,16766985,"Yoho Ten","2026-08-27 10:17:03",0.96489,6,yohoten
2127,16661380,"Andrey Khamitov","2026-08-08 10:20:31",0.96488,3,cucloo
2128,16748850,kunal_singh,"2026-08-22 14:39:54",0.96488,5,kunalsingh100
2129,16640366,"Thomas Meißner","2026-08-03 07:38:55",0.96488,4,thomasmeiner
2130,16725365,"Robert Šebánek","2026-08-16 13:31:03",0.96487,3,robertseb
2131,16695363,"Turnai Bálint","2026-08-17 14:50:33",0.96487,5,turnaiblint
2132,16715785,WOWTIMWOW,"2026-08-13 07:10:31",0.96487,2,wowtimwow
2133,16663763,"Orlando Virginio Penha Junior","2026-08-08 21:02:02",0.96487,4,orlandovpjunior96
2134,16736274,"B Chaitrashree","2026-08-18 12:43:34",0.96487,3,bchaitrashree
2135,16639383,Osku,"2026-08-10 05:04:16",0.96486,1,oskutee
2136,16726843,Mehdiii,"2026-08-27 01:04:49",0.96485,12,mehdifalta
2137,16708675,shpg,"2026-08-28 00:45:33",0.96485,1,shpatrickguo
2138,16768809,"Mukilan A.R.","2026-08-29 04:06:07",0.96485,2,mukilanar
2139,16712206,RAYMOND3274872379,"2026-08-14 07:49:12",0.96485,6,raymond3274872379
2140,16791310,rjo1357,"2026-08-30 15:20:47",0.96485,6,rjo1357
2141,16662359,"Dr Anil Kumar Dubey","2026-08-06 04:14:24",0.96485,5,dranilkumardubey
2142,16640236,"Vijesh Kumar 45","2026-08-03 13:50:31",0.96485,4,vijeshkumar45
2143,16701692,Yuk!,"2026-08-12 14:43:30",0.96484,5,mitsuyukiokamura
2144,16725116,"Maize Dough","2026-08-15 11:44:32",0.96484,1,maizedough
2145,16635649,"Taha Zarei","2026-08-01 18:11:26",0.96484,1,tahazarei
2146,16652748,_anji___,"2026-08-11 13:54:05",0.96484,16,swathivenugopal
2147,16749594,"sarthak sharma","2026-08-31 22:45:05",0.96484,1,nazisiznin
2148,16696362,dongfangdaguo,"2026-08-09 22:18:00",0.96484,1,dongfangdaguo
2149,16637947,rootenter,"2026-08-01 21:07:54",0.96483,1,rootenter
2150,16676136,"SaiPrasanth S Naidu","2026-08-22 14:25:06",0.96483,1,saiprasanthsnaidu
2151,16732491,Adarsh_Balu,"2026-08-22 04:33:21",0.96483,1,kattapa07
2152,16775407,rodea0952,"2026-08-29 10:36:31",0.96482,3,ryutohosokawa
2153,16779038,"Subhankar Kanrar","2026-08-29 21:16:16",0.96482,1,subhankarkanrar
2154,16780183,"Lokesh Lalan","2026-08-28 11:38:52",0.96482,2,lokeshlalan
2155,16688840,"Vishal Reddy.k","2026-08-31 19:29:19",0.96482,11,vishalreddyk
2156,16761295,"Shashank jadhav","2026-08-29 18:27:51",0.96481,2,shashankjadhav123
2157,16725732,"Marcelo Kenji Noda","2026-08-15 21:54:32",0.96481,1,marcelokenjinoda
2158,16712736,Lilith,"2026-08-13 15:49:16",0.96481,4,lilith12
2159,16639848,"Pratish Chaudhary","2026-08-14 03:35:01",0.96480,3,pratishchaudhary
2160,16737616,"Kangan Mane","2026-08-31 12:53:08",0.96480,3,"chavanshreyababaso,kanganmane"
2161,16767362,"Rohit Kumar #4","2026-08-24 18:31:41",0.96480,1,rkrohitkumar
2162,16640766,Timur,"2026-08-09 20:50:01",0.96479,4,timur82
2163,16635443,"Kirill Filippov","2026-08-31 19:00:12",0.96479,34,tayadj
2164,16633751,"Rahib Vk","2026-08-06 11:26:55",0.96479,2,rahibvk
2165,16790151,Astrodry,"2026-08-29 18:23:56",0.96479,1,astrodry
2166,16759788,"Kam Mehr","2026-08-23 12:29:15",0.96479,2,kammehr
2167,16633801,"KOUSHIK KUMAR DINDA","2026-08-26 14:09:36",0.96479,12,koushikkumardinda
2168,16740057,"Muhammad Ammar Jamali","2026-08-19 21:12:20",0.96478,3,muhammadammarjamali
2169,16656238,"Singkwun Law","2026-08-24 08:40:51",0.96478,1,singkwunlaw
2170,16750712,"Apara Medhaavulu","2026-08-21 00:32:37",0.96478,4,"indrasenareddy18,narasimhanaidu7"
2171,16725875,"Dami Lä","2026-08-15 21:59:01",0.96477,2,damilae99
2172,16696415,tsubasacat,"2026-08-09 15:40:31",0.96477,3,tsubasacat
2173,16635271,Koostik126,"2026-08-11 17:10:43",0.96477,7,kostya138
2174,16667076,"Abdelhafid Ammari","2026-08-05 13:53:45",0.96477,3,abammari
2175,16691500,"Vishal Rawat","2026-08-12 08:09:18",0.96476,2,vrawatai
2176,16718559,"Algo Champ 300","2026-08-14 11:35:30",0.96476,7,algochamp300
2177,16737765,ally03,"2026-08-18 18:02:00",0.96476,2,ally03
2178,16758478,wanny0213,"2026-08-22 11:55:51",0.96476,1,wanny0213
2179,16736440,"Neha samanvitha","2026-08-24 12:36:33",0.96474,2,nehasamanvitha
2180,16711511,"Moataz Hindy","2026-08-19 18:47:43",0.96474,3,moatazhindy
2181,16707559,"Sueda Kazan","2026-08-16 15:30:06",0.96473,4,suedakazan
2182,16737501,"Andrew Reed","2026-08-20 01:29:05",0.96473,4,andrewreed
2183,16782563,"Masaaki Nabeshima","2026-08-28 16:54:56",0.96473,1,masaakinabeshima
2184,16730939,"Bhargav Bheemani","2026-08-17 13:05:47",0.96473,1,bhargavbheemani
2185,16732227,"Shinichi Monden","2026-08-31 23:58:20",0.96472,15,shinichimonden
2186,16768932,yanghsu0302,"2026-08-25 07:14:11",0.96472,2,yanghsu0302
2187,16764437,"George Ward1995","2026-08-24 07:06:40",0.96472,2,georgeward1995
2188,16716361,"vaishnavi gurav","2026-08-14 10:44:19",0.96471,1,vaishnavigurav2005
2189,16721562,"Misba Mestri","2026-08-14 11:22:28",0.96471,2,misbamestri
2190,16690727,"Varun Chourasia","2026-08-31 08:37:49",0.96471,2,varunchourasia
2191,16758326,"Rahul Joshi","2026-08-23 07:45:01",0.96471,3,rahuljoshi08
2192,16716417,"GOLE SHRIRAJ RAVINDRA","2026-08-15 11:35:09",0.96470,6,goleshrirajravindra
2193,16634344,"Nabil Shahab","2026-08-01 09:36:42",0.96470,6,nabilshahab
2194,16639081,"Prithwiswar Bhattacharya","2026-08-08 18:32:04",0.96470,1,prithwiswarbhatt
2195,16760356,"Román Eliezer Pérez Ríos","2026-08-23 02:57:27",0.96469,1,perezrios
2196,16652862,"João Felix","2026-08-31 21:32:53",0.96469,11,joaosilvafelix
2197,16635325,0x3f1,"2026-08-05 07:21:16",0.96468,3,psy1009
2198,16717168,"Shao huaaa","2026-08-14 05:43:17",0.96468,3,shaohuaaa
2199,16685981,Wittzy,"2026-08-08 15:30:44",0.96468,3,wittzy
2200,16708494,"Dolev Graizer","2026-08-12 11:58:06",0.96468,1,dolevgraizer
2201,16634541,AnishkaRatnawat2,"2026-08-01 06:36:41",0.96468,2,anishkaratnawat2
2202,16662698,"andrea rosati1","2026-08-21 09:34:47",0.96467,1,andrearosati1
2203,16671308,"Joohyun Kim","2026-08-13 09:44:23",0.96467,5,teeeekay
2204,16655513,Morningpaper053,"2026-08-05 09:12:27",0.96466,5,morningpaper053
2205,16757705,C1tr3s,"2026-08-22 11:44:21",0.96466,2,c1tr3s
2206,16716237,"Kenjiro K","2026-08-31 21:48:01",0.96465,12,kenjirok
2207,16689136,"krishanu shah","2026-08-09 17:16:05",0.96465,8,krishanushah
2208,16716444,"Rutuja Mhalungekar","2026-08-14 04:00:31",0.96465,2,rutujamhalungekar
2209,16723463,"Meryem Kevser Keskin","2026-08-22 10:35:25",0.96465,5,meryemkevserkeskin
2210,16716913,"PATIL GAYATREE BHARAT","2026-08-17 17:05:54",0.96464,19,patilgayatreebharat
2211,16691114,"Gaurav Kumar","2026-08-25 03:50:48",0.96464,4,varuag799
2212,16716419,"MAGAR OMKAR VITHAL","2026-08-31 06:11:55",0.96464,5,magaromkarvithal
2213,16657425,"Kento Arakawa","2026-08-31 05:55:21",0.96464,5,kentoarakawa
2214,16713212,DevashishSoni123,"2026-08-31 19:18:06",0.96463,10,devashishsoni123
2215,16706990,Muhammad_Mohsin.Ahmad,"2026-08-19 09:41:42",0.96463,1,muhammadmohsinahmad
2216,16634915,kozyunderblanket,"2026-08-01 10:55:14",0.96462,1,bigbddgccibrgr
2217,16634690,"Valentin Kalemba","2026-08-05 22:37:14",0.96462,2,valentinkalemba
2218,16686325,"Kavya Shankar","2026-08-08 14:16:35",0.96462,1,kavyashankar0625
2219,16759514,"Yahaya Kabir","2026-08-30 16:18:54",0.96462,1,yahayakabir02
2220,16751243,"Random Student in Korea","2026-08-24 00:41:04",0.96462,1,randomstudentinkorea
2221,16724369,"Sudhanshu  Bajpai 01","2026-08-28 14:28:33",0.96461,2,sudhanshubajpai01
2222,16698189,cici0814,"2026-08-11 03:26:24",0.96461,3,cici0814
2223,16636082,"Mayank Saini","2026-08-30 10:25:37",0.96461,1,doracratermayank
2224,16641200,"Zobayer Abdullah","2026-08-04 06:31:47",0.96461,4,zobayerabdullah
2225,16758398,"Frederick Osei Ofori-Boadu","2026-08-27 12:18:09",0.96460,1,foobah
2226,16733722,kirinCool,"2026-08-21 08:15:28",0.96460,2,kirincool
2227,16766242,"Rishikesh Beliya","2026-08-29 11:04:57",0.96460,1,rishikeshbeliya
2228,16745600,stunningvn,"2026-08-20 04:15:49",0.96459,2,dedquoc
2229,16758623,LuanHengYu,"2026-08-22 13:48:13",0.96459,4,apexml
2230,16707793,Fedor,"2026-08-12 12:21:34",0.96459,4,physhock
2231,16714515,Kivanc,"2026-08-12 22:48:29",0.96459,3,kivanc49
2232,16717767,"1123_Lê Trung Kiên","2026-08-13 15:57:27",0.96459,2,ltrungkin33
2233,16737002,Monotoni,"2026-08-18 14:12:16",0.96458,2,monotoni
2234,16728629,hariniii_29,"2026-08-16 15:43:24",0.96458,1,hariniii29
2235,16793977,last2k4,"2026-08-31 18:31:08",0.96457,2,last2k4
2236,16796958,"Tráng Phùng Văn","2026-08-31 19:20:49",0.96457,1,phungtrang
2237,16711672,Gaurav_065,"2026-08-17 11:48:40",0.96457,3,gaurav065
2238,16661366,Gabriel,"2026-08-04 14:27:27",0.96456,1,gabeshaps
2239,16698513,StevenKuo,"2026-08-10 03:08:54",0.96456,1,stevenkuo1025
2240,16697389,"SIVA S","2026-08-31 07:03:00",0.96456,230,codingmaster24
2241,16667713,"Yash Mehrotra","2026-08-05 14:11:40",0.96455,1,yashmehrotraa
2242,16761599,chiclhn,"2026-08-23 10:13:13",0.96455,1,chiclhn
2243,16746201,RoshniSingh_CSE24,"2026-08-30 03:24:16",0.96455,2,roshnisgh
2244,16690803,c0d3l0v3r,"2026-08-08 12:14:21",0.96454,2,dchehe
2245,16738600,Khuuhaku,"2026-08-23 13:05:17",0.96454,1,alexanderefraim
2246,16694637,Overth1nk,"2026-08-09 18:29:56",0.96454,2,overth1nk
2247,16720654,"Shraddha Balaso Patil","2026-08-14 07:34:28",0.96454,2,shraddhabalasopatil
2248,16770158,"Satrio Budi pratama","2026-08-25 13:21:00",0.96453,1,satriobudipratama
2249,16771051,"Gavin Ardhijaya","2026-08-25 13:38:09",0.96453,1,gavinardhijaya
2250,16641306,"Jagatheesan Nachimuthu","2026-08-14 08:18:25",0.96453,3,jagatheesann
2251,16653191,"Jai Sai kamal","2026-08-10 06:00:31",0.96453,1,jaisaikamal
2252,16670109,"Artyom Sayapin","2026-08-09 15:39:12",0.96453,1,spielmeister
2253,16733000,"Sobhan Mahmoudi","2026-08-17 18:37:18",0.96453,1,sobhanmahmoudi
2254,16635616,DanilGorshkov,"2026-08-07 12:31:52",0.96452,7,danilgorshkov
2255,16638067,"Alissa King","2026-08-01 19:49:30",0.96452,1,alissaking
2256,16639091,"Mike Johnson","2026-08-02 02:43:30",0.96452,2,mrjohnsonsea
2257,16771926,"Pabitra Pal","2026-08-28 22:24:15",0.96452,1,pabitrapal07
2258,16633736,kabhishm,"2026-08-03 17:47:45",0.96452,1,kabhishm
2259,16740169,"TASHTEMIROV JAVOKHIR","2026-08-27 05:28:25",0.96452,3,javokhirjon
2260,16718384,"Salma Nageh","2026-08-13 23:28:01",0.96452,1,salmanageh
2261,16759036,"Szymon Bogusz","2026-08-29 14:39:17",0.96451,6,shymoff
2262,16675729,"Sarp Esenli","2026-08-12 15:21:21",0.96451,2,sarpda
2263,16750674,"Shubham Kumar","2026-08-20 21:32:26",0.96450,1,shubhamkasyap
2264,16745107,"Daniele Brunetto","2026-08-22 10:00:53",0.96450,2,danielebrunetto
2265,16717191,"Pushti Sapovadiya","2026-08-25 11:28:31",0.96449,5,pushtisapovadiya
2266,16668875,Nokish,"2026-08-13 09:41:39",0.96449,16,nikitasem
2267,16663914,"Aditya Dube","2026-08-05 00:12:52",0.96448,1,dubeaditya
2268,16747514,Mmt11b,"2026-08-20 09:54:39",0.96448,1,mmt11b
2269,16634594,おかゆん,"2026-08-31 00:15:00",0.96447,6,okayun
2270,16703621,Tigerone1945,"2026-08-15 09:32:31",0.96447,1,yozomaeda
2271,16725516,"SAMARTH ZAVERI","2026-08-26 02:31:21",0.96447,4,samarthzaveri
2272,16696230,"Adnan Iqbal Kantroo","2026-08-16 18:15:48",0.96447,3,adnanik23
2273,16760409,"Hossam Elshahaby","2026-08-31 07:13:07",0.96447,1,elshahaby
2274,16715690,pmsarea0662,"2026-08-13 06:50:01",0.96446,7,pmsarea0662
2275,16691459,"Salvatore Ucchino","2026-08-08 15:44:26",0.96445,1,devsu88
2276,16653084,"haoran huang430","2026-08-03 15:20:56",0.96445,1,haoranhuang430
2277,16728602,jibola,"2026-08-30 18:28:20",0.96445,3,jbritz
2278,16675233,Dmitry_Nikolaev53,"2026-08-10 12:32:10",0.96445,2,dmitrynikolaev53
2279,16715806,"Tejaswa Gupta","2026-08-14 09:35:10",0.96444,2,tejaswagupta
2280,16674756,"Krystian Łata","2026-08-10 08:31:49",0.96444,2,krystianlata
2281,16635082,CodeBlooded,"2026-08-01 15:34:48",0.96443,2,divyanshkumar3
2282,16652618,"Muhammad Zalan","2026-08-04 13:44:07",0.96442,4,mohammadzalan1
2283,16790689,skbhai07,"2026-08-31 15:08:32",0.96440,2,skbhai07
2284,16667829,"Ladipo Samson","2026-08-06 06:37:37",0.96440,1,ladiposamson
2285,16718972,"Gabriela Słomiany","2026-08-30 14:57:45",0.96440,1,gabrielasomiany
2286,16639978,"Utsav Sarkar","2026-08-02 05:33:30",0.96440,1,utsavsarkar
2287,16715800,"Front Benchers","2026-08-31 06:33:25",0.96439,1,"tanishsingh25,ujjwal0414,varundixit02"
2288,16653940,Sash,"2026-08-13 19:42:26",0.96439,8,sa4444
2289,16651465,legtso,"2026-08-11 13:06:25",0.96438,17,samcaton
2290,16766793,"Team AM","2026-08-30 12:17:18",0.96438,1,akhilesh119
2291,16662994,"Akanksha Sahai","2026-08-05 00:34:18",0.96438,1,akgoesplaces
2292,16708903,"Gigin George Mathew","2026-08-14 12:02:22",0.96438,11,gigingeorgemathew
2293,16743550,"Zoltan Ersek","2026-08-19 15:31:21",0.96438,1,zoltanersek
2294,16731615,"Alireza Ziglary","2026-08-23 10:57:41",0.96437,1,alirezaziglary
2295,16795447,"Seungmin Choi","2026-08-31 13:37:57",0.96437,1,gs18113
2296,16714369,"Fred kiboga","2026-08-13 13:27:57",0.96435,1,fredkiboga
2297,16692149,yawwpa,"2026-08-23 06:31:22",0.96435,3,yawwpa
2298,16760891,fxywhs,"2026-08-23 05:44:50",0.96434,2,fxywhs
2299,16634207,"Razan Ihab","2026-08-02 10:52:22",0.96434,3,razanihababdellatif
2300,16733114,AmjedCP7,"2026-08-17 16:55:46",0.96434,1,amjedcp7
2301,16701635,"Joe Levine","2026-08-19 17:36:09",0.96433,16,josephlevine
2302,16659122,"sai varshith chilukuri","2026-08-07 06:37:41",0.96433,4,saivarshithchilukuri
2303,16653295,Kazoric,"2026-08-25 11:08:21",0.96432,6,kazoric
2304,16635088,ocean240812,"2026-08-06 08:53:57",0.96432,11,ocean240812
2305,16727220,"Jason Lam","2026-08-31 13:15:14",0.96432,33,jlam83
2306,16684212,Vishal0407,"2026-08-12 03:51:05",0.96432,13,vishal0407
2307,16769612,ssssying,"2026-08-26 13:53:59",0.96431,3,ssssying
2308,16696284,Dimitxi,"2026-08-09 16:06:21",0.96431,5,dimitxi
2309,16638920,ReSeP,"2026-08-10 15:24:10",0.96431,2,liverfool
2310,16699204,imkymn,"2026-08-10 15:13:32",0.96431,1,imkymn
2311,16691025,michelle_nicai_rose,"2026-08-08 16:23:53",0.96431,1,michellenicairose
2312,16690441,"Ojas Rohatgi","2026-08-08 14:01:39",0.96430,3,ojasrohatgi
2313,16634285,SuprithaR_6,"2026-08-01 07:49:48",0.96430,1,suprithar6
2314,16738917,"Ibn Tasfaoud AZANWO","2026-08-25 18:56:48",0.96429,5,ibntasfaoudazanwo
2315,16640076,"Harshith Kumar Chitluri","2026-08-07 11:15:11",0.96429,7,harshithchitluri
2316,16639956,"Dyachenko Maksim","2026-08-02 07:03:56",0.96429,3,dyachmak
2317,16635557,"Nitish Kumar","2026-08-02 05:08:58",0.96428,2,nitish9117
2318,16707756,"Gregory Williams","2026-08-31 23:01:52",0.96428,9,gdbwilliams
2319,16672239,"Peach Hunter","2026-08-06 07:01:00",0.96428,5,peachhunter
2320,16635087,"Parastoo F","2026-08-05 16:20:37",0.96428,2,prfa9877
2321,16634970,FeatheredSongster,"2026-08-05 12:25:50",0.96428,2,featheredsongster
2322,16713758,"Sai Rama Karthikeya Annamareddy","2026-08-26 11:50:19",0.96428,3,karthikeya527
2323,16701319,msemyonov,"2026-08-11 07:21:11",0.96427,3,msemyonov
2324,16714170,Funtik,"2026-08-26 15:22:40",0.96427,2,"arsenyvetkasov,brattsew"
2325,16774718,Azzam,"2026-08-29 12:20:06",0.96427,1,iltizamhasann
2326,16716983,ComradeV7,"2026-08-16 18:13:30",0.96426,3,comradev7
2327,16713137,Eddie,"2026-08-12 18:36:56",0.96426,1,eddie1307
2328,16732456,Ananya.K.Bijoy,"2026-08-30 17:34:05",0.96425,1,ananyakbijoy
2329,16695908,"Brian Shaw","2026-08-11 08:12:34",0.96425,1,shortpathfirst
2330,16739132,"Subhadip Khawas","2026-08-19 21:19:52",0.96425,2,subhadipkhawas
2331,16725668,"Alexander Kleymenov","2026-08-15 16:24:43",0.96424,3,alexanderkley
2332,16655349,"Adrián Kanuščák","2026-08-04 20:27:12",0.96424,2,adrinkanuk
2333,16701513,gulfan,"2026-08-23 10:51:20",0.96423,7,gulfan
2334,16657147,"Harsh Sharma","2026-08-05 17:38:06",0.96422,2,harshsharma2704
2335,16761550,Pruthviii1,"2026-08-24 18:20:36",0.96421,1,pruthviii1
2336,16664207,TeeSlayer,"2026-08-05 04:56:24",0.96421,3,kraiyoswanna
2337,16665956,Caochenyu,"2026-08-16 09:08:29",0.96421,1,ccwell
2338,16643257,"Tanushree Pandya","2026-08-16 10:44:20",0.96421,4,tanushreepandya
2339,16634379,"Riya Raj","2026-08-04 07:01:01",0.96420,6,riyaraj9
2340,16635919,"Shubham Mali","2026-08-13 13:08:07",0.96420,5,shubham1790
2341,16698552,"Vasanth Dhanagopal","2026-08-14 03:04:18",0.96420,1,vasanth03
2342,16728503,"Meryem İnalkaç","2026-08-31 20:50:36",0.96420,11,meryemnalka
2343,16639614,"Guoquan Liu","2026-08-03 00:20:13",0.96419,11,guoquanliu
2344,16698432,Namhh.BTC,"2026-08-10 03:35:18",0.96419,1,haixuanxs
2345,16709412,Vivek1548,"2026-08-20 16:24:59",0.96418,3,vivek1548
2346,16710567,"MOHAN NARALASETTI","2026-08-25 14:55:21",0.96418,3,mohannaralasetti
2347,16718603,"Neel Pavale","2026-08-25 14:04:40",0.96417,2,neelpavale
2348,16634838,krrishk0406,"2026-08-08 14:46:06",0.96416,12,krrishk0406
2349,16714117,"Waithaka Waweru","2026-08-13 13:40:48",0.96416,1,waithakawaweru
2350,16635122,"Alwan Adiuntoro","2026-08-15 13:36:58",0.96416,1,alwanadiuntoro
2351,16676749,ZoBenali,"2026-08-20 19:08:43",0.96415,3,zobenali
2352,16739197,"Anant Thakkur","2026-08-31 20:11:47",0.96415,9,anantthakkur
2353,16745009,"AL MUKSITU","2026-08-28 14:07:02",0.96414,16,abdullahsoa
2354,16771003,"Roy Hsu","2026-08-25 15:17:19",0.96414,4,royhsu1012
2355,16729409,"KRISHNA SIMHA","2026-08-17 05:38:03",0.96414,2,krishnasimha
2356,16757896,"Meherose Hossain Tasnia","2026-08-24 07:56:28",0.96412,6,meherosetasnia
2357,16635244,"Pluto Lee","2026-08-14 13:17:13",0.96412,1,plutolee
2358,16667180,zhaoyongbo,"2026-08-07 06:35:39",0.96412,5,zhaoyongbo
2359,16711710,"Yuanxin Qin","2026-08-12 09:47:41",0.96412,4,yuanxinqin
2360,16658040,dwinging,"2026-08-05 09:12:19",0.96411,3,dwinging
2361,16739848,qamro,"2026-08-25 20:12:32",0.96411,4,qamrodz
2362,16676458,Prakash,"2026-08-30 15:24:25",0.96410,19,mlkash
2363,16641525,Nayeemul_Islam909,"2026-08-05 19:22:03",0.96410,2,nayeemulislam909
2364,16691606,"Ayaan Shaheer","2026-08-08 18:39:10",0.96410,1,ayaanshaheer
2365,16653360,রোদশী,"2026-08-22 08:00:02",0.96410,14,nuzhatbintenazim
2366,16779666,yanis_lou,"2026-08-27 13:49:07",0.96409,3,yanislou
2367,16756761,"Abiola O. Olaleye","2026-08-21 23:45:09",0.96409,1,abiolaoolaleye
2368,16710258,"Pranaja ","2026-08-14 12:10:55",0.96408,1,pranaja
2369,16669646,"Olavo Longo","2026-08-08 18:05:28",0.96407,2,olavolongo
2370,16724552,"okoli chidera","2026-08-27 12:45:05",0.96407,4,okolichidera
2371,16790352,lilvyduba,"2026-08-30 22:17:40",0.96407,1,lilvyduba
2372,16794872,"Milan Kumar","2026-08-31 13:17:04",0.96407,2,raimilanbr22
2373,16694141,"SK N@J","2026-08-09 07:30:43",0.96406,1,shaikhnajiba
2374,16705012,Dong,"2026-08-17 05:09:04",0.96404,6,dongstat
2375,16743040,Shraddha,"2026-08-19 15:15:07",0.96404,1,shraddhaanap
2376,16710735,dustbeast,"2026-08-13 10:42:56",0.96404,4,dustbeast
2377,16727259,"Hao Hongli","2026-08-19 06:41:21",0.96404,16,haohongli
2378,16722635,"Vincent Heng","2026-08-15 15:55:02",0.96403,3,vincenthwq
2379,16643158,GoureeshChandra3241,"2026-08-02 20:46:15",0.96403,1,goureeshchandra3241
2380,16724493,"Mahidi Hasan Mithun","2026-08-23 08:47:48",0.96403,1,mahidihasanmithun
2381,16675730,"Julien Peyrelon","2026-08-06 15:33:59",0.96403,2,julienpeyrelon
2382,16733484,"Bias Busters","2026-08-31 22:58:06",0.96402,1,"anshkotwal,satyamshukl"
2383,16700024,"Somil Pandagre","2026-08-11 09:17:21",0.96399,4,somilpandagre
2384,16778745,"Sukma Ramadhan A","2026-08-31 03:30:40",0.96399,1,sukmaramadhana
2385,16665484,"Liu Shiyu","2026-08-05 08:09:46",0.96398,1,eloiseliu0906
2386,16685489,"Dmitriy Novak","2026-08-07 15:59:35",0.96397,1,dmitriynovak
2387,16716919,"MANE SANIYA NILKANTH","2026-08-21 13:03:34",0.96397,10,manesaniyanilkanth
2388,16713284,"Nathalia Mainenti","2026-08-12 21:15:39",0.96396,3,nathaliamainenti
2389,16647926,"Ziad Roshdy","2026-08-18 19:43:20",0.96396,2,ziadzika
2390,16713090,siro28844,"2026-08-12 16:00:56",0.96396,1,siro28844
2391,16694730,"Арсений Н","2026-08-09 13:39:46",0.96394,10,paparola
2392,16699101,"valentine mwai","2026-08-14 20:51:53",0.96393,2,valentinemwai
2393,16766264,"Ahmed Abdulkadir Afrah","2026-08-25 18:15:37",0.96393,2,kaafijohn
2394,16765596,peter_22,"2026-08-28 07:50:55",0.96392,2,ssah2025
2395,16635461,AnimeTano,"2026-08-01 14:48:55",0.96391,4,animetano
2396,16721447,"Loïc FERON","2026-08-14 10:01:30",0.96390,1,ciooll
2397,16652412,"Tyom Papiyan","2026-08-04 02:29:32",0.96390,8,tyompapiyan
2398,16758635,"Samar Nidal","2026-08-26 19:32:57",0.96390,1,samarnidal
2399,16762965,guoyili666,"2026-08-23 16:27:58",0.96390,1,guoyili666
2400,16731344,"Utkarsh #2","2026-08-18 17:12:53",0.96390,1,neuronomad07
2401,16705989,"Alexandr A","2026-08-17 12:57:29",0.96389,1,shkeela
2402,16635963,"Busya PRIME","2026-08-31 00:30:22",0.96389,2,busyaprime
2403,16733161,"Yash Kadam","2026-08-23 17:15:25",0.96388,1,yashkadam15
2404,16759707,"Sohith Patha","2026-08-24 12:30:50",0.96388,5,sohithpatha
2405,16769156,"Abhishek Mishra112","2026-08-29 06:22:14",0.96387,5,abhishekmishra112
2406,16665948,"Karan #2","2026-08-14 14:26:15",0.96386,6,teamaker
2407,16656330,"pineapples on pizza","2026-08-06 04:36:30",0.96386,4,ozhou1
2408,16634240,Devashish,"2026-08-19 03:12:14",0.96385,3,devashish001
2409,16674726,"Aakash Semwal15","2026-08-08 18:07:16",0.96384,6,aakashsemwal15
2410,16684749,"DIGANTA DIASI","2026-08-07 13:57:22",0.96383,1,digantadiasi
2411,16701099,Salmon,"2026-08-13 13:01:09",0.96383,10,akito31
2412,16678612,"Yoshi Igarashi","2026-08-08 22:20:55",0.96383,3,yoshiigarashi
2413,16771744,Nupur11,"2026-08-26 14:29:18",0.96382,2,nupur1298
2414,16719122,HamzaChaudhry52,"2026-08-15 18:42:44",0.96382,3,hamzachaudhry52
2415,16700240,Ishtiaq,"2026-08-12 21:11:35",0.96382,7,ishtiaq01
2416,16692119,"ِِAmer Ziad","2026-08-08 19:38:53",0.96382,1,amer2121
2417,16768935,YAY,"2026-08-31 05:56:19",0.96381,5,yinauyeung
2418,16715701,"Jordan Smith","2026-08-13 12:39:57",0.96381,10,denominated
2419,16783769,"Sakshi Navalee","2026-08-28 20:19:20",0.96380,5,sakshinavalee
2420,16683674,"Omar Faruq","2026-08-27 14:57:47",0.96379,10,stellaromar
2421,16752020,johnnyee,"2026-08-22 02:54:37",0.96379,2,johnnyee
2422,16636374,yunsuxiaozi,"2026-08-01 13:23:11",0.96377,2,yunsuxiaozi
2423,16702657,"Zanan Pech","2026-08-17 05:36:09",0.96377,3,zananpech
2424,16696788,"Hüseyin Yıldırım","2026-08-09 17:58:15",0.96377,1,hsynyildirim
2425,16772757,"Yuji Fukumoto","2026-08-27 05:28:06",0.96377,2,yujitest
2426,16767544,"Danish Adam","2026-08-29 22:51:04",0.96377,6,danishpythonian
2427,16796354,Saif_Ashraf,"2026-08-31 20:45:12",0.96377,3,saifashraf232
2428,16643732,"Ventie Ravelle","2026-08-02 17:37:29",0.96376,1,ventieravelle
2429,16762094,"Тарас Моторин","2026-08-25 16:42:50",0.96376,2,tarasmotorin
2430,16690176,"Dénes Tóth","2026-08-10 13:26:53",0.96376,5,dnestth99
2431,16663294,"Ryan Finer","2026-08-31 03:16:13",0.96375,4,ryanfiner
2432,16685222,"P.Lakshmi Sainath Reddy","2026-08-17 18:15:24",0.96374,2,plakshmisainathreddy
2433,16652612,"Mr. toxick","2026-08-06 12:27:41",0.96374,3,mrtoxick
2434,16721819,"wira putu","2026-08-14 17:24:12",0.96374,3,wiraputu
2435,16663744,"Taro Ami","2026-08-04 23:37:17",0.96374,1,teanyn
2436,16669795,S.S,"2026-08-05 19:02:54",0.96374,1,domy29
2437,16655110,Osmond,"2026-08-04 12:31:39",0.96374,8,osmond20006
2438,16699348,TTbndgd,"2026-08-10 07:02:51",0.96373,1,ttbndgd
2439,16660132,"praveen kumar18181818","2026-08-25 12:45:01",0.96373,6,praveenkumar18181818
2440,16665409,Wuhuahuichun,"2026-08-06 08:05:15",0.96372,2,wuhuahuichun
2441,16732569,Bekchentaeva,"2026-08-18 07:56:27",0.96372,2,bekchentaeva
2442,16698447,"Song Kyeong Eun","2026-08-11 01:39:44",0.96371,4,ske9314
2443,16734043,"Ahmet Kiraz","2026-08-18 13:13:56",0.96371,2,ahmetqiraz
2444,16728767,jinhaworld,"2026-08-16 13:45:10",0.96370,2,jinhaworld
2445,16653863,"Akash Prajapati","2026-08-27 13:11:24",0.96370,4,akashprajapati01
2446,16692636,"Fahad Hussain","2026-08-09 04:23:00",0.96370,1,ohfaddy
2447,16747122,"Srushti Yadav 22","2026-08-20 17:31:05",0.96369,6,srushtiyadav22
2448,16723883,"Gentral Gresham","2026-08-17 22:17:45",0.96369,8,gentralgresham
2449,16742461,"fehmida fajar","2026-08-19 11:57:10",0.96369,1,fehmidafajar
2450,16717759,"Raghad Al-Shareef","2026-08-20 12:03:45",0.96368,14,raghadalshareef
2451,16721824,"Farel Arden","2026-08-14 14:09:02",0.96368,1,farelarden
2452,16749355,FiorellaT,"2026-08-28 21:00:07",0.96368,1,fiorellat
2453,16686759,"Sumay Tode","2026-08-08 13:12:41",0.96367,4,sumaytode
2454,16652467,"Siddhu Jaykay","2026-08-03 12:13:37",0.96367,2,siddhujaykay
2455,16640422,VedangBhardwaj_0114,"2026-08-09 10:27:15",0.96365,12,vedangbhardwaj0114
2456,16635235,"wenjian Lv","2026-08-02 09:52:02",0.96364,6,wenjianlv
2457,16775402,"Lord Official","2026-08-28 22:58:23",0.96362,1,lordofficial
2458,16652532,hiro909890,"2026-08-09 10:36:11",0.96362,4,hiro909890
2459,16719339,"Abhinav Bangar","2026-08-29 13:26:58",0.96362,4,abhinavbangar
2460,16795283,xiaoyu,"2026-08-31 13:31:30",0.96361,1,xyxinyu
2461,16686059,"Abhay sarkar","2026-08-08 02:51:15",0.96361,4,abhaysarkarai
2462,16633972,"Avik Das","2026-08-01 13:08:19",0.96361,2,avikdas567
2463,16736946,kapilsingh99893,"2026-08-18 12:28:00",0.96360,2,kapilsingh99893
2464,16644353,"Gabriel Guzman","2026-08-02 21:41:26",0.96360,2,ggguzm
2465,16640031,Fuagra,"2026-08-04 13:02:50",0.96359,15,fuagra
2466,16746181,"Riddhima Agarwal","2026-08-24 08:29:33",0.96359,1,riddhimaagarwal28
2467,16635573,az.shaoon,"2026-08-01 12:24:09",0.96359,1,shaoon
2468,16697711,"Abhishek Godara","2026-08-09 20:10:56",0.96359,2,abhishekp235
2469,16761814,"Sadit 12","2026-08-25 03:32:22",0.96359,5,sadit12
2470,16668893,"KNAI sztuntur","2026-08-05 17:33:45",0.96358,1,stunter2
2471,16763057,"VENGATESH A","2026-08-24 17:14:28",0.96357,1,vengateshvengat
2472,16691904,sachanshreyas,"2026-08-21 05:10:54",0.96357,2,sachanshreyas
2473,16665226,Damo_Zen,"2026-08-08 03:21:21",0.96357,1,damozen
2474,16712600,"Keer 256","2026-08-17 13:59:04",0.96357,1,keer256
2475,16654798,"Flavia Felicioni","2026-08-06 18:44:09",0.96357,1,flaviafelicioni
2476,16635181,masahiro,"2026-08-01 08:35:09",0.96357,1,masakane
2477,16637373,"Raiyana Rufaida","2026-08-27 15:45:40",0.96356,4,shes1r
2478,16663212,VaidehiPandey,"2026-08-07 15:14:28",0.96356,1,bauapandey
2479,16736803,GSY518,"2026-08-21 08:59:35",0.96355,1,gsy518
2480,16636314,"Katsuhisa Fuse","2026-08-06 20:36:58",0.96355,1,katsuhisafuse
2481,16634224,"Akash Das","2026-08-31 16:59:10",0.96355,22,akashdasad
2482,16712177,"ivan gogolev123","2026-08-17 13:57:44",0.96355,14,ivangogolev123
2483,16670503,"rijia zou","2026-08-07 22:13:30",0.96354,2,zourijia
2484,16653795,"Ajitesh Seetesh","2026-08-04 10:11:16",0.96354,4,ajitesh11
2485,16655397,vanjunn,"2026-08-19 12:02:53",0.96354,1,vanjunnmavypongasi
2486,16713785,"Rafael Cunha","2026-08-12 23:58:08",0.96354,2,rnascunha
2487,16725250,"Harsh Kulkarni","2026-08-15 14:49:39",0.96354,1,kojou17
2488,16758748,kfssksks,"2026-08-24 17:02:19",0.96353,4,kldlfgkjdflh
2489,16746170,SHUBHAMSH_CSE,"2026-08-20 05:58:00",0.96353,1,shubhamshcse
2490,16694667,"Abid Hasan","2026-08-12 10:00:14",0.96353,8,abidhasan0720
2491,16790577,"Avishek Sinha","2026-08-31 07:08:06",0.96352,16,avisheksinha91
2492,16739053,"Ethan Tan Zheng Nan","2026-08-23 09:16:16",0.96352,1,ethantanzhengnan
2493,16635157,"Hiroki Kohara","2026-08-10 11:45:28",0.96352,2,hirokikohara
2494,16635307,"Paulo Pinheiro","2026-08-01 13:31:41",0.96352,6,paulopinheiro
2495,16635232,"Paul Babushkin","2026-08-19 15:49:36",0.96351,23,paulbabushkin
2496,16724451,"Rahul lohra","2026-08-17 12:02:57",0.96351,2,rahullohra65
2497,16758392,"Gunjan Agarwal","2026-08-31 12:57:31",0.96351,1,gunjan06agarwal03
2498,16702025,"Yogita Kumari","2026-08-10 16:18:58",0.96351,1,yogitakumari7
2499,16746253,"Saurabh Pandey","2026-08-31 05:42:28",0.96350,2,saurabh1009
2500,16731231,"Shubham Singh","2026-08-26 14:15:15",0.96349,1,shubham1090
2501,16746175,"Shalini Patel","2026-08-30 16:03:37",0.96349,4,shalinipa5678
2502,16746182,"Shivangi Pandey","2026-08-31 06:24:10",0.96349,1,shivi2114
2503,16640573,"Rohit CH","2026-08-05 02:40:16",0.96349,1,rohitchcoursera
2504,16634444,Deepak,"2026-08-31 21:13:14",0.96349,7,deepaksurya7
2505,16775266,"Yee Chong Tan","2026-08-27 10:17:22",0.96349,1,yeechongtan
2506,16657770,"Jeong Min LEE","2026-08-05 13:49:14",0.96348,5,jeongminlee92
2507,16699320,"Quan Nguyen Minh 0511","2026-08-10 06:58:34",0.96348,1,quannguyenminh0511
2508,16760327,Mihail,"2026-08-30 20:07:52",0.96348,1,polemarh400
2509,16715558,ManSom,"2026-08-31 14:01:00",0.96346,1,"manas8961,somoshree1997"
2510,16658363,"Ankita Gupta","2026-08-06 17:12:28",0.96345,5,ankitaguptaindia
2511,16784488,psiii0,"2026-08-28 14:56:15",0.96345,1,psiii0
2512,16698352,"Kevin Zhang","2026-08-10 02:10:55",0.96345,1,kevinzhang8816
2513,16777125,"Max Tao","2026-08-27 22:00:34",0.96344,4,maxtao989
2514,16678729,"Igor Panteleev","2026-08-10 00:14:31",0.96344,1,sticktogethertm
2515,16674500,"timur tytrin","2026-08-06 10:39:33",0.96344,1,timurtiutrin
2516,16772689,"Zhou Haonan","2026-08-26 06:39:22",0.96343,2,hatsuseizuna
2517,16752122,"Priyansh Singh Kathayat","2026-08-21 06:20:14",0.96342,1,priyanshsk10
2518,16679215,Sahil_4851,"2026-08-31 23:29:35",0.96340,15,sahil4851
2519,16749915,"Arsen Ishkhanian","2026-08-21 15:54:01",0.96338,1,arsenishkhanian
2520,16724832,"Nikita Patotov","2026-08-16 08:40:25",0.96338,2,nikitapatotov
2521,16652553,"Nabhag Sorathiya","2026-08-18 03:53:21",0.96338,8,nabhagsorathiya
2522,16634048,"Taylor S. Amarel","2026-08-24 18:50:32",0.96337,7,taylorsamarel
2523,16666475,Tic,"2026-08-07 03:55:08",0.96337,1,taichi7171
2524,16686240,"Balint Miskolczy","2026-08-10 17:38:45",0.96337,10,balintmiskolczy
2525,16715884,mcbun03,"2026-08-13 07:32:37",0.96337,2,emilandreiburloi
2526,16728992,fozeni,"2026-08-16 16:21:53",0.96335,1,fozeni
2527,16725956,"Ragul R","2026-08-16 08:02:45",0.96334,1,rragul2004
2528,16791949,"Bharath Pendyala","2026-08-31 02:07:21",0.96334,1,bharath2006p
2529,16774584,"Ruslan Leushkin","2026-08-26 11:24:35",0.96333,1,osvaldspengler
2530,16637950,"Ahmed Jendoubi, Ph.D.","2026-08-11 08:43:09",0.96332,6,jendoubiahmed
2531,16784699,"Андрей Мехоношин","2026-08-30 08:53:13",0.96331,3,andrewamn
2532,16653835,"Chris X","2026-08-09 20:03:14",0.96331,5,docxian
2533,16688093,Dalemati,"2026-08-08 19:52:04",0.96330,5,"agustnghioldi,juanmatiasbarraco,martincapandeguy"
2534,16739600,FourierBunny,"2026-08-26 17:53:21",0.96328,2,fourierbunny
2535,16697833,"Dharm Prakash","2026-08-11 20:08:30",0.96327,3,alberto112
2536,16775042,"Argus Kern","2026-08-31 19:41:31",0.96326,16,"arguskern,julescandautilh"
2537,16759207,"Varun Adithya Salunke","2026-08-22 18:32:45",0.96326,2,varunadithyasalunke
2538,16744875,"Jessica Angela Tyahyo","2026-08-30 15:14:32",0.96326,2,jessicaangela
2539,16694910,rxc_gamerz,"2026-08-12 14:51:05",0.96323,4,rxcgamerz
2540,16738197,lotus_flame,"2026-08-19 05:46:55",0.96322,1,arunkumarswami
2541,16644792,a3amaT02,"2026-08-29 21:37:17",0.96318,25,a3amat02
2542,16732363,"Fatima Jannet","2026-08-17 19:14:57",0.96318,1,fatimajannet
2543,16636586,catherine,"2026-08-05 13:45:01",0.96317,2,ptfrwrd
2544,16784221,"Prasanna Shakya","2026-08-30 10:18:41",0.96317,2,djskeleton
2545,16761137,"Orange Choco","2026-08-23 06:17:39",0.96317,1,orangechoco
2546,16660608,August0422,"2026-08-05 05:55:41",0.96317,2,august0422
2547,16724762,"Sujay S","2026-08-16 09:55:00",0.96316,1,sujaykid
2548,16725987,"Syed Faizaan Ahmad","2026-08-17 18:52:52",0.96315,1,syedfaizaanahmad
2549,16722108,"Alvaro Martin Coll","2026-08-14 13:54:12",0.96315,1,alvaromartincoll
2550,16640851,"Rushit Devani","2026-08-03 16:51:14",0.96315,1,rushitdevani
2551,16657460,"Sujata mandale","2026-08-10 06:43:57",0.96315,5,sujatamandale
2552,16756968,"kudom Kouhh","2026-08-22 02:57:05",0.96314,3,kudomkouhh
2553,16666899,Lightt63,"2026-08-06 17:45:02",0.96312,2,lightt63
2554,16701394,"Niels de Gier","2026-08-18 08:45:04",0.96311,4,nielsdegier
2555,16639965,"Mayank Gariya ML","2026-08-09 09:22:32",0.96311,3,mayankgariyamldev
2556,16650860,"fizool pann","2026-08-03 09:31:01",0.96310,1,fizoolpann
2557,16699768,Lokeshkumar,"2026-08-10 17:42:17",0.96308,2,lokeshkumarn
2558,16797570,"Joe W.","2026-08-31 17:31:55",0.96308,2,jowalz
2559,16634132,"C.E.73 STARGAZER","2026-08-04 13:44:19",0.96306,5,hasawei
2560,16729436,"Aman Jaiswal","2026-08-31 15:32:46",0.96306,1,amanjaiswal231
2561,16697856,Jegors,"2026-08-10 08:48:04",0.96306,5,jegors
2562,16679433,ZeusDaGoose,"2026-08-10 19:08:47",0.96305,15,zeusdagoose
2563,16754089,VimarshPandita,"2026-08-25 19:48:52",0.96304,1,vimarsh100
2564,16727840,"Ewia Tng","2026-08-25 17:23:10",0.96302,10,ewiatng
2565,16660760,"Shrika Kamajdar","2026-08-06 07:46:07",0.96302,1,shrikakamajdar
2566,16762199,"Alaa Ahmed Al_Imam","2026-08-24 08:23:49",0.96301,1,alaaalimam
2567,16706771,Mattsco,"2026-08-11 10:22:23",0.96300,1,mattsco
2568,16752438,濵尾颯太,"2026-08-21 08:46:28",0.96299,1,bstep800
2569,16668626,Ref_ka,"2026-08-06 09:27:50",0.96298,4,imrefka
2570,16746310,Terje,"2026-08-25 19:27:28",0.96297,4,terje62
2571,16667702,"Jamie Rea","2026-08-05 23:03:12",0.96296,1,jamierea
2572,16706598,"seeyouyeah 33","2026-08-28 16:53:58",0.96295,7,seeyouyeah33
2573,16717401,"abolfazl daimekar","2026-08-17 12:33:23",0.96295,5,abolfazldaimekar
2574,16728725,Shreyb,"2026-08-22 19:53:19",0.96295,2,dragonologia
2575,16668681,"Yaswanth Ippili","2026-08-06 10:15:51",0.96294,2,yaswanthippili
2576,16642930,"Anuhas Shanuka","2026-08-02 18:59:51",0.96293,1,anuhasshanuka
2577,16710555,"RAMRUP SATPATI","2026-08-12 13:14:58",0.96292,2,ramrupsatpatiiitm
2578,16754854,"Vlad Kapitsa","2026-08-21 13:57:18",0.96291,1,vladkapitsa
2579,16740088,JacobEGarcia,"2026-08-18 22:53:20",0.96289,1,jacobegarcia
2580,16663995,Vinayak29z,"2026-08-05 03:00:53",0.96287,3,vinayak29z
2581,16764685,uchi8977,"2026-08-24 06:25:27",0.96287,1,uchi8977
2582,16633775,tuannm3812,"2026-08-06 12:52:06",0.96286,3,tuannm3812
2583,16693680,SUMMER:3,"2026-08-31 02:56:24",0.96285,4,yuqingxia
2584,16640313,TahaTariqf,"2026-08-04 11:41:36",0.96282,8,tahatariqf
2585,16733324,"Darsh Chouhan","2026-08-20 10:55:28",0.96282,6,darshiiit
2586,16735119,"JANHAVI BHOSALE","2026-08-18 16:51:36",0.96281,1,janhavi25122003
2587,16689291,SingUsASong,"2026-08-08 07:47:44",0.96280,1,takadahiroshi
2588,16670008,Abhi_si60,"2026-08-05 22:04:57",0.96274,1,abhisi60
2589,16691888,"Amay Porwal","2026-08-09 22:44:21",0.96271,2,amayporwal
2590,16770890,tapanreddy,"2026-08-31 18:57:11",0.96270,1,tapanreddy
2591,16653514,"Devansh Dhingra","2026-08-06 09:02:31",0.96266,2,aviator247
2592,16744956,"Javier Adonay","2026-08-20 02:46:09",0.96266,1,javiadonay
2593,16640660,"Swarnim Mane","2026-08-06 05:00:14",0.96264,1,swarnimmane
2594,16741632,"Emilia Galatanu","2026-08-24 13:36:19",0.96263,2,emiliagalatanu
2595,16750075,whimper,"2026-08-22 07:07:15",0.96262,2,whimper
2596,16727140,"Abdurrahman Assegaf","2026-08-16 07:08:11",0.96261,1,amanshop
2597,16716221,"Swapnali Pharande","2026-08-31 08:31:07",0.96260,6,swapnalipharande
2598,16713370,"Aditi B Deshmukh","2026-08-31 08:30:43",0.96260,13,aditibdeshmukh
2599,16661979,"Ahmad Yousuf Jan","2026-08-10 16:13:45",0.96256,2,ahmadjan20
2600,16694531,MuawiyaHz,"2026-08-14 11:00:48",0.96255,1,muawiyahz
2601,16664209,"Rajinikanth Kakarla","2026-08-05 13:56:54",0.96254,1,rajinikanthk03
2602,16713861,"Avi Akshit","2026-08-25 09:32:47",0.96254,1,aviakshit
2603,16683545,"Vasu Gupta","2026-08-07 13:25:14",0.96253,1,ghardhudo
2604,16741485,renfei0202,"2026-08-19 10:04:38",0.96253,1,renfei0202
2605,16718132,_Hash000,"2026-08-23 14:43:23",0.96253,1,hash000
2606,16709123,"Ryota Tanaka","2026-08-31 14:07:24",0.96251,17,toyodart
2607,16681534,roshantitan,"2026-08-07 04:59:10",0.96250,1,roshantitan
2608,16798119,"Luca Mussino","2026-08-31 21:31:11",0.96249,2,lucamussino
2609,16664858,"Ronen Huang","2026-08-06 17:28:39",0.96248,3,ronenhuang
2610,16716185,Aaryanpatil,"2026-08-13 10:46:46",0.96247,1,aaryanpatil0
2611,16706001,divyansh_1615,"2026-08-11 16:53:24",0.96246,3,divyansh1615
2612,16728710,"Isaiah Sabin","2026-08-18 02:02:43",0.96241,2,isabn512
2613,16633794,"Syed Mohaiminul Hoque","2026-08-13 17:04:07",0.96239,1,syedmohaiminulhoque
2614,16731654,"Кирилл Овсянников","2026-08-25 19:36:13",0.96238,36,kirillovs
2615,16702242,"Mohamed Arif J","2026-08-10 17:52:52",0.96237,2,mohamedarifj
2616,16746270,"Jaded Llama","2026-08-31 09:53:50",0.96236,5,jadedllama
2617,16638942,"Adria Viñas Pascual","2026-08-10 12:35:09",0.96235,5,adriaviaspascual
2618,16794476,vxtsbsn,"2026-08-31 01:57:48",0.96233,1,vxtsbsn
2619,16796282,"Koh Zhi Liang","2026-08-31 11:51:18",0.96233,4,kohzhiliang
2620,16635310,"Avinash Changrani","2026-08-01 18:49:48",0.96232,3,nabobery
2621,16739433,"Phylosopher Hossain","2026-08-28 12:33:19",0.96231,2,phylosopherhossain
2622,16774359,"Carlos Gómez","2026-08-26 10:25:08",0.96231,4,carlosgt
2623,16713105,"Lukeman Abubakar","2026-08-15 22:24:11",0.96230,1,lukemanabubakar
2624,16745915,Cadeshooter,"2026-08-20 07:14:23",0.96230,4,cadeshooter
2625,16776977,"Saranyo Deyasi","2026-08-31 17:30:59",0.96230,1,saranyodeyasi
2626,16774938,"M Zahran","2026-08-27 09:24:48",0.96228,2,mhazett
2627,16760962,"Aayush Gupta","2026-08-23 14:42:45",0.96227,1,aayushgupta1510
2628,16644296,"Hugo Max Monteles Teixeira","2026-08-03 00:14:29",0.96225,3,hugomaxmteixeira
2629,16716916,"SALUNKHE NISHA VIKAS","2026-08-16 11:04:14",0.96224,8,salunkhenishavikas
2630,16716903,"Sakshi V Jadhav","2026-08-17 12:27:17",0.96224,8,sakshivjadhav
2631,16718106,"PATIL SANIKAA SAGAR","2026-08-18 09:11:40",0.96224,8,patilsanikaasagar
2632,16738790,"Lâm Lưu Tùng","2026-08-18 19:39:31",0.96224,1,lmlutng
2633,16639591,yscho,"2026-08-06 12:22:26",0.96220,1,yeonseokcho
2634,16749917,"Sze yeoh","2026-08-21 03:19:46",0.96218,10,szeyeoh
2635,16665469,JARVIS-01,"2026-08-17 17:49:33",0.96215,2,kausheyk01
2636,16637186,"Peeyush Kant Misra","2026-08-01 15:51:20",0.96215,1,pkmisra
2637,16716192,"Jiya Bhalodia","2026-08-14 07:04:22",0.96213,1,jiyabhalodia
2638,16769940,"Warda Adan","2026-08-29 13:04:12",0.96213,1,wardaadann
2639,16702154,Sanchita,"2026-08-20 16:34:35",0.96212,1,s4nchita
2640,16778993,"Nguyễn Hữu Hùng","2026-08-27 12:06:06",0.96211,3,hungngh
2641,16704523,fpsejwhdl,"2026-08-10 23:55:30",0.96209,1,fpsejwhdl
2642,16744010,"Nitin Kumar 2024","2026-08-27 11:47:27",0.96207,4,nitinkumar2024
2643,16716530,"Jun Nohara","2026-08-17 13:38:21",0.96206,5,junnohara
2644,16785715,"Jack Ib","2026-08-28 20:45:36",0.96206,4,jackib
2645,16765259,"Chanhyuk Park","2026-08-24 11:30:09",0.96205,2,chanhyukpark661
2646,16666373,Vladislav,"2026-08-07 15:17:51",0.96205,13,simmeringoverstep
2647,16701730,sicksahill,"2026-08-14 07:05:42",0.96205,3,sicksahill
2648,16698989,"jack li","2026-08-10 09:42:03",0.96204,1,jackli123o
2649,16657490,Srav11,"2026-08-06 05:55:13",0.96202,2,srav11
2650,16652711,"Ugur O.KARAPUNAR","2026-08-18 11:07:14",0.96202,4,ugurokarapunar
2651,16778284,Linxinyi111111,"2026-08-29 01:36:45",0.96202,2,linxinyi111111
2652,16732952,"Hitesh Manuka","2026-08-17 15:39:47",0.96201,1,hiteshmanuka
2653,16701716,Quaduc,"2026-08-12 04:47:24",0.96201,1,quaduc
2654,16770881,"Miguel Leal Fernández","2026-08-30 19:44:21",0.96200,5,miguellealfernndez
2655,16653171,Aryx0910,"2026-08-31 13:18:36",0.96199,2,aryx0910
2656,16661373,NosyRuby2187,"2026-08-19 10:07:03",0.96197,8,djsksbrbf
2657,16633844,"Nakamura Sunao","2026-08-04 14:12:48",0.96195,2,nakamurasunao
2658,16706272,"Hữu Bình Nguyên Nguyễn","2026-08-16 11:51:12",0.96195,4,hubnhnguynnguyn
2659,16759856,"Ankur Tiwari","2026-08-23 10:14:30",0.96194,4,eigenstate101
2660,16764140,Fatma,"2026-08-25 22:39:38",0.96193,1,fatma91
2661,16700217,"Dũng Lê","2026-08-11 04:11:38",0.96192,2,dungle2007
2662,16639484,"Daniel Kasianov","2026-08-02 01:14:58",0.96190,1,danielkasianov
2663,16656412,achyuth2005,"2026-08-04 08:13:09",0.96189,1,achy2005
2664,16653020,"Sathira Sri Sathsara","2026-08-03 17:08:16",0.96189,1,sathirasrisathsara
2665,16732497,"Tunahan Demir","2026-08-17 17:23:32",0.96189,1,tunahandemir173
2666,16676979,xpxchxcx,"2026-08-09 06:37:03",0.96188,1,xpxchxcx
2667,16744316,"Naman Rindani","2026-08-20 18:12:35",0.96188,3,namanrindani
2668,16685628,"André Kuster","2026-08-07 18:44:15",0.96187,4,andrkuster
2669,16749696,ASUKIYO,"2026-08-22 12:03:51",0.96181,3,asukiyo
2670,16658681,"Ravi Pathak","2026-08-09 05:40:10",0.96179,3,ravipathak3001
2671,16763929,"Kaiyi Liao","2026-08-24 00:03:21",0.96179,1,kaiyiliao
2672,16746225,"Sachin Kumar Kushwaha","2026-08-23 16:22:11",0.96179,2,sachinkumarkushwaha
2673,16652739,"Bertrand Pigeon","2026-08-18 14:57:39",0.96179,9,bertrandpigeon
2674,16761299,"Taha Faghih","2026-08-26 06:41:29",0.96178,1,tahafaghih
2675,16778915,SamarthAroraa,"2026-08-27 10:09:25",0.96176,5,samartharoraa
2676,16766659,"Maha Selvi","2026-08-31 14:01:10",0.96175,1,mahaselvi2007
2677,16779391,"Ashish Kumar #3","2026-08-28 06:49:52",0.96175,1,ashishkirtiwed
2678,16785435,Shiva_Gupta4662,"2026-08-31 16:25:56",0.96174,3,shivagupta4662
2679,16738481,Aarya,"2026-08-19 17:31:18",0.96173,3,aaryya
2680,16676656,GalaxyK,"2026-08-06 17:54:56",0.96172,1,kimayamore
0,16424381,baseline_submission.csv,"2026-06-23 23:14:38",0.96171,1,
2681,16770562,"Ufuk Can Dereli","2026-08-26 12:39:46",0.96171,2,ufukcandereli
2682,16697613,TobiST10,"2026-08-14 23:06:50",0.96170,13,tobist10
2683,16782780,Roman@Ahmed,"2026-08-28 08:34:52",0.96170,3,romanahmed2024
2684,16735260,"NEERJA PANDEY","2026-08-18 04:18:02",0.96170,3,neerjapandey
2685,16709976,"Siddharaj Kulkarni","2026-08-15 14:22:25",0.96169,4,siddharajkulkarni
2686,16659562,Sachin@1228,"2026-08-04 10:38:02",0.96167,1,sachin1228
2687,16694789,MINE,"2026-08-16 02:59:23",0.96164,1,ljq20418
2688,16671507,"Durga Jayakumar","2026-08-31 17:21:15",0.96163,1,durgajayakumar
2689,16729705,"aya abdalsalam","2026-08-16 21:45:11",0.96162,1,ayaabdalsalam
2690,16637733,"Sami Badidi","2026-08-04 10:41:06",0.96162,4,samibadidi
2691,16762573,"Quốc Triệu Nguyễn","2026-08-26 09:49:07",0.96161,8,quctriunguyn
2692,16696095,Burnling,"2026-08-09 19:12:56",0.96161,1,burnling
2693,16711873,Vaibhavipmali,"2026-08-30 13:27:19",0.96160,1,"apugadeaditinitin,vaibhavipmali"
2694,16651947,aktk,"2026-08-04 15:35:17",0.96158,12,aniltk
2695,16790335,Niranth_123,"2026-08-30 16:04:40",0.96157,1,niranth123
2696,16754949,"Aluu Emmanuel","2026-08-25 08:34:32",0.96152,7,aluuemmanuel
2697,16640717,Yanagiguchi,"2026-08-12 13:56:01",0.96151,1,xenosmilus
2698,16743912,"Prajwal Patil","2026-08-23 18:02:52",0.96150,1,prajwalpatil0909
2699,16652873,ZaabaaZ,"2026-08-09 12:24:04",0.96148,2,zaabaaz
2700,16761866,"BISMA AKBAR","2026-08-23 13:17:35",0.96146,1,bismaakbar939
2701,16714393,"Priyanka Kardile","2026-08-12 21:47:20",0.96144,3,priyankadluffy
2702,16721683,charlotteamy,"2026-08-14 15:17:57",0.96144,3,charlottetu
2703,16793574,"Rashith Ranndil","2026-08-30 16:11:32",0.96144,3,rashithranndil
2704,16756648,"Mohamed Moharam Othman","2026-08-23 23:29:15",0.96144,3,mohamedmoharam88
2705,16729234,Stratmann,"2026-08-16 18:01:59",0.96140,4,stratmann
2706,16751974,"Saurav Prateek","2026-08-30 09:14:43",0.96140,15,srvptk97
2707,16779648,"Muhammad Huzaifa","2026-08-27 13:24:20",0.96139,2,muhammadhuzaifagohar
2708,16671815,"Dwi Eflatino","2026-08-07 15:42:40",0.96138,15,eflatino
2709,16652353,"Sammy Anagavah","2026-08-03 11:55:24",0.96136,1,sammyanagavah
2710,16770701,"Ivan Synkovskyi","2026-08-27 17:49:42",0.96134,8,ivansynkovskyi
2711,16682337,DeepanJ,"2026-08-07 09:29:32",0.96130,5,deepanjayapala
2712,16635224,"Mick Yama","2026-08-28 08:22:33",0.96127,1,mickyama
2713,16659388,i_vanfer,"2026-08-04 12:05:36",0.96125,2,ivanfer
2714,16722607,Maahasarathy,"2026-08-15 12:29:40",0.96123,2,maahasarathy
2715,16645416,"Michael Chavinda","2026-08-21 05:28:27",0.96121,1,mchavinda
2716,16633924,Rubel,"2026-08-15 14:02:59",0.96120,5,rubel01
2717,16725930,"Justyna Grygierek","2026-08-20 18:34:53",0.96118,1,justynagrygierek99
2718,16665218,"Abraham Gomez","2026-08-05 23:17:51",0.96116,7,abgomez
2719,16695912,"Akshat Maurya","2026-08-09 16:37:23",0.96115,1,akshatx25
2720,16700362,"Paul Surya","2026-08-18 13:07:44",0.96114,9,paulsurya11
2721,16639629,"Muh Amri Sidiq","2026-08-02 05:27:32",0.96113,1,amri11
2722,16772622,"Mukremin Tulgar","2026-08-28 12:57:34",0.96112,1,mukremintulgar
2723,16638639,"Desyat IO","2026-08-01 17:57:05",0.96111,3,desyatio
2724,16634439,"Gopi Krishnan R","2026-08-01 07:45:45",0.96111,1,gopikrishnan2005
2725,16759524,"Arudra Vihar Bommana","2026-08-29 05:07:05",0.96110,1,arudraviharbommana
2726,16633964,"Chirel Chi","2026-08-01 03:25:04",0.96108,1,chirelchi
2727,16777724,JessicaNhatAnh,"2026-08-27 03:53:52",0.96107,1,jessicanhatanh
2728,16764533,"Adibah Sabit","2026-08-26 06:20:21",0.96106,1,adibahsabit
2729,16665247,"umesh chandra300689","2026-08-07 07:36:24",0.96105,1,umeshchandra300689
2730,16721865,Cyndyyyy,"2026-08-31 09:47:12",0.96105,1,cyndyyyy
2731,16644290,fearless,"2026-08-11 20:11:37",0.96105,9,phylist
2732,16693734,jerrytoms,"2026-08-30 10:39:03",0.96104,29,jerrytomms
2733,16764661,ちょこうさぎ,"2026-08-24 06:53:11",0.96104,2,tyokousagi
2734,16761743,FernandoIsFasterThanYou,"2026-08-23 18:41:36",0.96102,1,bhaskarreddy1094
2735,16729050,Sakshi04-2006,"2026-08-16 15:11:02",0.96101,1,sakshi042006
2736,16658597,"Morgana Tavella","2026-08-04 09:38:19",0.96099,1,morganatavella
2737,16640699,"manish Raikwar","2026-08-08 17:06:30",0.96098,4,manishraikwar
2738,16635120,"Marie Bruguet","2026-08-02 08:35:39",0.96095,4,mariebruguet
2739,16795632,"Indrayani P. Bhujade","2026-08-31 12:56:27",0.96093,1,mighty15
2740,16654336,"Info vista","2026-08-04 04:44:12",0.96092,1,infovista
2741,16635104,"Dávid Kolumber","2026-08-25 16:57:33",0.96089,5,davidkolumber
2742,16783235,Vlodus,"2026-08-31 07:41:53",0.96086,11,vlodus
2743,16739496,"Ilya Strigunkov","2026-08-27 19:02:11",0.96086,1,ilyastrigunkov
2744,16640648,"Виктор Бахурин","2026-08-06 17:44:20",0.96082,8,viktorbah76
2745,16688663,yang20251228,"2026-08-08 04:39:32",0.96073,1,yang20251228
2746,16682322,"Iswar Patra","2026-08-28 08:17:27",0.96073,6,iswarpatra
2747,16713524,"Md Jakir Hussain","2026-08-12 17:08:09",0.96071,1,jakirsust
2748,16634308,mehanalavimajd,"2026-08-02 06:56:09",0.96070,7,mehanalavimajd
2749,16690682,"Aadi Singh","2026-08-18 10:48:02",0.96069,2,aadisingh19
2750,16738402,HiveMynd,"2026-08-27 09:16:15",0.96068,2,hivemynd
2751,16709185,fizzahabdullah,"2026-08-11 19:51:39",0.96066,1,fizzaha99
2752,16634962,Learn_By_Doing,"2026-08-30 20:31:11",0.96065,5,pratik2901
2753,16658710,"Haritha Sarode","2026-08-05 13:38:17",0.96062,7,harithasarode
2754,16694563,ghdfeccc,"2026-08-09 13:07:52",0.96056,6,ghdfeccc
2755,16747401,"Кирилл Щетников","2026-08-26 11:36:24",0.96055,3,deadmorose007
2756,16763864,bogdydi,"2026-08-31 20:57:35",0.96055,2,b0gdn2007
2757,16710595,"Roshni Chauhan","2026-08-31 07:41:28",0.96054,2,luckyyylllll
2758,16666955,ccatter,"2026-08-07 15:47:56",0.96052,3,ccatter
2759,16634733,"YAJAT PAWAR","2026-08-02 09:51:07",0.96049,4,yajatpawar
2760,16742922,"Mehmet Tatbak","2026-08-19 12:57:47",0.96049,1,mehmettatbak
2761,16654648,"Rushikesh Khandetod","2026-08-13 05:17:50",0.96045,3,rushikeshkhandetod
2762,16690866,Facouse,"2026-08-08 12:35:36",0.96045,2,facouse
2763,16747635,"Yesaya Rudolf Susanto Widyanto","2026-08-23 07:59:55",0.96044,4,yesayarudolf
2764,16778113,"Yujing Chen66","2026-08-31 15:37:23",0.96041,3,yujingchen66
2765,16770510,"James Imbuido","2026-08-30 12:00:53",0.96041,1,jamesimbuido
2766,16639560,"Pranav Krishnan","2026-08-07 01:31:21",0.96037,1,pranavkrishnan9
2767,16662027,"Ahmed Sherif El-Taher","2026-08-04 16:28:07",0.96036,1,ahmedsherifeltaher
2768,16780234,"Ashish C","2026-08-27 16:37:43",0.96036,2,ashish0405
2769,16639153,"David Blandón","2026-08-31 19:43:47",0.96036,12,dacxj0
2770,16660460,Alkaid_Chen,"2026-08-04 13:10:51",0.96032,1,alkaidchen
2771,16655692,YwlELPKM,"2026-08-25 13:30:03",0.96030,4,ywlelpkm
2772,16730540,"Avantika Chellury","2026-08-29 21:42:34",0.96028,2,avantikachellury12
2773,16641624,"caesar arifan","2026-08-02 14:32:14",0.96010,1,caesararifan
2774,16634464,vedddev,"2026-08-13 16:40:38",0.96010,17,vedant0928
2775,16644165,"Lamaq Dahodwala","2026-08-02 22:38:16",0.96009,4,lamaqdahodwala
2776,16666009,"Ruijian Shi","2026-08-05 10:55:38",0.96007,1,maikesedaweiyao
2777,16717190,"Trupti Desai","2026-08-20 16:18:01",0.96006,3,truptinitindesai08
2778,16638643,"Gloire Bisimwa","2026-08-02 12:31:02",0.96006,1,gloirebisimwa
2779,16754532,AdityaPetkar2006,"2026-08-21 13:25:25",0.96005,1,adityapetkar2006
2780,16765667,"KOLI SALONI SANTOSH","2026-08-31 06:38:48",0.96005,2,kolisalonisantosh
2781,16734818,"Mazen Fehri","2026-08-18 16:14:23",0.96003,1,mazenfehri
2782,16661965,"Rouaa Bakr","2026-08-04 16:41:18",0.96000,1,rouaabakr
2783,16664408,Tomo021219,"2026-08-05 05:08:07",0.95999,2,tomo021219
2784,16737729,Sivasankar,"2026-08-25 12:07:13",0.95998,2,sivasankar19
2785,16794163,Shunsuke,"2026-08-30 21:50:28",0.95998,1,shunsukeisono
2786,16636006,"Goutam sharma","2026-08-01 13:06:16",0.95997,1,goutamsharma12
2787,16668033,Jagobee,"2026-08-08 14:36:47",0.95996,1,jagobee
2788,16732095,"Krishna Panwar","2026-08-17 11:30:35",0.95994,1,krishnapanwar649
2789,16791461,"Marcus Tisdale","2026-08-29 22:03:40",0.95993,2,haverfell
2790,16660943,Prakharszn,"2026-08-04 19:31:05",0.95988,2,prakharszn
2791,16653978,Erik.M,"2026-08-07 17:11:28",0.95986,2,harharharhar
2792,16635826,"Aditya Kamtikar","2026-08-03 04:40:04",0.95983,4,adityakamtikar
2793,16645362,"Daddy lu","2026-08-03 03:50:04",0.95981,1,daddylu
2794,16762970,"Arsema Ayele","2026-08-28 08:44:02",0.95981,1,arsemaayele
2795,16759634,Dridi_Mohamed,"2026-08-24 22:22:49",0.95978,2,dridimohamed
2796,16785472,"Антон Зяблов","2026-08-28 19:36:15",0.95978,2,antonzbl
2797,16778934,"Cuschevici Climent","2026-08-27 12:44:01",0.95978,1,cuschevicicliment
2798,16763126,"Anas Salmi","2026-08-23 19:30:07",0.95978,1,anassalmi
2799,16706503,zhuo_qing_cn,"2026-08-11 13:19:16",0.95975,3,zhuoqingcn
2800,16715777,"Sumit Raghav","2026-08-29 07:04:26",0.95973,1,raghav000897
2801,16786268,lostromance,"2026-08-29 03:40:25",0.95972,1,lostromance
2802,16703865,Hemanyaharini,"2026-08-10 23:24:18",0.95972,1,hemanyaharini
2803,16703866,Laasyaharini,"2026-08-10 23:24:21",0.95972,1,laasyaharini
2804,16716482,"Sharwani Kadam","2026-08-15 13:17:24",0.95972,1,sharwanikadam
2805,16716481,"Amruta  Tanaji Yadav","2026-08-16 11:00:03",0.95972,1,yadavamruta
2806,16713556,"PATIL YOGITA PRALHAD","2026-08-17 05:02:30",0.95972,1,patilyogitapralhad
2807,16730887,"trupti18 ","2026-08-17 05:11:42",0.95972,1,trupti18
2808,16642010,Dulal_169,"2026-08-02 15:06:36",0.95971,2,dulal169
2809,16637192,"Sayali Lachake","2026-08-04 19:42:09",0.95970,1,sayalilachake
2810,16683162,"Kunal Rout","2026-08-07 13:58:44",0.95967,3,charlotte26
2811,16736396,"Anup kumar","2026-08-18 10:24:26",0.95964,1,enterbrianup
2812,16721254,"Roxana Asavei","2026-08-14 09:21:55",0.95963,1,roxanaasavei
2813,16713211,"Aastha Attri","2026-08-13 15:27:20",0.95962,3,pixy23
2814,16637408,"Rutuja Kale","2026-08-04 11:28:31",0.95959,1,rutujakale067
2815,16728535,陈晓琳Evelyn,"2026-08-20 03:29:59",0.95958,5,evelyn0810
2816,16705451,"Pratyush Kumar Singh","2026-08-19 19:56:34",0.95954,2,darkbit404
2817,16748168,Tom8710,"2026-08-31 12:41:13",0.95952,8,tomactlog
2818,16701192,"Dmitry Bakanov","2026-08-11 18:47:51",0.95951,2,dmitrybakanov
2819,16644644,"Mohamed Abderrahmani","2026-08-24 09:26:09",0.95951,1,mohamedabder
2820,16779488,"Abdallah Hashad","2026-08-28 18:49:50",0.95950,2,abdallahhashad0
2821,16763841,"batuhan kalem","2026-08-23 23:25:35",0.95949,1,batuhankalem
2822,16712918,"Kunal Samanta","2026-08-12 17:05:11",0.95943,1,samantakunal
2823,16792177,"Vecheslav Eremeev","2026-08-31 01:50:12",0.95942,13,lorddiablo74
2824,16719937,"Zeeshan Ali","2026-08-28 11:52:32",0.95940,8,zeeshana1i
2825,16722205,Amster,"2026-08-14 13:41:37",0.95937,1,aman2k5
2826,16634930,"Andrey Bushin","2026-08-02 09:29:52",0.95935,12,andbush
2827,16651284,"Santosh Yadav","2026-08-04 06:56:48",0.95934,1,santoshyadavaiexpert
2828,16778353,SATYAMSINGH_CSE,"2026-08-30 18:28:53",0.95932,1,satszap
2829,16746297,Sanghmitra_CSE,"2026-08-30 18:29:48",0.95932,1,laali09
2830,16688660,"Naman Jain","2026-08-19 13:01:06",0.95932,2,alpharapto
2831,16652434,jmmmy,"2026-08-04 13:52:37",0.95928,3,jmmmmy
2832,16792820,"Marouane Elhouari","2026-08-31 12:51:40",0.95925,1,marouaneelhouari
2833,16758129,"Chu Van An","2026-08-22 15:49:48",0.95924,4,tbxvnaan
2834,16710151,JLZK,"2026-08-12 05:05:37",0.95916,1,leeljustin
2835,16712542,AN_Kamau171,"2026-08-26 21:29:21",0.95909,2,ankamau171
2836,16705148,"Ata Ul Nasar Mansoor","2026-08-11 14:41:28",0.95907,4,ataulnasarmansoor
2837,16775480,"Patil Sandhya Keshav","2026-08-28 06:20:51",0.95904,1,patilsandhyakeshav
2838,16766766,"Shreef Mahmoud","2026-08-24 20:03:42",0.95901,2,shreefmahmoud
2839,16715544,"Favour Olumese","2026-08-15 19:26:17",0.95894,2,favourolumese
2840,16771335,"Guillermo Torres","2026-08-25 15:24:35",0.95893,1,"guillermotorresj11,jmtbtorres"
2841,16661367,"Felipe Eduardo Vieira","2026-08-04 15:50:15",0.95889,1,felipeeduardovieira
2842,16647545,"Pengjuan Chu","2026-08-15 03:24:03",0.95888,1,pengjuanchu
2843,16635902,"Sanjay Bora","2026-08-02 13:22:44",0.95885,1,sanjaybora143
2844,16717783,nuraly,"2026-08-17 08:16:45",0.95883,1,nura1125
2845,16761941,"vibhav jana","2026-08-27 18:57:40",0.95882,9,vibhavjana
2846,16661855,"Nizami Mammadli","2026-08-05 11:31:11",0.95878,1,nizamimammadli
2847,16790228,"Jonathan Racz","2026-08-29 14:08:51",0.95877,2,jonathanracz
2848,16661939,"AHMED WALED ABDEL SATAR","2026-08-04 16:33:55",0.95876,1,ahmedwaledabdelsatar
2849,16756911,"Jasmine Mohamed Fahmy","2026-08-28 05:27:10",0.95871,3,jasminemohamed2545
2850,16765397,"Tugui Tudor-Costin","2026-08-25 08:32:33",0.95868,1,tuguitudorcostin
2851,16736293,"Tanishka Landage","2026-08-31 17:45:16",0.95862,3,tanishkalandage
2852,16662356,"Jayachandiran K","2026-08-04 17:51:37",0.95858,1,jayachandiran007k
2853,16760319,"Stephen Wasylenko","2026-08-29 14:22:25",0.95855,1,crippledcow
2854,16721584,"Kanat Kozhaniyazov","2026-08-19 12:08:06",0.95855,15,kanatkozhaniyazov
2855,16715808,"Sujeet Kumar","2026-08-31 06:39:59",0.95853,1,sujeetfz
2856,16706271,"Humaira Siddique","2026-08-11 09:58:32",0.95852,1,humairasiddique
2857,16717117,MYosyy,"2026-08-19 21:53:27",0.95851,2,myosyy
2858,16661945,"Olla Abdelnabi","2026-08-04 16:41:14",0.95848,1,ollaabdelnabi
2859,16758015,"Alisha Gorai","2026-08-30 19:49:34",0.95847,9,alishagorai
2860,16737463,"KURHADE SANDESH MARUTI","2026-08-21 13:58:47",0.95844,1,kurhadesandeshmaruti
2861,16657991,"Marina T","2026-08-11 13:48:11",0.95844,1,rinatim
2862,16754885,"Rosabella Yang","2026-08-29 08:59:09",0.95843,19,rosabellayang
2863,16727417,raymond.w.wang,"2026-08-19 21:43:32",0.95836,1,raymondwwang
2864,16770602,"Sudheendra Diggai","2026-08-31 11:20:31",0.95834,8,sudheendradiggai
2865,16798261,"Eng. Shahd Mohammed","2026-08-31 21:24:47",0.95834,1,engshahdmohammed
2866,16712092,"Samaya Ranjan Behera","2026-08-19 19:21:43",0.95831,3,samayaranjanbehera
2867,16675718,mohammedadnan,"2026-08-06 13:49:26",0.95829,1,m3dnan
2868,16743304,"Youssef Adel2005","2026-08-20 14:44:53",0.95826,1,youssefadel2005
2869,16702463,"Aaron Tauro","2026-08-12 18:37:14",0.95825,2,aarontauro
2870,16653253,TSE930203,"2026-08-03 16:01:18",0.95822,2,tse930203
2871,16784783,"Jobin thavu varghese","2026-08-28 18:08:53",0.95821,3,jobinv12
2872,16777855,XiaotongYan1125,"2026-08-27 03:44:49",0.95820,1,xiaotongyan1125
2873,16712483,"Mohammed EL-Boukri","2026-08-12 14:19:31",0.95816,1,mohammedelboukri
2874,16710441,KKPrasannaKumari,"2026-08-16 10:05:25",0.95810,1,kkprasannakumari
2875,16652261,"M. Aki","2026-08-20 08:29:27",0.95803,8,mehmetakifkapsz
2876,16714416,"jose manuel Tinajero","2026-08-12 21:23:37",0.95800,1,josemanueltinajero
2877,16682126,"Taiji Higashide","2026-08-12 09:51:43",0.95797,3,taijihigashide
2878,16640390,"Kavindu Sewmina","2026-08-02 08:58:56",0.95795,1,kavindusewmina33
2879,16722325,"Harshit Patil","2026-08-14 14:36:12",0.95780,1,harshitsanjaypatil
2880,16732506,"Rupika upadhyay","2026-08-17 14:30:06",0.95778,1,rupi15
2881,16640666,"Aditya Majumdar","2026-08-02 23:57:04",0.95775,1,adityano1
2882,16764665,[B1]瀬尾,"2026-08-24 06:23:22",0.95757,1,raku191019
2883,16700943,ToshiFal,"2026-08-22 15:50:23",0.95754,17,toshifal
2884,16639623,JeffFosterUK,"2026-08-02 02:05:35",0.95750,4,jefffosteruk
2885,16685483,Vishnu_Anil_117,"2026-08-09 15:39:25",0.95747,11,vishnuanil117
2886,16729803,"Rasol Khaled","2026-08-16 22:48:44",0.95743,1,rasolkhaled
2887,16634140,"Will Coleman","2026-08-01 03:23:13",0.95733,1,willcoleman
2888,16793665,"Aanam Shaikh","2026-08-31 15:52:09",0.95728,1,aanamshaikh
2889,16724424,"Nayananshu Garai","2026-08-17 05:21:19",0.95727,2,ngarai
2890,16731033,Triquetrus,"2026-08-17 06:19:16",0.95720,1,triquetrus
2891,16716364,"Aabdal Shaikh","2026-08-18 07:31:20",0.95720,1,aabdalshaikh
2892,16735225,"SHEZLIN DSOUZA","2026-08-18 03:58:59",0.95718,2,shezlindsouza
2893,16702167,"Ragheb haddara","2026-08-10 17:40:11",0.95712,1,l4r3nn
2894,16691624,"Gourang kardam","2026-08-10 17:24:00",0.95711,1,gourangkardam
2895,16653318,"Michał Kakała","2026-08-05 17:24:57",0.95707,1,michakakaa
2896,16693143,"Sarah BeeTee","2026-08-17 02:51:43",0.95706,2,sarahbeetee
2897,16640470,Kaneshiro,"2026-08-13 07:34:58",0.95700,4,kaneshiro0
2898,16751766,"Vinay Todkar","2026-08-21 13:08:45",0.95695,1,vinaytodkar
2899,16638724,"Ashish Mishra","2026-08-08 15:48:05",0.95692,1,dastro64sq
2900,16678484,"Firas ABOUDA","2026-08-10 13:42:25",0.95685,1,firasabouda
2901,16640463,stpete_ishii,"2026-08-08 12:45:47",0.95684,9,stpeteishii
2902,16715758,"Muammal A. Fadhil","2026-08-18 00:51:01",0.95684,8,castial
2903,16633882,aoymats,"2026-08-08 01:14:16",0.95662,10,aoymats
2904,16789457,"Priti Yadav","2026-08-29 07:19:56",0.95658,1,priti0812
2905,16638180,"Muhammad Nebukhadnezar Manthoufani","2026-08-09 14:17:01",0.95646,1,nebukhadnezar234
2906,16740830,Noon,"2026-08-27 03:52:50",0.95644,1,noon555
2907,16716511,"Shaila Yasin","2026-08-31 16:31:59",0.95639,2,shailayasin
2908,16683826,Yuma_271,"2026-08-07 10:29:54",0.95632,1,yuma271
2909,16635507,FanRuijie,"2026-08-26 15:04:19",0.95622,8,ruijiefancn04
2910,16662644,"Juswin Jaimathew","2026-08-06 14:52:02",0.95611,2,juswinjaimathew
2911,16634816,"Meet Gajera","2026-08-07 14:19:36",0.95606,2,mitgajera
2912,16640820,"Mathe Matics2","2026-08-24 14:38:32",0.95605,3,mathematics2
2913,16664645,"Haruki Matsuo","2026-08-05 07:28:20",0.95605,2,harukiapi0421
2914,16709449,"Jiyad Hussain","2026-08-11 22:03:37",0.95604,2,basedhussain
2915,16775390,"Tommaso Guerrini","2026-08-30 10:07:15",0.95601,3,tomwarrens
2916,16655408,"Evgeniy Tsysarskiy","2026-08-04 03:02:20",0.95600,2,evgeniytsysarskiy
2917,16668410,mazide,"2026-08-05 15:35:01",0.95598,2,mazide
2918,16692352,"Shivam Sukhija","2026-08-09 14:23:56",0.95598,1,shivamsukhija01
2919,16634294,Soham_Deshpande,"2026-08-28 05:07:20",0.95597,6,sohamdeshpande11
2920,16689757,"Marcel Girgis","2026-08-18 19:00:25",0.95593,8,marcelgirgis
2921,16633851,Shuai0103,"2026-08-16 15:25:20",0.95583,2,shuai0103
2922,16766969,"Egg Apple","2026-08-25 15:49:02",0.95582,1,eggapple
2923,16681347,F.Ikema,"2026-08-13 14:13:45",0.95577,3,fikema
2924,16634064,"Matthew Chua","2026-08-01 09:21:24",0.95572,2,snake87
2925,16636003,"Andrea Bortolani","2026-08-03 10:53:11",0.95572,2,andreabortolani
2926,16711580,"Haswinchony Saladi","2026-08-12 09:23:24",0.95572,1,haswinchonysaladi
2927,16756931,burblingbrooks,"2026-08-22 22:32:16",0.95570,7,burblingbrooks
2928,16702583,"Abhijeet Arun Gore","2026-08-10 18:52:07",0.95569,2,abhijeetarungore
2929,16640589,AndNov,"2026-08-22 09:56:45",0.95558,3,andnov
2930,16658965,Suzukimako,"2026-08-08 13:31:07",0.95557,1,suzukimako
2931,16709242,Govind,"2026-08-15 19:40:10",0.95551,3,shekeloatmeal
2932,16660016,CaERu_korokoro,"2026-08-06 08:15:44",0.95545,4,caeru11291129
2933,16635339,"Aourar Abdelouahab","2026-08-19 15:57:23",0.95543,14,abdelouahab05
2934,16710777,"Azammit 789","2026-08-16 06:02:40",0.95542,3,azammit789
2935,16638957,mervinjoseph20,"2026-08-01 18:38:29",0.95542,1,mervinjoseph20
2936,16638939,Jayashree21f3001265,"2026-08-01 18:41:06",0.95542,1,jayashree21f3001265
2937,16727522,"Leong JY","2026-08-16 07:13:12",0.95542,1,leongjy
2938,16780926,"keshav bulia","2026-08-27 19:57:34",0.95542,1,keshavbulia
2939,16698042,zbrek0000,"2026-08-10 19:34:45",0.95540,11,zbrek0000
2940,16658107,logithan,"2026-08-04 14:00:47",0.95538,1,logithan
2941,16671749,Dilshodjon,"2026-08-08 08:45:32",0.95536,1,dilshodjon
2942,16732542,"Δημητρης Καλτσιος","2026-08-17 13:15:54",0.95536,1,dimitriskaltsios
2943,16761957,"Shunta Yara","2026-08-23 12:34:56",0.95533,1,shuntayara
2944,16692978,ZAUC,"2026-08-09 08:00:42",0.95523,1,zauctr
2945,16658355,"Võ Đăng Tuệ","2026-08-05 07:42:54",0.95520,4,tuevd0611
2946,16706487,YuvrajSingh6174,"2026-08-12 09:33:30",0.95519,1,yuvrajsingh6174
2947,16716315,"BHUMI PATRE","2026-08-15 09:57:07",0.95517,2,bhumipatre
2948,16766466,"Erfan Rasoolinejad","2026-08-31 11:45:37",0.95515,8,erfanrasoolinejad
2949,16685054,"Roshan Kumar Naik","2026-08-31 07:00:09",0.95513,1,roshankumarnaik
2950,16725254,"Brian Ochieng","2026-08-15 20:38:54",0.95510,1,brichieng
2951,16790788,"Ankit Raj","2026-08-30 14:45:06",0.95508,1,ankitrazz01
2952,16766344,"Doodle Peach","2026-08-27 17:16:57",0.95502,3,doodlepeach
2953,16778261,"Varshini Balasubramanya","2026-08-27 11:28:28",0.95491,1,varshini0613
2954,16747740,"Kıvanç Öz","2026-08-20 12:08:26",0.95490,1,kvancoz123
2955,16693057,yu-yo,"2026-08-11 15:56:50",0.95489,1,yukiyosh
2956,16710331,"GPA NNN","2026-08-12 05:59:53",0.95487,1,gpannn
2957,16652877,"Loh Jinsen","2026-08-03 15:18:31",0.95486,1,lohjinsen
2958,16664590,"Muhammad Awais Tariq","2026-08-11 07:54:37",0.95484,1,muhammadawaistariq87
2959,16666019,Zenieverse,"2026-08-17 05:38:06",0.95475,2,zenieverse
2960,16729566,"Marc-Aurel ALLADASSI","2026-08-23 14:54:19",0.95473,3,marcaurelalladassi
2961,16643918,Specter,"2026-08-06 20:13:25",0.95453,2,akwuiwuebube
2962,16743160,"esraa akram","2026-08-27 11:47:34",0.95446,1,esraaakram2005
2963,16645622,"Gowsalya Yogarajah","2026-08-04 05:14:16",0.95444,2,gowsalyayogarajah
2964,16752171,"Santosh Kumar","2026-08-21 06:26:26",0.95441,1,kuchhbhi
2965,16762626,"Dolaimin Yaya KONE","2026-08-25 02:18:36",0.95440,1,dolaiminyayakone
2966,16738443,"Shreyash Siddharth","2026-08-19 09:45:17",0.95437,1,shreyashsiddharth
2967,16759331,"Nafis Ahammad","2026-08-22 18:03:34",0.95432,1,nafisahammad
2968,16676261,"Ankit Seth","2026-08-24 09:33:24",0.95429,1,ankitsethknp
2969,16653174,"P Praveen kumar reddy","2026-08-03 15:43:04",0.95422,1,ppraveenkumarreddy
2970,16718906,"Brisa Marina","2026-08-18 11:27:49",0.95415,5,brisamarina
2971,16770655,KaranK09,"2026-08-25 11:55:54",0.95409,1,karank09
2972,16722739,"Jarboui Aminnna","2026-08-15 01:08:21",0.95408,1,jarbouiaminnna
2973,16670683,Kongali,"2026-08-05 22:58:33",0.95368,1,kongali
2974,16644753,"Adiya Tumurbaatar","2026-08-03 07:34:35",0.95325,3,adiyatumurbaatar
2975,16654549,praveensankar,"2026-08-07 05:53:32",0.95317,11,praveensankar
2976,16758674,"Aakash Kushwah","2026-08-23 12:20:02",0.95317,2,aakashrajawat75
2977,16757745,"Kunal Sharma","2026-08-26 09:41:44",0.95307,2,sharmakunal123
2978,16758868,"Tota Adrian","2026-08-24 10:40:09",0.95301,5,totaadrian
2979,16724971,Katze,"2026-08-15 11:33:53",0.95289,2,kckatze
2980,16652486,"Vlad Studennykov","2026-08-11 15:44:07",0.95283,2,vladstud716373618
2981,16634363,"Fueki Arina","2026-08-21 09:08:41",0.95269,2,fueki001
2982,16739382,"Nabeel Qanith","2026-08-19 11:29:21",0.95268,3,nabeelqanith
2983,16796570,"Saswata Bhar","2026-08-31 15:20:21",0.95267,1,saswatabhar
2984,16694734,"Chakrabhuana V  Deva","2026-08-09 12:26:25",0.95258,3,chakrabhuanavdeva
2985,16746193,"Saurabh Singh","2026-08-31 06:08:17",0.95252,1,saurabh08sin
2986,16700208,"FARSEEN M","2026-08-18 11:50:40",0.95243,4,farseenm
2987,16743941,"Parth Patil","2026-08-20 14:02:53",0.95239,10,"arpitk00,parthdpatil108,surajskokate"
2988,16681221,"Saif Mahdi","2026-08-14 04:54:06",0.95237,6,saifsamianmahdi
2989,16635922,"Tracy Porter","2026-08-02 16:32:50",0.95234,2,tracyporter
2990,16769714,zhonghongxing,"2026-08-26 02:17:51",0.95234,1,zhonghongxing
2991,16731221,riya_yadav,"2026-08-26 18:35:30",0.95233,1,riyaydv08
2992,16762023,oki_tsune,"2026-08-31 04:57:16",0.95232,5,imamura1
2993,16635570,"Lena Solodovnyk","2026-08-02 12:27:07",0.95227,3,lenasolodovnyk
2994,16672666,"Vedang Sawant","2026-08-07 18:45:36",0.95225,1,vedangsawant09
2995,16662600,Sreelu12345,"2026-08-31 18:48:53",0.95225,1,sreelu12345
2996,16789876,DataDetectives,"2026-08-31 11:39:32",0.95223,1,"aditiapugade,patilvaishnavimaruti,pranitanikam"
2997,16711771,"Vishal Khomane","2026-08-12 10:57:14",0.95218,2,vishal567
2998,16634371,"Manish Patil","2026-08-03 06:53:25",0.95207,2,manishpatil115
2999,16675680,"Dávid Straka","2026-08-06 14:32:44",0.95179,1,dvidstraka
3000,16768445,"Aquiles Barreto","2026-08-25 01:04:16",0.95145,1,aquilesbarreto
3001,16638633,dlougen,"2026-08-01 17:53:44",0.95132,1,dlougen
3002,16684526,TotoriYoyori,"2026-08-26 17:28:29",0.95101,4,totoriyoyori
3003,16654053,Karan,"2026-08-27 17:33:28",0.95092,5,karan9351
3004,16694722,ExceptionEchoTeam,"2026-08-09 12:53:14",0.95075,3,exceptionechoteam
3005,16775756,Human,"2026-08-26 16:44:55",0.95075,1,ahnafmuhtasim
3006,16797901,"Lev Beloussov","2026-08-31 19:28:02",0.95054,3,lev1106
3007,16691043,"Mohamed Saad Zerki","2026-08-14 18:43:25",0.95051,4,saadzerki
3008,16713705,"Sohil Tadavi","2026-08-13 20:00:47",0.95045,3,sohiltadavi
3009,16672282,"Anuj Naithani","2026-08-21 14:53:38",0.95038,3,anujnaithani
3010,16694552,llllsssss,"2026-08-09 12:45:48",0.95034,9,llllsssss
3011,16728612,"Jay Gohel","2026-08-24 09:59:59",0.95032,4,jaygohel
3012,16759286,tyuyoshi,"2026-08-31 10:30:19",0.95029,2,hasegawatsuyoshi
3013,16796037,"Samuel Levi","2026-08-31 11:29:58",0.95001,2,sundevice5685
3014,16681993,"Pranav Guptaji","2026-08-24 14:15:18",0.94981,1,pranavguptaji
3015,16737168,Sybery_AI,"2026-08-18 11:10:43",0.94960,4,syberyai
3016,16739243,"BOULANOUAR MOHAMED","2026-08-18 18:24:25",0.94935,1,boulanouarmohamed
3017,16736558,invigi,"2026-08-18 10:12:27",0.94930,1,invigi
3018,16795980,tespip,"2026-08-31 21:38:53",0.94930,2,tespip
3019,16715846,"Moninder Gulati","2026-08-13 06:00:54",0.94882,1,monindergulati
3020,16785198,BrianKimmig,"2026-08-28 21:29:57",0.94860,1,brikim
3021,16759908,"Pranoti Bauchkar","2026-08-22 19:07:50",0.94827,1,pranotibauchkar
3022,16796371,"Akanksha Salunkhe","2026-08-31 11:26:24",0.94827,1,akankshasalunkhe12
3023,16712246,"sepehr masoudizad","2026-08-25 13:06:50",0.94802,1,sepehrmasoudizad
3024,16633726,Abhijit,"2026-08-22 21:40:33",0.94771,1,abbeymaj
3025,16741809,Carlos,"2026-08-19 09:03:42",0.94770,1,pentacode
3026,16662606,"Avirat Belekar","2026-08-06 18:54:42",0.94753,1,abelekar
3027,16720085,ShivanshDut,"2026-08-14 06:37:19",0.94749,2,shivanshdut
3028,16714459,Orochimaru,"2026-08-13 22:45:02",0.94721,3,ishan8061
3029,16663041,Zafar,"2026-08-08 21:03:42",0.94703,2,zafarali27
3030,16694695,"Тима Козлов","2026-08-09 12:22:13",0.94687,1,tihonsiska
3031,16737798,mashiroQWQ,"2026-08-18 17:15:16",0.94680,1,mash1roqwq
3032,16726626,SaiboIsland,"2026-08-17 17:40:00",0.94661,1,saikoka
3033,16766719,Um-E-Salma,"2026-08-31 21:48:29",0.94644,1,umesalma
3034,16707924,"Helen yılmaz","2026-08-29 23:33:24",0.94633,3,helenylmaz
3035,16656687,"Sivanja Sivakumar","2026-08-04 22:49:12",0.94621,2,sivanjasivakumar
3036,16780769,"Suman Gouda","2026-08-29 09:19:14",0.94601,1,sumangoudakaggle
3037,16747837,vaishnavi,"2026-08-20 10:49:34",0.94583,1,vaishnavisule
3038,16727156,ZWQ1037,"2026-08-21 04:25:41",0.94582,1,zwq1037
3039,16716871,"Binary Brains","2026-08-18 07:49:44",0.94547,1,"ananyamaurya,surbhisuman"
3040,16713307,"NIKAM ADITI DATTATRAY","2026-08-17 18:13:52",0.94547,1,nikamaditidattatray
3041,16755692,Sanskarrr_p,"2026-08-21 16:18:01",0.94547,1,sanskarrrp
3042,16694671,Saturn8,"2026-08-09 13:06:27",0.94528,3,saturn8
3043,16654709,treilllaxred,"2026-08-21 04:53:18",0.94521,5,treilllaxred
3044,16710328,Alvin,"2026-08-12 15:15:44",0.94514,1,alvinhoang
3045,16662694,"PRINCE GUPTA","2026-08-10 15:00:21",0.94500,1,prince66
3046,16635516,schliggify,"2026-08-02 11:54:56",0.94461,2,schliggify
3047,16796696,Theodore,"2026-08-31 17:23:27",0.94447,2,theodoreadiputra
3048,16701837,Kai44p,"2026-08-11 05:07:04",0.94441,2,kai44p
3049,16660380,marucan,"2026-08-13 13:04:07",0.94357,15,marucan
3050,16762777,"Diana Carcea","2026-08-25 18:49:06",0.94350,2,dianacarcea
3051,16694903,Qwerty,"2026-08-18 14:03:00",0.94331,8,qwerty1234123424
3052,16697004,klsaleh,"2026-08-09 19:25:13",0.94331,1,klsaleh
3053,16747362,"bianca spiridon","2026-08-28 09:09:25",0.94318,9,biancaspiridon
3054,16682947,"Yashpalsinh Thakor","2026-08-07 10:08:32",0.94315,2,yashpalthakor
3055,16696791,Vaishnavi22052006,"2026-08-09 15:37:13",0.94313,1,vaishnavi22052006
3056,16733234,Chansoon,"2026-08-18 04:28:18",0.94304,2,chansoon
3057,16718071,"KALE RIDDHI ARUN","2026-08-17 05:54:26",0.94302,1,kaleriddhiarun
3058,16717023,"Monish Singhal","2026-08-17 17:33:04",0.94301,3,monish0110
3059,16765880,Mohamed_Sherif,"2026-08-31 14:26:38",0.94298,1,"azalhappy,myr2001"
3060,16639160,"Maheep Walia","2026-08-01 21:34:08",0.94291,1,maheepwalia
3061,16680962,okuub11,"2026-08-08 02:04:23",0.94284,3,okuub11
3062,16731600,takuya008,"2026-08-17 14:46:50",0.94282,2,takuya008
3063,16639402,"Aᴊɴᴀвı INSAAN","2026-08-05 00:26:00",0.94273,2,ainsaan
3064,16779504,"PATIL AKSHARA ASHOK","2026-08-28 06:41:33",0.94269,3,patilaksharaashok
3065,16774775,"Bhoomika Jain","2026-08-31 03:36:57",0.94259,2,bhoomika21jain
3066,16691174,"De Marchi Fabio","2026-08-18 14:31:37",0.94257,13,obiaf88
3067,16662379,"Sarath Sreedhar J","2026-08-11 10:38:45",0.94248,9,sarathsreedharj
3068,16670075,"Tereza Hartigova","2026-08-12 20:25:06",0.94240,3,terezahartigova
3069,16665527,yuchen9,"2026-08-05 13:26:53",0.94239,1,yuchen9
3070,16665019,Danjas,"2026-08-23 03:49:49",0.94232,7,danjas
3071,16764484,"Rizky Mubarrok (Rizky)","2026-08-28 04:32:34",0.94227,5,rizkymubarrokrizky
3072,16713624,"Ruturaj Lokhande","2026-08-15 10:55:38",0.94227,1,ruturajlokhande27
3073,16778568,letJustice,"2026-08-31 05:53:46",0.94214,5,letjustice
3074,16723757,"Saif Shahriar","2026-08-15 17:51:14",0.94211,1,saifshahriar
3075,16758793,"Augusto de Melo Costa","2026-08-22 14:31:17",0.94199,1,augustomelocosta
3076,16764457,"Chabane Messous","2026-08-24 05:48:31",0.94196,1,chabanemessous
3077,16653073,keep_it_best,"2026-08-04 02:20:57",0.94189,4,zhuimengren
3078,16765426,"Acasandrei Nicu","2026-08-24 10:59:43",0.94186,1,acasandreinicu
3079,16710027,"Briant Paul","2026-08-21 19:40:56",0.94186,3,briantpaul
3080,16743448,"Tommy Llewellyn","2026-08-21 12:35:55",0.94180,1,tommyllewellyn
3081,16764455,"Terezia Prosbova","2026-08-31 06:48:37",0.94176,2,tereziaprosbova
3082,16645053,"praful tiwari123","2026-08-28 06:14:03",0.94170,4,prafultiwari123
3083,16743056,"Natalie Ogungbade","2026-08-30 21:09:44",0.94170,2,natalieogungbade
3084,16663466,"Yash Wardhan Singh","2026-08-09 10:08:59",0.94152,2,y43hwardhan
3085,16726012,"Azad Ali 1995","2026-08-15 23:04:31",0.94141,1,azadali1995
3086,16634558,"Sifan Shamlewala","2026-08-05 11:48:59",0.94136,1,sifanshamlewale
3087,16712181,"Ankita Jethani","2026-08-14 07:38:09",0.94132,1,ankitajethani
3088,16670175,Fiendl,"2026-08-09 14:26:56",0.94131,2,itsmaffz
3089,16641152,Mob,"2026-08-06 20:30:41",0.94123,2,moubarak73
3090,16644523,"Jonathan Leaver","2026-08-02 23:31:11",0.94111,2,jonathanleaver
3091,16697003,"vaibhav solanke","2026-08-16 21:59:56",0.94104,2,vaibhavsolanke
3092,16652296,LeoLuo,"2026-08-31 10:54:39",0.94096,3,leoluo806
3093,16716316,SamruddhiPatil616061,"2026-08-15 15:24:34",0.94096,1,samruddhipatil616061
3094,16707774,shixingkong,"2026-08-12 14:01:44",0.94091,1,shixingkong
3095,16725579,TMNT10,"2026-08-30 15:39:40",0.94087,13,tmnt10
3096,16726160,"Shivani Radhakisan Charvande","2026-08-16 11:08:45",0.94087,1,shivanicharvande
3097,16763923,"Noureddine Mohammedi","2026-08-24 08:17:49",0.94084,1,noureddinemohammedi
3098,16766333,"Nuo Chen","2026-08-24 16:32:00",0.94074,2,nuochen1314
3099,16736642,"Tejas Varshney","2026-08-25 12:48:04",0.94063,2,varshneytejas
3100,16689282,"Smit Raval","2026-08-08 07:28:23",0.94051,1,ravalsmit
3101,16706472,"Neehar S","2026-08-12 09:42:26",0.94042,2,neehars
3102,16700881,WROCODILE,"2026-08-10 13:53:49",0.94040,1,wrocodile
3103,16655592,Fabbasso,"2026-08-25 01:54:07",0.94031,1,fabrizio78
3104,16633856,"Will Imoehl","2026-08-01 02:36:47",0.94014,3,willimoehl
3105,16725280,"Robin Morelon","2026-08-31 19:10:58",0.94009,1,robinmorelon
3106,16762756,"Tài Nguyễn","2026-08-23 16:03:30",0.94005,1,tainguyen0512
3107,16766467,"Niklas Krakhofer","2026-08-29 01:00:00",0.94001,19,niklaskrakhofer
3108,16762834,"Ivan Li","2026-08-26 17:09:36",0.93986,2,ivanli256
3109,16646621,"Kevin Proto","2026-08-07 00:02:15",0.93983,2,kevinproto
3110,16634971,"Muhammad Hamid Raza","2026-08-03 02:12:58",0.93972,5,hamidrana
3111,16694591,"Nika Popova","2026-08-09 09:20:14",0.93963,1,nikapopova
3112,16701042,marusai6,"2026-08-31 13:54:09",0.93953,5,marusai6
3113,16743271,YL24,"2026-08-19 17:16:35",0.93946,1,yl2407
3114,16705898,上官雨云,"2026-08-12 10:01:10",0.93932,1,frisk1056
3115,16755570,Suriyaa__MM,"2026-08-22 05:42:00",0.93906,5,suriyaamm2705
3116,16659566,Lalmuankima,"2026-08-13 15:42:35",0.93901,4,lalmuankima
3117,16641115,Ahmad,"2026-08-20 14:00:58",0.93871,2,ahmad1029
3118,16644386,"Mohamed Echch","2026-08-27 19:03:44",0.93856,2,mohamedechch
3119,16711494,"Milan Nagy","2026-08-18 13:40:47",0.93851,5,milannagy
3120,16789850,"SACHIN SHARMA","2026-08-29 14:22:58",0.93849,2,sachinsharma1912
3121,16732444,"Manya Gupta","2026-08-18 07:22:16",0.93819,2,manyagupta30
3122,16686687,"Hack Descent","2026-08-11 01:50:25",0.93796,30,"chrisgeorgeshibu,galimanishkumar,varunkarthikbalaji"
3123,16701033,석유한사발,"2026-08-11 07:44:17",0.93795,3,bbty0310
3124,16709753,"Kaden Trigueiro","2026-08-13 01:50:57",0.93786,1,kadentrigueiro
3125,16765092,"Mihnea Munteanu","2026-08-24 08:49:35",0.93753,5,mihneamunteanu
3126,16764011,"Nima Sharifi","2026-08-24 13:11:13",0.93748,3,nimasharifi
3127,16692703,Aniruddha,"2026-08-11 12:06:46",0.93746,2,animaiti
3128,16766324,"Arseni Costel-Ionut","2026-08-29 23:52:31",0.93743,20,arsenicostelionut
3129,16672114,bludie,"2026-08-31 06:34:31",0.93741,1,bludie
3130,16739143,"Çınar Özdemir","2026-08-18 20:09:50",0.93741,1,cinarozdmr
3131,16798020,"Matthew Zhao","2026-08-31 23:53:46",0.93731,1,mzhao23
3132,16788596,Khusyasy,"2026-08-30 12:46:22",0.93730,9,khusyasy
3133,16779418,"Mohamed Khaled Mohamed","2026-08-27 14:10:06",0.93723,1,mohamedkhaled2007
3134,16639394,"Paulo Alex","2026-08-01 23:44:12",0.93695,2,pauloalex11
3135,16655224,GwhE,"2026-08-07 20:40:09",0.93680,2,gwhenap
3136,16693770,"Raj Narayan Sharma","2026-08-09 06:02:52",0.93679,1,rajnarayansharma
3137,16777471,WenlongSun,"2026-08-28 05:32:57",0.93669,5,wenlong2016
3138,16789877,"cz tian","2026-08-29 11:13:38",0.93664,1,deepdragon
3139,16758187,"Giovanni Valentini","2026-08-30 16:49:54",0.93630,4,gvalentini
3140,16717498,"Rajesh Kumar","2026-08-13 13:46:02",0.93608,1,rajeshlika79
3141,16667923,Chandrashekar,"2026-08-06 10:36:54",0.93607,1,hermitsays
3142,16713432,TanneroJones,"2026-08-13 13:50:28",0.93607,1,tannerojones
3143,16649707,kimchowon11,"2026-08-29 12:36:06",0.93576,3,kimchowon11
3144,16786018,"Remy Ramanan","2026-08-31 05:30:21",0.93576,15,remyramanan
3145,16758501,"Yingjie Ye","2026-08-22 13:13:27",0.93566,1,yingjieye
3146,16723751,"Rithvik Muthyapu","2026-08-17 07:28:29",0.93558,8,rithvikmuthyapu
3147,16709253,"Egor Hohlachev","2026-08-11 21:10:44",0.93550,1,egorhohlachev
3148,16648197,"team rocket","2026-08-31 17:31:47",0.93538,1,sidhantmaurya
3149,16722766,"Stef Simington","2026-08-27 20:58:32",0.93529,6,stefsimington
3150,16765801,eunobi,"2026-08-31 03:48:51",0.93496,6,eunikeobidient
3151,16711768,"Chinmoy Bhakta","2026-08-14 19:00:42",0.93444,13,chinmoybhakta
3152,16654833,thaanis-mohamed,"2026-08-05 13:56:19",0.93439,3,thaanismohamed
3153,16656289,Indrajit_Pal,"2026-08-23 13:07:26",0.93424,1,palindrajit
3154,16730997,LosevArtem1702,"2026-08-17 07:18:16",0.93422,1,losevartem1702
3155,16723842,"Fedi Boukari","2026-08-15 01:16:48",0.93417,1,fediboukari
3156,16649034,"Narek Davtyan","2026-08-03 08:22:28",0.93408,4,narekdavtyan
3157,16717869,"Rostislav Babich","2026-08-15 15:26:14",0.93380,2,rostislavbabich176
3158,16700396,dark-phoenix,"2026-08-11 05:54:30",0.93380,1,shakiralivijapura
3159,16658443,vuhoangnam2104,"2026-08-05 08:24:22",0.93370,1,vuhoangnam2104
3160,16658417,"Trần Quốc An Trường PT Sao Việt","2026-08-05 08:39:39",0.93370,1,trnqucantrngptsaovit
3161,16756223,SanaK1405,"2026-08-25 11:14:34",0.93355,2,sanak1405
3162,16698325,"Joey Bl","2026-08-14 21:01:08",0.93348,7,joeybl
3163,16792537,"Partha Sarathi","2026-08-30 14:19:05",0.93339,1,parthasarathi35
3164,16702375,"Lukas Maximo","2026-08-30 00:07:09",0.93338,12,lukasmaximo
3165,16778420,"Samuel Muema","2026-08-27 06:37:27",0.93312,1,samuelmuema
3166,16695905,Eliat,"2026-08-14 13:20:48",0.93304,5,tatianad
3167,16720212,"Vamsi Adithya Yarru","2026-08-25 16:02:49",0.93275,1,"badarinath13,vamsiadithyayarru"
3168,16652539,Polina,"2026-08-03 13:29:23",0.93265,1,polina63
3169,16683269,WiseAndrei4,"2026-08-07 10:16:00",0.93232,3,wiseandrei4
3170,16639367,HamidrezaKeshavarz,"2026-08-02 10:23:16",0.93098,2,hamid9
3171,16755849,"Varun Patel","2026-08-31 19:47:15",0.93010,1,nox7211
3172,16694487,"Who am I?","2026-08-28 13:53:16",0.92987,14,lopure
3173,16769835,AgamAken,"2026-08-26 07:31:43",0.92970,1,agamaken
3174,16770389,Vinh2611,"2026-08-25 17:49:48",0.92926,4,vinh2611
3175,16675327,"Kayla Malherbe","2026-08-19 02:09:13",0.92924,1,kaylamalherbe
3176,16652504,"vivek r","2026-08-24 11:54:27",0.92893,1,vivekrrr
3177,16687170,JesusNaranjo1481,"2026-08-13 04:38:04",0.92892,1,jesusnaranjo1481
3178,16681273,Leneen,"2026-08-13 14:02:27",0.92887,1,leneen
3179,16766451,"vansh singla","2026-08-28 14:15:15",0.92839,2,vanshsingla79
3180,16676189,YTomo2,"2026-08-08 04:20:36",0.92730,3,ytomo2
3181,16669008,Aryan_negi93,"2026-08-06 08:58:13",0.92669,7,aryannegi93
3182,16639794,"Omar M","2026-08-13 03:17:53",0.92666,2,healthtricks
3183,16634225,"Deepesh Gupta","2026-08-31 12:37:26",0.92631,2,deepesh2026
3184,16715131,hwang85,"2026-08-13 00:48:11",0.92621,1,hwang85
3185,16797857,"Alexey Vorohov","2026-08-31 21:24:22",0.92542,1,alexeyvorohov
3186,16694950,"Mihiran Pasindu","2026-08-09 16:44:47",0.92507,1,mihiranpasindu
3187,16733306,"Aikantic Maitra","2026-08-24 18:42:03",0.92475,3,aikanticmaitra
3188,16767526,"Bhuvesh Chauhan","2026-08-26 14:24:37",0.92317,6,bhuveshchauhan
3189,16763233,Praveen.V,"2026-08-30 04:24:12",0.92308,5,praveenfiles
3190,16729950,"Jonathan T","2026-08-16 22:52:24",0.92257,1,jtdataperuser
3191,16728167,"Ghazal Fahmy","2026-08-16 11:56:26",0.92130,1,ghazalfahmy
3192,16770052,"yoru kusuhara","2026-08-29 08:51:12",0.92115,3,yorukusuhara
3193,16704450,"Saiful Rijal","2026-08-23 04:08:43",0.91981,1,saiful873
3194,16639393,"abd el moujib","2026-08-05 12:55:02",0.91954,2,abdelmoujib
3195,16751206,"Yuanbo Yang123","2026-08-21 02:56:31",0.91952,2,yuanboyang123
3196,16727036,"Wang Jingzi","2026-08-27 08:17:40",0.91951,4,wangjingzi111111111
3197,16690968,"Hoso Badalyan","2026-08-20 10:50:49",0.91931,4,hosobadalyan
3198,16724370,"SRI HARI VASAN","2026-08-15 06:25:52",0.91917,1,sriharivasan
3199,16643452,"José Luís Fernando","2026-08-10 14:34:20",0.91872,1,joslusfernando
3200,16660441,"Rishwanth Sai Singirikonda","2026-08-05 14:48:17",0.91858,1,rishwanthsai1537
3201,16676876,"Rahul Kumar","2026-08-31 16:19:01",0.91781,6,rahulk0719
3202,16635258,"Hanston H","2026-08-05 08:21:27",0.91666,1,hanstonh
3203,16782934,Jimljay,"2026-08-28 14:20:48",0.91598,1,jimljay
3204,16725021,"Silvia de Anitua Aspiazu","2026-08-31 07:48:36",0.91396,24,silviadeanitua
3205,16751118,"Ashton Peng","2026-08-25 23:24:23",0.91383,2,ashtonpeng
3206,16713197,"Omer Raveh","2026-08-12 18:01:00",0.91359,1,georgeconey
3207,16741706,agargawegawevawe,"2026-08-20 16:39:39",0.91359,1,agargawegawevawe
3208,16729410,"Aisy Maffaz","2026-08-17 16:39:37",0.91358,5,aisymaffaz
3209,16783686,"Tran duc anh ","2026-08-29 04:51:05",0.91358,1,ducanh2
3210,16736794,"Jaydeep Yadav","2026-08-20 06:56:34",0.91358,2,jaydeepy
3211,16696036,"Yuqing Liu","2026-08-10 11:35:38",0.91358,1,clearain0015
3212,16759928,"Dilfuza Umarjonova","2026-08-23 18:32:33",0.91357,1,dilfuzaumarjonova
3213,16734575,"Antonio Efe Vizcarra","2026-08-21 20:11:16",0.91356,1,antonioefevizcarra
3214,16711643,"Temuulen Wang","2026-08-13 03:49:17",0.91356,1,temuulenwang
3215,16664088,shrutihore,"2026-08-10 01:31:52",0.91355,1,shrutihore
3216,16794119,"VIVEK JAMBHULKAR","2026-08-30 22:14:56",0.91355,2,vivekjamson
3217,16795595,"Manaswi Gaikwad","2026-08-31 09:04:52",0.91355,1,manaswigaikwad
3218,16795991,"Vaishnavi Lohar","2026-08-31 09:14:42",0.91355,1,vaishnavi6075
3219,16743422,"Vinod Kumar ","2026-08-23 18:09:03",0.91355,1,vinodkumar369
3220,16729195,"DESAI TRUPTI NITIN","2026-08-16 15:33:47",0.91355,1,desaitruptinitin
3221,16717628,"Anjali Rajesh Sutar","2026-08-17 05:44:52",0.91355,1,anjalirajeshsutar
3222,16733416,"Divya Herle","2026-08-19 16:00:07",0.91355,1,divyaherle
3223,16731493,"Luca Britten","2026-08-17 08:14:44",0.91355,1,lucabritten
3224,16725832,Secertive,"2026-08-17 09:32:16",0.91355,1,secretiveplotter1863
3225,16635352,SrimannarayanaMedoju,"2026-08-13 05:55:09",0.91354,1,"brahmam1086,srimannarayanamedoju"
3226,16758538,"Mehdi Sahhar","2026-08-23 16:23:03",0.91346,1,mehdisahhar
3227,16644389,"Christopher Arzate-Benitez","2026-08-14 02:24:13",0.91314,2,christopherarzate
3228,16735068,"SHREYAS KUMBHAR","2026-08-18 03:51:24",0.91311,1,kshreyas26
3229,16767250,"Carlos Manuel Martínez Vázquez","2026-08-30 22:33:25",0.91310,1,csvzqzz
3230,16765028,"Hasan Normamatov","2026-08-24 09:41:39",0.91310,1,hasannormamatov
3231,16770335,"Kholoud Almutairi - LAB7","2026-08-26 04:45:48",0.91298,2,kholoudalmutairilab7
3232,16739595,"Anushka Kawane","2026-08-20 19:03:45",0.91255,1,anushkakawane
3233,16772207,"Carter Anderson","2026-08-28 01:46:22",0.91253,5,celsian04
3234,16706383,INyomanArvindraPW,"2026-08-11 11:16:17",0.91230,1,shadowwizard
3235,16643967,"Shubham Phapale","2026-08-02 17:57:49",0.91132,1,shubhamphapale
3236,16783576,Shashwat_rj,"2026-08-30 12:07:54",0.91087,1,shashwatrj
3237,16743554,JulZ,"2026-08-31 18:13:09",0.90993,2,julz123zz
3238,16720711,"Rishikesh Paul","2026-08-22 11:16:59",0.90975,4,rishikeshpaul
3239,16749146,"Tanvir Singh","2026-08-20 17:27:46",0.90763,1,tanvirsingh2004
3240,16763219,"Sanjib Kumar Mandal","2026-08-25 10:27:36",0.90546,1,sanjib2005
3241,16739753,"Manar saber","2026-08-30 18:14:13",0.89866,2,manarsaber
3242,16707365,Figusama,"2026-08-19 16:35:40",0.89682,5,figusama
3243,16661843,"Trinh Tuan Anh","2026-08-06 08:38:23",0.89643,1,trinhtuananh
3244,16701410,"Ashutosh Agarwal","2026-08-12 09:57:29",0.89561,4,"ashutoshagarwal088,shriii21"
3245,16745340,Orangle,"2026-08-20 01:58:57",0.89466,2,orangle
3246,16719818,"Syed Rayyan Haider","2026-08-31 04:23:35",0.89447,43,"mabdulrafay2,syedrayyanhaider"
3247,16649959,Itpl16,"2026-08-04 14:03:13",0.89266,4,itpl16
3248,16667473,"Subham Gupta","2026-08-06 18:53:52",0.89266,2,subham09g
3249,16713589,"Thomas J Varghese","2026-08-12 17:56:58",0.89253,1,thomasjvarghese
3250,16644088,"Egor Mashtakov","2026-08-02 18:58:32",0.89162,3,egormashtakov
3251,16688632,"Alfi Willianz","2026-08-10 04:04:10",0.89102,4,zwniff
3252,16634712,"Kriti Jain","2026-08-01 10:00:51",0.89047,4,kritijain11
3253,16696603,"Abdullah Al Aymon","2026-08-26 18:09:20",0.89047,8,abdullahalaymon
3254,16663638,Mohamed_726,"2026-08-07 00:46:39",0.88965,1,mohamed726
3255,16712266,"Andy Andy","2026-08-12 11:51:14",0.88917,6,andy3373
3256,16648469,briskwalking53,"2026-08-31 01:57:04",0.88888,3,takayukihayakawa
3257,16795061,NANCY,"2026-08-31 07:33:16",0.88856,3,nancy341
3258,16780174,German1212,"2026-08-27 17:00:15",0.88846,5,german1212
3259,16634657,FishEnjoyTea,"2026-08-06 08:13:35",0.88785,2,fishenjoytea
3260,16698660,encredbile,"2026-08-10 05:30:09",0.88747,4,encredbile
3261,16770034,"Kamyab Kazemzadeh","2026-08-26 14:31:00",0.88648,1,kamyabkazemzadeh
3262,16692312,Anandha003,"2026-08-18 17:28:14",0.88646,1,anandha003
3263,16699424,Ajohnbin,"2026-08-13 08:46:46",0.88601,1,ajohnbin
3264,16658424,"Trịnh Hoàng Huy","2026-08-05 08:52:36",0.88596,1,trnhhonghuy
3265,16694882,"ABeer AZ","2026-08-09 09:48:27",0.88558,1,abeeralzebda
3266,16688965,"jevil savani","2026-08-23 08:23:17",0.88275,11,"jevilsavani,pipaliyajeel27"
3267,16652650,"Just Code","2026-08-21 13:25:27",0.88218,2,justcode1
3268,16633948,revathip,"2026-08-02 23:55:26",0.88185,1,revathiprakash
3269,16767626,"Jakub Kowalik","2026-08-24 20:17:04",0.88151,2,jkowalik
3270,16639618,"Klenn Dungaran","2026-08-04 05:57:20",0.88132,1,klekzee
3271,16648316,feng,"2026-08-10 14:54:18",0.88117,5,guofungwong
3272,16755728,"Eymen Akb","2026-08-23 09:30:33",0.88101,4,eymenakb
3273,16640454,PsayaP,"2026-08-23 09:03:42",0.88100,11,psayap
3274,16639495,KF,"2026-08-19 11:54:19",0.88093,2,kimurafumiya
3275,16641088,"Kirill Osherov","2026-08-03 12:14:11",0.88082,2,kirillosherov
3276,16686313,"Abid Allam","2026-08-15 13:27:55",0.88059,3,abidallam
3277,16770554,"Safak Atakan Celik","2026-08-28 19:23:14",0.88046,1,safakatakancelik
3278,16684097,"Shan Zahra","2026-08-31 13:44:11",0.88043,1,sukananaqvi
3279,16757569,"Sarang Balakrishnan","2026-08-29 04:05:41",0.88042,2,sarang027
3280,16714174,"Kalash's Kaggle","2026-08-16 15:12:29",0.88031,1,kalashskaggle
3281,16727288,"Rohit Rai1930","2026-08-16 18:42:52",0.87994,2,rohitrai1930
3282,16635582,"Amir Sohail","2026-08-10 05:19:43",0.87985,8,amirsohail122
3283,16730062,"Olatide Bolaji","2026-08-27 21:19:56",0.87982,4,olatidebolaji
3284,16634293,LeoForReal,"2026-08-04 22:29:22",0.87965,5,leoforreal
3285,16739190,real_elevator,"2026-08-20 19:03:21",0.87941,4,realelevator
3286,16765751,"Ibrahim Amoo","2026-08-24 15:11:32",0.87936,1,ibrahimamoo
3287,16709475,SoungbinCho,"2026-08-30 18:44:14",0.87935,1,soungbincho
3288,16697542,v-krishna@25,"2026-08-13 11:49:28",0.87925,22,vkrishna25
3289,16734355,"Louis “Louis 732A”","2026-08-18 12:52:56",0.87923,7,louislouis732a
3290,16746397,Ridhima,"2026-08-31 04:19:42",0.87922,4,ridhima2512
3291,16637393,"Arin Tripathi","2026-08-06 18:46:49",0.87909,1,arintripathi
3292,16686691,"Mahesh Bawane","2026-08-25 09:18:57",0.87899,1,maheshbawane073
3293,16741631,"Farhan Qadir","2026-08-25 16:22:01",0.87895,6,farhanmassan
3294,16678238,"Arjun S Karthikeyan","2026-08-10 02:37:14",0.87855,2,arjunskarthikeyan
3295,16716326,"MUHAMMAD ARSAL (TSHR)","2026-08-14 14:48:08",0.87830,1,muhammadarsaltshr
3296,16749064,"Ashok Gaire","2026-08-24 18:25:32",0.87804,1,ashokgaire
3297,16781086,"Santhosh Banoth","2026-08-29 18:58:22",0.87797,3,santhoshbanoth
3298,16790873,"Vallam Dinakar","2026-08-29 18:09:59",0.87793,2,vallamdinakar
3299,16748829,"James Hinshaw","2026-08-21 02:07:58",0.87783,2,jameshinshaw
3300,16646395,"Xander Zoom","2026-08-05 02:54:17",0.87763,3,xanderzoom
3301,16640519,Sushanth@1213791529,"2026-08-06 05:45:47",0.87759,1,sushanth1213791529
3302,16732411,"Ferhat Gönülveren","2026-08-18 12:40:51",0.87732,1,ferhatgnlveren
3303,16688356,"Keagan Wijaya","2026-08-08 05:54:55",0.87692,1,keagannn
3304,16658968,arman_3,"2026-08-17 10:47:28",0.87676,4,arman3
3305,16791344,l@riel27,"2026-08-31 00:00:39",0.87663,1,johanal
3306,16761310,"[Mali12]Aboubacar Diarra","2026-08-23 07:59:24",0.87651,2,aboubacardiarra1810
3307,16692394,"ROBLOX SCHOOL","2026-08-21 17:59:46",0.87638,1,robloxschool
3308,16716280,"Jedsadakorn Suma","2026-08-19 01:47:55",0.87595,1,jedsadakornsuma
3309,16702213,"Keerthana Govind","2026-08-11 15:27:13",0.87589,1,keerthanagovind
3310,16715485,"Shaurya Singh","2026-08-21 07:50:05",0.87587,6,justnshaurya
3311,16691110,mimatu,"2026-08-23 09:30:55",0.87586,3,mimatu
3312,16722959,FraChiere,"2026-08-15 08:27:27",0.87566,1,frachiere
3313,16634242,"Rohit Kumar","2026-08-10 06:13:03",0.87553,19,rohit4468
3314,16656865,Sreekar2828.,"2026-08-04 06:20:26",0.87542,1,sreekar2828
3315,16669840,"Prakash Patel","2026-08-28 23:15:26",0.87530,8,rakatel
3316,16772086,"Shah Anan","2026-08-07 10:12:40",0.87528,6,"anaanruti,hollowf4d9"
3317,16694576,"Ganesh S Sable","2026-08-27 07:15:44",0.87513,5,ganeshssable
3318,16660386,"Abhay Rao","2026-08-11 14:03:47",0.87502,14,abhayrao24
3319,16694594,Razgibator3004,"2026-08-09 12:24:20",0.87487,2,razgibator3004
3320,16709135,Paco88,"2026-08-13 05:37:20",0.87464,2,paco88
3321,16665075,"satvik hosagoudar","2026-08-05 06:59:11",0.87441,2,satvikhosagoudar
3322,16767914,"Rachit Das","2026-08-26 19:53:49",0.87441,12,exterminator11
3323,16711879,"Sparsh Vishwakarma","2026-08-19 11:44:07",0.87438,1,sparshvishwakarma
3324,16761403,NALAMVENKAT,"2026-08-31 07:36:35",0.87436,1,nalamvenkat
3325,16682682,ShauryaSaysHi,"2026-08-08 06:51:24",0.87406,2,shauryasayshi
3326,16699417,"Abhist Kumar","2026-08-31 10:36:25",0.87399,1,abhistkumar
3327,16740036,Рафаэль,"2026-08-18 23:36:09",0.87374,8,pozoyan
3328,16705651,"Akmal Azzam o'g'li","2026-08-11 07:05:54",0.87371,10,akmalmir
3329,16683878,"Anthony Erinfolami","2026-08-07 13:58:51",0.87330,1,anthonyerinfolami
3330,16709195,"gabriel buchhorn","2026-08-20 16:34:59",0.87286,1,gabrielbuchhorn
3331,16661354,"Bohdan Zvorskyy","2026-08-26 12:07:21",0.87274,1,bohdanzvorskyy
3332,16784213,"SABAREESAN S","2026-08-31 14:29:53",0.87258,4,sabareesans
3333,16760419,"Diego Alonso Meza Delgado","2026-08-31 03:08:59",0.87251,1,diegoamd
3334,16684108,Idymayou,"2026-08-10 13:38:57",0.87243,2,vadsul
3335,16775591,"Teodor Radosavljevic","2026-08-26 21:56:35",0.87240,3,teodorradosavljevic
3336,16638806,Zorgeee,"2026-08-01 18:02:50",0.87235,1,"forsmthnoithingtosay,zorgeee"
3337,16690546,"Nayan Pal","2026-08-09 08:10:45",0.87220,1,z4y4zz
3338,16652390,"Gor Mkhitaryan","2026-08-08 20:25:51",0.87219,2,gormkhitaryan
3339,16694715,"Михаил Пуртов","2026-08-09 13:14:58",0.87216,1,mishaaaaa665738u9
3340,16754075,"Dhruv Chakraborty","2026-08-22 06:10:29",0.87185,1,dhruv07321
3341,16652785,"Philippe Coulombe","2026-08-18 14:31:39",0.87161,1,philippecoulombe
3342,16654829,"Vijay Ola","2026-08-10 18:11:37",0.87153,5,vijayola
3343,16727285,"Deep Thought","2026-08-16 04:55:40",0.87146,1,deepakjnath
3344,16653275,"Prof. Dr. Jefferson T.","2026-08-03 15:39:35",0.87143,1,profdrjeffersont
3345,16652655,"Kuldeep Sadhu","2026-08-07 17:47:51",0.87140,2,sadhukuldeep
3346,16688002,"Heath Dingus","2026-08-17 23:54:19",0.87121,8,heathdingus
3347,16696511,"Mohit Boura","2026-08-18 06:20:50",0.87119,1,"mohitboura,shraddhabisht4821,unnatibisht"
3348,16719803,"Abdul Rafay Rizwan","2026-08-31 12:02:43",0.87060,14,abdulrafay2525
3349,16748118,"Manuhash ","2026-08-24 18:15:22",0.87046,1,manuhash
3350,16713433,coredumpdev,"2026-08-13 10:01:04",0.87025,2,coredumpdev
3351,16725704,dorikado,"2026-08-16 18:59:41",0.87001,1,dorikado
3352,16697262,"Aimy Shah","2026-08-30 19:26:44",0.86998,1,aimyshah
3353,16782163,"Natarajan Gautam","2026-08-28 21:20:32",0.86988,4,gamtamu
3354,16743323,"Lesole Polilane","2026-08-24 14:23:20",0.86981,1,lesolepolilane
3355,16757660,_yii4e3,"2026-08-22 11:10:50",0.86967,1,yii4e3
3356,16690229,SkanX7,"2026-08-08 16:20:05",0.86924,2,skanx7
3357,16772358,Chinta,"2026-08-28 19:56:28",0.86901,4,chintaybr
3358,16707018,RyanCarlisle1204,"2026-08-12 05:36:12",0.86880,1,ryancarlisle1204
3359,16667963,Jimhsu07,"2026-08-06 13:53:26",0.86879,3,jimhsu07
3360,16741029,Yashika202006,"2026-08-30 06:57:35",0.86871,4,yashika202006
3361,16724549,"Arnav Amrit","2026-08-31 11:14:40",0.86862,2,pseudochrome
3362,16772876,"Wai Mai Lydia Tsang","2026-08-28 16:03:04",0.86857,4,waimailydiatsang
3363,16740270,"Sleem Hashem","2026-08-21 22:16:34",0.86845,1,sleemhashem
3364,16708544,MCXGenesis,"2026-08-11 23:56:14",0.86816,8,naufalmaulanabil
3365,16783307,RayHuang,"2026-08-29 03:14:08",0.86778,1,rayhuang0124
3366,16649063,"Musa Aleksanyan","2026-08-03 08:30:56",0.86741,10,musaaleksanyan
3367,16717519,"biswajit giri","2026-08-30 04:33:30",0.86688,2,biswajit69panda
3368,16792707,"Aisha Sinha1","2026-08-30 09:49:52",0.86654,1,aishasinha1
3369,16790512,"Fikrifalah Muslich","2026-08-31 14:00:56",0.86582,1,fikrifalahmuslich
3370,16694595,"Елизавета ","2026-08-09 12:31:58",0.86526,5,elizaveta26
3371,16699725,As_a_freebyrd,"2026-08-10 09:40:47",0.86471,1,asafreebyrd
3372,16641596,"Jesuthas Ramsika","2026-08-05 13:55:35",0.86390,1,jesuthasramsika
3373,16782674,"Fish Hsu","2026-08-28 08:57:50",0.86370,1,fishhsu
3374,16635045,"Anshu Tyagi","2026-08-01 08:50:13",0.86317,1,tyagianshu01
3375,16763177,"Magnus Valter Kaljuste","2026-08-23 18:40:03",0.86277,4,kiirois
3376,16749261,jojotaro,"2026-08-21 14:25:08",0.86266,3,ohisamataro
3377,16702021,"shaivya shankar","2026-08-10 17:20:39",0.86248,1,shaivyashankar12
3378,16664071,"Goutam vg Ghanti","2026-08-05 02:15:35",0.86242,1,goutamvgghanti
3379,16796656,"Ulrich Adonon","2026-08-31 14:54:32",0.86230,1,ulrichadonon
3380,16634496,"Süleyman Yılmaz","2026-08-25 13:05:28",0.86181,4,slymnylmz
3381,16634728,"Abubakar Magomedov","2026-08-01 06:24:21",0.86178,1,magomedovabubakarz
3382,16716422,"INGALE ARAV RAMDAS","2026-08-23 11:40:18",0.86136,3,ingalearavramdas
3383,16710718,SahilVortex,"2026-08-21 11:56:30",0.86075,1,sahilvortex
3384,16668722,"Hamza sajid","2026-08-06 17:32:44",0.86072,2,anonymusserver
3385,16745658,"Arati Sankpal","2026-08-30 07:50:50",0.85957,2,aratisankpal
3386,16792690,ARCHANAKUMARI_RAM,"2026-08-30 09:49:44",0.85957,2,archanakumariram
3387,16722982,"Yash Vasudeva","2026-08-14 18:24:14",0.85940,1,yashvasudeva
3388,16698973,Vijayakumar2007@,"2026-08-28 06:11:00",0.85885,1,vijayakumar2007
3389,16781270,"Andrew Edmonds","2026-08-27 22:54:23",0.85868,1,aedmonds11
3390,16791305,"Vivaan Khatri","2026-08-29 21:52:30",0.85832,1,vivaankhatri
3391,16765089,Vinay@61,"2026-08-31 03:11:29",0.85832,2,vinay61
3392,16651560,BirdBird,"2026-08-08 06:49:16",0.85795,8,jiayuanfoo
3393,16664216,"Siwar Ehwass","2026-08-05 04:28:36",0.85786,1,siwarehwass
3394,16658271,"Anvita S Reddy","2026-08-08 07:40:12",0.85786,2,anvitasreddy
3395,16770624,sc0v0ne,"2026-08-27 19:07:08",0.85719,2,sc0v1n0
3396,16666622,"Ayoola Samuel Jeremiah","2026-08-31 20:45:21",0.85698,1,ayoolasamueljeremiah
3397,16698645,"Chaturya Vardhan","2026-08-11 10:22:29",0.85605,1,chaturyavardhan
3398,16766409,"First name Second name","2026-08-31 01:30:05",0.85579,23,bredonmwangi
3399,16668467,"Viswanath Anand","2026-08-06 03:45:55",0.85538,2,viswanathanand2005
3400,16726696,"Mwangi Muriuki","2026-08-30 21:52:02",0.85484,1,mwangimuriuki
3401,16792642,"Bảo Dương (Crinkk)","2026-08-31 14:03:37",0.85252,14,crinkk
3402,16651193,"Hamik Manukyan","2026-08-03 09:27:42",0.85209,1,hamikmanukyan
3403,16660946,"Mina Niazizadeh","2026-08-04 20:01:09",0.85138,1,mina8888
3404,16711770,SpongeBob,"2026-08-12 10:35:12",0.85122,5,dakshagarwalch24b050
3405,16661738,"Yadav Chandan","2026-08-30 14:22:45",0.84959,6,yadav98788
3406,16651204,"Vahagn Avanesyan","2026-08-03 09:31:01",0.84881,1,vahagnavanesyan
3407,16675013,夜幻冰锋,"2026-08-07 10:04:23",0.84821,2,yhbfff
3408,16768023,"Nima Osman","2026-08-30 23:24:07",0.84599,3,nimaosman
3409,16728542,"Mouad AOUS","2026-08-18 16:22:12",0.84529,2,mouadaous
3410,16759595,"ashwani balyan","2026-08-24 16:19:56",0.84510,6,ashwanibalyan
3411,16762720,"Trần Đức Bảo","2026-08-24 10:39:58",0.84353,2,baobot26
3412,16711588,"Vivek Kapri","2026-08-16 15:00:22",0.84271,2,vivekkapri
3413,16724064,"Bhaskar Khirwar","2026-08-31 15:54:50",0.84190,1,bhaskarkhirwar
3414,16712251,"Huseyn Akhmedov","2026-08-14 13:39:02",0.84134,1,huseynakhmedov
3415,16747483,"Ritu Bhardwaj","2026-08-20 10:43:46",0.84071,1,ritubhardwaj19
3416,16747801,"Davin LeClair","2026-08-25 17:01:47",0.84018,1,davinleclair
3417,16774215,MinhHien18,"2026-08-27 09:59:38",0.83830,1,minhhien18
3418,16712657,ckaushik,"2026-08-13 10:27:51",0.83822,1,ckaushik
3419,16656818,"UMITH KEERTHISINGHA","2026-08-04 07:00:50",0.83750,2,umithkeerthisingha02
3420,16754520,yyyyyy1122,"2026-08-21 23:57:25",0.83717,1,yyyyyy1122
3421,16746183,"SALONI VERMA","2026-08-26 12:29:34",0.83697,1,saloniv22
3422,16729249,"Ojas padhye","2026-08-19 09:11:34",0.83690,4,ojaspadhye
3423,16774693,"Raja Priyan","2026-08-26 13:24:23",0.83636,1,rajapriyan129
3424,16765864,ThomasAIST,"2026-08-25 17:05:32",0.83635,4,thomasaist
3425,16765167,"Adisha Farooq","2026-08-25 06:30:37",0.83609,1,adishafarooq
3426,16735301,"Harshada Thorat 129","2026-08-18 04:27:02",0.83603,2,harshadathorat129
3427,16657863,"Sora Ohtani","2026-08-15 05:19:32",0.83565,2,soraohtani
3428,16750077,SnakenSnake,"2026-08-20 18:26:21",0.83518,2,michael1horse
3429,16743176,"Vinitha Raj","2026-08-30 14:08:00",0.83475,12,vinurajesh
3430,16684953,ZhaoSX,"2026-08-10 04:35:02",0.83425,1,zsx0802
3431,16761733,"Fazil Shammi","2026-08-24 14:02:08",0.83424,1,fazilshammi
3432,16636031,"lakshit kothari","2026-08-22 13:36:18",0.83375,1,smartplayer
3433,16698557,"Mohamadou Nouroud-dine","2026-08-12 02:59:06",0.83310,5,mohamadounourouddine
3434,16700877,"Zain Hamza","2026-08-12 04:49:50",0.83286,1,zainhamza56
3435,16645473,"Paras Gaur","2026-08-31 14:59:06",0.83217,3,animeguylrn
3436,16782604,"sichen fu","2026-08-28 03:57:39",0.83182,1,sichenfu
3437,16642608,"Sudarshika ","2026-08-03 10:11:45",0.83163,1,sudarshika
3438,16649910,"Ahmet Yavuzkanat","2026-08-05 11:18:48",0.83162,9,ahmetyavuzkanat
3439,16677474,"Calum Milloy","2026-08-25 20:37:17",0.82943,1,calummilloy
3440,16698636,kelly0913,"2026-08-10 06:59:32",0.82931,1,kelly0913
3441,16683483,MLCoder90,"2026-08-07 12:34:26",0.82918,2,mlcoder90
3442,16786562,"Mehul Jivani","2026-08-30 06:57:35",0.82882,2,mehuljivani
3443,16750557,"Toàn ","2026-08-24 03:06:33",0.82882,4,tonnguyenbao
3444,16785911,Mikhail,"2026-08-30 19:27:37",0.82693,2,mih2501py
3445,16746234,"Shibu kumar1","2026-08-24 06:05:13",0.82599,1,shibukumar1
3446,16791626,stoirtap12,"2026-08-30 16:54:18",0.82401,1,stoirtap12
3447,16732405,"Arjun Dixit","2026-08-26 06:40:06",0.82301,1,arjundix
3448,16721949,"V Ambrish kumar","2026-08-14 13:47:06",0.82268,1,vambrishkumar
3449,16774053,"Mahabub Hasan Mamun","2026-08-26 19:34:37",0.82265,1,mahabub001cs
3450,16644440,PhoenixAStar,"2026-08-04 22:06:21",0.82176,2,phoenixastar
3451,16654226,Pablo,"2026-08-06 16:36:38",0.81697,1,juanrojasb
3452,16790090,"Nagendra Gouda 125","2026-08-31 08:29:09",0.81283,3,nagendragouda125
3453,16698774,"Gauttam Jangir","2026-08-25 12:43:54",0.81172,2,gauttamjangir
3454,16749297,Rahulrockstarrr,"2026-08-21 04:43:03",0.80972,3,rahulrockstarrr
3455,16700331,"Harshal Nalin Patel","2026-08-14 08:56:00",0.80925,5,harshalnalinpatel
3456,16662466,"Luke Pipkin","2026-08-04 17:32:09",0.80780,2,lukepipkin
3457,16634625,coolngr8,"2026-08-01 18:20:53",0.80680,6,coolngr8
3458,16743877,node_king,"2026-08-19 18:06:12",0.80548,1,nodeking
3459,16696617,"Abhishek Chauhan","2026-08-28 03:48:50",0.79951,1,abhi00o
3460,16723006,"Sakina Saif","2026-08-14 19:48:43",0.79840,1,sakinasaifit
3461,16665186,"Enow Orock","2026-08-27 14:43:08",0.79332,2,enoworock
3462,16662192,"Padamata Dhanush","2026-08-15 15:43:24",0.79282,1,padamatadhanush
3463,16760475,"Adebayo Obademi","2026-08-23 01:23:23",0.79270,2,adebayoobademi
3464,16742918,"Tan Jun Hong","2026-08-20 11:43:51",0.79255,2,ermine28
3465,16782666,M1nhPh4m,"2026-08-28 04:16:45",0.79253,1,m1nhph4m
3466,16687133,"Mayko Rodrigues Ribeiro da Costa","2026-08-23 22:21:38",0.79248,1,makrrc
3467,16756670,"Anisha Maurya","2026-08-22 00:19:35",0.79222,2,anishamaurya
3468,16702069,Nmngup,"2026-08-10 16:02:44",0.79212,1,nmngup
3469,16670966,DannyDog1227,"2026-08-06 20:39:51",0.79168,1,dannydog1227
3470,16722669,"M kaif","2026-08-15 08:21:07",0.79028,1,kaif0222
3471,16706469,AnJaNa,"2026-08-12 09:27:56",0.78533,1,"anjanaaaaaaash,hrishita21"
3472,16725012,"Harvey Cox","2026-08-22 07:16:58",0.78389,1,harveycox
3473,16706492,"Lokesh Poudyal","2026-08-12 09:29:02",0.78319,1,lokeshpoudyal
3474,16706483,Amy,"2026-08-12 09:32:07",0.78309,1,"amandeep80,somyakhurana"
3475,16706470,Chhotu6969,"2026-08-12 09:34:48",0.78299,1,chhotu6969
3476,16777510,"Youcef Belmokhtar","2026-08-31 19:30:46",0.78289,5,youcefbel
3477,16706554,"alexandre kouakou","2026-08-12 09:29:27",0.78272,1,alexandrekouakou
3478,16705701,Coder_Anand,"2026-08-12 09:27:20",0.78269,1,coderanand
3479,16706490,"Adlite Mutambara","2026-08-12 09:29:24",0.78225,1,adlitemutambara
3480,16761699,"Archit Tyagi","2026-08-23 10:56:27",0.77889,1,architty108
3481,16634490,"Ujjwal Paul","2026-08-02 16:51:42",0.77793,2,ujjwalpaul2
3482,16793995,"Eslam Mohamed","2026-08-31 15:37:41",0.77739,1,eslammohamed08
3483,16771766,"Nowshad mahbub","2026-08-31 20:09:22",0.77702,1,nowshadmahbub19
3484,16773372,Tototttt,"2026-08-26 06:43:47",0.77603,4,tototttt
3485,16667554,"[Serbia] Andrija Nešić","2026-08-06 16:35:07",0.77269,1,serbiaandrijanei
3486,16722929,"Uday Prattap","2026-08-19 18:53:14",0.77268,3,udayprattap
3487,16713867,"magdy hassaan","2026-08-13 16:31:41",0.77250,2,magdy53
3488,16639413,Роман,"2026-08-01 23:34:41",0.76553,1,romanneromanov
3489,16706048,Gavinkeith,"2026-08-11 08:07:26",0.75595,1,gavinkeith666
3490,16749232,agarciabl,"2026-08-22 12:24:54",0.75301,8,albertogarcablas
3491,16715370,"Rohit kumar211987","2026-08-31 03:59:28",0.74745,6,rohitkumar211987
3492,16693393,"Karri Sai Krishna Naga Satish Reddy","2026-08-09 18:18:53",0.74252,4,karrinagasatishreddy
3493,16710904,"vatsal sharma32123","2026-08-12 12:08:57",0.74018,1,vatsalsharma32123
3494,16702505,"Onur KARASÜRMELİ","2026-08-14 11:34:17",0.73059,1,onurkarasurmeli
3495,16658306,VisiBalint,"2026-08-04 08:55:44",0.69496,1,visibalint
3496,16712414,HearVo1ce,"2026-08-31 09:42:38",0.62755,2,hearvo1ce
3497,16716992,"Hugo Browning","2026-08-20 11:53:43",0.61992,2,hugobrowning
3498,16792063,"NGUYEN LE NHAT THANH","2026-08-30 09:09:26",0.58149,2,nguyenlenhatthanh
3499,16634286,"Ethan Zhang","2026-08-25 11:30:15",0.57377,1,ethanzys
3500,16760130,"Alex Dong","2026-08-22 21:47:20",0.56192,3,digamos
3501,16748794,kaypto,"2026-08-23 17:11:47",0.52659,8,kaypto
3502,16703140,"Bijoy Kumar Paul","2026-08-19 07:00:00",0.50343,6,bijoykumarpaul
3503,16651121,"Hillary Mahura","2026-08-03 13:14:10",0.50237,1,hillarymahura
3504,16639180,Younus_Mohamed,"2026-08-01 20:11:54",0.50000,1,younusmohamed
3505,16661963,"mahmoud mohamed","2026-08-04 16:15:29",0.50000,1,mahmoudmohamed987
3506,16661684,"Mohammed Nemr","2026-08-04 16:19:29",0.50000,1,mohammednemr
3507,16662640,"Adolph Ramahabe","2026-08-04 18:14:52",0.50000,1,adolphramahabe
3508,16683612,"Sahir Maharaj","2026-08-31 13:49:10",0.50000,25,sahirmaharajj
3509,16687867,"Japman Singh","2026-08-09 14:50:42",0.50000,2,japman001
3510,16705209,"SOTA ARASHIDA","2026-08-11 02:35:32",0.50000,1,sotaarashida
3511,16715807,"Zaphyer Modal","2026-08-13 05:44:35",0.50000,1,qasminumber
3512,16682197,"Ayush Muley","2026-08-14 05:26:48",0.50000,1,ayushmuley
3513,16716438,"Amruta Vadar","2026-08-14 10:49:47",0.50000,1,amrutavadar
3514,16724184,YoshimasaAndo,"2026-08-15 04:07:37",0.50000,1,yoshimasaandou
3515,16727053,"je nap","2026-08-16 05:14:17",0.50000,1,johnenapoles
3516,16753973,"Arno Emeksuzyan","2026-08-21 11:44:52",0.50000,1,arnoemeksuzyan
3517,16765129,Kazuhiro_Yogo,"2026-08-24 07:22:08",0.50000,1,kazuhiroyogo
3518,16765806,"Maram Ali","2026-08-24 10:33:58",0.50000,2,msama01
3519,16773378,alpha0314alpha,"2026-08-26 05:40:17",0.50000,1,alpha0314alpha
3520,16772518,FTB,"2026-08-26 08:29:45",0.50000,1,berkery
3521,16786131,kaptaan45,"2026-08-29 01:31:32",0.50000,1,kaptaan45
3522,16756954,Silentpartnr,"2026-08-29 07:40:07",0.50000,1,silentpartnr
3523,16784039,"Luthfi Hanif","2026-08-29 11:22:05",0.50000,1,lhanif
3524,16775683,aasimar88,"2026-08-29 15:54:41",0.50000,1,aasimar88
3525,16662637,"sai akshayy","2026-08-31 14:46:16",0.50000,1,saiakshayy
3526,16797407,"Omar Kamran Chy Sajid","2026-08-31 17:09:00",0.50000,1,omarkamranchsajid
3527,16746351,RISHABH,"2026-08-30 15:38:08",0.49770,1,rishab023
3528,16639309,vardkag,"2026-08-09 17:50:44",0.49223,1,vardkag
3529,16730379,Elliana02,"2026-08-25 17:51:03",0.06028,1,elliana02
3530,16643523,NikitOK24,"2026-08-17 14:26:56",0.04358,1,nikitok24
3531,16640999,SANTOS,"2026-08-04 17:00:20",0.03882,1,sandocorp23santos
