Rank,TeamId,TeamName,LastSubmissionDate,Score,SubmissionCount,TeamMemberUserNames
1,16724329,"Chris Deotte","2026-08-30 23:14:31",0.97207,90,cdeotte
2,16698321,"Changye Li","2026-08-30 12:49:14",0.97154,55,antoinegg1
3,16633740,MILANFX,"2026-08-30 20:37:33",0.97149,61,milanfx
4,16633764,cstdy,"2026-08-30 19:07:57",0.97147,131,kirill0212
5,16635530,Miłosz,"2026-08-31 12:14:19",0.97144,29,miloszkrzeminski
6,16639426,Keanan,"2026-08-31 14:21:29",0.97139,28,citerne
7,16705653,JungHwan,"2026-08-31 12:47:21",0.97138,190,najunghwan
8,16633767,"Don Mani","2026-08-31 16:00:50",0.97137,173,donmarch14
9,16734934,BOB,"2026-08-31 05:57:24",0.97137,123,hotpotbro
10,16636196,"Maher el Ouahabi","2026-08-31 00:24:42",0.97137,126,maherelouahabi
11,16687243,Utkarsh,"2026-08-29 21:20:01",0.97136,121,n0va007
12,16757608,"Eduardo Molina","2026-08-31 06:50:36",0.97136,49,eduardomolinaai
13,16634252,"Taemyung Heo","2026-08-31 05:01:52",0.97135,27,tmheo74
14,16633796,Optimistix,"2026-08-30 23:58:43",0.97135,214,optimistix
15,16748912,Can,"2026-08-30 00:06:02",0.97135,53,canentay
16,16728887,"Andrey Shpigar","2026-08-31 15:13:19",0.97135,79,andreyshpigar
17,16654846,"Emile Andrieu","2026-08-29 20:31:44",0.97133,21,emileandrieu
18,16769386,"Hai Dang","2026-08-29 06:19:44",0.97133,31,haidang2405
19,16763750,"Subramanya N","2026-08-30 11:46:24",0.97132,41,subramanya1997
20,16633766,"Ravi Ramakrishnan","2026-08-30 13:27:41",0.97132,93,ravi20076
21,16648936,r0tor,"2026-08-31 14:26:30",0.97132,114,nikita7364777
22,16736438,"wataru kawashima","2026-08-29 16:02:11",0.97131,34,watarukawashima
23,16777418,"Sean Pinkney","2026-08-31 14:23:57",0.97131,38,oneiroi
24,16710470,"Charles Backman on LinkedIn","2026-08-31 04:08:15",0.97131,39,charlesbackman
25,16767572,"Arka Ariya","2026-08-30 20:34:53",0.97131,41,arkaariya
26,16685415,yukiZ,"2026-08-31 14:40:53",0.97131,118,hideyukizushi
27,16666907,"Kota Fuchiwaki","2026-08-31 01:27:45",0.97131,25,kotafuchiwaki
28,16786408,"Colin Ma","2026-08-31 04:38:30",0.97131,7,colinm5
29,16692228,CazyUndee,"2026-08-31 12:09:35",0.97131,19,crazybro
30,16789930,EvilHero,"2026-08-31 00:09:08",0.97131,30,evilhero
31,16689162,"Zeyou Zhang","2026-08-30 08:08:04",0.97131,75,zeyouzhang
32,16634788,"Mikhail Naumov","2026-08-31 10:04:08",0.97130,159,mikhailnaumov
33,16760786,yuxuan,"2026-08-31 05:34:17",0.97130,47,yuxuan1221
34,16691149,BostonKaggle,"2026-08-31 03:57:53",0.97130,33,"isthereanycode,lynnkim0"
35,16724181,"PS-S6E8 Codex Blender","2026-08-31 13:09:24",0.97130,150,"aditya2909rb,duyguabbasoglu,jazivxt"
36,16670739,XAVI,"2026-08-31 05:19:27",0.97130,57,xx1263
37,16751356,"Wenbo Qin","2026-08-31 07:45:31",0.97130,73,"lilei577,wenboqin"
38,16786355,Mr.Frundles,"2026-08-31 03:38:39",0.97130,20,watehell
39,16779468,"Gowtham #2","2026-08-31 15:33:55",0.97130,5,gowtham66866
40,16776994,s0673468,"2026-08-31 14:34:04",0.97130,23,s0673468
41,16721433,"Asterios Terzis","2026-08-31 15:08:58",0.97130,59,asteriosterzis
42,16753827,luofeng19970209,"2026-08-31 14:51:26",0.97130,25,luofeng19970209
43,16675946,thisray,"2026-08-31 12:32:38",0.97130,62,thisray
44,16793793,"Ulugbek Salohiddinov","2026-08-31 14:47:17",0.97130,7,ulugbeksalohiddinov
45,16716266,HuiJuan.Yu,"2026-08-30 08:32:07",0.97130,125,chuyuni
46,16793390,"Tariku Mehdi","2026-08-31 15:31:39",0.97130,5,tarikumehdi
47,16635847,F.A.Nina,"2026-08-31 10:54:48",0.97130,58,nina2025
48,16649456,MomotokD,"2026-08-31 07:37:19",0.97130,13,momotokd
49,16690544,"Abdussamad Usman","2026-08-30 17:39:44",0.97130,14,abdussamadusman
50,16722761,Musliadi,"2026-08-31 06:07:33",0.97130,12,timscientia
51,16757038,"Hanxiang Li","2026-08-29 20:22:06",0.97130,3,hanxiangjames
52,16724508,"Jordi Corbilla","2026-08-30 06:11:37",0.97130,22,jordicorbilla
53,16692183,"Xu Suyi","2026-08-31 07:59:17",0.97130,14,xuyuhaosuyi
54,16717529,Leqi.Xie,"2026-08-30 15:07:19",0.97130,21,"jackson818,leqixie"
55,16635752,"Jeki Wan Taufik","2026-08-30 15:16:23",0.97130,20,jek1wantaufik
56,16702634,MJVinay,"2026-08-30 18:40:57",0.97130,20,mallajayanthvinay
57,16760174,"Ahmed Malik","2026-08-31 02:50:03",0.97130,39,ahmeduor25
58,16652726,"Vladimir Demidov","2026-08-30 20:50:47",0.97130,28,yekenot
59,16633716,"M.N. Mohamed Aman","2026-08-30 23:25:14",0.97130,12,mnmohamedaman
60,16633933,kglctf,"2026-08-31 09:30:51",0.97130,308,kglctf
61,16643106,"Gaurav Kokila","2026-08-31 13:53:08",0.97130,12,gauravkokila
62,16644580,Chloe,"2026-08-31 04:03:15",0.97130,11,baytree1238
63,16634362,"Ilya Sevastyanov","2026-08-31 05:09:30",0.97130,31,sev1lya
64,16771209,Vanshika,"2026-08-31 05:19:49",0.97130,4,crystalbaby
65,16712501,"Kunal Desale","2026-08-31 05:51:32",0.97130,12,kunaldesale2408
66,16641245,"Raunak Dey","2026-08-31 06:03:58",0.97130,3,raunakdey07
67,16699264,camurberkayy,"2026-08-31 13:39:49",0.97130,8,camurberkayy
68,16637991,StephenNedumpally,"2026-08-31 14:37:48",0.97130,27,stephennedumpally
69,16771610,"Elvern Neylmav Tanny","2026-08-31 14:47:51",0.97130,27,elvernneylmavtanny
70,16635042,prashant75,"2026-08-31 09:01:26",0.97130,5,prashant75
71,16795890,"Hemnath D","2026-08-31 09:23:35",0.97130,1,hemnathd12
72,16635971,"Code by Nadiia","2026-08-31 10:05:28",0.97130,34,codebynadiia
73,16634754,"Ritanshu Prasad","2026-08-31 11:03:04",0.97130,3,ritanshuprasad
74,16743534,Chiranjeev,"2026-08-31 14:24:19",0.97130,58,abhirajhiwale
75,16756871,"mr Good","2026-08-31 13:52:34",0.97130,3,mrgood2005
76,16636199,xiaoyang66,"2026-08-31 11:35:53",0.97130,6,kennethhao8
77,16774234,"Ömer Faruk Yüce","2026-08-31 11:53:56",0.97130,5,merfarukyce
78,16714137,"Aqib Raza","2026-08-31 13:09:22",0.97130,8,aqibrazadev
79,16735507,"HBoyang ","2026-08-31 12:54:49",0.97130,25,hboyang
80,16783105,"Anushka Kumari","2026-08-31 13:03:18",0.97130,1,kumarianushka02
81,16633957,YUYA,"2026-08-31 13:54:14",0.97130,14,yuyaizumikawa
82,16633759,"Lakhindar Pal","2026-08-31 13:24:40",0.97130,2,lakhindarpal
83,16659376,ASHML,"2026-08-31 13:42:39",0.97130,4,ashml
84,16677180,"Akhilesh godugu","2026-08-31 14:34:27",0.97130,25,akhileshgodugu
85,16643058,GodofThunder2407,"2026-08-31 15:43:48",0.97130,8,godofthunder2407
86,16634926,"Szymon Kłapiński","2026-08-28 11:21:05",0.97130,56,szymonkapiski
87,16797118,DhanaLakshmiMalla,"2026-08-31 15:39:29",0.97130,6,dhanalakshmimalla
88,16790881,woldy,"2026-08-29 22:01:18",0.97130,7,woldywei
89,16752453,scikit-learn,"2026-08-27 07:02:34",0.97129,14,scikitlearning
90,16783953,"Phantom F5","2026-08-30 04:19:53",0.97129,23,phantomf5
91,16779684,"Adnan Zaman","2026-08-28 12:25:37",0.97129,14,adnanzamanniloy
92,16738206,"Atakan Aldemir","2026-08-31 15:08:34",0.97129,24,atakanaldemir
93,16782893,Velociraptor_N,"2026-08-29 04:07:36",0.97129,20,velociraptorn
94,16702366,william950615,"2026-08-30 01:28:49",0.97129,135,"jenytsian,william950615"
95,16662979,"Shashwat Bajpai","2026-08-28 08:49:40",0.97129,180,shashwat1729
96,16762966,"Abhi Pokhrel","2026-08-31 14:30:16",0.97129,44,slangitup
97,16670179,DataRegressor,"2026-08-26 20:11:44",0.97129,25,azzamradman
98,16778508,"Sridip Basu","2026-08-28 12:00:03",0.97129,13,sridipbasu
99,16764789,GUGUGAGA,"2026-08-31 07:51:46",0.97129,29,"ruiyangzhang23,taoguo079"
100,16639212,"Maria Startseva","2026-08-31 14:01:54",0.97129,266,untouchableforest
101,16780847,Yassinovich,"2026-08-30 16:40:44",0.97129,34,yassinovich
102,16785894,"Mohamed Yassine Aouidet","2026-08-30 22:13:24",0.97129,22,yasinovich
103,16773302,antadam127,"2026-08-31 00:47:43",0.97129,21,antadam127
104,16652751,Mrsalty,"2026-08-29 11:02:26",0.97129,4,mrsaltyx
105,16665659,"Yusuke Hayashi","2026-08-31 15:45:20",0.97129,21,yhay81
106,16638558,"Ripon C. Malo","2026-08-28 23:14:58",0.97129,3,riponce
107,16785938,"Ghofrane Ben Hassan","2026-08-30 11:09:08",0.97129,16,ghofranebenhassen
108,16761407,ZEEli,"2026-08-30 08:53:14",0.97129,12,jzexiong
109,16770471,"Success Oduduru","2026-08-29 20:52:15",0.97129,7,successoduduru
110,16635700,"Mirza Yasir Abdullah Baig","2026-08-31 02:12:44",0.97129,7,myab07
111,16634902,Kudos_07,"2026-08-31 14:00:34",0.97129,27,saranshsurana07
112,16748098,JasonL,"2026-08-25 22:06:37",0.97129,21,jasonling95
113,16742246,sssskilo,"2026-08-28 09:08:56",0.97129,23,wellkilo
114,16633811,Naji,"2026-08-31 02:36:18",0.97129,238,"najiama,nathaliach"
115,16756534,"Raman Singh","2026-08-30 12:01:14",0.97129,19,ramansingh1108
116,16661937,"Omar Morsi 2004","2026-08-28 21:58:41",0.97129,62,omarmorsi2004
117,16694955,"Trust CV","2026-08-31 13:34:10",0.97129,25,ryosketchbook2007
118,16792522,Winter,"2026-08-31 12:39:50",0.97129,15,nobuwlnter
119,16644201,"Prinshu Dewangan","2026-08-30 12:23:37",0.97129,12,prinshudewangan
120,16633921,GUAM,"2026-08-31 00:43:07",0.97129,31,kmmmvs
121,16635630,AnthonyTherrien,"2026-08-31 10:56:05",0.97129,34,anthonytherrien
122,16759297,"PREM GAIKWAD","2026-08-28 05:06:09",0.97129,17,premgaikwad07
123,16693814,"rupsa roy","2026-08-28 06:12:16",0.97129,14,rupsarroy
124,16681616,AJboos,"2026-08-29 00:20:33",0.97129,87,"ajboos,moyulyt"
125,16634721,"Md Abdul Al Hasib","2026-08-29 18:58:42",0.97129,16,mdabdulalhasib
126,16709091,"Juan Vazquez","2026-08-29 05:04:29",0.97129,26,ysjuan
127,16665633,"Charismatic Pizza Party🍕","2026-08-29 04:57:54",0.97129,6,debugendless
128,16661627,"Sankalp Nagineni","2026-08-29 16:12:26",0.97129,9,sankalpnagineni
129,16700751,"Isle Bennett","2026-08-30 10:23:21",0.97129,13,islebennett
130,16690817,"Mohamed Saeed","2026-08-30 18:58:10",0.97129,6,m0sm71
131,16661938,"Muhammed Shad Bhati","2026-08-29 14:52:37",0.97129,11,bhatimohdshad
132,16642199,xxlcxsh,"2026-08-28 10:43:50",0.97129,22,aopsfapojfmvoiv
133,16738247,"Raef Guizani","2026-08-29 11:51:57",0.97129,34,raefguizani
134,16661205,"Nilav Kashyap","2026-08-29 12:57:18",0.97129,11,nilavkashyap
135,16662839,"Huzaifa Mankda","2026-08-30 03:27:41",0.97129,32,huzaifa242
136,16777246,"Al Fardin","2026-08-29 03:07:02",0.97128,15,alfardin09
137,16735527,DarkMatterNet,"2026-08-25 01:08:03",0.97128,7,darkmatternet
138,16775258,test_addicted,"2026-08-27 12:36:57",0.97128,11,michaelsemenoff
139,16738623,Corgi-Samoyed,"2026-08-27 14:36:22",0.97128,2,corgisamoyed
140,16668214,"Omkar Kadam","2026-08-26 14:12:40",0.97128,94,itzzomkar
141,16771446,"Satyajeet Kumar","2026-08-25 19:24:07",0.97128,3,m4rcuseryx
142,16768528,"Yassine Ben Zekri","2026-08-25 21:47:09",0.97128,2,yassinebenzekri
143,16642971,"Mathurin Ache","2026-08-26 07:29:00",0.97128,9,mathurinache
144,16773354,"Keisuke Ishii","2026-08-26 07:35:12",0.97128,2,akikukeo1
145,16681574,Akhyar,"2026-08-26 08:24:35",0.97128,10,akhyar2612
146,16774256,"C R Suthikshn Kumar","2026-08-26 08:36:36",0.97128,1,crsuthikshnkumar
147,16634069,diorita,"2026-08-27 04:36:33",0.97128,1,diorita
148,16673703,"Lavanya Bacche","2026-08-27 07:57:07",0.97128,17,lavanyabacche
149,16665454,"Lance Lee66","2026-08-27 02:48:11",0.97128,59,lancelee66
150,16763673,"SeshuRaju 🧘‍♂️","2026-08-26 00:25:56",0.97128,19,seshurajup
151,16758962,"Dharmendra Chilhate","2026-08-25 07:36:05",0.97128,2,dharmendrachilhate
152,16735531,ajikajadeh,"2026-08-28 06:05:07",0.97128,17,ajikajadeh
153,16768967,"Asuu Dane","2026-08-27 02:36:11",0.97128,5,asuudane
154,16791665,"Tomohiko Ikeda","2026-08-31 01:26:45",0.97128,20,tomohikoikedajpn
155,16695622,"Deniz Eryılmaz","2026-08-30 07:08:13",0.97128,183,denizeryilmaz
156,16780087,"Edmond Kirsch","2026-08-28 07:01:31",0.97128,8,edmondkirsch
157,16655359,Vyas,"2026-08-27 04:41:46",0.97128,38,vyask21
158,16786187,"ma 127","2026-08-29 03:39:26",0.97128,2,ma1166mu
159,16773330,Shymohn,"2026-08-27 17:46:48",0.97128,14,shymohn
160,16762011,"Priyanshu Kumar","2026-08-31 12:52:33",0.97128,11,priyanshu956
161,16671894,Souvik_D_Biswas,"2026-08-25 05:47:04",0.97128,23,souvikdbiswas
162,16749277,"Roshan Roy","2026-08-31 15:03:01",0.97128,24,roshanroy333
163,16660925,Ace,"2026-08-31 09:33:41",0.97128,20,shikhageekachad
164,16755403,"Lissandra Kruse Fuganti","2026-08-31 15:05:52",0.97128,6,lissandrakruse
165,16729154,"Timofej Golobokov","2026-08-29 07:41:38",0.97128,80,"dymy1ry,felixcumarav"
166,16692300,"Krishanki ","2026-08-25 20:38:11",0.97128,7,krishanki
167,16772593,P3069,"2026-08-25 22:53:45",0.97128,1,pietrocol
168,16749792,"Sythat Sokmontrey","2026-08-26 05:05:48",0.97128,5,sythatsokmontrey
169,16705291,JT-DS-Agent,"2026-08-26 02:27:11",0.97128,19,"celi123,dawn0713"
170,16773533,"Abhishek Mahto","2026-08-26 06:28:23",0.97128,1,abhishek3115
171,16761850,"Hafid Idrissi","2026-08-27 20:51:05",0.97128,4,hafididrissi
172,16641560,really?,"2026-08-27 09:06:33",0.97128,10,udaken10
173,16644545,"Krizsó Gergely","2026-08-26 16:12:03",0.97128,14,lucifer19
174,16633723,"Pavlo Ivanin","2026-08-27 05:55:51",0.97128,14,pavloivanin
175,16778577,"yanzhen chen","2026-08-29 16:36:58",0.97128,7,yanzhenchen1001
176,16778948,Daiki,"2026-08-30 05:18:07",0.97128,8,dadamasa
177,16772832,"Highth wang","2026-08-28 08:27:12",0.97128,5,highthwang
178,16701569,SoraGinko,"2026-08-28 10:18:33",0.97128,16,terrywuu
179,16777637,"Tomas Almeida","2026-08-28 14:13:13",0.97128,10,tomasalmeida123
180,16685912,sonny_01,"2026-08-29 11:51:40",0.97128,9,sonnymupfuni01
181,16790619,"Debanshi Das","2026-08-29 19:28:47",0.97128,8,debanshidas
182,16791316,"AbdUlaziz Mohammed","2026-08-29 20:01:51",0.97128,1,i0nlyaziz
183,16773161,"Zhu Feiyang","2026-08-30 14:25:54",0.97128,4,fionazhu03
184,16793291,"Danil Arkhipov","2026-08-31 09:13:54",0.97128,8,aceloolrd
185,16758384,NEPTUNI,"2026-08-31 04:51:53",0.97128,37,anthonyheredia
186,16795206,"Gongping Shallowfield","2026-08-31 07:10:33",0.97128,2,gongpingshallowfield
187,16712170,"Rutang Patel","2026-08-31 10:37:56",0.97128,7,rutangpatel
188,16660300,"Joe Young","2026-08-31 11:09:10",0.97128,34,jsphyg
189,16781282,UtkarshArya3725,"2026-08-30 20:42:03",0.97128,11,utkarsharya3725
190,16760599,UnRealYoussef,"2026-08-31 07:29:05",0.97128,40,youssefsalemishere
191,16753952,"Alexey Kuznetsov","2026-08-28 09:54:26",0.97128,40,legtarrr
192,16777870,pinion05,"2026-08-30 11:15:09",0.97128,24,pinion05
193,16666361,miki,"2026-08-29 08:28:23",0.97128,81,miki2025lee
194,16757906,bestmark1,"2026-08-30 21:04:50",0.97128,5,bestmark1
195,16756340,"Arnav Goel","2026-08-29 05:46:49",0.97128,32,arnavgoel17
196,16767367,siamese_cat,"2026-08-30 07:14:35",0.97128,18,wittzard
197,16774922,JeedimetlaCharan213,"2026-08-31 07:09:30",0.97128,32,jeedimetlacharan213
198,16730457,"Seungjun Lee","2026-08-28 16:30:21",0.97128,12,seungjunleeofficial
199,16774031,"Calpa Liu","2026-08-29 08:51:52",0.97128,31,hokyiuliu
200,16775649,renji_starfall,"2026-08-27 11:59:12",0.97128,12,degnonguidi
201,16779162,"Aadi Joshi","2026-08-28 06:30:44",0.97128,11,aadijoshi19
202,16684951,Leo,"2026-08-23 07:27:01",0.97128,27,nanaresudo
203,16764822,"Vaibhav Singh","2026-08-31 13:03:42",0.97128,3,"aman4563,vaibhavsingh00"
204,16740194,"Mehul Arora","2026-08-29 05:12:33",0.97128,29,mehularora023
205,16675325,"Laurent Pourchot","2026-08-30 16:42:49",0.97127,100,pourchot
206,16745181,"Juan David Villate","2026-08-29 13:25:17",0.97127,14,juandavidvillate
207,16749066,FENGYESHAN,"2026-08-31 02:29:45",0.97127,82,fengyeshan
208,16640278,"Jithun is scammer","2026-08-25 04:26:29",0.97127,25,"ivna98,psychocoderxd,warunimanike"
209,16670301,"Mathieu W","2026-08-24 15:39:00",0.97127,20,mathieuw
210,16633854,Pascal,"2026-08-26 00:36:54",0.97127,42,pascalledesma
211,16671202,"xi luo","2026-08-24 23:14:40",0.97127,10,xiluo00
212,16758184,FrankyFeng,"2026-08-25 02:58:22",0.97127,7,frankyfeng
213,16730900,noynkmr,"2026-08-25 05:38:34",0.97127,1,noynkmr
214,16637909,Seungyeon,"2026-08-25 06:35:36",0.97127,9,allie3103
215,16661958,"Abdelrahman Goda","2026-08-25 12:59:17",0.97127,10,abdelrahmangoda
216,16745639,CyberRacoon,"2026-08-28 08:39:29",0.97127,29,racoontw
217,16658913,Yan,"2026-08-30 13:46:01",0.97127,12,diskya
218,16662674,"Monesh Satheeswaran","2026-08-30 23:44:19",0.97127,4,moneshsatheeswaran
219,16724083,Cacinie,"2026-08-31 08:43:51",0.97127,17,cacinie
220,16769326,"Фёдор Алифанов","2026-08-25 05:49:06",0.97127,1,idontfuckingcarenow1
221,16761276,"Subodh Deogade","2026-08-31 05:14:37",0.97127,19,sometimessubodh
222,16640636,choqui62,"2026-08-30 06:15:03",0.97127,39,choqui62
223,16694520,KK_nut,"2026-08-24 03:20:32",0.97127,90,k0k0nut
224,16783305,"SHUO WANG","2026-08-30 02:20:12",0.97127,14,shuowang928
225,16674317,"Ayaz Ahmed Kazi","2026-08-30 18:15:43",0.97127,35,ayazahmedkazi
226,16653480,delai50,"2026-08-29 09:17:17",0.97127,43,delai50
227,16686831,"Mohamed Youssef","2026-08-26 08:27:18",0.97127,22,mhmd1424
228,16697683,AleNic,"2026-08-28 11:26:59",0.97126,10,alenic
229,16634934,"Aman Atar","2026-08-26 11:12:06",0.97126,99,amanatar
230,16766868,"Duc Trung Hoang","2026-08-27 08:39:23",0.97126,10,ductrunghoang
231,16710733,"Sujal Bist","2026-08-31 08:58:07",0.97126,25,sujalbist
232,16681210,LeTuanM,"2026-08-23 17:50:22",0.97126,35,letuanm
233,16715580,khursani,"2026-08-29 20:23:53",0.97126,15,khursani8
234,16716310,"Igor Orlachev","2026-08-26 23:39:22",0.97126,8,igororlachev
235,16792569,Zcy,"2026-08-31 01:09:04",0.97126,11,laura831
236,16635606,S-as-H,"2026-08-31 05:40:27",0.97126,51,sasha1111
237,16771713,"Lâm Huy","2026-08-29 13:16:05",0.97125,10,lamhuy8904
238,16634822,Will,"2026-08-24 19:12:53",0.97125,35,wguesdon
239,16677329,"Arnie Jimenez","2026-08-25 18:35:15",0.97125,11,arniejimenez
240,16766474,"Saleh Ahmed Shafin","2026-08-24 17:26:36",0.97125,4,positivesas
241,16719244,Allan,"2026-08-27 03:56:40",0.97125,12,bayntuna
242,16713006,zengzhaohua,"2026-08-31 14:49:42",0.97125,11,zengzhaohua
243,16635296,"Maria Shatrova","2026-08-31 06:38:13",0.97125,39,mariashatrova
244,16728012,"Nishant Dhingra","2026-08-29 18:24:09",0.97125,31,nishantdhingra
245,16713466,"Seyit kaan Gunes","2026-08-31 11:16:05",0.97125,22,seyitkaangunes
246,16635276,hotaq,"2026-08-25 14:30:07",0.97125,6,chinnaphatkhun
247,16759183,lixiuqixiaoke,"2026-08-26 06:14:06",0.97125,43,lixiuqixiaoke
248,16708502,"Youssef Morsi 2007","2026-08-26 15:13:55",0.97125,23,youssefmorsi2007
249,16661931,LAdham,"2026-08-26 15:54:51",0.97125,22,ladham
250,16770962,"Tirth Dabhi","2026-08-31 14:07:04",0.97125,6,tirthdabhi16
251,16711205,johnsebin97,"2026-08-31 14:52:57",0.97125,23,johnsebin97
252,16636861,"Shigeru Kondou","2026-08-29 02:09:46",0.97125,5,shigerukondou
253,16769222,kento2002,"2026-08-28 15:22:15",0.97125,9,kento2002
254,16636528,Mahog,"2026-08-31 06:52:20",0.97125,30,"funguscakehead,mahoganybuttstrings"
255,16780634,"Nguyễn Thế Minh Đức","2026-08-31 09:31:01",0.97125,13,"cnguynthminh,ngtmduc,nguynthminhc"
256,16721806,"Hongbin Guokaggle","2026-08-29 05:53:11",0.97124,15,hongbinguokaggle
257,16778423,Dino,"2026-08-28 03:13:05",0.97124,11,ngohongthai
258,16774724,"Dannya AbdulHadi","2026-08-31 05:25:56",0.97124,8,dannyaabdulhadi
259,16790069,"Fan Ziqian","2026-08-31 14:08:36",0.97124,16,fanziqian
260,16726849,"sissoko cheick","2026-08-30 18:57:08",0.97124,23,sissokocheick
261,16763757,mkai1981,"2026-08-25 20:07:45",0.97124,12,mkai1981
262,16739746,easonyanyan,"2026-08-29 21:53:55",0.97124,32,easonyanyan
263,16773813,w123,"2026-08-27 03:15:27",0.97124,6,w25747
264,16720046,"Bilal Shabbir1","2026-08-27 14:20:03",0.97124,27,bilalshabbir1
265,16685826,"Abdulatif Mahgoub","2026-08-23 11:36:05",0.97124,17,abdulatifmahgoub
266,16761224,Comet19,"2026-08-27 12:26:09",0.97124,8,comet19
267,16692221,zenlife711,"2026-08-29 18:16:55",0.97124,4,zenlife711
268,16718136,AdarshAleti,"2026-08-31 15:00:09",0.97124,41,adarsh1077
269,16708197,Celibistrial,"2026-08-28 11:06:37",0.97124,19,"ayaanmustafa,celibistrial"
270,16709324,"Hafida Belayd","2026-08-28 14:35:57",0.97124,7,hafidabelayd
271,16635564,"Rayk Kretzschmar","2026-08-25 11:53:14",0.97124,118,raykkretzschmar
272,16732010,yngd99,"2026-08-29 23:21:04",0.97123,3,yngd99
273,16663141,"Julia Kolesnyk","2026-08-25 16:09:46",0.97123,11,juliakolesnyk
274,16661946,"Abdo Elries","2026-08-26 15:29:31",0.97123,8,abdoelries
275,16692209,NIklitaCheporev,"2026-08-31 10:36:08",0.97123,7,niklitacheporev
276,16754062,"Hemanth Raja Guttikonda","2026-08-30 21:53:09",0.97123,9,hemanthrajg
277,16781547,"Jimin Wang","2026-08-28 00:11:49",0.97123,2,jimmy987654
278,16752964,"Julien Heiduk","2026-08-31 09:55:33",0.97123,31,zoupet
279,16642677,"fromage _","2026-08-24 06:26:53",0.97123,56,fromagesea
280,16691118,Alfred,"2026-08-24 21:07:12",0.97123,6,holleyalfred
281,16774581,Ajanraj,"2026-08-30 22:19:31",0.97123,2,ajanraj25
282,16727342,"Md.Mahfujul Karim","2026-08-31 05:50:16",0.97122,46,mdmahfujulkarim
283,16726759,"Rabia Naz","2026-08-29 17:08:47",0.97122,11,rabianaz22
284,16791860,"Alexander Biller","2026-08-30 04:22:46",0.97122,10,alexandrbiller
285,16720073,KiKi,"2026-08-23 07:17:01",0.97122,11,kingkiller2164
286,16654652,dragoshh1984,"2026-08-31 13:16:19",0.97122,14,dragoshh1984
287,16764695,Keito,"2026-08-24 16:00:43",0.97121,4,keitookamoto
288,16697355,VKAUL3,"2026-08-23 11:50:13",0.97121,23,vkaul3
289,16758450,3정훈,"2026-08-31 14:03:06",0.97121,14,az05192000gmailcom
290,16660447,Saynam,"2026-08-21 23:59:07",0.97121,20,saynam
291,16639403,"Dariush Afshar","2026-08-23 07:19:00",0.97121,35,dariushafshar
292,16686117,"Laura Liepa","2026-08-31 15:42:26",0.97121,107,lauraliepa
293,16759131,"Arkat Khassanov","2026-08-22 15:52:18",0.97121,5,arkatkhasanov
294,16753896,Andrew98,"2026-08-22 10:19:11",0.97121,7,vitem98
295,16741781,Peggy,"2026-08-26 04:48:16",0.97121,17,refrigerator21
296,16761273,taiseiu,"2026-08-23 11:59:35",0.97121,6,taiseiu
297,16695386,Fujinawa,"2026-08-25 21:24:58",0.97121,22,wasshoiwasshoi
298,16641327,Tilii,"2026-08-31 10:40:58",0.97121,205,tilii7
299,16716427,"Yanwen Wang","2026-08-31 13:33:27",0.97121,10,"yanwenwang921,zhouzhengyu118"
300,16785097,nicdeluc,"2026-08-30 07:13:53",0.97121,7,nicdeluc
301,16719950,Exposed,"2026-08-30 15:09:36",0.97120,18,erickeller2
302,16701481,"alexandre santo","2026-08-24 22:38:21",0.97120,50,alexandresanto
303,16720031,"Yusuf Murtaza","2026-08-23 13:58:17",0.97120,11,yusufmurtaza01
304,16717804,"Nicolò Alberti","2026-08-30 11:36:46",0.97120,20,nicolalberti
305,16690590,"Mitudru Dutta","2026-08-21 09:04:00",0.97120,27,mitudru
306,16713617,林木子吖,"2026-08-24 12:16:10",0.97120,12,linmuzi0108
307,16722347,"TANG BUDU 19SD195","2026-08-29 12:55:55",0.97120,19,tangbudu19sd195
308,16636289,"Sohail Khan","2026-08-30 13:05:27",0.97120,4,sohailkhanlml
309,16754813,"Wang H2O","2026-08-21 14:58:51",0.97120,9,wangh2o
310,16750090,"hang zhao666","2026-08-26 09:22:16",0.97120,12,hangzhao666
311,16701216,"Teddy Tennant","2026-08-31 12:37:26",0.97119,201,thtennant
312,16654670,"Victor Orihuel","2026-08-23 22:33:53",0.97119,22,victororihuel
313,16765736,yun_smart_cat,"2026-08-25 10:18:16",0.97119,4,yunsmartcat
314,16688244,"Matvey Morozov","2026-08-27 03:10:14",0.97119,7,matthewmoro
315,16726546,"Ezra Kho","2026-08-29 18:39:04",0.97119,16,ezrakho
316,16634532,"Nhật Quyên","2026-08-27 03:31:51",0.97119,10,nhtquyn
317,16759877,"Shreela Sapkota","2026-08-23 16:21:34",0.97119,8,shreelasapkota21
318,16750917,"Martin Delgado","2026-08-22 03:47:39",0.97118,14,martindelgado1302
319,16633714,"Masaya Kawamata","2026-08-27 21:38:53",0.97118,35,masayakawamata
320,16716979,"Mursal Gorchuyev","2026-08-18 07:45:34",0.97118,16,mursalgorchuyev
321,16725510,"Malhar Ujawane","2026-08-16 16:49:57",0.97118,18,justmalhar
322,16643749,"Shantanu Chopra","2026-08-31 15:54:43",0.97118,28,shanchp
323,16723987,Tanvi,"2026-08-31 01:14:42",0.97118,5,tanvicaaa
324,16722422,mraz1006,"2026-08-20 09:28:52",0.97118,16,mraz1006
325,16633967,"Michael Y. Qiu","2026-08-30 01:45:20",0.97118,76,michaelqiu0606
326,16693333,Orig_lab,"2026-08-21 16:00:56",0.97117,43,chengxixixi
327,16745543,"Ye Guanzi","2026-08-20 10:57:33",0.97117,10,aaautomata
328,16759529,Cnyz,"2026-08-28 19:52:13",0.97117,17,canyklmaz
329,16752451,Shikhar_AII,"2026-08-21 19:18:35",0.97117,6,shikharaii
330,16748269,Nagipan74,"2026-08-22 08:08:29",0.97117,11,chikaimai
331,16740482,"yicong shen","2026-08-19 08:56:19",0.97117,10,ethanbird
332,16743779,stimmie,"2026-08-23 18:02:33",0.97117,15,stimmie
333,16725270,"Hem J V K","2026-08-20 02:28:41",0.97117,8,hemjvk14762
334,16725864,"MN Kaggler","2026-08-31 09:53:21",0.97117,11,mnkaggler
335,16782926,"Trung Nguyen Si","2026-08-28 06:47:24",0.97117,5,trungns
336,16739620,deepblue,"2026-08-18 18:58:33",0.97117,2,larjeck
337,16665313,"Reyhan Ksatria","2026-08-18 21:19:43",0.97117,2,reyhanksatria
338,16736938,"Raj Aryan Singh","2026-08-19 07:41:58",0.97117,7,kratos14raj
339,16660337,Algorex,"2026-08-19 16:29:33",0.97117,17,daniellebagaforomeer
340,16746363,"Harmain Mughal","2026-08-20 07:43:18",0.97117,10,harmainmughal11
341,16636972,"Владислав Мурник","2026-08-20 10:17:27",0.97117,28,adik23twhrs
342,16744176,"Ramrithik Chirra","2026-08-20 12:13:11",0.97117,8,ramrithikchirra
343,16736744,"Affriza Wildan Fauzan","2026-08-20 15:50:00",0.97117,1,affrizawildanfauzan
344,16749995,SagarGrv,"2026-08-24 18:04:57",0.97117,30,sagargurav019
345,16731327,aki,"2026-08-21 03:34:03",0.97117,18,cob12426
346,16729804,"Jules Charlier","2026-08-21 06:37:33",0.97117,45,julescharlier
347,16641452,AbdulRehman_AR,"2026-08-22 17:49:53",0.97117,1,abdulrehmanar
348,16720445,ValerieWL,"2026-08-23 08:28:11",0.97117,30,valeriewl
349,16642835,"Nikitas Rafael Nikitas","2026-08-27 21:26:56",0.97117,19,rafanikitas
350,16633729,Jerry,"2026-08-31 04:13:41",0.97117,13,jerry34
351,16743158,curtisxi,"2026-08-23 00:05:44",0.97116,25,curtisxi
352,16717145,"Felipe Tamaki","2026-08-15 20:56:17",0.97115,29,"felipetamaki,matiagoldschmidt"
353,16728134,attentionIsAllYouNeed,"2026-08-18 14:45:05",0.97115,6,kavinthakurkm
354,16775421,"ship ship","2026-08-26 17:25:26",0.97115,3,shipship
355,16766284,Antigone_duckduck,"2026-08-24 12:27:10",0.97115,1,antigonexzh
356,16708103,tomo11111,"2026-08-20 13:08:58",0.97115,59,tomo11111
357,16692169,"Moaiz Baloch","2026-08-19 03:04:50",0.97115,39,moaizbaloch
358,16693954,chenshiyo,"2026-08-21 23:29:12",0.97114,8,chenshiyo
359,16756877,"Singaraj B","2026-08-22 12:57:48",0.97114,10,singarajb
360,16644338,AI4SG,"2026-08-24 01:16:50",0.97114,49,"emrehachasan,sercanyldrm,zeynepnazalbayrak"
361,16722776,"Hinal Mehra","2026-08-25 08:37:34",0.97114,17,hinalmehra
362,16712615,JM,"2026-08-25 12:40:28",0.97114,54,julianmukaj
363,16716925,"Direc M","2026-08-17 04:24:30",0.97114,31,direcm
364,16729385,"Oleksandr Zalievskyi","2026-08-19 18:34:47",0.97114,22,sashaworker
365,16686068,Markus.JM,"2026-08-16 10:01:34",0.97114,17,maiernator
366,16741043,"Arya Shah","2026-08-19 11:25:01",0.97114,7,aryashah2k
367,16744166,"mathis Brugeaud123","2026-08-19 22:08:58",0.97114,4,mathisbrugeaud123
368,16732845,Nipah,"2026-08-18 03:35:56",0.97113,4,nipah1
369,16718370,"Sinh Nguyễn Đức","2026-08-23 17:33:07",0.97113,9,sinhnguync
370,16635241,"Romone Dunlop","2026-08-23 06:47:37",0.97113,25,romonedunlop
371,16719998,"Karol Tang","2026-08-30 04:18:47",0.97113,21,karoltang
372,16637531,"Mengfei Li","2026-08-18 13:04:57",0.97113,22,meli19
373,16727950,"Sidharth Hulyalkar","2026-08-22 23:51:55",0.97113,7,sidharthhulyalkar21
374,16721680,"Kyle Goosen","2026-08-16 03:48:28",0.97113,6,kylegoosen
375,16718500,Achilov15,"2026-08-21 16:31:55",0.97113,26,achilov15
376,16698157,lytCNAORevision2018,"2026-08-16 13:08:27",0.97113,18,lytcnaorevision2018
377,16663338,"Bulşah Keçici","2026-08-31 08:55:11",0.97113,23,bulsahkecici
378,16706398,SonOfHector,"2026-08-31 09:03:22",0.97113,8,sonofhector
379,16640606,"Krasnov Daniil","2026-08-18 19:50:35",0.97113,34,daniilkrasnovvv
380,16657702,harsh@gurnani08,"2026-08-17 14:46:33",0.97113,12,harshgurnani08
381,16638363,"Aniket Abhishek Soni","2026-08-17 13:47:47",0.97113,2,aniketsoni
382,16683187,"Silvan Müller","2026-08-24 20:01:59",0.97113,10,silvanmller
383,16735699,"Hyun-woo Kim","2026-08-18 05:57:20",0.97113,1,hwkims
384,16679502,"Udit Jain","2026-08-18 06:58:09",0.97113,2,iamudit
385,16745883,"syouya tobita","2026-08-27 09:03:47",0.97113,12,syouyatobita
386,16756043,FucaiXie1209,"2026-08-22 01:06:05",0.97113,11,fucaixie1209
387,16757816,"Molly Kao","2026-08-23 08:27:40",0.97113,6,smallikao
388,16652182,"Yogesh Jadhav","2026-08-28 14:40:22",0.97113,151,dynamo14324
389,16763792,Meher,"2026-08-26 03:09:18",0.97113,6,mehergajula
390,16750016,"Vijay Takbhate","2026-08-31 02:37:18",0.97113,11,vijay20213
391,16656481,Kizabgd,"2026-08-30 03:54:06",0.97113,3,kiza123123
392,16791084,"The Great Alliance","2026-08-30 11:39:40",0.97113,4,sorcererbi
393,16748642,tyf_scu,"2026-08-22 01:18:28",0.97113,18,tyfscu
394,16711421,"Alexander Shahramanyan","2026-08-26 11:37:21",0.97113,8,alexshah
395,16636583,"Neel Dipesh shah","2026-08-21 22:47:36",0.97113,46,neeldipeshshah
396,16742539,"Meryem Sakin","2026-08-20 20:41:44",0.97113,12,meryemsakin
397,16714130,"Robert Cyiza","2026-08-21 18:02:14",0.97113,10,robertcyiza
398,16638898,Dnyanesh,"2026-08-25 15:43:23",0.97113,5,dnyaneshbharambe
399,16735543,"Troy Loeffler","2026-08-24 01:51:32",0.97113,12,troyloeffler
400,16730550,liyumeng_1122,"2026-08-17 14:01:49",0.97113,3,liyumeng1122
401,16727649,Punkharb,"2026-08-16 17:17:07",0.97113,1,punkharb
402,16736550,HemanthRaju311,"2026-08-21 06:47:43",0.97113,11,hemanthraju311
403,16719355,monnosuke,"2026-08-26 02:22:19",0.97113,35,shiomi1012
404,16707361,adamdavis99,"2026-08-28 18:51:00",0.97113,11,adamdavis99
405,16637997,Randynho,"2026-08-30 23:50:11",0.97113,12,randynho
406,16712591,Andrey01452,"2026-08-17 05:34:33",0.97113,11,andrey01452
407,16731474,momo,"2026-08-26 10:12:59",0.97113,14,fyenneyenn
408,16651559,"Tamerlan Omralinov","2026-08-19 07:27:06",0.97113,39,tamerlanomralinov
409,16745118,maronist,"2026-08-31 08:31:17",0.97113,2,emikonandate
410,16647397,"Smit Tiwary","2026-08-17 14:19:41",0.97113,34,smittiwary
411,16698046,"Vedran Hrabar","2026-08-16 10:47:40",0.97113,3,vhrabar
412,16712382,destroyer@123787,"2026-08-16 16:25:00",0.97113,8,destroyer123787
413,16652934,"Muhammad Ridwan","2026-08-21 13:42:54",0.97113,37,ridwansigma
414,16731783,"Syed Muhammad Ahmed Khalid","2026-08-18 08:01:45",0.97113,2,smak17
415,16692494,lazy,"2026-08-16 06:28:41",0.97113,4,rachitmangawa
416,16767540,"Shivansu soni","2026-08-25 05:12:31",0.97113,6,shivansusoni
417,16730456,seanliwenguan,"2026-08-21 10:17:15",0.97113,5,seanliwenguan
418,16639695,"Dmitrii K","2026-08-24 13:01:10",0.97113,4,spacesurfer
419,16700698,Suharyadi,"2026-08-17 03:35:00",0.97113,6,yadoy666
420,16760955,Ftps,"2026-08-23 08:34:48",0.97113,5,ftps15
421,16743468,"Syed Saad Hasan Emad","2026-08-21 15:26:03",0.97112,14,syedsaadhasanemad
422,16758296,yympong,"2026-08-22 12:28:03",0.97112,4,yympong
423,16712574,"LAN KEYNG","2026-08-20 09:34:55",0.97112,17,lankeyng
424,16726171,"Dingwen Kong","2026-08-21 05:39:38",0.97112,14,dingwenkong
425,16755496,dummynude,"2026-08-21 15:51:32",0.97112,10,dummynude
426,16709829,MKhlystun,"2026-08-19 21:24:27",0.97112,44,mkhlystun
427,16733906,acw511,"2026-08-19 00:08:19",0.97112,21,acw511
428,16753546,yw8837,"2026-08-21 10:18:14",0.97111,1,yw8837
429,16731281,"Nikash U ","2026-08-20 08:01:40",0.97111,7,nikashu
430,16701840,"Yunho Hwang","2026-08-30 00:31:15",0.97111,12,yunhohwang
431,16666051,CaptainNemo,"2026-08-30 20:50:53",0.97111,41,nemokaggler
432,16639430,"Oleksii Zhukov","2026-08-24 22:04:17",0.97110,17,zhukovoleksiy
433,16764309,Arulich,"2026-08-25 14:30:22",0.97110,1,arulich
434,16635027,midway2333,"2026-08-15 15:27:14",0.97110,19,blueszhao
435,16777431,"Kazuhiro Masuyama","2026-08-30 22:35:45",0.97109,11,kazuhiromasuyama
436,16633953,daoviet,"2026-08-30 02:34:07",0.97109,85,daoviet
437,16634736,"Georgy Mamarin","2026-08-18 05:04:11",0.97109,5,georgymamarin
438,16651096,magp,"2026-08-22 07:22:41",0.97109,47,wjdzxh
439,16683425,kuroneko,"2026-08-23 22:47:02",0.97109,3,kurorosuke
440,16660347,dangwok,"2026-08-16 21:48:32",0.97109,19,josephdongwookkim
441,16636394,FunnyBishop,"2026-08-09 11:05:02",0.97108,38,funnybishop
442,16666331,Amaranta,"2026-08-30 18:16:14",0.97108,222,ulyanovantonamaranta
443,16635358,"Raymond Yuen","2026-08-22 03:59:30",0.97108,34,laymond
444,16706543,"Talha Tursun","2026-08-30 12:16:32",0.97108,43,talhatursun
445,16763697,"Aryan Bhardwaj","2026-08-25 19:56:13",0.97108,11,panzerkampfwagen
446,16710182,"KeHao Liu","2026-08-14 04:57:30",0.97108,22,kehaoliu
447,16760192,Rakhansyah,"2026-08-29 08:39:53",0.97108,17,rakhansyah
448,16756916,Jingxiang,"2026-08-23 02:19:27",0.97107,12,jingxiango
449,16710548,"Russlan Ramdowar","2026-08-21 06:15:21",0.97107,5,russlan
450,16785908,"Maher Amara","2026-08-30 13:25:11",0.97107,2,maheramara
451,16641562,"Games Jadley","2026-08-13 17:23:10",0.97106,18,gamesjadley
452,16634334,"Arko Bera","2026-08-30 07:16:41",0.97106,17,cartoonistbeard
453,16713316,"ADITYA RAJ","2026-08-26 01:28:36",0.97105,23,adityaraj0612
454,16721342,­taekholee,"2026-08-17 02:37:34",0.97105,15,taekholee88
455,16662115,"Patrick Joël MAIRLOT-MBEZELE","2026-08-09 14:57:39",0.97104,23,pigenesis75
456,16723390,VicenteCardoso,"2026-08-17 00:55:30",0.97104,5,vicentescardoso
457,16756560,"Praneeth Paikray","2026-08-24 05:24:22",0.97104,10,paiky1995
458,16709732,KrisGur,"2026-08-12 07:33:19",0.97104,8,krisgur
459,16768847,"Q Deng","2026-08-25 03:54:56",0.97103,2,maiaparecida
460,16790608,arman1o1,"2026-08-31 07:43:43",0.97103,8,arman1o1
461,16747322,"Swastik Prakash","2026-08-23 15:18:17",0.97103,6,swastikprakash
462,16637054,CAPRICORNUS0908,"2026-08-31 12:00:44",0.97103,82,capricornus0908
463,16743389,"Prashant & Nitin","2026-08-30 19:31:04",0.97102,2,"nitinpandeyyyy,prashant2quant"
464,16721604,Akritas,"2026-08-30 14:25:05",0.97102,7,akritas
465,16716016,"Pansheng Chen","2026-08-28 05:11:11",0.97102,8,panshengchen
466,16655256,artmak,"2026-08-24 17:37:21",0.97102,12,qwerte123
467,16636905,kenchanhodgkin,"2026-08-30 12:20:43",0.97101,44,kenchanhodgkin
468,16634945,Psi,"2026-08-31 11:33:33",0.97101,46,philippsinger
469,16634217,kava1,"2026-08-31 02:25:13",0.97101,200,kava1
470,16676231,"[Deleted] 8dbdc6cb-df54-4e59-8074-49491c77ab41","2026-08-07 07:30:09",0.97101,15,del=6d6e4d4e2196004a
471,16725573,"Aaran Dey","2026-08-15 14:36:58",0.97101,1,shadowcoder17
472,16695929,"Mohammed Majeed","2026-08-15 07:35:48",0.97101,3,mojjeed
473,16726473,"Syed Ahnaf Raza","2026-08-15 20:23:58",0.97101,3,syedahnafraza
474,16755345,"Aleksei Surmin","2026-08-29 20:20:50",0.97100,9,surminaleksei
475,16661935,"Ahmed Adel7777","2026-08-22 22:15:22",0.97100,5,ahmedadel7777
476,16722348,aa3070,"2026-08-14 14:03:39",0.97100,9,aa3070
477,16731018,"S M Asif Hossain","2026-08-17 07:48:42",0.97100,3,smasifhossain1204
478,16652403,"Anna Kazarian","2026-08-18 20:03:32",0.97100,8,annakazarian
479,16636687,TomaszBoguslawski,"2026-08-14 16:15:39",0.97100,22,tomaszboguslawski
480,16713679,"Chanakya Gidipally","2026-08-14 00:02:46",0.97099,15,chanakyagidipally
481,16708496,織田織田,"2026-08-15 07:54:47",0.97099,1,akira1194
482,16666592,BaiYuBY,"2026-08-16 23:31:52",0.97099,10,baiyuby
483,16667184,Mohit_Negi,"2026-08-20 12:42:52",0.97099,11,salamanbhai
484,16718117,Vaibhav,"2026-08-14 16:21:01",0.97099,14,vaibhavpatel
485,16686774,Xu-shinonome,"2026-08-17 00:30:31",0.97099,4,xushinonome
486,16721422,"Panagiotis Anagnost","2026-08-16 07:31:34",0.97098,7,panagiotisanagnost
487,16710752,spicyricey,"2026-08-13 01:46:29",0.97098,12,ericwang03
488,16661616,"Saad M Khan","2026-08-13 15:18:19",0.97098,30,saadkhanxdcatalyst
489,16712897,"Mahmud Galib","2026-08-12 14:36:19",0.97098,1,mahmudgalib
490,16671879,"Cristobal Tudela","2026-08-12 15:41:38",0.97098,1,cristobaltudela
491,16638546,"Danushkumar Venkadesh","2026-08-12 18:11:22",0.97098,30,danushkumarv
492,16715767,asdfyash1,"2026-08-13 13:58:00",0.97098,10,asdfyash1
493,16716426,"Kon James Ayuen","2026-08-31 09:21:34",0.97098,7,nyiel55
494,16645574,"Kolektor Waifu","2026-08-13 07:56:28",0.97098,35,"mikhaeldhika,zelera"
495,16689027,Dean0016,"2026-08-13 14:07:20",0.97098,23,dean0016
496,16717687,"Yogesh Mishra","2026-08-13 19:02:29",0.97098,2,yogeshm01
497,16715446,"Aryan Kumar Sinha","2026-08-14 14:51:00",0.97098,3,patermars
498,16653056,Kareem,"2026-08-13 19:00:09",0.97098,2,kareemmourad
499,16634828,"Hussaan Haroon","2026-08-28 03:18:05",0.97098,71,hussaanharoon
500,16686703,t2better,"2026-08-08 07:09:11",0.97097,5,t2better
501,16693542,"John Smith","2026-08-14 09:29:23",0.97097,7,qq3327008209
502,16722830,Astraeus,"2026-08-31 00:06:04",0.97097,59,astraeusdotdev
503,16710147,M272727,"2026-08-16 01:50:31",0.97097,11,m272727
504,16661413,Sophie,"2026-08-19 18:58:54",0.97097,28,morty3500
505,16711869,AsterZephyr,"2026-08-13 04:09:31",0.97097,2,asterzephyr
506,16711261,"Prajwal Dongre","2026-08-12 13:46:26",0.97097,9,prajwaldongre
507,16694776,Jim879793123,"2026-08-17 05:08:56",0.97097,18,jim879793123
508,16728493,"Sega Mega","2026-08-16 11:50:51",0.97097,1,segamega
509,16709863,Jupiter6339,"2026-08-14 00:02:10",0.97097,26,benjaminbeaujard
510,16694957,JiangWenfeng1,"2026-08-13 07:51:26",0.97097,18,jiangwenfeng1
511,16655564,"CHANGYOU MU","2026-08-11 02:57:02",0.97097,20,changyoumu
512,16640967,SparrowSteelDuck,"2026-08-10 07:29:15",0.97097,15,sparrowsteelduck
513,16707457,qrcodeTH,"2026-08-19 08:09:22",0.97096,19,thanaphumsaywonin
514,16640376,"Hamza Nazim Siddiqui","2026-08-28 12:09:40",0.97096,29,dtdoww
515,16635489,Xiang,"2026-08-07 14:42:36",0.97096,8,happierboy
516,16641511,nobuya,"2026-08-30 23:42:40",0.97096,164,kakiginobuya
517,16697000,sergiobuilds,"2026-08-12 16:18:44",0.97095,17,sergiobuilds
518,16696580,"maximo lorenzo y losada","2026-08-12 02:20:47",0.97095,4,maximolorenzoylosada
519,16710376,"Cary Chan","2026-08-12 04:50:17",0.97095,2,srchancary
520,16682737,YappingNonStop,"2026-08-09 14:40:14",0.97095,26,yappingnonstop
521,16693698,Hoai0312phong@,"2026-08-09 14:40:24",0.97095,10,hoai0312phong
522,16681556,AlexPiggie,"2026-08-09 14:40:21",0.97095,30,alexpiggie
523,16701075,HansolKangLZ,"2026-08-12 04:32:41",0.97095,3,hansolkanglz
524,16705820,Baoxinyang,"2026-08-11 17:44:00",0.97095,3,baoxinyang
525,16701232,Andywjd,"2026-08-10 16:03:01",0.97092,5,andywjd
526,16636858,Zhenrui.Weng,"2026-08-09 23:44:30",0.97092,17,zhenruiweng
527,16663911,islet,"2026-08-10 02:05:44",0.97092,3,kojimar
528,16698858,"Ra'uf Fauzan Rambe","2026-08-10 04:38:40",0.97092,1,rauffauzanrambe
529,16638805,"Anhad Mahajan","2026-08-10 14:17:54",0.97092,47,anhadmahajan06
530,16702795,"Gamze Akkurt","2026-08-16 21:05:52",0.97092,42,gamzeakkurt
531,16664340,E散人chloeprice,"2026-08-30 08:18:32",0.97092,38,echloeprice
532,16685035,HuangKX666,"2026-08-11 07:25:51",0.97092,17,huangkx666
533,16658253,ItzRustam,"2026-08-11 12:50:54",0.97092,7,rustambhadouriya
534,16698465,"KIM JISU","2026-08-10 11:52:02",0.97092,10,jieesoo222
535,16693026,"Dhavan Shah","2026-08-08 22:05:55",0.97092,1,dhavanshah99
536,16693277,"zulfikar isiklar","2026-08-11 10:12:31",0.97092,5,zulfikarisiklar
537,16697387,RameshG888,"2026-08-09 17:37:42",0.97092,1,ramesh888
538,16690676,"Haidar Azka","2026-08-10 05:26:39",0.97092,4,haidarazka
539,16645865,"Kun Zhang","2026-08-18 08:43:37",0.97091,73,beicicc
540,16705976,Solid,"2026-08-30 22:31:45",0.97091,20,nizhen
541,16687976,"Vegard Berget","2026-08-08 14:06:53",0.97091,3,vegahyo
542,16683736,kinnkinn,"2026-08-09 19:56:26",0.97091,20,kinnkinn
543,16785498,Antonoof,"2026-08-28 18:47:46",0.97091,5,antonoof
544,16724919,"Sakito Horie","2026-08-18 00:57:58",0.97090,6,sakitohorie
545,16758789,weimean,"2026-08-23 07:32:57",0.97090,2,gtwm98
546,16662692,LucasSmedley,"2026-08-06 12:08:01",0.97090,2,lucassmedley
547,16772397,XiaozhenWu2002,"2026-08-30 15:47:41",0.97090,4,xiaozhenwu2002
548,16730019,HaydenPham,"2026-08-19 22:14:39",0.97089,3,haydenpham
549,16763439,"⸻AgentZZ ⸻","2026-08-23 21:00:03",0.97089,4,agentzz
550,16652523,Ole-Jakob,"2026-08-31 13:55:00",0.97088,117,olejakobrosenvold
551,16731864,Rapha,"2026-08-31 11:27:04",0.97088,12,raphaabels
552,16696708,cameronezrajones579,"2026-08-09 16:56:56",0.97088,6,cameronezrajones579
553,16688052,"Денис Чистов","2026-08-31 13:21:26",0.97088,15,denis4u
554,16773329,Doug,"2026-08-27 01:57:34",0.97087,3,dougsgrott
555,16685316,bgnosboehb,"2026-08-07 20:56:08",0.97086,4,bgnosboehb
556,16792524,Meteor_1108,"2026-08-31 09:29:09",0.97086,20,"kengleksee,meteor1108"
557,16693323,vreamartins,"2026-08-10 00:05:03",0.97086,11,vreamartins
558,16645243,"Mizushima Toshihiko","2026-08-31 10:27:02",0.97086,94,mizushimatoshihiko
559,16670381,"HoaiPhong Nguyen","2026-08-09 04:41:37",0.97086,39,hoaiphongnguyen
560,16653003,lsclove,"2026-08-17 07:36:58",0.97086,6,lsclove
561,16674837,"Aryan Kumar","2026-08-06 13:20:59",0.97086,3,kumaryan12
562,16645177,"Yan Hu","2026-08-07 10:21:06",0.97086,36,icyskyhy
563,16672459,Star_xinglan,"2026-08-06 05:48:24",0.97086,1,starxinglan
564,16675180,"family union윤원민 (윤원민)","2026-08-06 14:45:02",0.97086,7,familyunion
565,16639154,Harsh,"2026-08-06 20:15:01",0.97086,17,nendroids
566,16679062,"Nithin maktha","2026-08-06 20:20:45",0.97086,1,makthanithin
567,16685185,Narendra2809,"2026-08-08 17:27:20",0.97086,3,narendra2809
568,16689191,Hawksartelier,"2026-08-10 21:52:00",0.97086,7,"nibeditabal,satyapb2002"
569,16656856,Pruthvish,"2026-08-09 11:20:00",0.97086,4,pruthvish115
570,16689362,"Krinal Naghera","2026-08-09 13:27:20",0.97086,4,krinalnaghera
571,16677251,ktyser,"2026-08-09 21:12:49",0.97086,6,keithtyser
572,16637040,tudousisi,"2026-08-06 08:43:36",0.97086,10,tudousisi
573,16635520,Jason-Oh,"2026-08-07 19:00:01",0.97085,20,dossantoss
574,16633869,goodpjw2008,"2026-08-18 07:45:35",0.97085,15,goodpjw2008
575,16635500,G4N0_669,"2026-08-14 17:18:32",0.97085,7,g4n0669
576,16633807,"Evan Arlen Handy","2026-08-07 01:11:44",0.97085,40,evanarlenhandy
577,16640373,ALKRIS,"2026-08-07 01:33:16",0.97085,6,wasimjbuh
578,16639147,Rosehyt,"2026-08-05 14:30:04",0.97085,8,rosehyt
579,16664475,"Revanth Tambisetty","2026-08-18 04:36:35",0.97085,10,revanthtambisetty
580,16666074,xlforml,"2026-08-10 07:00:57",0.97084,9,xlforml
581,16634863,RuiFSPinto,"2026-08-31 12:58:12",0.97084,76,ruifspinto
582,16661439,"Tilak Datta Iyer","2026-08-05 02:38:21",0.97084,4,tilakdattaiyer
583,16659538,happylongliveduck!,"2026-08-04 11:47:24",0.97084,4,happylongliveduck
584,16652413,"Shiv Satyam","2026-08-11 08:38:55",0.97084,7,shivsatyam
585,16634178,Gigrise,"2026-08-06 16:18:55",0.97084,20,gigrais
586,16747879,yyyggg725,"2026-08-25 11:58:31",0.97084,3,yyyggg725
587,16639622,"Sadam Torres","2026-08-05 22:20:16",0.97084,12,sadamtorres
588,16662485,Lonnie,"2026-08-09 20:21:40",0.97084,5,lonnieqin
589,16638654,yuta_hamatani,"2026-08-05 04:32:30",0.97084,38,yutahamatani
590,16634847,"OMID BAGHCHEH SARAEI","2026-08-31 15:04:17",0.97084,114,omidbaghchehsaraei
591,16684266,"Sushmit Deb","2026-08-11 11:46:08",0.97084,11,sushm17
592,16691650,"Olga Eleftherakou","2026-08-10 08:09:20",0.97084,10,olgaeleftherakou
593,16753315,"Alexie Huynh","2026-08-21 17:35:32",0.97084,10,alexiehuynh
594,16634133,BhuvanNR,"2026-08-31 02:58:41",0.97084,34,bhuvannr2006
595,16700509,"Muneeb ul Hassan","2026-08-12 23:45:44",0.97083,8,muneeb2405
596,16664235,wuy1hao,"2026-08-12 07:08:55",0.97083,1,wuy1hao
597,16659289,"Hiến Nguyễn Đức","2026-08-05 05:44:46",0.97083,4,hinnguync
598,16705796,tani46,"2026-08-27 11:23:23",0.97083,18,tani46
599,16734486,NULL,"2026-08-17 23:27:28",0.97083,3,rogelnull
600,16743960,sswatari,"2026-08-26 20:20:22",0.97083,10,sswatari
601,16644883,"Coen Hewes","2026-08-06 02:00:47",0.97083,15,coenhewes
602,16634751,Kaileh57,"2026-08-06 02:57:45",0.97083,22,kaileh57
603,16645808,"Yong Ming-Jia","2026-08-11 06:11:01",0.97083,2,ymingj
604,16634378,"Coding made Easy","2026-08-05 09:05:04",0.97083,11,codingmadeeasy
605,16683344,"Kerem Tüzün","2026-08-07 20:45:38",0.97083,3,keremtzn
606,16710249,RYnerv,"2026-08-16 11:01:19",0.97082,6,rynerv
607,16635789,hertz,"2026-08-11 04:44:25",0.97082,10,nori117
608,16757358,ZhiLiNyuan,"2026-08-24 23:37:02",0.97082,7,lynnsaylyn
609,16695435,"Rahul Ray","2026-08-18 17:23:45",0.97081,18,rahulray5
610,16636101,Ye,"2026-08-31 10:41:26",0.97080,75,gimgoon
611,16653826,Boltuzamaki,"2026-08-08 08:18:05",0.97080,18,boltuzamaki
612,16642191,"Toshiki Honda","2026-08-27 15:05:58",0.97079,14,toshikihonda
613,16633717,Chovy,"2026-08-30 08:56:47",0.97079,121,chovyxu
614,16650259,guosong111,"2026-08-08 03:35:15",0.97079,9,guosong111
615,16689596,王国松Learwwwlll,"2026-08-08 07:54:54",0.97079,2,learwwwlll
616,16688133,daidaidai4126dai,"2026-08-08 09:29:49",0.97079,2,daidaidai4126dai
617,16778102,"Vishmitha Samarakoon","2026-08-27 08:51:39",0.97078,5,vishmithasamarakoon
618,16675439,"Aman Dubal","2026-08-07 05:33:12",0.97077,1,amandubal
619,16657468,"SYED FARHAN78 ","2026-08-13 09:55:28",0.97077,9,syedfarhan78
620,16736503,ZiYiMing,"2026-08-22 16:05:03",0.97076,7,ziyiming
621,16635014,tomasa2,"2026-08-26 19:44:21",0.97075,33,tomasa2
622,16671605,ganbat24,"2026-08-06 13:18:33",0.97075,3,ganbat24
623,16712564,fryhat,"2026-08-29 23:34:47",0.97074,33,fryhat
624,16634833,"HIKARU KOWATA","2026-08-31 13:37:28",0.97074,59,hikarukowata
625,16741778,dancacy,"2026-08-31 10:47:35",0.97073,20,dancacy
626,16634369,"tom c tea","2026-08-29 07:48:27",0.97072,34,tomctea
627,16723692,"Christoffer Thimsen","2026-08-31 13:31:08",0.97072,13,lowasitgoes
628,16689753,Hamachi,"2026-08-31 00:33:18",0.97072,13,hamatz
629,16635665,Kyr1ll,"2026-08-21 12:54:46",0.97071,2,kyr1ll
630,16715827,Hemlata009,"2026-08-31 05:56:29",0.97070,9,hemlata009
631,16639088,Aren,"2026-08-03 21:56:47",0.97069,5,flare20012
632,16696844,Rohitt_94,"2026-08-29 10:56:04",0.97069,6,rohitt94
633,16712783,"Alpay Abbaszade","2026-08-27 12:48:51",0.97069,17,alpayabbaszade
634,16685279,"Prakash Meher","2026-08-12 09:48:59",0.97069,12,prakashmeher
635,16641095,"Mohamed Amine Rebhi","2026-08-03 22:12:57",0.97069,6,mohamedaminerebhi
636,16657548,"Nicolai Johannesen 73","2026-08-07 01:46:28",0.97069,20,nicolaijohannesen73
637,16656365,xianyu3,"2026-08-06 05:41:48",0.97068,14,xianyu3
638,16728359,BlamerX,"2026-08-24 03:24:11",0.97068,1,blamerx
639,16640984,protects-lab,"2026-08-25 04:25:20",0.97068,13,protectslab
640,16653548,"ahbab zahin","2026-08-03 16:35:07",0.97068,2,ahbabzahin
641,16635425,"Sunix Liu","2026-08-04 12:47:25",0.97068,10,sunixliu
642,16664269,"Nathaniel DeMoro","2026-08-28 16:14:18",0.97068,12,nathanieldemoro
643,16641991,Caesar_yyh,"2026-08-03 16:19:42",0.97067,3,rxscii
644,16680018,"shankar lal","2026-08-28 22:05:59",0.97067,21,shankar3234
645,16635934,Tsubasa_00,"2026-08-20 10:19:58",0.97067,5,tsubasa00
646,16638833,"Szymon Nowacki","2026-08-02 13:11:40",0.97066,4,szymokpetrikov
647,16634150,"Chekhlov Dmitrii","2026-08-03 13:30:42",0.97065,9,zoli800
648,16721984,TrinhDung16,"2026-08-28 09:23:22",0.97065,14,trinhdung16
649,16634573,"Mohit Negi","2026-08-14 04:01:37",0.97065,6,mohitnegi1007
650,16633836,dai2,"2026-08-03 14:13:20",0.97065,4,dai222dai222
651,16652578,"Stop Scrolling","2026-08-03 15:41:38",0.97064,8,alessandrodaldossi
652,16635471,"navazsh fathi","2026-08-03 17:00:19",0.97064,13,navazshfathi
653,16653017,cctr,"2026-08-04 07:23:26",0.97063,2,dionisiusserafs
654,16634867,"Sergey Belov","2026-08-20 05:00:58",0.97063,13,exelero
655,16636806,Hamza,"2026-08-30 13:01:45",0.97063,23,mhamza0810
656,16766565,nhatvo,"2026-08-26 03:27:32",0.97062,8,nhatvo
657,16642004,WYSSR1225,"2026-08-02 14:13:24",0.97062,1,wyssr1225
658,16670183,"louis @ tradeInsight.ai","2026-08-06 20:32:01",0.97062,5,louisquart
659,16648750,Laksharma,"2026-08-06 20:10:07",0.97062,4,laksharma
660,16634184,WXYYYYY,"2026-08-08 06:38:24",0.97062,21,beneththeskin
661,16634674,unknown,"2026-08-03 01:02:46",0.97061,3,abdullahshafi2021
662,16639856,luosukk,"2026-08-03 03:19:58",0.97061,3,luosukk
663,16644603,Ryan,"2026-08-03 04:25:37",0.97061,4,ryan37
664,16639549,GCarnovale,"2026-08-13 01:45:13",0.97060,18,gcarno
665,16663620,"Abhinay Krishna Bodi","2026-08-06 20:11:28",0.97060,12,abhinaykrishna7379
666,16651460,"Reda Mountassir","2026-08-31 09:51:33",0.97059,26,"aribaymane61,redamountassir"
667,16692515,cigdembal,"2026-08-30 14:17:38",0.97058,65,cigdembaloglu
668,16655591,Epiphany_Thu,"2026-08-28 03:26:02",0.97058,3,epiphanythu
669,16699330,"Animesh Wani","2026-08-31 07:06:51",0.97058,18,wanimesh
670,16744406,"Hafiz Atif Ali","2026-08-19 20:26:38",0.97058,3,dingolingo
671,16644187,"Gerald Schwartz","2026-08-29 13:00:19",0.97058,6,geraldschwartz
672,16668401,"Dirac Turing","2026-08-31 11:08:36",0.97058,2,diracturing
673,16714741,Adnane,"2026-08-14 16:36:42",0.97057,12,adnaneel
674,16740999,"Barudak Skenempa","2026-08-22 09:18:56",0.97056,10,"hafidzyazeed,radityaalfarisi"
675,16793526,field996,"2026-08-30 17:10:06",0.97056,4,field996
676,16757651,恵輔平川,"2026-08-30 05:16:24",0.97055,18,hirakawa0k
677,16712835,Philipos64,"2026-08-13 13:13:37",0.97055,10,philipos64
678,16757628,"RainQ Bangbangbang","2026-08-23 02:49:40",0.97055,5,rainqbangbangbang
679,16689119,souju00,"2026-08-09 02:20:48",0.97053,6,souju00
680,16662792,"Gourab Roy","2026-08-06 17:10:30",0.97053,11,gourabroy553
681,16664124,"Matthew Knyazev","2026-08-31 15:29:29",0.97053,17,matthewknyazev
682,16644706,サポタン,"2026-08-26 06:21:54",0.97052,72,sapotan
683,16665553,"She didn't love me Back 💔","2026-08-05 15:45:49",0.97052,10,"gourabroy,sudiptatrisha"
684,16633868,"Paul Bryan Elefante","2026-08-31 02:44:49",0.97052,7,heuljax
685,16634806,"(ノ◡ <)","2026-08-28 20:46:29",0.97052,15,nawfeelrahman1124444
686,16634086,Wonderwall,"2026-08-31 13:58:15",0.97050,62,yuxiang328
687,16680289,"Jieun Guu","2026-08-11 02:30:32",0.97050,5,fa9lous
688,16710829,Jerrist,"2026-08-28 05:16:25",0.97049,23,jerrist
689,16654453,chetocheese1821,"2026-08-16 04:01:15",0.97048,7,chetocheese1821
690,16640575,池田拓耶,"2026-08-19 05:43:55",0.97047,45,takuya3412
691,16707874,Alexander683,"2026-08-30 16:47:59",0.97046,13,"alexander683,bros360x"
692,16715624,"Yonju Kim","2026-08-14 12:53:14",0.97046,3,yonjukim
693,16633965,YuAn,"2026-08-31 06:45:48",0.97046,7,yuanke2001
694,16663293,kakuteki,"2026-08-13 20:51:14",0.97045,21,kakuteki
695,16634201,Ricky,"2026-08-21 02:11:52",0.97045,5,rickyds97
696,16703378,"Jacopo Dalmasso","2026-08-18 20:26:35",0.97044,10,jdalmasso
697,16634644,psychoTKC,"2026-08-31 05:31:00",0.97044,18,psychotkc
698,16644222,"manifest manifesst yapanzi","2026-08-14 11:46:50",0.97044,14,yusufsadpc
699,16755325,"Kaixi Zha","2026-08-25 04:15:01",0.97044,7,kaixizha
700,16725988,Subaru486,"2026-08-17 12:42:36",0.97042,3,subaru486
701,16736639,Logus,"2026-08-28 09:03:00",0.97042,3,logus4704
702,16722813,UglyDuck,"2026-08-31 04:24:30",0.97041,11,bykjeon
703,16713094,"Juan Pablo Alzate","2026-08-28 08:29:03",0.97041,6,juanpabloalzate
704,16633789,rockyhg,"2026-08-24 05:34:50",0.97041,28,rockyhg
705,16715893,"Wu Kerui1006","2026-08-18 05:03:59",0.97041,10,wukerui1006
706,16750736,"Vishal Agrawal","2026-08-30 17:25:52",0.97040,16,"sreenivastatuskar,vishala28"
707,16718059,"Omar Mohamed","2026-08-19 16:11:21",0.97039,21,omarmohamed89
708,16739397,"Mukesh Bhandarkar","2026-08-24 16:27:06",0.97039,7,slowlearnermack
709,16705887,"Aditya Pachpande","2026-08-12 19:24:16",0.97038,3,adityapachpande
710,16732631,"Tys TANA","2026-08-26 01:19:34",0.97037,37,tystana
711,16703774,Latku_ram,"2026-08-25 20:59:32",0.97037,7,avndope
712,16721649,"Dee Wythe","2026-08-18 06:29:17",0.97036,5,deewythe
713,16675689,hasanbakr,"2026-08-24 15:27:09",0.97036,11,hasanbakr
714,16716588,"Mikhail Ignatenko","2026-08-20 11:54:33",0.97035,8,mdu827
715,16635077,"Дворкин Евгений Владимирович","2026-08-26 20:57:59",0.97034,38,evgendvorkin
716,16639039,Jorgen9B,"2026-08-11 11:04:12",0.97034,46,jorgen9b
717,16640028,"Kodai Fukuda","2026-08-31 02:37:12",0.97034,72,kodaifukuda0311
718,16758304,"Vinay Rai","2026-08-31 10:59:11",0.97034,4,vinay24baghira
719,16738158,Shingo,"2026-08-30 22:48:03",0.97034,7,shnakazawa
720,16637703,"Adithya Giridharan","2026-08-31 03:41:13",0.97032,40,adithyagiri
721,16790018,"ZHANG CHUNJIE","2026-08-31 07:28:59",0.97032,12,nemonade
722,16675915,Yu,"2026-08-25 08:57:46",0.97031,16,b107050
723,16748178,"Abhimanyu Singh","2026-08-21 15:18:14",0.97031,3,abhimanyusingh170702
724,16732598,YKuma,"2026-08-21 17:16:39",0.97030,21,ykumazaki
725,16634307,"Thùy Thùy","2026-08-26 15:10:17",0.97030,17,thuynguyen246
726,16730035,"OPEN TO WORK","2026-08-20 10:29:48",0.97029,14,mob404
727,16786310,Y10x17,"2026-08-30 10:34:50",0.97028,6,"jing1028,y10x17"
728,16675495,"Koshtubh Singh Parihar","2026-08-07 18:44:40",0.97027,3,koshtubhsinghparihar
729,16695977,"sakkn sakkn","2026-08-31 15:31:07",0.97027,37,sakknsakkn
730,16707557,"Timofey Kravchenko","2026-08-18 12:59:52",0.97026,3,timofeyyyyyy
731,16756466,"Nikhil Fotedar","2026-08-31 01:12:31",0.97026,6,nikhilfotedar
732,16740814,"Chanho Lee","2026-08-23 19:58:55",0.97025,21,leechanho1111
733,16701536,"Anurag Garg","2026-08-19 11:52:50",0.97025,18,anuraggarg1209
734,16777373,"Siddharth Patel","2026-08-29 20:58:10",0.97025,14,siddhugp
735,16635551,"Akiyoshi Kinoshita","2026-08-30 22:52:21",0.97024,19,satokin13m
736,16684274,mana99,"2026-08-16 13:23:57",0.97024,16,xmana99
737,16637286,Mohit_Singh,"2026-08-28 10:22:39",0.97024,23,mohitsingh955
738,16635974,"Sergey Qt2024","2026-08-31 13:26:54",0.97024,177,sergeyqt2024
739,16705524,"Shikha Bhushan","2026-08-16 14:38:36",0.97023,12,shikhabhushan
740,16752162,"Bruce Liu47","2026-08-30 14:13:24",0.97021,33,bruceliu47
741,16638965,hipotures,"2026-08-23 16:49:46",0.97020,222,hipotures
742,16777062,PrivatePieceRec,"2026-08-27 21:44:20",0.97020,10,privatepiecerec
743,16635321,yalpha,"2026-08-31 15:50:02",0.97020,23,yusukeimura
744,16730336,"the Penguins","2026-08-17 07:39:38",0.97019,3,carmenwang0724
745,16760525,manboddj,"2026-08-23 11:16:33",0.97018,5,manboddj
746,16734264,"Nikhil R","2026-08-18 02:02:16",0.97016,1,nikhilramlukan
747,16705277,"José Freitas","2026-08-19 07:26:15",0.97016,11,josefreitasalvesneto
748,16774462,"Brejesh Balakrishnan","2026-08-31 12:52:36",0.97015,4,brejeshbalakrishnan
749,16668077,"A bojbn oln;n","2026-08-09 14:52:41",0.97015,21,abojbnolnn
750,16710205,"ASEF KABIR","2026-08-12 13:10:22",0.97015,3,asefkabir
751,16701449,"Toshifumi Komiya","2026-08-29 01:43:54",0.97015,57,toshifumikomiya
752,16666113,Hairbel,"2026-08-18 07:25:40",0.97015,8,hairbel
753,16635549,"Szwajcar ","2026-08-30 20:16:10",0.97014,5,szwajcar
754,16789559,FARHAAN'S,"2026-08-31 09:35:34",0.97014,1,mdfarhaanakhtar
755,16651596,"Anshraj Gupta","2026-08-15 07:23:12",0.97014,6,zeusgod230
756,16763409,"Vivek Teja","2026-08-31 03:44:01",0.97014,5,vivektejaraju
757,16708256,"Karl Kallavus","2026-08-13 07:23:04",0.97013,3,karlkallavus
758,16698030,"Carmen Wang","2026-08-17 01:01:23",0.97013,3,carmenmuziwang
759,16734413,"Jon Chernoch","2026-08-31 02:30:51",0.97013,6,jonchernoch
760,16741170,"Daniel LPD","2026-08-24 14:35:38",0.97013,11,daniellpd
761,16678075,"Manu Nicholas Jacob","2026-08-07 23:56:39",0.97013,12,manunicholasjacob
762,16633900,W-Bruno,"2026-08-03 23:08:03",0.97012,8,haoqiangzheng
763,16751184,"Jiashun Tan","2026-08-31 00:30:40",0.97012,2,jiashuntan
764,16634450,kminsher,"2026-08-30 23:51:11",0.97011,5,kminsher
765,16718604,"Jarbas Camurça","2026-08-18 22:58:52",0.97011,2,pjarbas
766,16633988,AbdullahSafwan333,"2026-08-03 11:31:05",0.97010,15,abdullahsafwan333
767,16649703,karin,"2026-08-22 14:03:41",0.97010,28,karin1234
768,16699863,"Faris El hakim","2026-08-20 14:10:30",0.97009,3,fariselhakim
769,16730493,dhseries,"2026-08-31 13:24:06",0.97009,4,hoang001
770,16777560,"Carl Pang","2026-08-31 03:41:55",0.97009,15,carlpang
771,16655635,kif,"2026-08-26 00:18:45",0.97008,13,echigobran
772,16634856,"Factual Explorer","2026-08-30 16:39:13",0.97008,8,factualexplorer
773,16707306,haukesteffen,"2026-08-29 19:42:19",0.97008,17,haukesteffen
774,16640456,Oreb98,"2026-08-04 14:15:43",0.97008,5,oreb98
775,16652371,"[Deleted] 8506f691-ce8f-4912-a263-db98b91d675a","2026-08-11 07:52:40",0.97007,40,del=1c3c3674981d3842
776,16736331,"Rabbiya affan","2026-08-31 14:59:01",0.97007,2,rabbiyaaffan
777,16638857,"David Cohen ","2026-08-26 20:43:25",0.97006,11,davidco1
778,16732808,JustineTct,"2026-08-30 07:44:47",0.97006,6,justinetct
779,16635844,ts,"2026-08-02 07:45:25",0.97006,2,takehirosano
780,16634041,LearningNN,"2026-08-26 01:31:39",0.97006,16,koheishima
781,16635584,"Leonardo Cofone","2026-08-02 13:03:21",0.97005,10,zlatan599
782,16712802,"Utomo Abimail","2026-08-13 10:45:24",0.97005,1,utomoabimail
783,16743925,"Maria Cioratanu","2026-08-30 18:04:16",0.97005,4,mariacioratanu
784,16719252,mirandora,"2026-08-16 11:20:00",0.97004,6,mirandora
785,16638097,mige551,"2026-08-31 04:06:51",0.97004,11,mige551
786,16659456,jjakimoto,"2026-08-05 07:14:34",0.97003,1,jjakimoto
787,16635176,NatSwamin,"2026-08-31 15:41:27",0.97002,18,natswamin
788,16725311,"oke gas","2026-08-22 16:24:50",0.97002,14,"farhankhairullah06,fatzaaa"
789,16772973,Gale,"2026-08-31 12:33:34",0.97001,8,na1vel
790,16730439,3as6Bl,"2026-08-24 05:12:24",0.97001,13,segusegu
791,16699195,"Kensei Furuya","2026-08-13 03:53:43",0.97001,9,furuken0527
792,16634145,Magikarp,"2026-08-05 03:21:09",0.97001,15,feromagikarp
793,16726995,Rattan,"2026-08-30 05:07:10",0.97000,8,rattans
794,16635866,mitamaru,"2026-08-27 13:11:23",0.96999,12,mitatomo3
795,16633884,cshara,"2026-08-27 01:00:31",0.96999,47,cshara
796,16685029,"Fidel Lusiana Putri","2026-08-30 17:29:39",0.96998,21,fidellusianaputri
797,16718111,SZU蓝心,"2026-08-20 13:37:01",0.96998,45,jiazhanliu
798,16635526,TBRTRL,"2026-08-30 03:27:00",0.96998,99,tbrtrl
799,16731702,datatuu,"2026-08-23 17:52:56",0.96998,15,yaoguang516
800,16718222,AnRyisReal,"2026-08-31 14:27:33",0.96998,17,"anryisreal,gigan11ga"
801,16638863,"Vitalii Novikov","2026-08-31 12:34:30",0.96998,9,nu1ll1
802,16687764,chlee85,"2026-08-23 22:56:13",0.96998,9,chlee85
803,16775227,okok_jy,"2026-08-31 15:35:05",0.96998,7,kjy666
804,16786407,yumayunaranran,"2026-08-31 06:57:35",0.96997,7,yumayuna0003
805,16785790,"Newton Baba","2026-08-29 11:00:03",0.96997,1,newtonbaba12345
806,16784506,"Dmitry Belan","2026-08-28 18:38:14",0.96997,1,dimong4
807,16761460,"Kshitiz Sharma","2026-08-27 08:42:37",0.96997,3,kshitizsharma08
808,16690633,Wildata,"2026-08-30 19:42:09",0.96996,11,wildata
809,16640393,nkmr,"2026-08-31 14:44:14",0.96996,30,nicomugilove
810,16645575,"Seungjin Kim","2026-08-04 08:12:01",0.96995,11,nforestcat
811,16700358,"EOM JAEHYEOK","2026-08-10 21:42:50",0.96995,9,eomjaehyeok
812,16698154,후라이드닭튀김,"2026-08-11 00:03:32",0.96995,7,kooiuy
813,16698452,"Sophia Jiyoung Chung","2026-08-11 00:26:35",0.96995,4,sophiajiyoungchung
814,16698179,jaehyeokEom,"2026-08-11 05:58:19",0.96995,13,jaehyeokeom
815,16728750,"Назар Коваль","2026-08-27 23:15:14",0.96993,33,miickey
816,16732898,Hagepiyo,"2026-08-23 14:24:05",0.96993,21,hagepiyo
817,16664296,"Ryo Myzk","2026-08-31 01:07:10",0.96993,41,"kokimanabexhello,ryomyzk"
818,16713166,"Sebastian Carreras","2026-08-21 14:17:11",0.96993,6,sebastiancarreras
819,16769704,"Yan Slabodich","2026-08-27 22:39:24",0.96993,13,yanskij
820,16656845,"Lancelot foreman","2026-08-06 01:36:11",0.96992,2,lancelotforeman
821,16743281,"Tatsuya Aramaki","2026-08-31 14:53:45",0.96992,14,tatsuyaaramaki
822,16710087,"Yashwanth Kumar Kotla","2026-08-22 17:45:05",0.96992,16,yashwanthkumarkotla
823,16766744,"Oral Ersoy Dokumaci","2026-08-28 06:43:27",0.96991,3,oralersoydokumaci
824,16663921,kimhongjoong,"2026-08-11 05:13:26",0.96991,17,kimhongjoong
825,16695003,Semen,"2026-08-28 22:52:21",0.96991,33,fiktus
826,16641347,平野竜貴,"2026-08-29 08:30:11",0.96991,85,hiraaaaah
827,16663283,"yuuta ozeki","2026-08-28 09:28:50",0.96991,44,yuutaozeki
828,16758764,void,"2026-08-25 17:49:52",0.96991,7,"aaradhyaguptaai,hargunsandhu"
829,16711935,Raphdraft,"2026-08-25 05:30:46",0.96991,11,raphdraft
830,16780992,"Silver Surfer","2026-08-28 17:25:41",0.96990,9,hausch11
831,16695673,"Gourav Saha","2026-08-22 14:44:44",0.96990,3,gourav404
832,16635322,"Xinyi Cai","2026-08-30 17:07:49",0.96990,18,xinyeee
833,16705826,Vishwa,"2026-08-22 07:41:45",0.96990,3,rv1922
834,16708178,ANURAGDolui,"2026-08-18 10:42:33",0.96990,6,anurag20042003
835,16711319,tohud,"2026-08-13 12:34:44",0.96990,4,ss16th
836,16638813,"Den Pugovkin","2026-08-03 20:29:32",0.96990,11,denpugovkin
837,16668349,"Павел Филиппенко","2026-08-19 17:52:52",0.96989,8,pavelfilippenko
838,16660937,"st yang12","2026-08-25 13:04:25",0.96988,4,styang12
839,16710436,shisan92,"2026-08-25 08:54:43",0.96988,17,shisan92
840,16754087,EitaF,"2026-08-29 06:47:21",0.96988,9,eitafukumoto
841,16635470,SergeyN1942,"2026-08-13 13:40:00",0.96988,25,sergeyn1942
842,16768652,"Jesus TIAN","2026-08-26 05:59:01",0.96988,7,jesustian
843,16641613,"ML learner","2026-08-31 11:49:27",0.96988,28,usermaname1
844,16643225,"Pavel Ryabov","2026-08-16 18:04:03",0.96987,10,pavelryabov
845,16698151,minsookim,"2026-08-11 06:30:32",0.96987,12,minsoozzang
846,16696183,"Ahmet Kağan Koral","2026-08-11 20:56:19",0.96987,8,kagankoral
847,16789538,PipDataScientist,"2026-08-31 12:34:13",0.96986,12,pipdatascientist
848,16706717,"Luis Zhang","2026-08-12 04:35:58",0.96985,5,luiszhang777
849,16634000,lighth,"2026-08-29 15:56:05",0.96985,15,lighth
850,16635450,"Kemal Musab Dayioglu","2026-08-31 14:01:20",0.96985,15,kemalmusabdayioglu
851,16718581,Galaxantic,"2026-08-14 13:19:42",0.96984,5,neel21yt
852,16635118,"Pravin Takpire","2026-08-19 07:41:20",0.96983,12,pravintakpire
853,16779448,"Mongkhon Hatit","2026-08-28 13:23:33",0.96983,4,mongkolhatit
854,16638810,"nikolaou nikolaou","2026-08-05 17:32:38",0.96983,23,nikolaounikolaou
855,16698050,KDTD,"2026-08-17 05:34:46",0.96982,52,kdtdao
856,16706449,Forensic.nc,"2026-08-12 09:57:23",0.96982,6,forensicnc
857,16666278,"Atsushi Yoshikawa","2026-08-20 08:42:36",0.96982,13,atsushiyoshikawa
858,16693950,Vmax,"2026-08-18 15:28:05",0.96981,4,"harshalivadher1,kazuma005"
859,16767167,Imane101,"2026-08-29 20:57:36",0.96981,18,imane101
860,16756998,"Patrick CHER","2026-08-23 06:21:18",0.96981,4,patrickcher
861,16699611,Xiluii,"2026-08-18 12:39:21",0.96981,23,xiluii
862,16706164,SDA000,"2026-08-14 14:14:50",0.96981,6,sda000
863,16758770,Pinkbanane,"2026-08-23 13:44:28",0.96981,11,pinkbanane
864,16736868,"Evgeny Nevodnich","2026-08-31 14:26:38",0.96981,4,evgenynevodnich
865,16674872,"Ankit Bari","2026-08-26 11:50:14",0.96979,12,bariankitvinod
866,16634229,Evdilos_Ikaria,"2026-08-16 11:11:09",0.96979,28,georgem
867,16715167,OwenChen07,"2026-08-31 02:49:49",0.96978,11,chen613
868,16633891,"Yoshitomo AI","2026-08-29 12:04:18",0.96978,53,yoshitomoai
869,16719685,"Jared Floersch","2026-08-21 13:37:29",0.96978,5,jaredfloersch
870,16646586,"RZ Lu","2026-08-20 07:08:32",0.96978,13,ruizhaolu
871,16698457,kyg0220,"2026-08-12 00:03:15",0.96978,16,kyg0220
872,16740694,jyama,"2026-08-25 08:26:38",0.96978,12,yarukikun
873,16661055,"Haojun Chen123","2026-08-09 09:48:15",0.96978,16,haojunchen123
874,16741590,Nononoi,"2026-08-20 07:41:07",0.96976,7,nononoi
875,16634071,jngchan,"2026-08-09 11:28:15",0.96976,9,chanjiewang
876,16687080,PeterGrundell,"2026-08-31 14:42:56",0.96976,37,petea2z
877,16698209,watarukaggle,"2026-08-18 19:11:47",0.96976,2,watarukaggle
878,16764815,ML2024_11,"2026-08-24 15:22:14",0.96976,8,ktaewan0703
879,16698553,"yoshiomi shimazu","2026-08-29 10:17:50",0.96975,71,yoshiomishimazu
880,16634944,zlka,"2026-08-01 09:04:27",0.96975,2,z3lkahmet
881,16731948,"Komil Parmar","2026-08-18 15:23:13",0.96974,5,komilparmar
882,16641776,"Bogdan Doicin","2026-08-18 05:30:19",0.96974,1,bogdandoicin
883,16695374,BitlevRobert,"2026-08-16 11:28:52",0.96973,1,bitlevrobert
884,16698471,AHNHOJEONG,"2026-08-10 05:57:32",0.96973,3,ahnhojeong
885,16661006,"Sarthak Tyagi","2026-08-14 16:41:35",0.96973,4,lypeorge
886,16638198,oliver,"2026-08-31 14:05:02",0.96973,70,oliverlang
887,16766662,Systum_Phar_Denge,"2026-08-29 12:43:59",0.96972,9,"jamiussiddiqui,shahahnafulislam"
888,16732467,pieego,"2026-08-30 14:03:53",0.96972,17,pieego
889,16792268,SIDDpat,"2026-08-30 11:40:32",0.96972,2,siddpat
890,16734424,Hemingweb,"2026-08-30 21:34:04",0.96971,19,hemingweb
891,16712178,Finezza,"2026-08-30 18:33:47",0.96970,6,finezza
892,16644295,Ern711,"2026-08-30 06:59:11",0.96970,21,ern711
893,16653306,Lzw1110,"2026-08-08 10:29:44",0.96968,1,lzw1110
894,16672808,クリスチャン・デムーロ,"2026-08-06 12:07:42",0.96968,2,croixdunord
895,16785109,"Daniel Mineev","2026-08-29 07:06:28",0.96968,7,nilpotent1
896,16642593,"Comunidad Ninja","2026-08-16 14:12:24",0.96968,29,dxfl42
897,16635771,BLANDCorporatio,"2026-08-20 06:54:37",0.96967,20,blandcorporatio
898,16634584,MIYINKS,"2026-08-18 17:27:46",0.96967,29,miyinks
899,16773392,raehu7,"2026-08-26 06:48:46",0.96967,1,raehu7
900,16684627,Jaideep726,"2026-08-23 16:26:32",0.96967,10,jaideep726
901,16730465,"Yamin Hossain","2026-08-31 07:11:35",0.96967,3,yaminh
902,16634350,Goyomatsu,"2026-08-30 08:18:34",0.96967,7,hirokimori
903,16773257,MingyangQu666,"2026-08-31 14:29:17",0.96967,1,mingyangqu666
904,16674594,"Luka Duvanov","2026-08-20 17:25:20",0.96966,4,nekkon
905,16634472,Keisuke_kaggle,"2026-08-31 10:08:52",0.96966,112,keisukekaggle
906,16660069,assbreaker0607,"2026-08-19 08:22:50",0.96965,2,assbreaker0607
907,16764779,れもねーど,"2026-08-24 08:12:03",0.96965,1,lemoninthelemonade
908,16705456,HungTing,"2026-08-11 12:37:46",0.96965,10,hn28082251
909,16728911,"deepak bahuguna","2026-08-20 04:21:15",0.96964,8,batman1997
910,16761899,"Preet Kumar","2026-08-23 15:51:22",0.96964,1,preetgujjar
911,16651945,"Paul Shelby","2026-08-11 15:48:37",0.96963,18,paulshelby
912,16756674,"Oleg Buklanov","2026-08-28 10:40:23",0.96963,2,olegbuklanov
913,16689676,"Utkarsh Anand","2026-08-11 09:41:32",0.96963,2,utkarshanand140
914,16754659,"Akash Pattani","2026-08-22 15:29:23",0.96962,1,akashpattani
915,16642651,PX0000,"2026-08-16 01:35:20",0.96962,17,px0000
916,16783419,"Đoàn Văn Bình B19DCCN066","2026-08-29 04:53:05",0.96961,4,onvnbnhb19dccn066
917,16705942,Ryo.s,"2026-08-15 09:02:08",0.96959,8,rioh07
918,16664978,"mithul chander","2026-08-10 08:03:02",0.96958,5,mithulchander
919,16702603,ethan.ai,"2026-08-12 23:25:41",0.96958,3,ethanai
920,16713602,Shenghan,"2026-08-20 14:11:36",0.96958,1,shenghanxie
921,16756289,"Chaman Agrawal","2026-08-22 09:41:21",0.96958,3,chamanag
922,16761304,小等等,"2026-08-31 06:28:12",0.96957,11,atwelve
923,16723264,mayukistarry,"2026-08-30 09:05:42",0.96957,17,mayukistarry
924,16635197,"Georgios Nikolitsis","2026-08-23 14:19:29",0.96956,23,gnikolitsis
925,16723258,arnavgoel26,"2026-08-14 20:07:16",0.96956,3,arnavgoel26
926,16782476,qkrehgusdlqslek,"2026-08-28 08:58:06",0.96956,2,qkrehgusdlqslek
927,16740876,"Kaustubh Mukdam","2026-08-24 05:07:04",0.96956,2,kaustubhmukdam
928,16674846,"Abubakar Idrees","2026-08-11 16:57:19",0.96956,4,abubakaridrees
929,16633860,"Hiroko Tsuchida","2026-08-29 13:11:05",0.96956,60,hirokotsuchida
930,16761734,takoyakiman,"2026-08-29 08:29:26",0.96955,10,takoyakiman
931,16676112,LINKIT,"2026-08-06 15:19:39",0.96955,3,lin1027
932,16762136,"Voinea Cristian Mihai","2026-08-26 19:02:29",0.96955,12,voineacristianmihai
933,16668847,"Water ground","2026-08-31 13:47:00",0.96954,76,kyumoto
934,16656750,there,"2026-08-06 05:12:26",0.96953,4,theevolutionisnear
935,16684487,"Oana-Elena Barbu","2026-08-22 05:14:15",0.96950,8,oanaelenabarbu
936,16678079,"Fernando Figaro","2026-08-27 01:59:27",0.96950,1,fernandooligg
937,16673644,JYShane,"2026-08-16 11:08:19",0.96949,8,jyshane
938,16724891,sokoranohimazin,"2026-08-15 12:34:14",0.96949,2,sokoranohimazin
939,16706547,symmys,"2026-08-19 06:41:00",0.96948,5,toasthink
940,16775198,"Erik Tavares","2026-08-26 18:05:47",0.96947,2,eriktavares
941,16729790,"ENG NAGAH","2026-08-23 11:17:14",0.96947,41,engnagah
942,16661671,AbdelrahmanNagah,"2026-08-23 12:55:36",0.96947,50,abdelrahmannagah
943,16707569,kito_pl,"2026-08-22 12:23:12",0.96947,15,kitopl
944,16680668,"Manuel Santiago Atencio","2026-08-30 22:47:51",0.96947,9,manuelsatencio
945,16770344,xqhoj1,"2026-08-28 23:56:59",0.96946,9,xqhoj1
946,16732987,"Abhishek Anand","2026-08-25 08:32:54",0.96945,7,abhishekanand
947,16769771," Lưu Khải Hưng","2026-08-29 01:47:43",0.96945,11,lukhihng
948,16726663,"Ruslan Prashchurovich","2026-08-16 21:02:11",0.96944,5,ruslanprashchurovich
949,16780619,"A Siri","2026-08-29 16:31:36",0.96944,3,siribtech
950,16717283,riicon,"2026-08-21 15:26:13",0.96944,1,risakashiwabara
951,16725734,"Ali Azizi","2026-08-31 10:56:16",0.96943,20,aliazizi1
952,16698970,"Vikram Tiwari","2026-08-30 22:18:38",0.96943,6,vikramtiwari
953,16708080,大谷悠斗,"2026-08-12 01:08:01",0.96941,1,otaniyu
954,16639631,"SIDHAARTH SHREE","2026-08-27 10:58:37",0.96941,12,sidhaarthshree
955,16688744,Wen003,"2026-08-14 21:08:07",0.96940,8,wen003
956,16644704,Chloevan,"2026-08-10 02:38:29",0.96940,8,j2hoon85
957,16708874,"Alejandro Vivero","2026-08-13 18:16:28",0.96939,4,alejandrovivero
958,16793565,"Takumu Hata","2026-08-31 09:46:42",0.96939,1,takumuhata
959,16760528,"Amey Thakur","2026-08-25 21:10:40",0.96939,18,ameythakur20
960,16633905,Herohito,"2026-08-31 03:00:21",0.96938,14,aangphurba
961,16635101,"Carlos Perea","2026-08-18 14:59:50",0.96938,1,carlospereavega
962,16719572,"Jiefu Zhou","2026-08-14 05:27:33",0.96938,1,jiefuzhou121
963,16777078,avg,"2026-08-31 07:51:50",0.96938,4,alexgagloev
964,16748038,"Hưng Lưu","2026-08-28 13:46:32",0.96937,24,yahhngliu
965,16692599,"Varun Purushothaman","2026-08-10 17:42:13",0.96937,5,varunpurushothaman
966,16669512,"Sami Aden","2026-08-08 08:39:04",0.96936,7,samiaden
967,16681237,ynrasr,"2026-08-13 11:29:04",0.96936,29,ynrasr
968,16690350,coolcat,"2026-08-16 03:00:09",0.96936,13,zhanjinbo
969,16637713,"Michael Nguyen","2026-08-11 03:21:00",0.96935,20,michaelnguyen66
970,16772684,"ychen liu","2026-08-26 09:07:32",0.96932,4,liuyuchenhust
971,16637245,"Rob Schieber","2026-08-29 19:06:16",0.96932,16,robschieber
972,16686414,SOSyuki,"2026-08-09 15:12:18",0.96931,3,sosyuki
973,16738811,yemi10703,"2026-08-31 06:22:51",0.96931,1,yemi10703
974,16700977,kani,"2026-08-29 13:43:20",0.96930,2,na7na7
975,16641681,mmasato,"2026-08-24 15:33:44",0.96927,9,mizogakimasato
976,16749829,"Antonio Rotundo","2026-08-27 13:09:41",0.96926,16,antoniorotundo2
977,16684722,"Nikhil Krishna A","2026-08-27 13:54:30",0.96926,25,techmasternikhil
978,16775561,moxi21,"2026-08-27 14:24:08",0.96925,3,moxi21
979,16635292,AndyL,"2026-08-29 12:51:06",0.96925,26,androidl
980,16692236,"Thiago Yoris","2026-08-16 02:22:56",0.96924,22,thiagoyoris
981,16790386,"quant park","2026-08-31 13:27:22",0.96924,5,quantpark
982,16635025,"Emre Bektas","2026-08-03 07:22:07",0.96924,1,ebktas
983,16751177,"Abdullah Al-Duwaihy","2026-08-30 06:27:46",0.96923,4,abdullahalduwaihy
984,16662207,James,"2026-08-06 14:19:41",0.96923,5,jamesripoll
985,16639839,Uedaaya,"2026-08-31 04:09:15",0.96923,16,"kanosoeda,uedaaya"
986,16704808,DeguTakeHaya,"2026-08-31 15:51:30",0.96922,12,"hisashihayakawa,soratakeuch,takumideguchi"
987,16634600,"Touhidul Alam Seyam","2026-08-01 07:45:23",0.96919,10,seyamalam
988,16707748,"Sarim Javed","2026-08-17 13:00:19",0.96919,4,sarimr
989,16750039,"Taro Sakaguchi","2026-08-21 03:12:28",0.96919,3,tarosakaguchi
990,16732546,"Ibai Ceberio","2026-08-27 12:37:17",0.96917,5,ibaiceberio
991,16698451,"kiwong jung","2026-08-10 05:58:12",0.96917,2,kiwongjung
992,16678280,yashraj,"2026-08-31 06:16:45",0.96916,12,yashraj1y6ty
993,16698445,sshh,"2026-08-10 23:36:07",0.96916,6,ssahhhh
994,16698466,JeonJeonghui,"2026-08-10 13:25:47",0.96916,4,jeonjeonghui
995,16704599,Lee14k,"2026-08-17 06:33:35",0.96916,14,lee14k
996,16655208,"Abhinav Neelam","2026-08-21 08:04:42",0.96915,9,abhinavneelam
997,16634361,"M. Syahrindra","2026-08-31 10:19:53",0.96914,37,mochammadsasuharno
998,16668584,Raccoon2,"2026-08-12 18:22:25",0.96914,15,raccoon2
999,16655614,"Yueyang Wang","2026-08-05 03:26:38",0.96914,4,dkexodus
1000,16690854,henri66,"2026-08-15 22:35:35",0.96912,2,henri665
1001,16722566,"Amir hosein Shabani","2026-08-27 18:14:25",0.96912,4,amirhoseinshabani
1002,16635403,"mariko f.","2026-08-31 15:22:38",0.96911,74,marikof
1003,16730877,"Ahmed Elkasy","2026-08-30 22:56:05",0.96910,9,ahmedelkasy
1004,16693433,"Yang Tanxin(Artemis)","2026-08-31 02:38:37",0.96910,8,yangtanxin
1005,16698453,"Suyeon Noh","2026-08-10 23:30:56",0.96910,4,suyeonnoh
1006,16757731,nakayoshiver1,"2026-08-24 01:30:07",0.96909,7,nakayoshiver1
1007,16773374,awasq123,"2026-08-26 06:23:36",0.96909,1,awasq123
1008,16693935,kinosuke,"2026-08-31 02:34:11",0.96905,6,kosukekino
1009,16678643,Devanshk09,"2026-08-20 11:58:01",0.96904,16,"devanshk09,rishiraj29"
1010,16743875,Akiu17,"2026-08-27 00:32:39",0.96904,1,akiu17
1011,16687191,"hakan ulucan","2026-08-30 17:25:26",0.96904,4,hakanulucan
1012,16758996,luicaru,"2026-08-28 15:02:30",0.96903,6,luicaru
1013,16698463,"sunhee back","2026-08-10 23:33:30",0.96903,6,sunheeback
1014,16762328,pansya,"2026-08-30 04:16:13",0.96902,2,pansya
1015,16742563,"My Pham Nguyen Ha ","2026-08-28 09:33:38",0.96902,18,myphamnguyenha
1016,16738703,"Oussama Khaldi","2026-08-19 19:31:34",0.96901,11,oussamakhaldii
1017,16707270,"Olena Gaponenko","2026-08-14 08:38:50",0.96900,8,olenagaponenko
1018,16792686,shimodas,"2026-08-30 11:53:17",0.96900,2,shimodas
1019,16689583,A_ladd_insane_Pirrip,"2026-08-16 02:47:33",0.96899,1,aladdinsanepirrip
1020,16639110,"SOUSSOU Koffi Désiré","2026-08-02 01:36:17",0.96898,8,soussoukoffidsir
1021,16704562,kouchan,"2026-08-28 22:39:06",0.96898,11,kouchan0104
1022,16663673,"Samuel Patton","2026-08-12 23:31:13",0.96898,45,samuelpatton22
1023,16698449,"Jinnie Yoon","2026-08-11 04:22:39",0.96894,5,jinnieyoon
1024,16644828,"CJ ROCKBALL","2026-08-15 11:17:24",0.96894,16,cjrockball
1025,16698152,"marine jang","2026-08-10 06:42:13",0.96894,4,marinejang
1026,16674622,thymeprn,"2026-08-19 17:29:27",0.96894,12,prajyotnula
1027,16757390,"Zakir Khan","2026-08-23 08:18:38",0.96893,2,zakirkhanhu
1028,16778698,"Andrew Leal70","2026-08-30 01:29:20",0.96893,7,andrewleal70
1029,16635912,L.E.Electron,"2026-08-13 11:55:27",0.96893,6,eelectronlee
1030,16635589,"Yilan Zhu","2026-08-02 10:59:28",0.96893,5,yilanzhu
1031,16639385,"NAWAZ SHARIF","2026-08-03 09:38:55",0.96892,2,nawazs4265
1032,16665010,"Reman Dey","2026-08-12 11:05:52",0.96891,3,remandey
1033,16660126,"Erwin Huizenga","2026-08-30 20:44:21",0.96891,147,erwinh
1034,16693365,"Oğuzhan Özdemir","2026-08-15 20:39:18",0.96889,5,ouzhanzdemir
1035,16638669,PavelLiashkov,"2026-08-02 08:29:06",0.96888,4,bigbag1983
1036,16795420,Peter_Pei,"2026-08-31 11:30:40",0.96888,2,peterpei123
1037,16641636,"Mika SHNHR","2026-08-30 14:20:50",0.96888,26,mikashnhr42261
1038,16705193,AIsummer2026,"2026-08-27 13:33:06",0.96887,26,aisummer2026
1039,16673991,"Wang Yayan","2026-08-07 03:22:24",0.96887,5,wangyayan0308
1040,16743324,"Ciobanu Robert Andrei","2026-08-21 21:45:19",0.96886,7,ciobanurobertandrei
1041,16634056,"Trish Cornelissen","2026-08-29 12:36:48",0.96884,125,tcspecialist
1042,16747972,T1-Reks,"2026-08-29 08:23:10",0.96884,9,t1reks
1043,16755207,"Shubham Tibrewal","2026-08-22 18:35:50",0.96884,2,researchai2026
1044,16698304,"KAIYU FENG","2026-08-12 07:00:22",0.96882,9,kaiyufeng
1045,16794558,"Radhakrishnan Guhan","2026-08-31 15:31:16",0.96881,2,rmsgrk
1046,16762122,sowhatwillwelearn,"2026-08-27 20:13:54",0.96881,2,sowhatwillwelearn
1047,16668570,"Saiyma Sarmin","2026-08-28 19:52:36",0.96877,23,saiymasarmin
1048,16694604,dengyufei,"2026-08-31 15:56:30",0.96877,35,dengyufei666
1049,16757212,"Guido Bróccoli","2026-08-29 18:59:37",0.96876,21,guidobrccoli
1050,16638818,kobby_,"2026-08-18 09:29:14",0.96876,4,sylvesterdalmeida
1051,16765661,kamaras,"2026-08-27 06:37:35",0.96874,5,kamaras
1052,16698464,sonnarae,"2026-08-10 10:05:05",0.96873,5,sonnarae
1053,16726194,"ahmed hossam","2026-08-16 11:25:22",0.96873,5,ahmedhossam61
1054,16731985,"Tahseen Aslam","2026-08-31 14:26:07",0.96873,3,tahseenaslam
1055,16655628,"Azamat Sadikov","2026-08-28 10:11:00",0.96872,14,azamatsadikov
1056,16724020,shige,"2026-08-17 22:32:42",0.96871,3,shigechan
1057,16735073,"VINEET LAXMAN MALLARAP","2026-08-18 04:34:57",0.96871,5,vineetlaxmanmallarap
1058,16735656,anubh09,"2026-08-18 17:47:07",0.96870,1,anubh09
1059,16696680,"Yuandong Xu","2026-08-13 11:46:51",0.96869,4,yuandongxu
1060,16726400,MADX,"2026-08-16 14:28:49",0.96868,5,isejal
1061,16793125,"Jayaprakash Sundararaj","2026-08-30 16:44:18",0.96868,4,jpsundararaj
1062,16716122,"Archit Uke","2026-08-31 15:50:06",0.96868,1,archituke
1063,16768865,jx1573t,"2026-08-26 04:54:48",0.96865,8,jx1573t
1064,16634329,GurSimran,"2026-08-31 06:55:53",0.96864,20,gurseeon
1065,16722014,"Gnach Deraj","2026-08-24 07:05:58",0.96863,23,gnachderaj
1066,16785754,"Vincent-Adam Alimi","2026-08-30 22:08:52",0.96863,4,vincentadamalimi
1067,16660122,"cinnamon melon pig","2026-08-13 15:47:51",0.96863,2,cinnamonmelonpig
1068,16674070,"Komarov Andrew","2026-08-18 21:14:51",0.96862,7,lucci01a
1069,16634206,miyu.k1aras@gmail.com,"2026-08-31 03:04:06",0.96861,82,miyuk1arasgmailcom
1070,16795511,wumingzhibei_99,"2026-08-31 15:33:10",0.96860,2,wumingzhibei99
1071,16638925,"Prabhat Agnihotri","2026-08-30 07:22:40",0.96859,28,pls1999
1072,16639087,"Leo Torres","2026-08-13 03:38:10",0.96859,2,leotorres321
1073,16784870,"иван астахов","2026-08-31 12:41:59",0.96859,10,iastakhov
1074,16766174,"Maahir Soni","2026-08-30 10:24:36",0.96859,3,maahirsoni
1075,16645181,Ryuji_tech,"2026-08-18 08:49:23",0.96857,2,ratovia
1076,16723000,Юрий,"2026-08-17 11:42:13",0.96857,1,ussrgangrena
1077,16717157,"Manuel Burki","2026-08-15 05:06:54",0.96857,1,brmnlk
1078,16699212,SD,"2026-08-13 15:40:55",0.96857,17,stefdec
1079,16757241,@Vishwa20,"2026-08-23 13:22:06",0.96857,15,vishwavikas20
1080,16651594,"Bhanu Pratap Singh","2026-08-08 17:05:49",0.96856,17,kakarot167vegeta
1081,16635590,"Etsushi Yamamoto","2026-08-03 15:28:32",0.96856,6,etsushiyamamoto
1082,16634917,sasadai,"2026-08-17 10:24:01",0.96855,18,"kekicake,sasadai"
1083,16728423,"[Deleted] b6936a42-22b4-4666-b80d-984b717381df","2026-08-16 14:04:37",0.96855,1,del=9ef6f5c150454daf
1084,16677745,Dinesh.N,"2026-08-10 17:10:57",0.96855,6,dineshn001
1085,16777282,Charlezz8z,"2026-08-29 07:24:25",0.96853,5,charlezz8z
1086,16763791,"Edem Aniwa","2026-08-25 21:45:13",0.96850,1,edemaniwa
1087,16707892,"Akalya Bharathi S A","2026-08-31 13:58:55",0.96849,65,akalyabharathisa
1088,16634257,"Abiram Bharathi S.A","2026-08-31 14:21:08",0.96849,15,abirambharathisa
1089,16715230,zgdllt,"2026-08-30 09:55:28",0.96847,3,zgdllt
1090,16654357,"Aleksandr Ulianin","2026-08-06 21:49:08",0.96846,8,aleksandrulianin
1091,16717400,"Akmal Yaasir Fauzaan","2026-08-15 07:50:20",0.96845,3,akmalyaasir
1092,16698450,park,"2026-08-11 04:50:54",0.96845,10,jyeonning
1093,16716194,"Aniket Bandgar","2026-08-25 03:33:31",0.96845,5,"aniketsb,ayushmahadik1256,prat0511"
1094,16721890,"Pranali Shivaji Gadade","2026-08-14 11:29:01",0.96845,2,pranalishivajigadade
1095,16731851,Sandesh1813,"2026-08-17 10:15:08",0.96845,2,sandesh1813
1096,16739052,DynamicDuo,"2026-08-18 16:51:10",0.96845,2,"pranaliarunkarande,suhanipawar2503"
1097,16745925,parth076,"2026-08-20 06:49:40",0.96845,2,parth076
1098,16730474,"Jishnu Bhutkar","2026-08-31 08:58:21",0.96845,2,jishnubhutkar
1099,16733013,"EBN MASER","2026-08-17 16:07:45",0.96844,10,ebnmaser
1100,16729678,"Kieran Moffat","2026-08-22 11:14:37",0.96843,7,kieranmoff
1101,16638276,NoOneAhead,"2026-08-01 17:30:35",0.96842,1,jerrlu
1102,16635621,"Mubashir Ul Hassan","2026-08-12 01:09:18",0.96840,1,mubashirulhassan00
1103,16698455,yunheekimm,"2026-08-10 11:48:30",0.96840,3,yunheekimm
1104,16649815,"as Rd see the uhh fs the","2026-08-22 23:45:27",0.96836,14,asrdseetheuhhfsthe
1105,16634554,"Hugues Bousquet","2026-08-11 16:50:48",0.96836,6,huguesbousquet
1106,16694026,mutsumi,"2026-08-15 07:42:10",0.96834,1,mutsumit
1107,16733358,"GG FOR ALL","2026-08-22 15:32:50",0.96834,13,ggforall
1108,16661421,"Otchym Grazny","2026-08-21 17:43:47",0.96833,7,otchymgrazny
1109,16737525,"alex chilton","2026-08-18 21:29:51",0.96831,4,alexchilton
1110,16640917,"Kian Maghsoodi","2026-08-31 11:02:16",0.96829,3,kizmodo
1111,16674898,"Lu Mingming","2026-08-08 23:40:11",0.96828,6,mming0430
1112,16782749,"Rodrigo Nader","2026-08-28 05:55:40",0.96827,3,rodrigosnader
1113,16779316,KaluzaKlein,"2026-08-28 10:38:03",0.96825,2,kaluzaklein
1114,16785148,"Prasiddha Koirala","2026-08-29 06:17:51",0.96825,6,prasiddhakoirala
1115,16678621,masterlincs,"2026-08-09 19:21:20",0.96825,16,masterlincs
1116,16759116,"Mehmet Özel","2026-08-24 10:14:26",0.96824,9,mehmetozell
1117,16653013,"Justine Lopez","2026-08-14 13:52:02",0.96824,12,justinelopez
1118,16737554,"Beyond Accuracy","2026-08-27 14:05:00",0.96822,4,"anushkad21,prajaktaraghunathsan,varadkatti07816"
1119,16639435,"Sergei Lepitko","2026-08-25 01:42:28",0.96821,61,sergeilepitko
1120,16634339,mochi0601,"2026-08-30 17:14:25",0.96819,130,mochi0601
1121,16795577,"VALENTINA SHVETSOVA","2026-08-31 15:28:22",0.96819,2,valentinashvetsova
1122,16642111,SARANG,"2026-08-29 20:53:32",0.96819,15,vh10935cse20
1123,16728392,bankrupted,"2026-08-16 14:31:10",0.96819,1,bankrupted
1124,16640756,QiYian,"2026-08-31 15:03:19",0.96818,12,uhduih123
1125,16657865,"Patrice MAZEL","2026-08-21 11:09:30",0.96817,3,patricemazel
1126,16731133,"Waihei Yuk","2026-08-24 09:38:28",0.96816,4,waiheiyuk
1127,16634003,"Nirmal Patel","2026-08-03 17:41:59",0.96816,5,nirmalpatel02
1128,16738760,"Harish Yadav","2026-08-25 12:37:40",0.96815,8,harishyadav0506
1129,16708443,xiaohuangtheory,"2026-08-31 15:23:08",0.96814,3,xiaohuangtheory
1130,16670650,"Brendon Wang","2026-08-16 16:52:56",0.96813,10,invisiblefire
1131,16635577,casati8,"2026-08-31 12:40:59",0.96811,29,casati8
1132,16653791,"Andre Endress","2026-08-18 17:54:53",0.96810,7,andreendress
1133,16655038,"Baseer Shah","2026-08-05 20:08:12",0.96809,3,baseershah
1134,16657903,SamSV,"2026-08-25 09:31:26",0.96809,8,sameerasvithanage
1135,16764701,TtAI1302,"2026-08-29 04:03:25",0.96809,9,ttai1302
1136,16679008,"kavvyashre v","2026-08-06 22:05:04",0.96809,1,kavvyashrev
1137,16724690,Async,"2026-08-28 22:51:42",0.96808,51,k1y0sh1
1138,16680898,jiweijing,"2026-08-31 09:22:30",0.96808,27,jiweijing
1139,16711876,"Mark Cooper","2026-08-18 00:01:59",0.96808,12,markjcooper
1140,16745869,SunaoCool,"2026-08-20 05:39:50",0.96806,2,yoshikinishita
1141,16754011,"Varun Gupta","2026-08-22 19:48:01",0.96806,6,mister2005
1142,16644539,"Sudhir Sharma","2026-08-09 19:47:40",0.96806,4,satanic47
1143,16725019,久原祐輝,"2026-08-16 03:14:38",0.96805,3,yuki0524
1144,16655094,Wakabourne,"2026-08-23 12:27:43",0.96804,6,wakabourne
1145,16644890,Sunshien-1023,"2026-08-16 04:04:39",0.96803,5,sunshien1023
1146,16642334,"Sarvesh Nikas","2026-08-13 06:49:24",0.96803,7,sarveshnikas
1147,16664613,"Prosotas dubiosa","2026-08-31 12:07:01",0.96803,13,prosotasdubiosa
1148,16719421,"Aidan Furlong","2026-08-15 18:47:39",0.96800,3,aidanfurlong
1149,16728606,LZZZzzzj,"2026-08-30 16:33:18",0.96799,6,lzzzzzzj
1150,16702550,XuHaoRan1233,"2026-08-10 20:50:21",0.96799,9,xuhaoran1233
1151,16791269,"Hashmat Zamaryali","2026-08-31 14:16:16",0.96798,2,hashmatzamaryali
1152,16635998,DaniilSnegurov,"2026-08-01 20:13:45",0.96797,5,daniil6437829
1153,16634015,"Adrien Thomas","2026-08-30 23:10:06",0.96797,6,adrienthomas
1154,16736618,"Jeffery Mei","2026-08-19 05:12:07",0.96797,3,callmejeffery
1155,16633711,"Gaurav Dutta","2026-08-30 02:13:52",0.96796,41,gauravduttaiiitb
1156,16791386,"Aashutosh Kumar Bhardwaj","2026-08-30 19:30:41",0.96795,2,aashutoshbhardwaj5
1157,16633992,Shailesh,"2026-08-21 08:14:27",0.96794,9,shailesh5430
1158,16760124,"Dhruv Tibarewal","2026-08-23 20:41:12",0.96794,4,dhruvtibarewal
1159,16718168,"Maksym Tkachenko","2026-08-17 17:18:00",0.96794,3,dngrsdev
1160,16663781,"Mark Conrad","2026-08-22 01:38:40",0.96794,20,markc1993
1161,16704478,"Dark Bhai","2026-08-28 15:24:07",0.96793,2,darkhkr
1162,16701197,绯色月下,"2026-08-16 02:19:33",0.96792,3,mclster
1163,16756649,"Emir Koc","2026-08-28 13:39:09",0.96792,3,emirkoc17
1164,16685454,"Qudsiya Siddique","2026-08-17 17:16:43",0.96791,11,qudsiyasiddique
1165,16790078,"He Yufeng","2026-08-30 11:27:26",0.96790,1,heyufeng2003
1166,16679724,"Sreekaran Reddy1704","2026-08-07 13:03:03",0.96790,2,sreekaranreddy1704
1167,16634980,"Luca Lullo","2026-08-28 07:40:29",0.96789,23,lucalullo
1168,16680616,"Amarjeet Singh","2026-08-22 14:13:03",0.96787,3,amarjeetsingh016
1169,16639037,dukka,"2026-08-28 11:54:47",0.96787,41,onurozahioglu
1170,16724765,"Steven Liwang","2026-08-25 12:12:13",0.96787,5,stevenliwang
1171,16635313,harwinder_singh_766,"2026-08-07 19:28:58",0.96787,10,harwindersingh766
1172,16739476,"Nilesh Prakash Raut","2026-08-31 14:25:15",0.96785,4,nileshprakashraut
1173,16665483,Rishi_Lokesh07,"2026-08-24 16:09:58",0.96785,12,rishilokesh07
1174,16747931,MikhailBoltyshev,"2026-08-26 07:03:15",0.96784,2,mikhailboltyshev
1175,16639656,kazkod,"2026-08-15 11:32:25",0.96781,2,kazkod
1176,16778791,ShubxJha,"2026-08-31 15:13:23",0.96781,2,shubxjha
1177,16696338,dianatofficial,"2026-08-27 15:29:01",0.96781,13,dianatofficial
1178,16643118,"Junyeong Ahn","2026-08-03 20:24:42",0.96780,6,junyeongahn
1179,16667891,"Alikhan Gavrilov","2026-08-27 16:20:43",0.96780,13,alikhangavrilov
1180,16637262,"Jesús Sevilla Pérez","2026-08-20 08:17:59",0.96780,5,jesssevillaprez
1181,16633739,SkibidiUzbek,"2026-08-23 23:35:10",0.96779,9,dummkopf
1182,16734358,"hero from zero","2026-08-17 21:32:54",0.96779,2,herofromzero
1183,16722039,"Reem Abdel-Salam","2026-08-31 10:49:22",0.96778,13,protegototalum
1184,16726699,"Behiye Bedir","2026-08-20 15:26:44",0.96776,16,behiyebedir
1185,16634299,"Javier Agnir","2026-08-19 09:51:18",0.96776,5,javieragnir
1186,16688511,"Sri Datta Yaddanapudi","2026-08-08 19:29:11",0.96776,4,sridattayaddanapudi
1187,16766139,"Alberto de Alarcón Sánchez","2026-08-29 15:07:32",0.96773,8,albertodealarcon
1188,16768182,"Mohit Pandey","2026-08-26 21:19:25",0.96770,2,mojoji
1189,16634638,xFlilax,"2026-08-31 10:33:53",0.96770,3,xflilax
1190,16634255,"Phoneix Algorithms","2026-08-15 13:06:33",0.96770,41,"mohankrishnathalla,neelamuday,rakesh630"
1191,16639270,Tigerpiotta,"2026-08-21 08:51:11",0.96768,11,tigerpiotta
1192,16726797,"T T‗Worker","2026-08-24 03:25:30",0.96767,13,ttworker
1193,16713881,"Gabriele Santoro","2026-08-16 20:42:16",0.96767,1,gabrielesantoro
1194,16669759,"Anuj Saha","2026-08-08 21:41:33",0.96766,13,anujsaha0123456789
1195,16634515,Arukyan,"2026-08-28 03:41:45",0.96765,25,arukyan
1196,16643248,glock48,"2026-08-02 22:10:42",0.96764,3,glock48
1197,16724168,cocohuangke,"2026-08-19 16:25:02",0.96763,4,cocohuangke
1198,16735074,"PRERANA MADAVI","2026-08-18 04:34:21",0.96762,4,preranamadavi
1199,16679060,JeovaAnderson,"2026-08-07 07:29:36",0.96761,1,jeovaanderson
1200,16663400,"Alex Bissacco","2026-08-10 20:56:11",0.96761,23,alexbissacco
1201,16634405,"Laksika Tharmalingam","2026-08-01 07:23:18",0.96761,8,uom190346a
1202,16639276,"Jayant Parashar","2026-08-05 17:57:05",0.96761,8,jayantparashar
1203,16794682,"xiang156 xu","2026-08-31 03:54:25",0.96760,1,xiang156xu
1204,16723886,igtheflash,"2026-08-16 11:30:58",0.96756,4,hengnui
1205,16769705,"Soheib Miloudi","2026-08-25 11:12:37",0.96751,2,soheibmiloudi
1206,16654492,"Tsyban Valery","2026-08-30 06:52:16",0.96750,8,tsybanvalery
1207,16741540,"Andrei Lefter","2026-08-25 10:50:03",0.96748,6,andreilefter23
1208,16640760,Mutahar,"2026-08-31 08:00:09",0.96746,30,mmalam
1209,16792509,"Chong Xuan Ng","2026-08-30 10:41:22",0.96743,1,chongxuanng
1210,16687198,"Jakub Cabala","2026-08-10 18:34:14",0.96743,4,jakubcabala
1211,16640767,"GEORGE DOUKAS","2026-08-30 20:45:50",0.96742,18,georgedoukas
1212,16786547,Spandan,"2026-08-31 07:40:00",0.96742,2,laughtime
1213,16716517,"poignant padaeng","2026-08-28 08:29:45",0.96741,24,poignantpadaeng
1214,16701740,"Sirui Zheng452","2026-08-10 18:56:47",0.96740,4,siruizheng452
1215,16710691,Yuriii12345,"2026-08-28 06:49:49",0.96740,7,yuriii12345
1216,16641449,"A Aswanth Raj","2026-08-02 12:56:37",0.96737,2,aaswanthraj
1217,16779650,ZAOUI_Yassine,"2026-08-28 12:40:45",0.96737,20,zaouiyassine
1218,16665607,"Oscar Yáñez Feijóo","2026-08-16 07:56:51",0.96737,3,oscaryezfeijo
1219,16634050,"Dinh Bao Binh Tran","2026-08-07 14:49:11",0.96736,4,dinhbaobinhtran
1220,16695796,"Haozhe Wang 2022","2026-08-10 02:58:05",0.96736,2,haozhewang2022
1221,16674432,松田啓太,"2026-08-30 10:21:25",0.96735,54,nekonekonekone
1222,16644272,"SYED HANZALA ALI SHAH","2026-08-10 18:39:54",0.96735,16,syedhanzalaalishah
1223,16727606,Cadb3rry,"2026-08-18 14:53:17",0.96735,3,cadb3rry
1224,16735417,"Rohit Shelke","2026-08-29 23:31:00",0.96735,7,"rohitshelke26,sanjanaingleshwar66"
1225,16688117,"Grzegorz Zawadzki","2026-08-08 20:32:59",0.96734,9,grzegorzzawadzki
1226,16744659,"Arun Gyawali","2026-08-21 19:41:25",0.96733,4,lucymlai32
1227,16785164,"Mobeen Fatima","2026-08-29 04:54:52",0.96731,1,mobeenfatimah
1228,16754654,Bitok_001,"2026-08-25 04:57:44",0.96727,2,bitok001
1229,16790236,"Rohit Loharkar","2026-08-30 04:13:03",0.96726,1,rohitloharkar
1230,16662221,"Aditya Raj Singh","2026-08-18 19:51:00",0.96725,1,aditya9151
1231,16738069,Bilkenters,"2026-08-20 17:22:57",0.96725,20,"ahmetthelegend,arifbaranbykalan"
1232,16638278,"dimitrios tsiakoulias","2026-08-13 02:26:36",0.96725,17,dimitriostsiakoulias
1233,16758067,Fuwari618,"2026-08-30 04:27:18",0.96724,4,fuwari618
1234,16714112,Marwan_Mostafa,"2026-08-19 16:29:04",0.96724,3,marwanmostafa222012
1235,16634388,"Jonok Sharma","2026-08-05 09:53:54",0.96724,12,jonoksharma
1236,16724484,"Yueci Li","2026-08-30 12:01:31",0.96723,5,"albertliu1,yuecili"
1237,16729306,"Şeyma Nur ARI","2026-08-27 19:38:06",0.96722,5,eymanurari
1238,16653203,"Akshara Akshi","2026-08-03 19:49:26",0.96720,5,aksharaakshi
1239,16641154,thinkrunner,"2026-08-31 12:03:57",0.96719,39,thinkrunner
1240,16644147,C4rl05/V,"2026-08-15 00:30:21",0.96719,15,cv13j0
1241,16663898,"keita exe","2026-08-05 05:43:45",0.96718,2,keitaexe
1242,16682969,"Misbah Fatima","2026-08-17 19:12:25",0.96715,1,misbah278
1243,16717871,"Pierre FAURE-GEORS","2026-08-28 12:59:01",0.96715,10,pierrefauregeors
1244,16724152,北村七海,"2026-08-31 13:11:51",0.96712,1,nnnanami
1245,16634988,"Wei Hsiang Lin111","2026-08-06 09:14:45",0.96712,1,weihsianglin111
1246,16762534,"Shankar Shanmugham","2026-08-30 04:12:48",0.96711,3,sshankar11
1247,16743284,"Fernando Rodrigues","2026-08-20 14:29:26",0.96711,2,fernandosr85
1248,16652961,Alexdruso,"2026-08-15 13:22:02",0.96711,4,alessandrosanvito
1249,16633996,Akahachi,"2026-08-25 06:49:43",0.96711,9,wordcards
1250,16664673,JiéHuángSoDope,"2026-08-06 06:31:05",0.96711,4,kiethuynhisme
1251,16744202,Lukas,"2026-08-26 15:35:45",0.96710,7,lukab25
1252,16655476,Rayy,"2026-08-31 07:16:06",0.96710,1,cloudcuckoo
1253,16639299,"Satyam Kumar0725","2026-08-23 20:31:11",0.96710,17,satyamkumar0725
1254,16718306,"Saad Furquan","2026-08-28 07:52:40",0.96707,16,saadfurquan
1255,16706088,"Ömer Faruk Tekin","2026-08-13 16:26:44",0.96707,15,faruktekin
1256,16704595,"Sanket Kharche","2026-08-20 16:34:13",0.96707,2,sanketkharche123
1257,16748965,abdur_developer,"2026-08-31 07:30:28",0.96707,32,abdurdeveloper
1258,16729837,Kapil,"2026-08-19 13:50:57",0.96706,15,kapil3
1259,16719031,Md.Tayyab,"2026-08-18 15:00:25",0.96706,9,mdtayyab
1260,16659745,"Nursultan Koshekbaev","2026-08-06 13:41:08",0.96706,1,nursultankoshekbaev
1261,16710837,"Святослав Проців","2026-08-17 12:46:59",0.96705,1,tpochuk
1262,16722645,Egunuraka,"2026-08-19 11:47:43",0.96704,12,egunuraka
1263,16790471,NynsenFaber,"2026-08-30 19:32:28",0.96703,4,nynsenfaber
1264,16687002,CherylStoned,"2026-08-08 12:35:56",0.96703,8,cherylstoned
1265,16701673,"Toheed Quraishi","2026-08-28 15:40:45",0.96700,1,"afreen1207,mdsarwashahmed,toheedquraishi"
1266,16730572,ltt7476,"2026-08-25 06:15:10",0.96700,1,ltt7476
1267,16696374,Abhinav0067,"2026-08-27 12:54:59",0.96699,6,abhinav0067
1268,16743444,"Vultur Stefana","2026-08-22 00:31:45",0.96699,4,vulturstefana
1269,16642410,"deepankur lohiya","2026-08-26 17:18:26",0.96698,9,deepankurlohiya
1270,16783629,lyagushkerr,"2026-08-31 13:57:21",0.96698,5,lyagushkerr
1271,16706645,"Shashank reddy","2026-08-12 08:41:49",0.96697,2,shashankreddy123987
1272,16681918,shark++,"2026-08-20 13:38:15",0.96695,9,"learnwaterflow,serenalcc,vincentyingxichen"
1273,16721475,cr4bbz,"2026-08-15 21:26:53",0.96695,16,julianvoigt
1274,16793939,"Krishna Trehan","2026-08-31 12:14:26",0.96695,6,krishnatrehan
1275,16634391,SamyukthaV,"2026-08-26 20:48:45",0.96694,3,"poojashree1789,samyuktha12v"
1276,16716302,"Benedictus Ryu Gunawan","2026-08-13 13:44:10",0.96694,4,benedictusryugunawan
1277,16664371,mxt1022,"2026-08-07 08:36:11",0.96692,7,unlome
1278,16651493,"Samvel Serobyan","2026-08-03 10:04:51",0.96692,2,samvelserobyan
1279,16677278,"BOUSSEBATA ISSAM","2026-08-07 22:50:19",0.96692,4,boussebataissam
1280,16640601,"Pranav Uniyal","2026-08-13 08:49:06",0.96692,10,fall2fire
1281,16747834,llorenzo,"2026-08-23 18:08:54",0.96691,2,llorenzok
1282,16671499,Pig30nidaE,"2026-08-06 07:50:04",0.96691,2,pig30nidae
1283,16776892,"gyanaranjan mishra","2026-08-27 17:20:56",0.96691,10,gyanaranjanmishra
1284,16639951,kntnkm,"2026-08-02 23:31:08",0.96687,3,kntnkm
1285,16719171,"Donald Galliano III","2026-08-14 03:24:52",0.96685,2,donaldgalliano
1286,16728635,"Prithvi Bansal","2026-08-17 04:53:16",0.96684,1,prithvibansal07
1287,16697313,"Brice Piaple","2026-08-09 20:43:01",0.96683,2,livaikira
1288,16767876,MatthewEmery,"2026-08-25 00:00:07",0.96680,4,memery44
1289,16636781,"arnav chaturvedi123","2026-08-11 14:47:37",0.96680,10,arnavchaturvedi123
1290,16642610,"Ryan Altic","2026-08-04 03:40:01",0.96679,4,ryaltic
1291,16783790,"Arjun Saha","2026-08-29 08:45:15",0.96679,4,arjunsaha21
1292,16634486,UnfriendlyAI,"2026-08-31 14:58:29",0.96679,39,unfriendlyai
1293,16774013,"Jie Zhou0428","2026-08-27 05:17:46",0.96679,6,jiezhou0428
1294,16633710,torrreeesss,"2026-08-04 21:41:34",0.96678,5,torrreeesss
1295,16635721,"Muhammad Faheem","2026-08-07 10:32:14",0.96676,6,muhammadf4h33m
1296,16706050,"Sarthak #2","2026-08-14 13:03:18",0.96675,6,srthkdixit
1297,16639608,"Samuel Irenikase","2026-08-31 05:55:10",0.96675,1,samuelirenikase
1298,16706199,"Gaurav kumar","2026-08-14 01:22:50",0.96672,3,gauravkrsinha
1299,16647693,"Avinash maurya","2026-08-17 22:46:08",0.96672,7,avinash2009
1300,16713767,"Wafa ALDALBAHI","2026-08-13 03:46:37",0.96671,1,wafasaifaldalbahi
1301,16727224,"Ethika Das","2026-08-23 14:32:30",0.96671,3,ethikadas
1302,16764739,Maimun1,"2026-08-27 18:30:58",0.96671,3,maimun1
1303,16722722,"Andrea Moschetti","2026-08-30 06:25:07",0.96670,37,andreamoschetti
1304,16686508,butlerc9,"2026-08-16 21:34:32",0.96669,11,butlerc9
1305,16724636,Tris05,"2026-08-16 17:02:28",0.96669,2,trishanadar
1306,16751107,art6521,"2026-08-31 02:16:20",0.96668,4,arturojeich
1307,16790285,Sunjiadong12,"2026-08-31 05:35:03",0.96668,3,sunjiadong12
1308,16635392,jesusvivo,"2026-08-01 16:20:30",0.96668,5,jesusvivo
1309,16638477,Kshitij,"2026-08-15 08:37:53",0.96667,9,kshitijkhonde
1310,16663776,"David Guzzi","2026-08-24 23:39:57",0.96667,8,davidguzzi
1311,16695984,PersonName54,"2026-08-10 18:41:06",0.96666,2,personname54
1312,16691179,wesley,"2026-08-09 09:13:38",0.96664,1,wesleyhuan
1313,16725465,Max,"2026-08-15 20:28:15",0.96664,2,mn12111
1314,16743667,gizmrkv,"2026-08-23 05:16:47",0.96662,3,gizmrkv
1315,16640926,"Yasmine Laajailia","2026-08-02 16:16:36",0.96661,1,yasminelaajailia
1316,16635423,LouisPlottier,"2026-08-29 18:44:23",0.96661,6,louisplottier
1317,16637037,rahfar,"2026-08-17 20:44:24",0.96661,5,airmech
1318,16729509,"Sarthak Sharma #2","2026-08-17 20:51:34",0.96661,4,sarthaksharma14
1319,16760183,迫田　莉空,"2026-08-31 13:35:54",0.96660,4,dustpptale
1320,16723180,"Reda HEDDAD","2026-08-25 14:32:51",0.96660,3,redaheddad
1321,16634851,Emilia_ZET,"2026-08-24 20:34:09",0.96660,5,emiliazet
1322,16634470,Gravity,"2026-08-21 16:37:09",0.96657,16,shivamgravity
1323,16652913,"Baha Enes Ören","2026-08-30 00:06:10",0.96657,6,bahaenesren
1324,16726715,"Nguyen Binh Ho","2026-08-20 02:29:03",0.96657,6,nguyenbinhho
1325,16651635,RudraSingh0001,"2026-08-11 16:25:50",0.96657,9,rudrasingh0001
1326,16639673,T_Techno,"2026-08-23 06:28:57",0.96655,8,ttechno
1327,16694753,"Nishant Kumar","2026-08-09 11:11:03",0.96655,4,nishantkumarabes
1328,16766362,"Yegor Vynokurov","2026-08-31 08:17:53",0.96654,6,vynokurovyegor
1329,16709518,"Sanjay Dilip","2026-08-24 13:40:28",0.96653,6,sanjaydilip
1330,16660244,Moujoudix,"2026-08-24 09:25:18",0.96653,7,mjdism
1331,16713939,"resolution time","2026-08-13 05:24:30",0.96653,7,resolutiontime
1332,16668293,"Marcos Silveira","2026-08-30 12:46:48",0.96652,126,msilve
1333,16674997,imjamj01,"2026-08-14 05:30:09",0.96652,22,takemayuj01
1334,16765527,reimei2009,"2026-08-24 10:45:59",0.96652,1,reimei2009
1335,16639373,stxrs7,"2026-08-11 19:51:34",0.96651,8,tomhejl
1336,16634074,"Ali Shahi","2026-08-31 03:26:47",0.96650,7,k1shahi
1337,16639739,Geegoogaagaa,"2026-08-30 17:32:09",0.96650,6,"aarthiarulprakash,ishavenkataraman1606,jananess"
1338,16633876,"Alfandi Hassan","2026-08-03 14:28:26",0.96650,7,alfandihassan
1339,16644430,"SHUBH SETH","2026-08-29 11:15:36",0.96650,16,sethshubh
1340,16725156,perry,"2026-08-15 16:10:03",0.96649,3,perry040411
1341,16706964,GregH,"2026-08-21 14:37:45",0.96649,7,eosgreg
1342,16753936,"Galvin Prime","2026-08-22 15:57:32",0.96649,6,"shanmukhvilluri,thrishankkarri"
1343,16665096,"Can Gürcüoğlu","2026-08-26 13:25:53",0.96648,1,cangurcuoglu
1344,16659862,"Anant jain","2026-08-31 10:50:42",0.96648,11,anantjain159
1345,16635736,"AFSHA ANJUM","2026-08-29 20:57:25",0.96648,3,afshakhan007
1346,16638058,"Mohammad Elsayed","2026-08-01 23:16:26",0.96648,3,someotherbody
1347,16641325,Mikey-TraceGod,"2026-08-02 12:16:58",0.96648,1,mikeytracegod
1348,16706159,"Koki ANDO","2026-08-13 04:53:06",0.96647,7,kokiando
1349,16649441,VisionSpace,"2026-08-31 11:10:42",0.96647,26,"camacho10,emacedo"
1350,16711878,teddyoweh,"2026-08-12 20:48:31",0.96647,3,teddyoweh
1351,16645388,Ivan1625,"2026-08-10 03:13:18",0.96647,3,ivan1625
1352,16636018,Avrs,"2026-08-15 14:44:49",0.96646,1,hussainafroz
1353,16725077,Shanks,"2026-08-16 09:29:40",0.96646,1,shashx
1354,16634189,vvqqpptt,"2026-08-02 00:09:47",0.96646,2,vvqqpptt
1355,16723471,"Sonali Duvesh","2026-08-31 09:28:01",0.96646,11,sonaliduvesh
1356,16716034,sooflee,"2026-08-13 09:01:39",0.96646,2,sooflee
1357,16659966,"Team Hynixplz","2026-08-24 10:07:48",0.96645,7,wkddnjs1998
1358,16675443,"[Deleted] 2fdef872-015d-4130-b40b-ff8f5ed2e04e","2026-08-10 13:05:03",0.96645,7,del=e5555dad5d9b669b
1359,16759192,"Arda Hepguler","2026-08-29 23:10:00",0.96645,14,ardahepguler
1360,16730037,MattRP,"2026-08-17 18:40:45",0.96645,6,mattrp
1361,16761940,Anvar,"2026-08-25 15:01:45",0.96645,4,anvarbekatayev
1362,16641595,"Pius Ajamma","2026-08-04 15:30:33",0.96645,4,piusajamma
1363,16725969,Md-Ali-Azad,"2026-08-15 22:58:34",0.96645,2,mdaliazad
1364,16724296,"Sreejit Pradhan","2026-08-22 04:32:19",0.96644,10,sreejitpradhan
1365,16636530,"S Aishvarya","2026-08-09 07:15:10",0.96644,8,saishvarya
1366,16770390,kirill_davidovskiy,"2026-08-25 13:23:27",0.96644,2,kirilldavidovskiy67
1367,16657447,"Ryan Lence","2026-08-05 20:35:42",0.96644,6,mylabsllc
1368,16661516,"ِAli Barakat","2026-08-08 16:15:59",0.96643,1,alibarakat7215454
1369,16723868,computersoul,"2026-08-22 03:00:03",0.96643,3,computersoul
1370,16667864,"Eren Demirtaş","2026-08-06 15:29:54",0.96643,3,agining
1371,16701566,"Papa Annan","2026-08-10 15:50:45",0.96643,2,papaannan
1372,16659753,nouvya,"2026-08-10 08:33:32",0.96642,7,nouvya
1373,16671972,"Brad Hill","2026-08-29 21:07:54",0.96642,6,jhill101
1374,16790141,Ardahep,"2026-08-29 13:28:56",0.96642,1,ardahep
1375,16634595,donkedo,"2026-08-10 15:34:17",0.96642,47,donkedo
1376,16688604,Silveris2,"2026-08-25 08:28:23",0.96642,3,silveris2
1377,16641626,Matts6591,"2026-08-06 12:13:38",0.96642,8,mathwithmatt
1378,16707196,VaraPrabha,"2026-08-12 16:41:49",0.96641,3,galiveetipoornima
1379,16634967,BwandoWando,"2026-08-21 03:54:15",0.96641,1,bwandowando
1380,16759970,"Hassen Hicheri","2026-08-23 15:24:21",0.96641,6,hassenhicheri
1381,16746482,"Aman thakur04","2026-08-25 13:05:58",0.96641,9,amanthakur04
1382,16635347,AAAMIKASA,"2026-08-01 19:25:07",0.96640,7,aaamikasa
1383,16695835,"Kuba Kościan","2026-08-14 14:05:02",0.96640,8,kubakocian
1384,16664038,"Edward L","2026-08-15 00:09:00",0.96640,5,treedle
1385,16658035,"Jimmy Wang","2026-08-05 06:21:17",0.96639,7,renedescarteees
1386,16779915,"Farid Pangestu Aji","2026-08-31 10:25:15",0.96639,12,faridpangestuaji
1387,16742231,Barbagrande007,"2026-08-28 15:59:15",0.96638,7,barbagrande007
1388,16634177,Obzngs,"2026-08-31 13:01:57",0.96638,15,obzngs
1389,16665053,KHuShIMaHajan,"2026-08-22 14:30:39",0.96638,2,bymista4578
1390,16770496,"Goga Vlad","2026-08-25 12:12:45",0.96638,1,gogavlad
1391,16666681,"Bery Max","2026-08-31 14:04:38",0.96638,6,berymax
1392,16767785,"Abina Kukanova","2026-08-26 19:56:56",0.96638,4,abinakukanova15
1393,16706371,Zerixter,"2026-08-18 14:17:09",0.96637,2,zerixter
1394,16750795,"Nash Adam","2026-08-21 05:08:06",0.96637,6,lichclass
1395,16659780,"Pranjal Arya","2026-08-31 05:25:30",0.96637,3,pranjalaryaa
1396,16791376,"Saj Patel","2026-08-29 23:31:48",0.96637,2,sajpatel15
1397,16670529,"bobby lucido","2026-08-06 01:37:12",0.96637,3,bobbylucido
1398,16640475,"Karan Tanshukh","2026-08-11 13:03:35",0.96637,9,karantanshukh
1399,16693298,"Jaan Olev","2026-08-23 13:56:38",0.96637,2,jaanolev11
1400,16644170,"Priyanshu Mittal","2026-08-20 17:44:32",0.96636,15,"piyushprashant0799,priyanshu310"
1401,16698853,"SAI ESHWAR S","2026-08-11 05:23:10",0.96635,1,saieshwars
1402,16724225,"NAGIREDY SURYA","2026-08-21 05:57:48",0.96635,1,nagiredysurya
1403,16759018,"Callum Stephen Connell","2026-08-22 18:57:05",0.96635,3,callumstephenconnell
1404,16749942,"Tymofii Kyrylenko","2026-08-25 12:42:40",0.96634,1,timonneon
1405,16635319,"Shamanthak Reddy Mallu","2026-08-27 05:59:41",0.96634,2,shamanthakreddymallu
1406,16777745,"Daniel Bandy","2026-08-27 06:57:54",0.96634,5,goddangitboby
1407,16633747,"Adama Traore","2026-08-04 00:12:51",0.96634,21,adamstra
1408,16742315,"Aiman Al-Shalfi","2026-08-21 13:23:34",0.96634,14,aimanalshalfi
1409,16761278,"JiaHui Ni ","2026-08-26 13:02:29",0.96633,1,jiahuini
1410,16771963,"varshitha kolupuri","2026-08-30 12:48:32",0.96633,2,varshithakolupuri
1411,16640012,N.I,"2026-08-06 11:43:10",0.96633,10,nariakiinamine
1412,16730166,"Soham Dave","2026-08-17 03:45:25",0.96633,3,sohamdave19
1413,16680557,"Takashi Miura","2026-08-07 04:04:31",0.96632,1,takasshu
1414,16660218,"Babul Kumar","2026-08-31 09:57:21",0.96632,5,babulkumar07
1415,16735302,"Zechu Liu","2026-08-18 14:33:28",0.96632,4,wafflebear
1416,16661918,"Mazen Hassane","2026-08-19 14:49:13",0.96631,25,mazenhassane
1417,16708052,"Paul Ryan","2026-08-14 16:12:17",0.96630,6,justaloaf
1418,16651202,"Sem Simonyan","2026-08-03 10:14:14",0.96630,2,semsimonyan
1419,16648235,"Alibay Alili","2026-08-31 13:15:05",0.96630,4,alibay
1420,16634731,"Rugved Bane","2026-08-30 14:49:35",0.96629,34,rugvedbane
1421,16765637,Karan8435,"2026-08-30 07:48:12",0.96629,3,karan8435
1422,16715356,"Dias Tashev, MD","2026-08-13 11:03:35",0.96628,4,diassio
1423,16652691,TUNA,"2026-08-04 14:05:23",0.96628,2,magurodataanalysis
1424,16635550,Punyak,"2026-08-23 17:06:33",0.96628,26,punyakdei
1425,16669087,JosephKHassan,"2026-08-05 22:13:45",0.96628,1,josephkhassan
1426,16737496,xixiheihei,"2026-08-24 08:47:25",0.96627,2,xixiheihei
1427,16759389,mrrakk,"2026-08-27 15:59:03",0.96627,1,mrrakk
1428,16639115,"Iwo Grzeszkowski","2026-08-07 07:39:34",0.96627,5,iwogrzeszkowski
1429,16689462,"Allen Donald","2026-08-09 12:39:32",0.96627,3,allendonald
1430,16676474,"Isaac Quishpillo ","2026-08-08 00:14:28",0.96627,6,isaacquishpillo
1431,16693261,ikazen,"2026-08-28 21:00:14",0.96625,9,ikazen
1432,16715906,ninja496,"2026-08-14 11:54:20",0.96625,3,"ankit0208,ninja496"
1433,16650258,"Yihan Guo","2026-08-04 10:22:27",0.96624,1,yihanguo
1434,16634693,"Savi Kanse","2026-08-05 10:19:55",0.96624,6,savikanse
1435,16775411,Egorasdaw,"2026-08-26 17:21:14",0.96623,1,egorasdaw
1436,16662671,"Agent Arya","2026-08-04 17:43:00",0.96623,1,agentjeet
1437,16661263,"Ákos Pintér","2026-08-05 09:50:43",0.96623,14,kospintr
1438,16681472,"Shounak Kanade","2026-08-10 08:49:59",0.96623,1,shounakkanade
1439,16638146,mr.pickleee,"2026-08-01 16:32:47",0.96623,3,mrpickleee
1440,16721088,"Shivangi Singh","2026-08-15 11:23:17",0.96623,3,shivangisingh300
1441,16723454,"Elnur Bairamov","2026-08-31 01:54:24",0.96623,9,elnurbairamov
1442,16762242,"Grigorii Panin","2026-08-23 19:23:39",0.96622,3,pangr33n
1443,16785371,"Maaz Shuaib","2026-08-29 16:27:32",0.96622,5,maazshuaib
1444,16773438,Karl0106,"2026-08-26 09:47:58",0.96621,1,karl0106
1445,16656462,"bong seonghyun","2026-08-05 13:15:15",0.96621,5,bongseonghyun
1446,16777050,Jeremy,"2026-08-27 14:43:21",0.96621,7,jeremybetz
1447,16703815,Simon,"2026-08-11 04:36:50",0.96621,7,simonpreuss01
1448,16724256,"Hemanth Kumar","2026-08-29 11:34:13",0.96621,2,hemanthkumara2005
1449,16634175,"Jesmi George","2026-08-23 14:16:35",0.96620,15,jesmigeorge04
1450,16635032,"ARUNAGIRINATHAN K","2026-08-01 15:15:37",0.96620,8,arunsworkspace
1451,16738789,"Bianca Denadai","2026-08-21 19:21:04",0.96620,19,biancadenadai
1452,16661941,"Olga Legan","2026-08-25 15:41:23",0.96620,21,helgalegan
1453,16636357,Mohtamyzan,"2026-08-03 07:22:25",0.96619,19,mohtamyzan
1454,16644764,"Claudio Sturaro","2026-08-16 20:49:21",0.96619,2,sturarods
1455,16738919,aiMahdiX,"2026-08-31 14:42:18",0.96619,3,ahmadimahdi1912
1456,16767416,"Joe Chapa","2026-08-24 21:14:37",0.96619,3,joechapa
1457,16703148,Jigyasa_2606,"2026-08-11 17:13:17",0.96618,2,jigyasa2606
1458,16662943,"Enes Haşıl","2026-08-10 06:42:41",0.96618,6,abdullaheneshasil
1459,16640157,BloodyGymVisitor,"2026-08-29 12:11:31",0.96618,6,bloodygymvisitor
1460,16655613,Khongor2424,"2026-08-15 03:18:54",0.96618,23,khongorkikaik21
1461,16731366,McLovin82,"2026-08-30 13:45:26",0.96617,7,mcloven82
1462,16732260,"Rushikesh Gaonkar","2026-08-20 16:30:01",0.96617,2,rushikeshgaonkar
1463,16744497,"Racem Trabelsi","2026-08-20 00:48:33",0.96617,3,racemtrabelsi
1464,16793227,"58_Shivani Bhandari","2026-08-30 14:43:43",0.96617,2,shivanibhandari767
1465,16683151,Kr1ator,"2026-08-15 04:31:33",0.96617,5,kr1ator
1466,16657363,"Muhammad Shoaib Altaf","2026-08-30 11:48:34",0.96617,7,muhammadshoaibaltaf
1467,16651109,"DIJIN DOMINIC","2026-08-06 10:47:08",0.96617,3,"anandpapully,dijindominic,vishnuprakashj"
1468,16656398,"Tatikonda Venkatesh","2026-08-29 14:34:30",0.96617,5,tatikondavenkatesh
1469,16652746,Takuya,"2026-08-08 12:40:06",0.96616,1,takuya07
1470,16668780,Aknot,"2026-08-09 13:20:19",0.96616,2,antok33
1471,16740947,bob,"2026-08-21 01:26:08",0.96616,1,paulmnz
1472,16772098,"Quang Trinh Dinh","2026-08-26 05:18:23",0.96615,3,quangtrinh25
1473,16651667,C3PO,"2026-08-31 14:50:40",0.96615,5,alunji
1474,16696536,"Žak Ruben Šinkovec","2026-08-31 09:57:29",0.96615,3,akrubeninkovec
1475,16711403,Naki,"2026-08-12 15:40:45",0.96615,5,nanakiohashi
1476,16654677,"[Deleted] c072da9c-edcb-4624-ac8e-01f3e3135afd","2026-08-04 15:06:46",0.96615,4,del=0fc69e47721f2075
1477,16661954,"Pedro Henrique","2026-08-04 15:42:21",0.96615,1,pedrohets
1478,16726206,sai_ash,"2026-08-20 14:54:16",0.96615,5,saiash
1479,16661418,"Nguyễn Trung Ngạn","2026-08-10 18:37:45",0.96615,31,nguyentrungngan
1480,16728878,"zi Pedro","2026-08-16 18:07:19",0.96615,3,zipedro
1481,16652889,solyanas,"2026-08-18 11:38:06",0.96614,7,solyanas
1482,16685314,Xashimon,"2026-08-07 16:17:56",0.96614,2,xashimon
1483,16680351,"[Deleted] f38e8021-cf20-4a2c-bcd0-78ddf69d1fa2","2026-08-07 11:43:55",0.96614,1,del=c6ea2a0f46f7b25d
1484,16661074,baishuwow,"2026-08-05 01:22:20",0.96613,5,baishuwow
1485,16633969,green_black_tea,"2026-08-12 18:37:43",0.96613,7,shamsutdinovrad
1486,16796176,"Vaibhav Kundu","2026-08-31 15:24:54",0.96613,2,vaibhavkundu69
1487,16792203,"Roalson Purple","2026-08-31 05:20:13",0.96613,3,roalsonpurple
1488,16634163,"Michael H.","2026-08-28 12:28:09",0.96613,10,mbhznc
1489,16719045,Mhmda81,"2026-08-19 22:32:52",0.96612,7,mhmda81
1490,16689791,healer2408,"2026-08-09 08:28:20",0.96612,3,healer2408
1491,16640185,"Prajwal patil","2026-08-08 11:38:12",0.96612,2,prajwal3335
1492,16718466,"Rimsha Waheed","2026-08-22 13:10:24",0.96612,11,rimsha77
1493,16793175,yatakeuc,"2026-08-31 13:32:03",0.96611,9,yatakeuc
1494,16767243,"Ibrahim Abdelsalam","2026-08-24 19:46:44",0.96611,5,ibrahimab2
1495,16671401,songjiajun,"2026-08-07 02:29:42",0.96610,1,realmadridcr7
1496,16661222,"Adison Simanullang","2026-08-05 15:25:41",0.96610,10,adisonsmn
1497,16791501,DaTaro,"2026-08-31 15:48:39",0.96610,3,starokes
1498,16643912,"Abraham Daniel Yat","2026-08-19 12:51:35",0.96610,14,abrahamdanielyat
1499,16675589,"Areen Agrawal","2026-08-19 15:31:03",0.96610,26,areenagrawal
1500,16758959,"Animesh Kumar","2026-08-27 19:26:15",0.96610,5,animeshuit98
1501,16792609,jjiiio0,"2026-08-31 11:56:39",0.96610,4,jjiiio0
1502,16740095,"Roko Torbarina","2026-08-19 03:59:14",0.96610,3,rokotorbarina
1503,16662970,"Enrico Manosperti","2026-08-08 11:44:55",0.96610,3,enricomanosperti
1504,16643566,"VaLeRiO  XeFtErIs","2026-08-02 20:34:31",0.96610,6,valxef
1505,16727071,ershan23,"2026-08-16 04:08:50",0.96610,1,ershan23
1506,16637889,"Shayan Zulfiqar","2026-08-08 12:45:35",0.96609,17,shayanzk
1507,16740939,"Innovseed | Jenish","2026-08-19 05:08:05",0.96609,1,innovseedjenish
1508,16751523,panda,"2026-08-25 15:14:15",0.96609,7,pandapanda1234
1509,16635444,"Levann Latarche","2026-08-13 22:17:47",0.96609,7,levannlatarche
1510,16645608,"Choe jungmin","2026-08-12 07:21:14",0.96609,2,choejungmin
1511,16656983,"Shailesh Kumar","2026-08-05 17:43:15",0.96609,2,shaileshkumar591
1512,16688645,"Aditya #2","2026-08-08 06:32:51",0.96608,2,a0x1ab
1513,16659486,"Disha Dhope ","2026-08-16 15:25:58",0.96608,4,dishadhope11
1514,16736122,"Danïel Salazar","2026-08-20 07:05:07",0.96608,10,danelsalazar
1515,16742268,Nate_Forbes,"2026-08-20 14:57:20",0.96608,2,nateforbes
1516,16711581,"Sacha Aubert","2026-08-13 15:36:32",0.96608,11,sachaaubert
1517,16712240,"Vivek Verma","2026-08-12 13:13:58",0.96607,2,cosmicescape
1518,16719276,YearntoChurn,"2026-08-20 00:38:26",0.96607,1,"henryeech,karl1024"
1519,16680294,Jackson,"2026-08-19 09:49:33",0.96607,4,itsjackpow
1520,16634004,Quang0150,"2026-08-13 03:29:39",0.96607,45,quang0150
1521,16738483,kminh712,"2026-08-22 16:17:36",0.96607,4,"hanashiroanzu,nh2nam"
1522,16666460,PutN1k,"2026-08-12 16:25:59",0.96607,11,putn1k
1523,16640567,K1taIkuyo,"2026-08-06 11:25:55",0.96607,16,k1taikuyo
1524,16644347,"Jim Gruman","2026-08-13 21:32:59",0.96606,17,jimgruman
1525,16771470,"Sharma Priyanshu","2026-08-27 10:51:37",0.96606,2,sharmapriyanshu
1526,16793669,"Mala Yadav","2026-08-31 07:12:11",0.96606,4,mail2malayadav
1527,16720040,"Deep Patil","2026-08-15 17:02:34",0.96606,10,deeppatil1
1528,16723741,Dyl,"2026-08-31 02:40:00",0.96606,21,dylanvatanapradit
1529,16766297,PIPPI,"2026-08-27 22:45:32",0.96605,3,hayatarosu
1530,16766810,yanyyyzt,"2026-08-31 15:20:48",0.96605,4,yanyyyzt
1531,16761965,"Tìm hiểu TV","2026-08-31 04:01:52",0.96605,3,tmhiutv
1532,16647130,"Muhammad Osama Naeem","2026-08-05 05:33:46",0.96605,2,muhammadosamanaeem
1533,16761950,"Roger King","2026-08-23 18:38:25",0.96605,1,rogerking214
1534,16759209,Hiro,"2026-08-24 00:34:36",0.96605,4,hiroaki401
1535,16765803,"Pavel Drankov","2026-08-24 10:54:07",0.96605,1,summers21
1536,16634377,"Nur Srijan","2026-08-02 06:48:21",0.96605,5,nursrijan
1537,16754865,Potato,"2026-08-20 13:12:21",0.96605,2,"sonaliverma29,starlord0104"
1538,16750710,"Maks Mamaev","2026-08-23 18:14:42",0.96604,2,maksmamaev
1539,16731922,daguniang,"2026-08-24 09:18:31",0.96604,8,daguniang
1540,16679898,"Lindokuhle Nyoka","2026-08-07 19:49:39",0.96604,4,lindokuhlenyoka
1541,16733913,"Arif Camci","2026-08-24 04:48:25",0.96604,1,arifcamci
1542,16653300,"Sakthivarshan S","2026-08-06 10:59:07",0.96604,2,sakthivarshans
1543,16715872,Tamizharasan1907,"2026-08-25 12:27:33",0.96604,4,tamizharasan1907
1544,16719920,Leon,"2026-08-14 10:04:05",0.96604,3,leonoel49
1545,16669894,"Alexis Janke","2026-08-10 14:29:43",0.96603,4,alexisjanke
1546,16722001,K_DHEERAJ_11,"2026-08-18 06:38:16",0.96603,2,kdheeraj11
1547,16705350,"Sanya Gupta31","2026-08-12 08:54:15",0.96603,2,sanyagupta31
1548,16683691,"Hòa Phùng Ngọc GIa","2026-08-13 04:54:05",0.96602,8,haphngngcgia
1549,16693483,UniqueC,"2026-08-29 12:56:27",0.96602,1,uniquec
1550,16757359,manabann,"2026-08-22 10:53:45",0.96602,5,manabann
1551,16633768,"Rohit Prakash Singh","2026-08-31 11:22:13",0.96602,23,rpsingh21
1552,16663190,"Nicole Patterson","2026-08-27 03:57:34",0.96602,4,nicolepatterson8910
1553,16676831,"Dhiyanesh Babu C V","2026-08-07 06:13:18",0.96602,2,dhiyaneshbabu
1554,16635345,chauahanvivanshu,"2026-08-07 17:40:42",0.96602,5,"blackstone24,chauahanvivanshu,phantomisup"
1555,16715287,Dule@11,"2026-08-19 06:27:48",0.96601,10,dule11
1556,16713643,"Vineesha avasarala","2026-08-14 02:47:38",0.96601,3,vineeshaavasarala
1557,16656032,"Chris Chang","2026-08-05 02:13:20",0.96601,4,chrischang3
1558,16729774,"moushun chen","2026-08-16 20:01:07",0.96601,1,moushunchen
1559,16750246,"Ayaan Faisal","2026-08-21 10:03:16",0.96601,1,ayaani12
1560,16634745,"Muhammad Hamim Islam","2026-08-14 10:41:46",0.96601,7,odvut1
1561,16687311,"Dev Batra","2026-08-23 10:16:10",0.96601,7,devbatrax
1562,16727016,"Nick Daniel Ramos","2026-08-20 10:48:40",0.96601,1,nickdanielramos
1563,16724568,"Logeshwari Somasundaram","2026-08-31 06:57:06",0.96600,10,logeshwari12345
1564,16706671,"Arijit Paul","2026-08-27 21:19:08",0.96600,5,arijitpaul07
1565,16651233,"Anhad mahajan","2026-08-08 14:30:45",0.96600,11,anhadmh
1566,16639698,永远喜欢薇尔莉特·伊芙加登,"2026-08-09 04:38:45",0.96600,12,zqx960151285
1567,16762497,"Data Rebels","2026-08-23 18:46:29",0.96600,4,"aviswetade,samirt00"
1568,16653014,"Kamonashis Halder","2026-08-28 14:04:24",0.96600,6,kamonashis
1569,16637960,"Stephen Tarter","2026-08-31 11:14:11",0.96600,47,stephentarter
1570,16721469,"Bharat Lashotra","2026-08-26 17:32:20",0.96600,1,bharatbushan03
1571,16634374,teekay,"2026-08-12 19:45:01",0.96600,17,lightbrains
1572,16792797,Llll00077,"2026-08-30 15:32:51",0.96600,2,llll00077
1573,16701865,"Md Naim","2026-08-12 06:22:09",0.96599,2,mdnaimislam165436
1574,16691389,"Jayatee Srivastava","2026-08-24 04:05:46",0.96599,5,jayateesrivastava
1575,16651817,bsenst,"2026-08-03 20:49:15",0.96599,2,bnzn261029
1576,16677860,HarishHR7,"2026-08-21 11:28:46",0.96599,5,harishhr7
1577,16766117,"syouhei yamaguchi","2026-08-29 00:39:29",0.96599,2,syouheiyamaguchi
1578,16640953,"chengho ho","2026-08-02 13:19:51",0.96599,1,chenghoho
1579,16700658,CRUCIFIXION,"2026-08-11 10:49:32",0.96599,5,crucifixion
1580,16699717,"Taranisen Naik","2026-08-24 08:02:14",0.96598,2,taranisennaik
1581,16645428,tuboa2,"2026-08-24 02:10:14",0.96598,6,tuboa2
1582,16709908,"Bijay Syangtan","2026-08-23 13:05:52",0.96598,3,bijaybijay
1583,16692386,"SAIKAT MANDAL","2026-08-09 15:28:54",0.96598,3,saikatmandal01
1584,16795992,"Abhi Sircar","2026-08-31 13:22:56",0.96598,8,abhisircar
1585,16654224,NebulousMarksman,"2026-08-08 22:23:34",0.96597,10,markerd
1586,16718530,"Abdulwaliyi Jimoh","2026-08-19 02:42:12",0.96597,5,abdulwaliyijimoh
1587,16757352,"Ashish Kumar #2","2026-08-22 10:39:54",0.96597,2,whoashish115
1588,16783851,"Adiv Mammen Tom","2026-08-28 10:23:11",0.96597,1,adivmammentom
1589,16640491,"Zih-Chen Hung","2026-08-07 06:56:47",0.96597,5,zihchenhung
1590,16724967,"Gokul Sanjay","2026-08-29 16:08:37",0.96597,5,gokulsanjayreddy
1591,16793778,"Shivraj Dhote","2026-08-31 11:34:23",0.96597,3,shivrajdhote
1592,16732832,"dark gobelin","2026-08-31 02:54:46",0.96597,29,darkgobelin
1593,16636981,"RAPIDS LAB","2026-08-26 14:35:30",0.96597,11,hyeongsseobkim
1594,16741569,"liua xiao","2026-08-21 08:58:51",0.96596,9,liuaxiao
1595,16745879,Natha_Kaggle,"2026-08-23 06:11:27",0.96596,3,nathakaggle
1596,16638881,"Ankit XII C 6773 roll 5","2026-08-10 18:47:25",0.96595,9,ankitxiic6773roll5
1597,16704510,"Patrick O’Neil","2026-08-12 13:36:11",0.96595,3,patrickoneil
1598,16726756,"Christopher Mungiria","2026-08-26 18:49:31",0.96595,22,christophermungiria
1599,16772240,"Michał Pasiowiec","2026-08-31 12:29:38",0.96595,5,michapasiowiec
1600,16699792,EstebanCRz,"2026-08-10 08:48:37",0.96594,1,estebancrz
1601,16637979,"Sarvesh Chhetri","2026-08-31 15:30:48",0.96594,26,sarveshchhetri
1602,16795393,Tomo,"2026-08-31 12:01:48",0.96594,1,tomotooo
1603,16686654,"Gustavo Quevedo","2026-08-09 03:16:42",0.96594,2,gustavoquevedo94
1604,16715849,"Lalit sonawane","2026-08-13 07:03:53",0.96594,1,lalit7881
1605,16653004,Smit_1612,"2026-08-19 14:17:10",0.96594,7,smit1612
1606,16712984,"Aditya Rajesh","2026-08-15 14:00:31",0.96594,5,adityarajesh17
1607,16715329,A100NaN,"2026-08-14 08:23:31",0.96594,10,xufangbao
1608,16661719,datagrind,"2026-08-07 22:40:27",0.96593,11,kevinjusak
1609,16641333,"Dessy Amirudin","2026-08-08 07:59:37",0.96593,23,staesthetics
1610,16672195,shin_kx,"2026-08-27 09:00:28",0.96593,22,kitashinwtf
1611,16765178,jax4096,"2026-08-25 05:38:17",0.96593,2,jax4096
1612,16644538,"Vandana Pathania","2026-08-04 03:06:54",0.96592,2,vandanapathania
1613,16757260,周颐（kifile）,"2026-08-27 07:01:29",0.96592,5,kifile
1614,16705418,kacktus,"2026-08-14 08:19:47",0.96592,4,kacktus
1615,16772857,"zhenming lan","2026-08-26 15:43:44",0.96591,2,zhenminglan
1616,16685080,KCG,"2026-08-30 12:06:19",0.96591,10,"christust,gayathrisrivathsan,newrobot"
1617,16676178,"CHENZHEN HE111","2026-08-07 14:30:27",0.96591,7,chenzhenhe111
1618,16642187,wangbin.dev,"2026-08-02 16:01:46",0.96590,2,wangbindev
1619,16722952,"SANGHRAJ AADHALE","2026-08-23 08:43:26",0.96590,4,sanghrajaadhale
1620,16702485,zfzflzf,"2026-08-28 04:28:28",0.96590,1,zfzflzf
1621,16654165,"Abhinandan Mishra","2026-08-26 15:30:21",0.96589,11,whyshouldidoit
1622,16762992,MitulbhBhatia,"2026-08-25 05:56:58",0.96589,2,mitulbhbhatia
1623,16717936,"Vitalii Petrusenko","2026-08-22 14:43:53",0.96589,4,vitaliipetrusenko
1624,16716939,"Kaustubh Bejgamwar","2026-08-16 21:00:30",0.96589,2,kaustubh1145
1625,16754966,zchen,"2026-08-31 11:27:35",0.96589,4,zchen2357
1626,16785301,"Hugo JOBÉ","2026-08-28 19:46:52",0.96589,2,hugojob
1627,16733690,"Tannushree Vaishnav","2026-08-17 19:53:27",0.96589,1,tannushreevaishnav
1628,16728009,"BitByte gng","2026-08-28 21:59:28",0.96589,6,"abhiramdarbha,manittiwari,tannna"
1629,16679075,"raouf lounis","2026-08-16 10:49:46",0.96589,23,raouflounis
1630,16661442,"Pranali chitre ","2026-08-16 12:10:53",0.96589,2,pranalichitre
1631,16729551,BhagyaVarshney_AIML,"2026-08-18 08:12:25",0.96588,1,bhagyavarshney
1632,16782282,"Ashish Mittal","2026-08-31 11:06:39",0.96588,11,ashish1502g
1633,16712558,"Joash mapili","2026-08-13 12:17:32",0.96587,3,joashmapili
1634,16790323,"Garvit Bhardwaj","2026-08-29 19:15:23",0.96587,2,garvitofficial
1635,16665603,zhouqingyang,"2026-08-05 12:14:31",0.96587,3,zhouqingyang0512
1636,16746551,"Miruna Stoinea","2026-08-25 18:02:17",0.96587,5,mirunastoinea
1637,16670287,"Manuel Labbé","2026-08-06 01:46:34",0.96587,3,manuellabbe
1638,16677207,"Arin Sharma","2026-08-09 21:35:18",0.96586,2,virtualarin
1639,16634616,Catadanna,"2026-08-04 17:25:51",0.96586,24,catadanna
1640,16643102,ArnoldRosielle,"2026-08-18 18:41:20",0.96586,36,arosielle
1641,16639096,"Clébio Júnior","2026-08-11 20:58:31",0.96586,12,juniorcl
1642,16652852,"Kazuma Minamiguchi","2026-08-22 11:55:15",0.96586,4,kazumaminamiguchi
1643,16655732,마짱MAZZANG,"2026-08-05 14:27:45",0.96586,1,mazzang
1644,16724358,S3ggie,"2026-08-15 07:35:34",0.96586,1,s3ggie
1645,16634171,"huanxian chen","2026-08-02 02:26:51",0.96585,3,huanxiachen
1646,16644718,Tyler_026,"2026-08-18 18:01:05",0.96585,5,tyler026
1647,16692032,QuangVu,"2026-08-08 17:45:57",0.96585,1,quangnguynv
1648,16718920,"Satwato Dey","2026-08-22 05:34:38",0.96585,6,satwato
1649,16670268,"Farrah Tharwat","2026-08-14 23:07:11",0.96584,11,farrahtharwat
1650,16713163,"Mohamed aziz blaidi","2026-08-18 19:14:34",0.96584,1,mohamedazizblaidi
1651,16748898,AmanPatre33,"2026-08-20 20:20:07",0.96583,1,amanpatre33
1652,16661678,elyes3,"2026-08-06 22:06:13",0.96583,21,elyes3
1653,16779755,"Mariyyyaa ella","2026-08-27 14:29:31",0.96583,1,mariyyyaaella
1654,16654923,aina,"2026-08-03 21:31:22",0.96583,1,aina2222
1655,16634198,"Anqi Wang","2026-08-28 05:24:07",0.96583,38,adastroabyssosque
1656,16705379,"Rohit Kathe","2026-08-28 06:19:01",0.96583,1,rohitkathe
1657,16634290,"Rohan Dsouza","2026-08-05 06:03:23",0.96583,7,rohandsouza003
1658,16702694,"Erfan Hosseini","2026-08-25 21:24:52",0.96582,16,erfanhos
1659,16765401,"Pongpol Pt","2026-08-30 08:49:58",0.96582,1,pongpolpt
1660,16739758,samuelpndx,"2026-08-18 20:20:12",0.96582,1,samuelpndx
1661,16712151,"P. K. Mensah","2026-08-16 07:50:50",0.96582,2,pkmensah
1662,16691229,"Antoine Matemane Mahirwe","2026-08-09 13:20:04",0.96582,2,antoinemah
1663,16717372,error_king_real,"2026-08-19 13:47:49",0.96582,13,errorkingreal
1664,16748996,MaratZakirov,"2026-08-25 15:14:22",0.96582,8,maratzakirov
1665,16743597,"Александр Ляшенко","2026-08-19 16:34:38",0.96581,4,pumshik
1666,16705624,"Sudhanthirapriya Sundaram","2026-08-11 12:28:22",0.96581,1,sudhanthirapriyas
1667,16701047,"ham chicchi ","2026-08-10 13:07:53",0.96580,1,hamchicchi
1668,16769668,AllenCheng329,"2026-08-25 09:56:29",0.96580,1,allencheng329
1669,16652938,MingNguyenDang,"2026-08-03 20:14:55",0.96580,5,mingnguyendang
1670,16685269,"Hezekiah  Ayuba","2026-08-23 00:59:36",0.96580,7,hezekiaha
1671,16652983,Emirhan,"2026-08-09 14:07:01",0.96580,6,xpylon
1672,16699173,"Yuxiu Jing","2026-08-10 07:29:48",0.96579,2,yuxiujing
1673,16670726,CREVATEC,"2026-08-07 15:08:56",0.96579,7,olakunleolalekan
1674,16731309,Jatin,"2026-08-17 10:28:05",0.96579,3,jatinkumar2005
1675,16741917,Kazumasa,"2026-08-30 07:13:07",0.96579,5,kaaaaazuuuuu
1676,16774078,"Shunsuke Watanabe","2026-08-31 08:45:16",0.96579,2,shikadeerstagfawndoe
1677,16777481,"Alfredo Chavelas","2026-08-28 16:11:49",0.96579,9,alfredochavelas
1678,16700880,"YOUSSEF NAGGAR","2026-08-29 19:35:34",0.96579,5,youssefnaggar
1679,16688934,mifnkst,"2026-08-11 14:57:11",0.96579,3,mifnkst
1680,16709353,"Gabriel Dereims","2026-08-11 23:44:12",0.96578,1,dazane
1681,16724481,takdf056,"2026-08-30 15:22:52",0.96578,3,takdf056
1682,16633815,mcotton,"2026-08-20 19:53:50",0.96578,6,mcotton
1683,16726034,"MOSTEFAI MOUNIR","2026-08-20 15:46:05",0.96578,15,mostefaimounir
1684,16719405,"Lynn Pigott","2026-08-14 06:19:23",0.96578,4,lynnpigott
1685,16725107,karinkaito,"2026-08-19 12:49:11",0.96578,4,karinkaito
1686,16687744,TOMizzz,"2026-08-13 18:48:14",0.96578,7,tomizzz
1687,16742331,Vladata,"2026-08-25 13:07:32",0.96578,13,vladata
1688,16728282,"Navindu Prabhashana","2026-08-23 23:13:46",0.96577,4,navinduprabhashana
1689,16783757,"Nilabhra Saha","2026-08-31 13:43:16",0.96577,8,nilabhrasaha
1690,16639687,osushi10,"2026-08-15 07:32:15",0.96577,21,kaguru01
1691,16701706,"zhang zefang","2026-08-15 06:03:31",0.96576,1,zzfxs191217
1692,16633756,"Anas Elkot","2026-08-11 15:22:00",0.96576,5,anaselkot
1693,16770050,"Tanishq Bajoria","2026-08-29 12:50:03",0.96576,10,tanishqbajoria
1694,16757018,yoake_dawn,"2026-08-30 14:33:58",0.96576,1,yoakedawn
1695,16712322,kakate,"2026-08-12 14:27:10",0.96576,1,kakate
1696,16740580,Haojingyang,"2026-08-28 01:46:15",0.96574,12,haoyj66
1697,16727843,"Kundan Kumar","2026-08-19 07:29:28",0.96574,2,edkundan
1698,16706103,"Priyam Saha","2026-08-11 10:09:05",0.96574,2,priyamsaha17
1699,16725520,Mulukhiya,"2026-08-22 01:13:23",0.96574,11,mulukhiya
1700,16713782,"Sohel Bhongade","2026-08-13 01:12:40",0.96573,1,sohelbhongade
1701,16712534,Jess2005,"2026-08-12 19:16:33",0.96573,5,jess2005
1702,16743242,"Prajwal Khambad","2026-08-20 13:44:42",0.96573,3,prajwalkhambad
1703,16747595,"Prince Radadiya","2026-08-31 08:23:58",0.96573,20,princeradadia
1704,16641265,"Roronoa Zoro","2026-08-18 14:37:22",0.96573,7,zoro1080
1705,16678770,Haseeb_Ahmad_16,"2026-08-30 06:31:27",0.96573,6,haseebahmad16
1706,16640172,amiakar,"2026-08-16 15:05:09",0.96572,7,amiakar
1707,16730160,"Kei Masuda","2026-08-30 03:07:00",0.96572,7,keimasuda
1708,16648546,"Lakshya bakshi","2026-08-09 18:55:18",0.96571,6,majorlakshya
1709,16768344,Constructor_72,"2026-08-27 14:38:27",0.96571,2,constructor72
1710,16659091,na02string,"2026-08-11 13:58:17",0.96571,10,na02string
1711,16732173,"Taha Farooq","2026-08-27 17:09:22",0.96570,1,tahafarooqkhan
1712,16641084,"ibrahim omh","2026-08-03 14:55:16",0.96570,11,ibrahimouldmohammed
1713,16697972,Hussain99,"2026-08-11 23:18:39",0.96570,6,hussain99
1714,16713478,urbandrei,"2026-08-12 17:54:39",0.96569,1,urbandrei
1715,16770095,"Joshna sathram","2026-08-31 15:46:55",0.96569,34,joshnasathram
1716,16736323,"jidong Wu","2026-08-31 15:29:06",0.96569,1,jidongwu
1717,16779954,manman,"2026-08-31 08:20:31",0.96569,3,seiichimanyama
1718,16739353,flpmcrh,"2026-08-20 21:10:10",0.96568,3,flpmcrh
1719,16764384,thunopro,"2026-08-24 06:19:54",0.96568,2,thunopro
1720,16663138,"Md. Mahbub Ur Rashid","2026-08-27 17:44:53",0.96568,4,mdmahbuburrashid
1721,16749817,"Othman Garaibeh","2026-08-22 15:56:02",0.96568,3,othmangaraibeh
1722,16658351,"Rhys Hicks","2026-08-08 11:43:06",0.96568,2,rhyshicks
1723,16702886,"Ali Osman Kaya","2026-08-31 04:38:32",0.96568,13,aliosmankaya
1724,16687001,AJ,"2026-08-17 14:12:20",0.96568,15,smstcil
1725,16635059,Sofia_Gilka,"2026-08-07 13:25:40",0.96567,37,sofiagilka
1726,16667670,arno,"2026-08-21 13:52:40",0.96566,1,arnogils
1727,16684876,imunderthetree,"2026-08-17 14:36:28",0.96566,4,imunderthetree
1728,16638775,"Mahesh Gurjar","2026-08-05 07:59:25",0.96565,6,mgjiwana
1729,16751672,Santhosh54365,"2026-08-23 17:17:05",0.96565,1,santhosh54365
1730,16666511,"Grace Ganyilo","2026-08-27 09:55:29",0.96565,6,graceganyilo
1731,16783956,JOvidiu,"2026-08-31 14:03:38",0.96565,4,jovidiu
1732,16727233,"Ujjal kumar Maity","2026-08-26 17:33:04",0.96565,1,ujjalkumarmaity
1733,16692410,"Maryam Amjad","2026-08-09 14:13:44",0.96565,4,marya8
1734,16785810,"Black Bull","2026-08-31 04:34:22",0.96564,3,anaskhan208
1735,16792214,"JinCheng Hei","2026-08-31 06:07:05",0.96564,2,jinchenghei
1736,16683778,"Yi De Tsai","2026-08-11 04:24:36",0.96564,1,yidetsai
1737,16643586,palpawan12,"2026-08-22 11:04:32",0.96564,1,palpawan12
1738,16719048,"Makoto Furukawa","2026-08-16 06:22:26",0.96564,4,makotofurukawa
1739,16700794,Poltergiest,"2026-08-10 14:56:16",0.96564,3,rajraunakkumar3301
1740,16724429,"Sharanya Nagar","2026-08-16 14:58:23",0.96563,2,sharanyanagar07
1741,16635790,"Kir Bor","2026-08-02 07:06:03",0.96563,9,abkir1
1742,16657349,Abhijeet000000007,"2026-08-31 04:50:53",0.96563,6,abhijeet000000007
1743,16779200,yl_wang18,"2026-08-28 10:08:03",0.96563,3,ylwang18
1744,16723154,"Stanciu Raducu-Stefan","2026-08-31 15:04:20",0.96563,3,stanciuraducustefan
1745,16635449,"MD Shafayetur Rahman","2026-08-05 09:18:25",0.96563,4,mdshafayeturrahman
1746,16726920,"Anastasiia Terenteva","2026-08-23 14:41:49",0.96563,7,anastasiiaterenteva
1747,16634929,"Syafrian Abra Hutabarat","2026-08-31 13:52:13",0.96562,25,syafrianabra
1748,16652841,"YuFeng Duck Huang","2026-08-04 09:12:16",0.96562,4,yufengduckhuang
1749,16639904,"Nipuna Dhananjaya","2026-08-02 05:44:54",0.96562,1,nipuna181x
1750,16738245,"Hiruka Devendra","2026-08-18 15:33:09",0.96562,2,hirukadevendra
1751,16696712,"Ashutosh Agnihotri","2026-08-10 09:41:03",0.96561,2,imashuagni
1752,16635344,"Thibault KOBLER","2026-08-14 08:04:17",0.96561,8,thibaultkobler
1753,16715774,"Swapnil Verma","2026-08-16 21:46:16",0.96561,1,swapnilverma10
1754,16726879,"Djaafar Lecheheb DL","2026-08-16 02:15:25",0.96560,3,djaafarlechehebdl
1755,16724028,"Philemon Chan","2026-08-26 14:13:44",0.96560,7,uduntu
1756,16690429,weiri,"2026-08-08 13:55:10",0.96560,2,wweiri
1757,16680179,"Anurag Goyal","2026-08-29 19:43:04",0.96560,4,anuraggoyal2203
1758,16633904,"Malco Qoo","2026-08-01 04:09:02",0.96560,2,malcoqoo
1759,16673142,rlrlrlrlrl,"2026-08-31 03:35:37",0.96560,1,rlrlrlrlrl
1760,16792337,"Minghao Xia","2026-08-30 09:57:46",0.96560,2,minghaoxia
1761,16790937,yuaacc,"2026-08-29 19:43:34",0.96559,2,yuaacc
1762,16702383,"G S ABINIVAS","2026-08-11 05:17:43",0.96559,2,abinivas8
1763,16663966,racerY,"2026-08-07 22:00:04",0.96559,5,junebug9876
1764,16644850,IamGRootMSE,"2026-08-12 05:23:17",0.96559,8,iamgrootmse
1765,16739707,"Gonçalo Cravinho","2026-08-21 20:54:35",0.96559,1,gonalocravinho
1766,16748648,"Amit Joshi","2026-08-22 10:08:46",0.96559,19,amitjoshi9627
1767,16652621,"João Pedro Mamede Dias","2026-08-08 09:39:33",0.96559,10,joaopedromamededias
1768,16753970,"zuhal yıldırım","2026-08-28 13:46:37",0.96558,2,zuhalyldrm7
1769,16692993,"Giselle Wu","2026-08-08 23:34:21",0.96558,1,gisellewu
1770,16641426,raining1,"2026-08-03 05:35:40",0.96558,4,raining1
1771,16686578,"Taha Nauman","2026-08-07 17:54:12",0.96558,1,mtahanauman
1772,16633879,"Ryukichi INOUE","2026-08-30 22:06:46",0.96558,39,ryukichiinoue
1773,16794738,"Davi Specia","2026-08-31 13:59:50",0.96557,6,davispecia
1774,16756450,"Julianno Rogery","2026-08-24 14:27:18",0.96556,2,juliannorcs
1775,16642088,Himansu,"2026-08-15 18:13:33",0.96556,7,himansu033
1776,16758880,aueurm,"2026-08-24 03:26:28",0.96556,4,aueurm
1777,16641543,"Qianhua Huang","2026-08-02 19:29:58",0.96556,2,hqhjtian
1778,16707417,SIlligull_einzbern,"2026-08-27 23:28:43",0.96556,8,silligulleinzbern
1779,16790153,"Dizzar White","2026-08-30 07:25:47",0.96555,2,dizzar
1780,16725861,"Almaz Sakhapov","2026-08-26 19:51:44",0.96555,7,almazsakhapov
1781,16702438,"Kamogawa Gym","2026-08-13 19:04:17",0.96555,2,hrishikeshdhuri19
1782,16686050,rampichino,"2026-08-21 16:00:05",0.96555,3,alfreale
1783,16742902,"Tasin Islam","2026-08-20 12:52:39",0.96555,3,cosmicwanderer2
1784,16719269,Junkonno,"2026-08-31 03:15:42",0.96555,14,junkonno
1785,16662927,mohduwaishchaudhary,"2026-08-04 23:02:26",0.96555,3,muwaish5
1786,16640643,"Abhishek Gupta","2026-08-09 17:03:36",0.96554,8,abhishekgupta56447
1787,16640918,"Carolin DJ","2026-08-05 07:33:10",0.96554,1,carolindj
1788,16711702,"Mrudul Mistri","2026-08-21 05:13:18",0.96554,8,mrudulmistri
1789,16649165,daociyiyou0,"2026-08-04 01:46:16",0.96554,2,daociyiyou0
1790,16763555,"Masoom Singh","2026-08-30 20:26:09",0.96554,12,masoomsingh0112
1791,16693924,"Sahil Deogade","2026-08-13 16:43:11",0.96553,3,sdeogade
1792,16653837,"Paolo Barzaghi 95","2026-08-04 12:09:16",0.96553,2,paolobarzaghi95
1793,16687491,Ryuzaki2325,"2026-08-18 06:32:16",0.96553,15,ryuzaki2325
1794,16773271,"Hawlader Sajib","2026-08-27 07:51:54",0.96553,4,hawladersajib
1795,16658857,"Mirko Caroleo","2026-08-23 21:07:44",0.96553,21,mirkocaroleo
1796,16645383,"Aslam Sayyad ","2026-08-12 18:26:05",0.96553,9,aslamsayyad1
1797,16771617,Anuvab07,"2026-08-28 05:19:03",0.96552,8,anuvab07
1798,16693596,"Ayush Devadiga","2026-08-31 11:05:29",0.96552,7,ayushdevadiga
1799,16769203,"Ukasha Nadeem","2026-08-25 10:58:23",0.96552,4,ukashanadeem
1800,16678425,"Chirag Tutlani","2026-08-07 20:28:30",0.96552,5,chiragtutlani
1801,16781053,"Ng’endo Wanjiru","2026-08-31 08:32:57",0.96552,5,lynnengendo
1802,16652593,simplecar,"2026-08-03 14:52:33",0.96551,4,simplecar
1803,16634367,"Khaled Tarchi","2026-08-03 18:56:14",0.96551,2,khaledtarchi
1804,16732099,"Amal Messaoud","2026-08-17 15:54:52",0.96550,2,amalmessaoud
1805,16654860,"Leandro Sanchez B","2026-08-31 13:45:40",0.96550,6,leandrosanchezb
1806,16634925,turtle,"2026-08-03 00:52:39",0.96549,8,itasps
1807,16721765,"Yamato MINE","2026-08-16 12:26:35",0.96549,5,yamatomine
1808,16696175,"Ghaith Kammoun","2026-08-21 22:28:21",0.96548,17,ghaithkammoun
1809,16733720,"Emre Erbaşlı","2026-08-17 19:31:53",0.96548,1,emreerbal
1810,16775346,"Akshat Rathore","2026-08-28 06:43:11",0.96548,2,akshatr08
1811,16734808,"Tamanna Ramjan Mujawar","2026-08-21 17:21:32",0.96548,1,tamannaramjanmujawar
1812,16725865,"Shel Horta","2026-08-18 15:17:36",0.96548,2,shelhorta
1813,16678261,"BENDIFALLAH RAMI","2026-08-12 12:00:03",0.96548,7,bendifallahrami
1814,16673699,Nurasik12,"2026-08-15 06:15:18",0.96548,4,nurasylserikov
1815,16654349,SunnyKr19,"2026-08-04 17:09:08",0.96547,2,sunnykr19
1816,16742898,"Aniket Gaikwad","2026-08-24 06:45:41",0.96547,6,aniketng21600
1817,16694757,kitayama,"2026-08-24 02:31:52",0.96547,5,kkityama
1818,16696758,"Junta Hashimoto","2026-08-16 09:06:54",0.96547,6,juntahashimoto
1819,16790558,"sofiane B","2026-08-31 11:04:18",0.96547,12,sofianebeldjillali
1820,16676659,"mehedi hasan","2026-08-14 13:15:05",0.96546,5,mehedicseju
1821,16636915,"Felopateer William","2026-08-16 20:58:28",0.96546,1,felopateerwilliam
1822,16634576,"christopher obuchere","2026-08-03 14:17:34",0.96546,19,owls0711
1823,16652884,"Mr Tosma","2026-08-04 17:17:47",0.96546,6,mrtosma
1824,16692012,vandanamr,"2026-08-08 23:33:07",0.96545,1,vandanamohanaraj
1825,16749309,"Salman Khurshid","2026-08-30 16:05:02",0.96545,1,salmankhurshid1
1826,16658142,"Hamzah Abdillah Gabriela","2026-08-04 11:41:26",0.96544,2,hamzbriel
1827,16644476,EFu9954,"2026-08-06 17:26:01",0.96544,9,erniefu
1828,16696080,Haitaks,"2026-08-29 00:59:27",0.96544,3,haitaks
1829,16769427,"Amir Mohammad Maleki","2026-08-25 19:39:24",0.96544,1,amirmohammadmaleki
1830,16656706,HUSED,"2026-08-28 15:06:40",0.96543,41,"h2c2o4,snagakura"
1831,16706679,na2226,"2026-08-12 09:17:04",0.96543,1,na2226
1832,16651159,ArmanVardanyan07,"2026-08-03 10:50:31",0.96543,10,armanvardanyan07
1833,16637300,"Mohammed arfan shafin","2026-08-27 21:19:40",0.96543,11,mohammedarfanshafin
1834,16774728,yesicann,"2026-08-31 09:08:43",0.96543,2,yesicann
1835,16763154,"Tayyab Xtrem","2026-08-23 20:51:57",0.96543,10,tayyabxtrem
1836,16652177,"Arda Çiftçi","2026-08-07 10:00:24",0.96543,3,ardaciftci
1837,16789888,AjayKumar@9391123,"2026-08-31 06:05:56",0.96543,1,ajaykumar9391123
1838,16640752,gheysar4real,"2026-08-08 19:00:30",0.96543,4,gheysar4real
1839,16644132,"Игорь Селяков","2026-08-02 21:19:21",0.96542,1,davinchi2kxx
1840,16673330,"Keith Ng","2026-08-06 08:24:49",0.96542,1,todayishql
1841,16770603,"Leonard Sugg","2026-08-27 10:20:22",0.96542,1,leonardsugg
1842,16690635,feynman,"2026-08-28 00:05:54",0.96541,26,mikeloncaric
1843,16718389,"PRATAP KUMAR","2026-08-14 10:57:07",0.96541,1,pratapkr
1844,16702241,"Shadi Akiki","2026-08-19 16:05:25",0.96541,5,shadiakiki1
1845,16637503,Nishuxf,"2026-08-30 16:12:35",0.96541,1,nishu65
1846,16639146,"Emirhan Kadan","2026-08-29 21:09:08",0.96541,6,emirhankadan
1847,16747649,"Shubham Helkar","2026-08-21 17:42:42",0.96541,1,shubhamhelkar
1848,16636044,"YagynaSri Reddy Mukku","2026-08-01 12:39:34",0.96541,1,yagynasrireddymukku
1849,16721811,Danken,"2026-08-18 17:38:56",0.96541,6,danken
1850,16640513,"Alexandr Mezin","2026-08-02 07:25:31",0.96541,1,alexandrmezin
1851,16635336,Deepak9615,"2026-08-30 17:01:09",0.96541,4,"abhijeetsingh1811,biswajitpatgiri,deepakkumar9615"
1852,16707885,"Gaurav Mehta","2026-08-11 19:32:42",0.96541,3,gauravmehtaaa
1853,16633993,"Caleb Williamson","2026-08-01 22:34:58",0.96540,1,cwill479
1854,16639921,Vanshika0902,"2026-08-25 23:46:18",0.96540,20,vanshika0902
1855,16662140,"Ali hassnain","2026-08-30 09:48:20",0.96540,1,alihdataanalyst
1856,16744401,purelilyth,"2026-08-29 22:40:22",0.96540,10,purelilyth
1857,16716839,"Mahesh Munnuru","2026-08-15 07:32:54",0.96539,6,maheshmunnuru
1858,16696913,KNT93,"2026-08-14 04:00:18",0.96539,3,hkanetake
1859,16666405,"Alisa Oplakanskaya","2026-08-10 07:49:21",0.96539,11,inafalutamen
1860,16669307,"Alptuğ Bozkurt","2026-08-10 11:43:21",0.96539,3,alptubozkurt
1861,16640386,diskm25,"2026-08-20 22:18:34",0.96539,10,diskm25
1862,16717898,"Annette Catherine Paul","2026-08-25 14:34:28",0.96539,4,annettecatherinepaul
1863,16779381,"Sebastian Johansson","2026-08-27 14:30:14",0.96539,1,sebbejohansson
1864,16734993,"k nishiyama","2026-08-18 04:32:31",0.96539,1,koshinishiyama
1865,16638882,Usama_Ramzan,"2026-08-09 10:36:44",0.96538,2,usamaramzan011
1866,16695025,"Shahriar Islam Siyam","2026-08-13 16:55:10",0.96538,1,shahriarislamsiyam
1867,16717005,"Hayk's Team","2026-08-19 09:23:41",0.96538,8,hayk08
1868,16756978,"Mateus Alkimim","2026-08-22 02:33:33",0.96538,2,mateusalkimim
1869,16634066,"Michael J Hammel","2026-08-01 02:28:57",0.96537,1,michaeljhammel
1870,16772087,"Alexander Pfefferle","2026-08-26 11:16:05",0.96537,2,alexanderpfefferle
1871,16794386,"Hunter Mimaroglu","2026-08-31 00:31:27",0.96536,1,huntermimaroglu
1872,16681462,"Mayank Garg ☑️","2026-08-31 11:20:48",0.96536,9,mayank787
1873,16661365,"Sarthak Kapaliya","2026-08-04 21:10:54",0.96536,1,sarthakkapaliya
1874,16716617,"Sri Venkata Abhishikth","2026-08-14 16:51:00",0.96536,12,srivenkataabhishikth
1875,16763825,"Serine Boutiche","2026-08-30 14:35:21",0.96536,19,serineboutiche
1876,16757360,"Sean Connolly","2026-08-25 05:04:32",0.96536,5,seanconnolly
1877,16725983,"Kishore M😊","2026-08-17 11:44:31",0.96535,1,kishorevis
1878,16743997,"Jack Bernstein","2026-08-19 16:57:19",0.96535,1,vjberny7
1879,16713944,"Vladislav Bukhtoyarov","2026-08-13 20:04:32",0.96535,8,vladislavbukhtoyarov
1880,16701317,darasty,"2026-08-10 14:11:38",0.96535,1,darasty
1881,16652430,Marius,"2026-08-21 14:52:56",0.96534,32,mariusborel
1882,16634111,calico,"2026-08-14 16:27:12",0.96534,1,nna777
1883,16762942,"Anton Tanin","2026-08-24 14:54:40",0.96534,2,antontanin
1884,16703876,"Arda Özcan","2026-08-12 23:32:29",0.96534,2,ardozcnn
1885,16748768,ShomaYoshida1,"2026-08-29 14:13:30",0.96534,6,shomayoshida1
1886,16640052,thodotpro,"2026-08-06 07:19:32",0.96534,10,thodotpro
1887,16662562,"Vishwa prabashwara","2026-08-04 21:20:46",0.96534,2,vishwaprabashwara
1888,16758894,"K ss1715","2026-08-22 14:49:32",0.96534,3,kss1715
1889,16779314,"taryn campbell","2026-08-27 10:50:28",0.96534,2,taryncampbell
1890,16761893,"Abinesh M","2026-08-29 04:34:41",0.96534,8,techabinesh
1891,16722880,"Wafaa Alayoubi","2026-08-16 07:47:17",0.96533,4,wafaaalayoubi
1892,16654424,"Vaibhav Bhagat","2026-08-04 20:12:15",0.96533,6,vaibhavbhagat665
1893,16701235,Ellis00322,"2026-08-11 19:28:17",0.96533,1,ellis00322
1894,16651553,"All over the golf","2026-08-06 18:30:22",0.96533,11,alloverthegolf
1895,16674530,"tagughi akihiro","2026-08-10 13:25:40",0.96533,3,tagughiakihiro
1896,16635295,"Ishimori Yusuke","2026-08-06 23:02:45",0.96533,2,ishimoriyusuke
1897,16793098,"Lapo Stopponi","2026-08-30 20:13:38",0.96533,1,lapostopponi
1898,16764810,Branch_404,"2026-08-25 08:39:44",0.96533,1,shuvocs23
1899,16723203,"Bhuvaneshwar Pratap","2026-08-15 13:00:16",0.96532,2,bhuvaneshwarpratap12
1900,16725417,"Bhuvaneshwar Pratap #2","2026-08-15 13:05:31",0.96532,1,bhuvaneshwarpr123
1901,16711433,"Aqiba Farman","2026-08-28 13:25:40",0.96532,5,aqibafarman
1902,16719666,JT-DS-Test,"2026-08-19 06:41:39",0.96532,7,xingwangkaggle
1903,16635422,long1973m,"2026-08-02 07:50:28",0.96532,5,long1973m
1904,16638638,"Nidhi Tomar","2026-08-13 17:04:02",0.96532,8,nexus092
1905,16635023,flag_06,"2026-08-11 10:03:22",0.96531,9,flag06
1906,16741109,"Maneesh Singh Chauhan","2026-08-23 05:44:58",0.96531,3,maneeshsinghchauhan
1907,16732668,"Annam Hema Kumar","2026-08-18 09:28:18",0.96531,1,annamhemakumar25
1908,16781403,Raulgv,"2026-08-31 12:55:18",0.96531,11,raulgv
1909,16718994,"Bhuvan Kadiyala","2026-08-18 16:27:01",0.96531,1,bhuvankadiyala
1910,16773177,TerenceLSH,"2026-08-30 14:35:05",0.96531,1,terencelsh
1911,16769934,Sumittttt,"2026-08-25 17:48:50",0.96530,1,sumittttt
1912,16645523,"Muhammad Usman Khan","2026-08-06 08:15:48",0.96530,3,"abbasi1214,usmankhandilzak"
1913,16639516,"chihab gheraibia","2026-08-07 01:40:05",0.96530,1,chihebghraibia
1914,16633782,"Bryce Chambers","2026-08-01 19:04:28",0.96530,4,brycechambers
1915,16669563,Ruszczka,"2026-08-05 19:25:42",0.96530,1,ruszczka
1916,16781222,"Said Ibnerradi","2026-08-28 17:01:13",0.96529,2,saidibnerradi
1917,16786057,"Md Delwar Husen","2026-08-31 15:34:09",0.96529,1,mddelwarhusen
1918,16676074,Sometin,"2026-08-16 18:13:36",0.96529,16,sometin
1919,16687702,Samidha,"2026-08-07 23:30:49",0.96529,1,samidhabhosale
1920,16682152,"Kezia Imanuella","2026-08-08 12:34:24",0.96528,2,keziaimanuella
1921,16678477,"Jimmy Dani","2026-08-16 13:00:08",0.96528,4,danijimmy979
1922,16733608,"Rishav Raj","2026-08-27 10:27:31",0.96527,14,rishavraj76
1923,16634740,AP12Ramanik,"2026-08-01 21:23:31",0.96527,4,ap12ramanik
1924,16651568,"Srishti Gauraha","2026-08-06 08:03:55",0.96527,4,srishtigauraha
1925,16685557,clashlmfak,"2026-08-09 14:48:31",0.96527,4,clashlmfak
1926,16703854,"Rudolf HOUNLETE","2026-08-14 23:01:45",0.96527,6,queystanle
1927,16681349,"sArwar sHafe ","2026-08-07 08:51:30",0.96527,2,sarwarshafe
1928,16640042,"chen chen","2026-08-02 06:54:13",0.96526,1,chenpingan111
1929,16685343,雨飘的夜,"2026-08-07 17:05:11",0.96526,4,oxfocus
1930,16717246,"subham acherjee","2026-08-24 17:38:48",0.96526,4,subhamacherjee
1931,16641605,Nick,"2026-08-04 00:04:37",0.96526,4,nickkatsarelas
1932,16741233,"Aryan kumar Sahoo","2026-08-19 12:37:16",0.96525,1,aryankumarsahoo
1933,16692005,"Astha Bansal","2026-08-31 14:23:38",0.96525,1,asthabansal1705
1934,16755289,"Shem Salih","2026-08-22 11:02:51",0.96525,1,shemsalih
1935,16778363,Riyaax07,"2026-08-27 05:46:11",0.96525,1,riyaax07
1936,16746236,"shobhit Vaish","2026-08-31 05:12:53",0.96525,1,shobhitvaish
1937,16764912,"Rimjhim Madaan","2026-08-31 05:15:30",0.96525,1,rimjhimmadaan
1938,16767702,vroste,"2026-08-30 09:56:18",0.96525,10,vroste
1939,16722756,Javidan__0,"2026-08-15 15:46:47",0.96525,2,javidan0
1940,16662822,skiyuki,"2026-08-29 03:44:29",0.96524,23,skiyuki
1941,16673323,"Rahul Das","2026-08-06 12:16:36",0.96524,3,jerry42
1942,16636020,wrrd,"2026-08-05 13:43:16",0.96523,8,qqqaaavvv
1943,16733178,"jihyung yun","2026-08-26 07:56:57",0.96523,4,jihyungyun
1944,16766305,etsuko,"2026-08-30 07:23:21",0.96523,5,etsukonaganawa
1945,16645690,"PANCHAL MANAN JAYESHKUMAR","2026-08-03 18:42:16",0.96523,2,mananpanchal18
1946,16765901,"Zak Meyer","2026-08-28 22:35:04",0.96523,3,zakariyameyer
1947,16656356,"Dongyan Zhang (dy)","2026-08-05 06:03:25",0.96523,1,dongyanzhangdy
1948,16634042,DuDuDu0,"2026-08-23 22:34:00",0.96522,14,dududu0
1949,16711293,Crista,"2026-08-20 07:31:31",0.96522,2,ryokamata
1950,16741469,SubikshaParamasivam,"2026-08-19 13:10:59",0.96522,1,"gayathrisellapandi,sowmiya06m,subikshaparamasivam"
1951,16766262,shushushun,"2026-08-29 06:57:08",0.96522,3,shushushun
1952,16692928,"Konko M","2026-08-16 21:55:04",0.96522,3,konkomaji
1953,16673314,"Manthan Waghela","2026-08-30 14:28:16",0.96522,6,manthanwaghelamoons
1954,16702230,"Ivan Seleznov","2026-08-17 08:12:03",0.96521,6,ivanseleznov111
1955,16659495,"Uğur Atlı","2026-08-09 15:18:55",0.96521,2,uuratl
1956,16672793,"Shah Muhmmad Fazle Rabbi","2026-08-06 08:51:52",0.96521,1,engineerfrabbi
1957,16764800,messibeatgravity,"2026-08-25 13:56:55",0.96521,1,messibeatgravity
1958,16640517,malibu_orange,"2026-08-02 11:24:14",0.96521,2,malibuorange
1959,16644560,BrentL,"2026-08-07 10:19:10",0.96520,9,brentl
1960,16687969,"juy hh","2026-08-07 23:20:01",0.96520,1,juyhhds
1961,16652049,haideptry,"2026-08-03 10:28:13",0.96520,1,haideptry
1962,16762210,"NEHA SHARMA","2026-08-31 08:28:42",0.96520,1,nehash0123gmailcom
1963,16715142,"Christian F. Badillo H.","2026-08-15 21:17:45",0.96520,8,christiaanfbadilloh
1964,16747566,"Akash Jadhav","2026-08-29 16:50:39",0.96519,3,EagleOnAI
1965,16633774,"Keya Dobriyal","2026-08-06 20:58:51",0.96519,6,keyadobriyal
1966,16712543,"Vincenzo Moccia 01","2026-08-30 14:07:08",0.96519,1,vincenzomoccia01
1967,16792145,JiashengYun,"2026-08-31 06:32:38",0.96519,1,yjsh2003
1968,16773480,"ISOMURA Shun","2026-08-26 08:36:38",0.96519,2,shunisomura
1969,16658752,dwdwdwsdedwd,"2026-08-04 10:01:19",0.96519,2,dwdwdwsdedwd
1970,16710581,"Zişan Ferzin YALÇIN","2026-08-13 08:35:45",0.96519,2,zisanferzin
1971,16664832,aniketps4,"2026-08-21 06:30:43",0.96519,1,aniketps4
1972,16646124,Korty,"2026-08-22 14:59:16",0.96519,5,bhaskarmishra44796
1973,16739380,"Mayank Tiwari","2026-08-18 18:37:12",0.96518,2,malware32
1974,16633839,"Đào Minh Thuấn 🎖️","2026-08-15 21:27:08",0.96518,1,thuandao
1975,16733362,"Johannes Jiryis","2026-08-27 19:56:46",0.96518,4,johannesjiryis
1976,16738233,EsdrosDawit2,"2026-08-20 12:15:22",0.96517,4,esdrosdawit2
1977,16657153,"YASASWITHA THAVVA","2026-08-29 14:55:57",0.96517,1,yasaswithathavva
1978,16760081,"Dimitrios Chronis","2026-08-22 19:59:32",0.96517,1,dimitrioschronis
1979,16712482,"Kenzi Zahran","2026-08-25 13:57:10",0.96517,2,kenzizahran
1980,16714475,inga_error,"2026-08-12 23:03:00",0.96517,1,ingaerror
1981,16730324,Canchs,"2026-08-17 03:00:42",0.96516,1,canchs
1982,16652830,"Nikita Savkin","2026-08-03 18:09:54",0.96516,3,gisubo
1983,16690358,NewDayOK,"2026-08-16 11:59:58",0.96516,4,newdayok
1984,16655583,"Vikas Seth","2026-08-14 00:54:10",0.96516,4,vikassethv
1985,16753914,Uoldady,"2026-08-23 13:27:23",0.96515,2,uoldady
1986,16664188,defnotafunction,"2026-08-16 23:54:58",0.96515,14,aidenkatambwa
1987,16729717,Ash,"2026-08-23 16:01:55",0.96514,3,ashiarn
1988,16692717,teaminflation,"2026-08-09 09:45:44",0.96514,1,thiagogoncalvesggg
1989,16706183,"Crafty Code","2026-08-20 11:00:33",0.96513,2,craftycode
1990,16750473,Jsznnn,"2026-08-21 18:25:39",0.96513,2,jsznnn
1991,16742456,"Ana-Maria Ionescu","2026-08-24 15:55:57",0.96513,2,anamariaionescu2
1992,16645027,"Sourjya Mukherjee","2026-08-03 03:34:52",0.96513,2,mukherjeesourjya
1993,16701620,yeongseok32,"2026-08-15 02:04:57",0.96513,1,yeongseok32
1994,16777643,"Carol Wu","2026-08-31 08:14:10",0.96513,7,phr0gg
1995,16660534,"Tasha Steve","2026-08-11 12:15:44",0.96512,2,tashasteve
1996,16694360,"Martin Saxa","2026-08-09 09:43:34",0.96512,1,martinsaxa
1997,16715757,"Mg Dhia Abdalbakee","2026-08-24 04:36:07",0.96512,5,mgdhia
1998,16634190,"Ujjawal Singh","2026-08-17 05:24:28",0.96512,2,ujjawalsingh10
1999,16665009,"Pooja Puri","2026-08-17 05:48:23",0.96512,1,poojapuri
2000,16693136,h4re,"2026-08-09 00:58:51",0.96512,3,h4rejp
2001,16699443,"Thomas Stahl","2026-08-16 06:09:41",0.96511,3,thomas04
2002,16710403,chirag2705,"2026-08-29 14:29:59",0.96511,4,chirag2705
2003,16727822,"Kenneth Ryan Dsouza","2026-08-16 10:55:46",0.96510,2,kennethryandsouza
2004,16638586,"Parth Sarnobat","2026-08-30 18:24:57",0.96510,19,parthsarnobat
2005,16644465,"Miles Mule","2026-08-02 22:06:47",0.96510,2,milesmule
2006,16722316,Umut07,"2026-08-19 14:36:49",0.96509,1,habes07
2007,16651822," SAI KARTHIK_7007","2026-08-18 05:15:40",0.96509,2,saikarthik7007
2008,16778435,"Shreyash Kharat","2026-08-28 21:39:55",0.96509,3,shreyashkharat
2009,16659531,Outatime,"2026-08-04 16:21:23",0.96509,1,karlcini
2010,16736089,Voyager_Nine,"2026-08-18 16:25:38",0.96509,2,voyagernine
2011,16726719,Olivier,"2026-08-18 04:56:50",0.96509,4,hoololi
2012,16728898,"Chuah Jong Sik","2026-08-29 16:45:16",0.96509,13,cjosik
2013,16728909,Vinymo,"2026-08-19 11:27:52",0.96509,9,vinymo
2014,16712649,"Vision coders","2026-08-17 13:43:47",0.96508,4,"ashumulik02,vedantnaik06"
2015,16719600,LEFEUFOLLET,"2026-08-14 07:26:41",0.96508,1,lefeufollet
2016,16694635,Skvorec,"2026-08-09 13:03:39",0.96508,7,skvorec0
2017,16721421,"Abdulsamod Azeez","2026-08-14 09:32:50",0.96508,1,abdulsamod1
2018,16707616,"Rizki Surya Nugroho","2026-08-11 13:55:14",0.96507,1,rizkisuryanugroho
2019,16683627,kachiatsu,"2026-08-16 10:35:39",0.96507,1,kachiatsu
2020,16657799,"B Yaswanth Naidu","2026-08-22 19:59:19",0.96507,8,lucdark
2021,16652796,Shash,"2026-08-06 13:07:05",0.96507,2,shashcoder
2022,16695427,sArwar-sHafee,"2026-08-09 11:17:06",0.96507,1,sshhaaffee
2023,16690354,Faheem219,"2026-08-08 15:44:22",0.96506,1,faheem219
2024,16635163,"Edosuyi Enosakhare","2026-08-27 11:15:59",0.96506,6,edosuyienosakhare
2025,16638703,"Sumantra Prajapati","2026-08-05 07:31:16",0.96506,3,sumantraprajapati
2026,16639136,"Divine Oguche","2026-08-05 21:07:50",0.96506,4,divineoguche
2027,16791048,"Pedro Farias","2026-08-31 10:55:43",0.96505,2,pedrosfarias
2028,16759285,Brian74804,"2026-08-22 15:38:39",0.96505,1,tsengchienchih
2029,16783671,"Elif Baydoğan","2026-08-31 14:11:36",0.96505,1,elifbaydogann
2030,16733549,"Francesc Oliveras","2026-08-18 11:27:30",0.96505,2,francescoliveras
2031,16697770,"Sivaramakrishnan G","2026-08-10 07:03:09",0.96505,1,trackcyclist
2032,16727863,"Yanzhe Dong","2026-08-16 10:34:38",0.96505,1,yanzhedong
2033,16660148,"Praveen Kumar Mohan","2026-08-28 16:37:39",0.96505,38,praveenkumar1818
2034,16707529,EddieLK,"2026-08-11 13:17:40",0.96504,2,eddielk
2035,16670062,"Paulo Obnial","2026-08-06 04:22:37",0.96504,1,pauloobnial
2036,16710449,"Adit Bhattarai","2026-08-13 05:08:05",0.96504,1,aditbhattarai
2037,16737043,Aditi,"2026-08-18 12:14:38",0.96504,1,aditi512888
2038,16741355,"Fikri Abdillah","2026-08-29 02:41:59",0.96503,1,fikriabdillah98
2039,16765711,"Jitu Anton","2026-08-24 11:43:33",0.96503,3,jituanton
2040,16782212,hideaki_mizoue,"2026-08-28 02:29:32",0.96502,1,hideakimizoue
2041,16725120,"Repala Manideep","2026-08-16 11:02:44",0.96502,2,repalamanideep
2042,16752410,"Aida Pâncă","2026-08-28 09:20:09",0.96501,2,aidapnc
2043,16750554,"OJO EMMANUEL","2026-08-28 15:29:43",0.96501,1,ojoemmanuelnifemi
2044,16698334,"Ethan J. Schauder","2026-08-11 13:30:11",0.96500,3,ethanjschauder
2045,16790441,"Pinjie Wang","2026-08-29 15:37:32",0.96500,2,pinjiewang
2046,16691242,Niklas,"2026-08-13 17:32:48",0.96500,3,niklasknobel
2047,16746480,"Saawan Rao","2026-08-21 07:32:48",0.96500,2,saawanrao
2048,16759251,chaï,"2026-08-23 13:23:55",0.96500,2,sritichaimae
2049,16779876,"Danylo Kucherenko","2026-08-29 21:26:32",0.96500,15,danylo0501
2050,16736806,"Abhinab SM Chhetri","2026-08-24 18:25:48",0.96499,3,abhinabbudhachheri
2051,16694733,"Sergeev Dima","2026-08-09 13:24:17",0.96499,5,sergeevdima
2052,16685049,Garygao,"2026-08-13 17:03:00",0.96499,2,ziang0211
2053,16712306,"Lis Hdez","2026-08-18 16:39:09",0.96499,6,lishdez
2054,16679623,"JC Alicaway","2026-08-09 04:26:10",0.96498,1,jcalicaway
2055,16643205,귀요미,"2026-08-02 19:12:29",0.96498,2,izasssyyy
2056,16697209,kishorkumarJha,"2026-08-09 19:24:32",0.96498,3,kishor1210
2057,16774507,syyycc,"2026-08-28 02:09:40",0.96498,2,syyycc
2058,16651715,"SAMPAT PRAJAPAT","2026-08-05 11:49:33",0.96498,3,sampatprajapat
2059,16692017,"Anushka Sugandh","2026-08-09 08:26:29",0.96498,2,"anushkasugandh,ayush1318"
2060,16782988,"Mon Chinawat","2026-08-28 08:14:58",0.96498,5,monshinawatra
2061,16755217,SJDPK,"2026-08-30 12:18:27",0.96498,4,"danielwilfried,pascalbanamba,samuelebete"
2062,16652735,"Imai Sakiko (tibenfan)","2026-08-13 14:34:51",0.96497,17,imaisakikotibenfan
2063,16718982,evanrcohen,"2026-08-14 02:23:27",0.96497,1,evanrcohen
2064,16693422,Jincy,"2026-08-09 06:54:57",0.96496,3,softau
2065,16656968,Ancy,"2026-08-20 10:34:12",0.96496,12,ancyneuray
2066,16761773,Andrés,"2026-08-23 11:33:26",0.96496,4,anvega99
2067,16695097,PavanKumar9938,"2026-08-09 12:49:04",0.96496,4,pavankumar9938
2068,16717610,"Narpinder Singh","2026-08-16 14:15:29",0.96495,4,pannu22
2069,16686488,"Fahim Muntasir Sajid","2026-08-13 11:27:53",0.96495,2,fahimms07
2070,16638636,"Aum Patel 131","2026-08-09 09:29:25",0.96495,5,aumpatel131
2071,16637567,tuko_tanzwoo,"2026-08-02 09:22:29",0.96495,3,tukotanzwoo
2072,16768754,Fran2026,"2026-08-25 13:13:27",0.96495,2,fran2026
2073,16769034,"Chirapathleo Saelim","2026-08-31 14:05:17",0.96495,4,chirapathleosaelim
2074,16659992,"shane raphel","2026-08-05 03:07:51",0.96495,3,shaneraphel
2075,16713029,Vux,"2026-08-13 15:27:11",0.96494,3,weiyu85
2076,16679573,mumjum,"2026-08-29 04:46:39",0.96494,7,mumjum
2077,16741166,Novem,"2026-08-19 06:06:09",0.96494,1,novem18
2078,16705120,"Samuel Anklesaria","2026-08-11 21:13:36",0.96493,2,samuelanklesaria
2079,16696832,"Andriy Mysko","2026-08-19 22:54:01",0.96493,1,andriymysko
2080,16639652,kansyo,"2026-08-09 03:28:05",0.96492,1,kansyo
2081,16724502,doutianlin,"2026-08-15 09:03:00",0.96492,1,doutianlin
2082,16705847,"Shshank Singh","2026-08-13 19:04:59",0.96492,2,shshank7
2083,16731134,"Yehezkiel Haganta","2026-08-25 11:11:13",0.96492,12,yehezkielhaganta
2084,16771812,khan,"2026-08-26 09:14:52",0.96492,2,kuhnsalgo
2085,16649178,Buggy,"2026-08-18 07:53:49",0.96492,15,buggy7073
2086,16675304,"Ryotaro Minato","2026-08-25 21:28:03",0.96491,2,ryotarominato
2087,16702261,"Jarosław Klepadło","2026-08-21 22:10:12",0.96491,2,jarosawklepado
2088,16667982,xuanxuan496,"2026-08-21 05:02:20",0.96491,33,xuanxuan496
2089,16715985,"Devesh Kadam","2026-08-24 11:04:11",0.96491,1,deveshkadam969
2090,16735090,"DEV RAJ SINGH","2026-08-18 04:36:55",0.96490,2,devrajsingh04
2091,16635955,"MD Nahid","2026-08-29 09:59:02",0.96490,1,mdnahidhossain0
2092,16777738,"PANKAJ MAITY","2026-08-29 17:23:28",0.96490,4,pnkj006
2093,16652042,"wildfire kindle","2026-08-04 04:16:59",0.96489,7,wildfirekindle
2094,16729601,"Ankita Chakrawarti","2026-08-29 15:23:51",0.96489,4,ankitachakrawarti
2095,16661769,chanmari_chan,"2026-08-10 10:20:52",0.96489,4,chanmarichan
2096,16770853,orangede,"2026-08-31 07:45:04",0.96489,2,orangede
2097,16766985,"Yoho Ten","2026-08-27 10:17:03",0.96489,6,yohoten
2098,16661380,"Andrey Khamitov","2026-08-08 10:20:31",0.96488,3,cucloo
2099,16748850,kunal_singh,"2026-08-22 14:39:54",0.96488,5,kunalsingh100
2100,16640366,"Thomas Meißner","2026-08-03 07:38:55",0.96488,4,thomasmeiner
2101,16725365,"Robert Šebánek","2026-08-16 13:31:03",0.96487,3,robertseb
2102,16695363,"Turnai Bálint","2026-08-17 14:50:33",0.96487,5,turnaiblint
2103,16715785,WOWTIMWOW,"2026-08-13 07:10:31",0.96487,2,wowtimwow
2104,16663763,"Orlando Virginio Penha Junior","2026-08-08 21:02:02",0.96487,4,orlandovpjunior96
2105,16736274,"B Chaitrashree","2026-08-18 12:43:34",0.96487,3,bchaitrashree
2106,16723831,"Feras Saad","2026-08-29 02:01:34",0.96486,1,ferassaad
2107,16639383,Osku,"2026-08-10 05:04:16",0.96486,1,oskutee
2108,16726843,Mehdiii,"2026-08-27 01:04:49",0.96485,12,mehdifalta
2109,16708675,shpg,"2026-08-28 00:45:33",0.96485,1,shpatrickguo
2110,16768809,"Mukilan A.R.","2026-08-29 04:06:07",0.96485,2,mukilanar
2111,16712206,RAYMOND3274872379,"2026-08-14 07:49:12",0.96485,6,raymond3274872379
2112,16791310,rjo1357,"2026-08-30 15:20:47",0.96485,6,rjo1357
2113,16662359,"Dr Anil Kumar Dubey","2026-08-06 04:14:24",0.96485,5,dranilkumardubey
2114,16640236,"Vijesh Kumar 45","2026-08-03 13:50:31",0.96485,4,vijeshkumar45
2115,16701692,Yuk!,"2026-08-12 14:43:30",0.96484,5,mitsuyukiokamura
2116,16725116,"Maize Dough","2026-08-15 11:44:32",0.96484,1,maizedough
2117,16635649,"Taha Zarei","2026-08-01 18:11:26",0.96484,1,tahazarei
2118,16652748,_anji___,"2026-08-11 13:54:05",0.96484,16,swathivenugopal
2119,16696362,dongfangdaguo,"2026-08-09 22:18:00",0.96484,1,dongfangdaguo
2120,16637947,rootenter,"2026-08-01 21:07:54",0.96483,1,rootenter
2121,16676136,"SaiPrasanth S Naidu","2026-08-22 14:25:06",0.96483,1,saiprasanthsnaidu
2122,16732491,Adarsh_Balu,"2026-08-22 04:33:21",0.96483,1,kattapa07
2123,16775407,rodea0952,"2026-08-29 10:36:31",0.96482,3,ryutohosokawa
2124,16779038,"Subhankar Kanrar","2026-08-29 21:16:16",0.96482,1,subhankarkanrar
2125,16780183,"Lokesh Lalan","2026-08-28 11:38:52",0.96482,2,lokeshlalan
2126,16761295,"Shashank jadhav","2026-08-29 18:27:51",0.96481,2,shashankjadhav123
2127,16725732,"Marcelo Kenji Noda","2026-08-15 21:54:32",0.96481,1,marcelokenjinoda
2128,16712736,Lilith,"2026-08-13 15:49:16",0.96481,4,lilith12
2129,16639848,"Pratish Chaudhary","2026-08-14 03:35:01",0.96480,3,pratishchaudhary
2130,16737616,"Kangan Mane","2026-08-31 12:53:08",0.96480,3,"chavanshreyababaso,kanganmane"
2131,16767362,"Rohit Kumar #4","2026-08-24 18:31:41",0.96480,1,rkrohitkumar
2132,16640766,Timur,"2026-08-09 20:50:01",0.96479,4,timur82
2133,16635443,"Kirill Filippov","2026-08-30 19:17:02",0.96479,33,tayadj
2134,16633751,"Rahib Vk","2026-08-06 11:26:55",0.96479,2,rahibvk
2135,16790151,Astrodry,"2026-08-29 18:23:56",0.96479,1,astrodry
2136,16759788,"Kam Mehr","2026-08-23 12:29:15",0.96479,2,kammehr
2137,16633801,"KOUSHIK KUMAR DINDA","2026-08-26 14:09:36",0.96479,12,koushikkumardinda
2138,16740057,"Muhammad Ammar Jamali","2026-08-19 21:12:20",0.96478,3,muhammadammarjamali
2139,16656238,"Singkwun Law","2026-08-24 08:40:51",0.96478,1,singkwunlaw
2140,16750712,"Apara Medhaavulu","2026-08-21 00:32:37",0.96478,4,"indrasenareddy18,narasimhanaidu7"
2141,16725875,"Dami Lä","2026-08-15 21:59:01",0.96477,2,damilae99
2142,16696415,tsubasacat,"2026-08-09 15:40:31",0.96477,3,tsubasacat
2143,16635271,Koostik126,"2026-08-11 17:10:43",0.96477,7,kostya138
2144,16667076,"Abdelhafid Ammari","2026-08-05 13:53:45",0.96477,3,abammari
2145,16691500,"Vishal Rawat","2026-08-12 08:09:18",0.96476,2,vrawatai
2146,16718559,"Algo Champ 300","2026-08-14 11:35:30",0.96476,7,algochamp300
2147,16737765,ally03,"2026-08-18 18:02:00",0.96476,2,ally03
2148,16758478,wanny0213,"2026-08-22 11:55:51",0.96476,1,wanny0213
2149,16736440,"Neha samanvitha","2026-08-24 12:36:33",0.96474,2,nehasamanvitha
2150,16711511,"Moataz Hindy","2026-08-19 18:47:43",0.96474,3,moatazhindy
2151,16707559,"Sueda Kazan","2026-08-16 15:30:06",0.96473,4,suedakazan
2152,16737501,"Andrew Reed","2026-08-20 01:29:05",0.96473,4,andrewreed
2153,16782563,"Masaaki Nabeshima","2026-08-28 16:54:56",0.96473,1,masaakinabeshima
2154,16730939,"Bhargav Bheemani","2026-08-17 13:05:47",0.96473,1,bhargavbheemani
2155,16768932,yanghsu0302,"2026-08-25 07:14:11",0.96472,2,yanghsu0302
2156,16764437,"George Ward1995","2026-08-24 07:06:40",0.96472,2,georgeward1995
2157,16716361,"vaishnavi gurav","2026-08-14 10:44:19",0.96471,1,vaishnavigurav2005
2158,16721562,"Misba Mestri","2026-08-14 11:22:28",0.96471,2,misbamestri
2159,16690727,"Varun Chourasia","2026-08-31 08:37:49",0.96471,2,varunchourasia
2160,16758326,"Rahul Joshi","2026-08-23 07:45:01",0.96471,3,rahuljoshi08
2161,16716417,"GOLE SHRIRAJ RAVINDRA","2026-08-15 11:35:09",0.96470,6,goleshrirajravindra
2162,16634344,"Nabil Shahab","2026-08-01 09:36:42",0.96470,6,nabilshahab
2163,16639081,"Prithwiswar Bhattacharya","2026-08-08 18:32:04",0.96470,1,prithwiswarbhatt
2164,16760356,"Román Eliezer Pérez Ríos","2026-08-23 02:57:27",0.96469,1,perezrios
2165,16652862,"João Felix","2026-08-27 19:54:53",0.96469,8,joaosilvafelix
2166,16635325,0x3f1,"2026-08-05 07:21:16",0.96468,3,psy1009
2167,16740024,"TAHMI NESRINE","2026-08-31 02:07:39",0.96468,5,tahminesrine
2168,16717168,"Shao huaaa","2026-08-14 05:43:17",0.96468,3,shaohuaaa
2169,16685981,Wittzy,"2026-08-08 15:30:44",0.96468,3,wittzy
2170,16708494,"Dolev Graizer","2026-08-12 11:58:06",0.96468,1,dolevgraizer
2171,16634541,AnishkaRatnawat2,"2026-08-01 06:36:41",0.96468,2,anishkaratnawat2
2172,16662698,"andrea rosati1","2026-08-21 09:34:47",0.96467,1,andrearosati1
2173,16671308,"Joohyun Kim","2026-08-13 09:44:23",0.96467,5,teeeekay
2174,16655513,Morningpaper053,"2026-08-05 09:12:27",0.96466,5,morningpaper053
2175,16757705,C1tr3s,"2026-08-22 11:44:21",0.96466,2,c1tr3s
2176,16689136,"krishanu shah","2026-08-09 17:16:05",0.96465,8,krishanushah
2177,16716444,"Rutuja Mhalungekar","2026-08-14 04:00:31",0.96465,2,rutujamhalungekar
2178,16723463,"Meryem Kevser Keskin","2026-08-22 10:35:25",0.96465,5,meryemkevserkeskin
2179,16716913,"PATIL GAYATREE BHARAT","2026-08-17 17:05:54",0.96464,19,patilgayatreebharat
2180,16691114,"Gaurav Kumar","2026-08-25 03:50:48",0.96464,4,varuag799
2181,16716419,"MAGAR OMKAR VITHAL","2026-08-31 06:11:55",0.96464,5,magaromkarvithal
2182,16657425,"Kento Arakawa","2026-08-31 05:55:21",0.96464,5,kentoarakawa
2183,16713212,DevashishSoni123,"2026-08-31 16:00:49",0.96463,8,devashishsoni123
2184,16706990,Muhammad_Mohsin.Ahmad,"2026-08-19 09:41:42",0.96463,1,muhammadmohsinahmad
2185,16634915,kozyunderblanket,"2026-08-01 10:55:14",0.96462,1,bigbddgccibrgr
2186,16634690,"Valentin Kalemba","2026-08-05 22:37:14",0.96462,2,valentinkalemba
2187,16686325,"Kavya Shankar","2026-08-08 14:16:35",0.96462,1,kavyashankar0625
2188,16759514,"Yahaya Kabir","2026-08-30 16:18:54",0.96462,1,yahayakabir02
2189,16751243,"Random Student in Korea","2026-08-24 00:41:04",0.96462,1,randomstudentinkorea
2190,16724369,"Sudhanshu  Bajpai 01","2026-08-28 14:28:33",0.96461,2,sudhanshubajpai01
2191,16698189,cici0814,"2026-08-11 03:26:24",0.96461,3,cici0814
2192,16636082,"Mayank Saini","2026-08-30 10:25:37",0.96461,1,doracratermayank
2193,16641200,"Zobayer Abdullah","2026-08-04 06:31:47",0.96461,4,zobayerabdullah
2194,16758398,"Frederick Osei Ofori-Boadu","2026-08-27 12:18:09",0.96460,1,foobah
2195,16733722,kirinCool,"2026-08-21 08:15:28",0.96460,2,kirincool
2196,16766242,"Rishikesh Beliya","2026-08-29 11:04:57",0.96460,1,rishikeshbeliya
2197,16745600,stunningvn,"2026-08-20 04:15:49",0.96459,2,dedquoc
2198,16758623,LuanHengYu,"2026-08-22 13:48:13",0.96459,4,apexml
2199,16707793,Fedor,"2026-08-12 12:21:34",0.96459,4,physhock
2200,16714515,Kivanc,"2026-08-12 22:48:29",0.96459,3,kivanc49
2201,16717767,"1123_Lê Trung Kiên","2026-08-13 15:57:27",0.96459,2,ltrungkin33
2202,16737002,Monotoni,"2026-08-18 14:12:16",0.96458,2,monotoni
2203,16728629,hariniii_29,"2026-08-16 15:43:24",0.96458,1,hariniii29
2204,16793977,last2k4,"2026-08-30 18:53:56",0.96457,1,last2k4
2205,16711672,Gaurav_065,"2026-08-17 11:48:40",0.96457,3,gaurav065
2206,16661366,Gabriel,"2026-08-04 14:27:27",0.96456,1,gabeshaps
2207,16698513,StevenKuo,"2026-08-10 03:08:54",0.96456,1,stevenkuo1025
2208,16697389,"SIVA S","2026-08-31 07:03:00",0.96456,230,codingmaster24
2209,16667713,"Yash Mehrotra","2026-08-05 14:11:40",0.96455,1,yashmehrotraa
2210,16795118,LULU,"2026-08-31 09:08:52",0.96455,3,"luluwenhaolulu,qingwending"
2211,16761599,chiclhn,"2026-08-23 10:13:13",0.96455,1,chiclhn
2212,16746201,RoshniSingh_CSE24,"2026-08-30 03:24:16",0.96455,2,roshnisgh
2213,16690803,c0d3l0v3r,"2026-08-08 12:14:21",0.96454,2,dchehe
2214,16738600,Khuuhaku,"2026-08-23 13:05:17",0.96454,1,alexanderefraim
2215,16694637,Overth1nk,"2026-08-09 18:29:56",0.96454,2,overth1nk
2216,16720654,"Shraddha Balaso Patil","2026-08-14 07:34:28",0.96454,2,shraddhabalasopatil
2217,16770158,"Satrio Budi pratama","2026-08-25 13:21:00",0.96453,1,satriobudipratama
2218,16771051,"Gavin Ardhijaya","2026-08-25 13:38:09",0.96453,1,gavinardhijaya
2219,16641306,"Jagatheesan Nachimuthu","2026-08-14 08:18:25",0.96453,3,jagatheesann
2220,16653191,"Jai Sai kamal","2026-08-10 06:00:31",0.96453,1,jaisaikamal
2221,16670109,"Artyom Sayapin","2026-08-09 15:39:12",0.96453,1,spielmeister
2222,16733000,"Sobhan Mahmoudi","2026-08-17 18:37:18",0.96453,1,sobhanmahmoudi
2223,16635616,DanilGorshkov,"2026-08-07 12:31:52",0.96452,7,danilgorshkov
2224,16638067,"Alissa King","2026-08-01 19:49:30",0.96452,1,alissaking
2225,16639091,"Mike Johnson","2026-08-02 02:43:30",0.96452,2,mrjohnsonsea
2226,16771926,"Pabitra Pal","2026-08-28 22:24:15",0.96452,1,pabitrapal07
2227,16633736,kabhishm,"2026-08-03 17:47:45",0.96452,1,kabhishm
2228,16740169,"TASHTEMIROV JAVOKHIR","2026-08-27 05:28:25",0.96452,3,javokhirjon
2229,16718384,"Salma Nageh","2026-08-13 23:28:01",0.96452,1,salmanageh
2230,16759036,"Szymon Bogusz","2026-08-29 14:39:17",0.96451,6,shymoff
2231,16675729,"Sarp Esenli","2026-08-12 15:21:21",0.96451,2,sarpda
2232,16750674,"Shubham Kumar","2026-08-20 21:32:26",0.96450,1,shubhamkasyap
2233,16745107,"Daniele Brunetto","2026-08-22 10:00:53",0.96450,2,danielebrunetto
2234,16717191,"Pushti Sapovadiya","2026-08-25 11:28:31",0.96449,5,pushtisapovadiya
2235,16668875,Nokish,"2026-08-13 09:41:39",0.96449,16,nikitasem
2236,16663914,"Aditya Dube","2026-08-05 00:12:52",0.96448,1,dubeaditya
2237,16747514,Mmt11b,"2026-08-20 09:54:39",0.96448,1,mmt11b
2238,16634594,おかゆん,"2026-08-31 00:15:00",0.96447,6,okayun
2239,16703621,Tigerone1945,"2026-08-15 09:32:31",0.96447,1,yozomaeda
2240,16714087,Prakhar_23f3003469,"2026-08-30 20:33:36",0.96447,8,prakhar23f3003469
2241,16725516,"SAMARTH ZAVERI","2026-08-26 02:31:21",0.96447,4,samarthzaveri
2242,16696230,"Adnan Iqbal Kantroo","2026-08-16 18:15:48",0.96447,3,adnanik23
2243,16760409,"Hossam Elshahaby","2026-08-31 07:13:07",0.96447,1,elshahaby
2244,16715690,pmsarea0662,"2026-08-13 06:50:01",0.96446,7,pmsarea0662
2245,16691459,"Salvatore Ucchino","2026-08-08 15:44:26",0.96445,1,devsu88
2246,16653084,"haoran huang430","2026-08-03 15:20:56",0.96445,1,haoranhuang430
2247,16728602,jibola,"2026-08-30 18:28:20",0.96445,3,jbritz
2248,16716237,"Kenjiro K","2026-08-28 21:10:50",0.96445,6,kenjirok
2249,16675233,Dmitry_Nikolaev53,"2026-08-10 12:32:10",0.96445,2,dmitrynikolaev53
2250,16715806,"Tejaswa Gupta","2026-08-14 09:35:10",0.96444,2,tejaswagupta
2251,16674756,"Krystian Łata","2026-08-10 08:31:49",0.96444,2,krystianlata
2252,16635082,CodeBlooded,"2026-08-01 15:34:48",0.96443,2,divyanshkumar3
2253,16652618,"Muhammad Zalan","2026-08-04 13:44:07",0.96442,4,mohammadzalan1
2254,16790689,skbhai07,"2026-08-31 15:08:32",0.96440,2,skbhai07
2255,16667829,"Ladipo Samson","2026-08-06 06:37:37",0.96440,1,ladiposamson
2256,16718972,"Gabriela Słomiany","2026-08-30 14:57:45",0.96440,1,gabrielasomiany
2257,16639978,"Utsav Sarkar","2026-08-02 05:33:30",0.96440,1,utsavsarkar
2258,16715800,"Front Benchers","2026-08-31 06:33:25",0.96439,1,"tanishsingh25,ujjwal0414,varundixit02"
2259,16653940,Sash,"2026-08-13 19:42:26",0.96439,8,sa4444
2260,16651465,legtso,"2026-08-11 13:06:25",0.96438,17,samcaton
2261,16766793,"Team AM","2026-08-30 12:17:18",0.96438,1,akhilesh119
2262,16662994,"Akanksha Sahai","2026-08-05 00:34:18",0.96438,1,akgoesplaces
2263,16708903,"Gigin George Mathew","2026-08-14 12:02:22",0.96438,11,gigingeorgemathew
2264,16743550,"Zoltan Ersek","2026-08-19 15:31:21",0.96438,1,zoltanersek
2265,16731615,"Alireza Ziglary","2026-08-23 10:57:41",0.96437,1,alirezaziglary
2266,16795447,"Seungmin Choi","2026-08-31 13:37:57",0.96437,1,gs18113
2267,16714369,"Fred kiboga","2026-08-13 13:27:57",0.96435,1,fredkiboga
2268,16692149,yawwpa,"2026-08-23 06:31:22",0.96435,3,yawwpa
2269,16760891,fxywhs,"2026-08-23 05:44:50",0.96434,2,fxywhs
2270,16634207,"Razan Ihab","2026-08-02 10:52:22",0.96434,3,razanihababdellatif
2271,16733114,AmjedCP7,"2026-08-17 16:55:46",0.96434,1,amjedcp7
2272,16701635,"Joe Levine","2026-08-19 17:36:09",0.96433,16,josephlevine
2273,16659122,"sai varshith chilukuri","2026-08-07 06:37:41",0.96433,4,saivarshithchilukuri
2274,16653295,Kazoric,"2026-08-25 11:08:21",0.96432,6,kazoric
2275,16635088,ocean240812,"2026-08-06 08:53:57",0.96432,11,ocean240812
2276,16727220,"Jason Lam","2026-08-31 13:15:14",0.96432,33,jlam83
2277,16684212,Vishal0407,"2026-08-12 03:51:05",0.96432,13,vishal0407
2278,16769612,ssssying,"2026-08-26 13:53:59",0.96431,3,ssssying
2279,16696284,Dimitxi,"2026-08-09 16:06:21",0.96431,5,dimitxi
2280,16638920,ReSeP,"2026-08-10 15:24:10",0.96431,2,liverfool
2281,16699204,imkymn,"2026-08-10 15:13:32",0.96431,1,imkymn
2282,16691025,michelle_nicai_rose,"2026-08-08 16:23:53",0.96431,1,michellenicairose
2283,16690441,"Ojas Rohatgi","2026-08-08 14:01:39",0.96430,3,ojasrohatgi
2284,16634285,SuprithaR_6,"2026-08-01 07:49:48",0.96430,1,suprithar6
2285,16738917,"Ibn Tasfaoud AZANWO","2026-08-25 18:56:48",0.96429,5,ibntasfaoudazanwo
2286,16640076,"Harshith Kumar Chitluri","2026-08-07 11:15:11",0.96429,7,harshithchitluri
2287,16639956,"Dyachenko Maksim","2026-08-02 07:03:56",0.96429,3,dyachmak
2288,16635557,"Nitish Kumar","2026-08-02 05:08:58",0.96428,2,nitish9117
2289,16672239,"Peach Hunter","2026-08-06 07:01:00",0.96428,5,peachhunter
2290,16635087,"Parastoo F","2026-08-05 16:20:37",0.96428,2,prfa9877
2291,16634970,FeatheredSongster,"2026-08-05 12:25:50",0.96428,2,featheredsongster
2292,16713758,"Sai Rama Karthikeya Annamareddy","2026-08-26 11:50:19",0.96428,3,karthikeya527
2293,16701319,msemyonov,"2026-08-11 07:21:11",0.96427,3,msemyonov
2294,16714170,Funtik,"2026-08-26 15:22:40",0.96427,2,"arsenyvetkasov,brattsew"
2295,16774718,Azzam,"2026-08-29 12:20:06",0.96427,1,iltizamhasann
2296,16716983,ComradeV7,"2026-08-16 18:13:30",0.96426,3,comradev7
2297,16713137,Eddie,"2026-08-12 18:36:56",0.96426,1,eddie1307
2298,16732456,Ananya.K.Bijoy,"2026-08-30 17:34:05",0.96425,1,ananyakbijoy
2299,16695908,"Brian Shaw","2026-08-11 08:12:34",0.96425,1,shortpathfirst
2300,16739132,"Subhadip Khawas","2026-08-19 21:19:52",0.96425,2,subhadipkhawas
2301,16725668,"Alexander Kleymenov","2026-08-15 16:24:43",0.96424,3,alexanderkley
2302,16655349,"Adrián Kanuščák","2026-08-04 20:27:12",0.96424,2,adrinkanuk
2303,16701513,gulfan,"2026-08-23 10:51:20",0.96423,7,gulfan
2304,16657147,"Harsh Sharma","2026-08-05 17:38:06",0.96422,2,harshsharma2704
2305,16761550,Pruthviii1,"2026-08-24 18:20:36",0.96421,1,pruthviii1
2306,16664207,TeeSlayer,"2026-08-05 04:56:24",0.96421,3,kraiyoswanna
2307,16665956,Caochenyu,"2026-08-16 09:08:29",0.96421,1,ccwell
2308,16643257,"Tanushree Pandya","2026-08-16 10:44:20",0.96421,4,tanushreepandya
2309,16634379,"Riya Raj","2026-08-04 07:01:01",0.96420,6,riyaraj9
2310,16635919,"Shubham Mali","2026-08-13 13:08:07",0.96420,5,shubham1790
2311,16698552,"Vasanth Dhanagopal","2026-08-14 03:04:18",0.96420,1,vasanth03
2312,16639614,"Guoquan Liu","2026-08-03 00:20:13",0.96419,11,guoquanliu
2313,16698432,Namhh.BTC,"2026-08-10 03:35:18",0.96419,1,haixuanxs
2314,16709412,Vivek1548,"2026-08-20 16:24:59",0.96418,3,vivek1548
2315,16710567,"MOHAN NARALASETTI","2026-08-25 14:55:21",0.96418,3,mohannaralasetti
2316,16718603,"Neel Pavale","2026-08-25 14:04:40",0.96417,2,neelpavale
2317,16728503,"Meryem İnalkaç","2026-08-30 21:49:35",0.96417,10,meryemnalka
2318,16634838,krrishk0406,"2026-08-08 14:46:06",0.96416,12,krrishk0406
2319,16714117,"Waithaka Waweru","2026-08-13 13:40:48",0.96416,1,waithakawaweru
2320,16635122,"Alwan Adiuntoro","2026-08-15 13:36:58",0.96416,1,alwanadiuntoro
2321,16676749,ZoBenali,"2026-08-20 19:08:43",0.96415,3,zobenali
2322,16745009,"AL MUKSITU","2026-08-28 14:07:02",0.96414,16,abdullahsoa
2323,16771003,"Roy Hsu","2026-08-25 15:17:19",0.96414,4,royhsu1012
2324,16729409,"KRISHNA SIMHA","2026-08-17 05:38:03",0.96414,2,krishnasimha
2325,16757896,"Meherose Hossain Tasnia","2026-08-24 07:56:28",0.96412,6,meherosetasnia
2326,16635244,"Pluto Lee","2026-08-14 13:17:13",0.96412,1,plutolee
2327,16667180,zhaoyongbo,"2026-08-07 06:35:39",0.96412,5,zhaoyongbo
2328,16711710,"Yuanxin Qin","2026-08-12 09:47:41",0.96412,4,yuanxinqin
2329,16658040,dwinging,"2026-08-05 09:12:19",0.96411,3,dwinging
2330,16739848,qamro,"2026-08-25 20:12:32",0.96411,4,qamrodz
2331,16676458,Prakash,"2026-08-30 15:24:25",0.96410,19,mlkash
2332,16641525,Nayeemul_Islam909,"2026-08-05 19:22:03",0.96410,2,nayeemulislam909
2333,16691606,"Ayaan Shaheer","2026-08-08 18:39:10",0.96410,1,ayaanshaheer
2334,16653360,রোদশী,"2026-08-22 08:00:02",0.96410,14,nuzhatbintenazim
2335,16779666,yanis_lou,"2026-08-27 13:49:07",0.96409,3,yanislou
2336,16756761,"Abiola O. Olaleye","2026-08-21 23:45:09",0.96409,1,abiolaoolaleye
2337,16710258,"Pranaja ","2026-08-14 12:10:55",0.96408,1,pranaja
2338,16669646,"Olavo Longo","2026-08-08 18:05:28",0.96407,2,olavolongo
2339,16724552,"okoli chidera","2026-08-27 12:45:05",0.96407,4,okolichidera
2340,16790352,lilvyduba,"2026-08-30 22:17:40",0.96407,1,lilvyduba
2341,16794872,"Milan Kumar","2026-08-31 13:17:04",0.96407,2,raimilanbr22
2342,16694141,"SK N@J","2026-08-09 07:30:43",0.96406,1,shaikhnajiba
2343,16705012,Dong,"2026-08-17 05:09:04",0.96404,6,dongstat
2344,16743040,Shraddha,"2026-08-19 15:15:07",0.96404,1,shraddhaanap
2345,16710735,dustbeast,"2026-08-13 10:42:56",0.96404,4,dustbeast
2346,16727259,"Hao Hongli","2026-08-19 06:41:21",0.96404,16,haohongli
2347,16722635,"Vincent Heng","2026-08-15 15:55:02",0.96403,3,vincenthwq
2348,16643158,GoureeshChandra3241,"2026-08-02 20:46:15",0.96403,1,goureeshchandra3241
2349,16724493,"Mahidi Hasan Mithun","2026-08-23 08:47:48",0.96403,1,mahidihasanmithun
2350,16675730,"Julien Peyrelon","2026-08-06 15:33:59",0.96403,2,julienpeyrelon
2351,16700024,"Somil Pandagre","2026-08-11 09:17:21",0.96399,4,somilpandagre
2352,16778745,"Sukma Ramadhan A","2026-08-31 03:30:40",0.96399,1,sukmaramadhana
2353,16665484,"Liu Shiyu","2026-08-05 08:09:46",0.96398,1,eloiseliu0906
2354,16685489,"Dmitriy Novak","2026-08-07 15:59:35",0.96397,1,dmitriynovak
2355,16716919,"MANE SANIYA NILKANTH","2026-08-21 13:03:34",0.96397,10,manesaniyanilkanth
2356,16713284,"Nathalia Mainenti","2026-08-12 21:15:39",0.96396,3,nathaliamainenti
2357,16647926,"Ziad Roshdy","2026-08-18 19:43:20",0.96396,2,ziadzika
2358,16713090,siro28844,"2026-08-12 16:00:56",0.96396,1,siro28844
2359,16694730,"Арсений Н","2026-08-09 13:39:46",0.96394,10,paparola
2360,16699101,"valentine mwai","2026-08-14 20:51:53",0.96393,2,valentinemwai
2361,16766264,"Ahmed Abdulkadir Afrah","2026-08-25 18:15:37",0.96393,2,kaafijohn
2362,16765596,peter_22,"2026-08-28 07:50:55",0.96392,2,ssah2025
2363,16635461,AnimeTano,"2026-08-01 14:48:55",0.96391,4,animetano
2364,16721447,"Loïc FERON","2026-08-14 10:01:30",0.96390,1,ciooll
2365,16652412,"Tyom Papiyan","2026-08-04 02:29:32",0.96390,8,tyompapiyan
2366,16758635,"Samar Nidal","2026-08-26 19:32:57",0.96390,1,samarnidal
2367,16762965,guoyili666,"2026-08-23 16:27:58",0.96390,1,guoyili666
2368,16731344,"Utkarsh #2","2026-08-18 17:12:53",0.96390,1,neuronomad07
2369,16705989,"Alexandr A","2026-08-17 12:57:29",0.96389,1,shkeela
2370,16635963,"Busya PRIME","2026-08-31 00:30:22",0.96389,2,busyaprime
2371,16733161,"Yash Kadam","2026-08-23 17:15:25",0.96388,1,yashkadam15
2372,16759707,"Sohith Patha","2026-08-24 12:30:50",0.96388,5,sohithpatha
2373,16769156,"Abhishek Mishra112","2026-08-29 06:22:14",0.96387,5,abhishekmishra112
2374,16665948,"Karan #2","2026-08-14 14:26:15",0.96386,6,teamaker
2375,16656330,"pineapples on pizza","2026-08-06 04:36:30",0.96386,4,ozhou1
2376,16634240,Devashish,"2026-08-19 03:12:14",0.96385,3,devashish001
2377,16674726,"Aakash Semwal15","2026-08-08 18:07:16",0.96384,6,aakashsemwal15
2378,16684749,"DIGANTA DIASI","2026-08-07 13:57:22",0.96383,1,digantadiasi
2379,16701099,Salmon,"2026-08-13 13:01:09",0.96383,10,akito31
2380,16678612,"Yoshi Igarashi","2026-08-08 22:20:55",0.96383,3,yoshiigarashi
2381,16771744,Nupur11,"2026-08-26 14:29:18",0.96382,2,nupur1298
2382,16719122,HamzaChaudhry52,"2026-08-15 18:42:44",0.96382,3,hamzachaudhry52
2383,16732227,"Shinichi Monden","2026-08-31 14:12:58",0.96382,14,shinichimonden
2384,16700240,Ishtiaq,"2026-08-12 21:11:35",0.96382,7,ishtiaq01
2385,16692119,"ِِAmer Ziad","2026-08-08 19:38:53",0.96382,1,amer2121
2386,16768935,YAY,"2026-08-31 05:56:19",0.96381,5,yinauyeung
2387,16715701,"Jordan Smith","2026-08-13 12:39:57",0.96381,10,denominated
2388,16783769,"Sakshi Navalee","2026-08-28 20:19:20",0.96380,5,sakshinavalee
2389,16739197,"Anant Thakkur","2026-08-31 10:50:50",0.96380,2,anantthakkur
2390,16683674,"Omar Faruq","2026-08-27 14:57:47",0.96379,10,stellaromar
2391,16752020,johnnyee,"2026-08-22 02:54:37",0.96379,2,johnnyee
2392,16636374,yunsuxiaozi,"2026-08-01 13:23:11",0.96377,2,yunsuxiaozi
2393,16702657,"Zanan Pech","2026-08-17 05:36:09",0.96377,3,zananpech
2394,16696788,"Hüseyin Yıldırım","2026-08-09 17:58:15",0.96377,1,hsynyildirim
2395,16772757,"Yuji Fukumoto","2026-08-27 05:28:06",0.96377,2,yujitest
2396,16767544,"Danish Adam","2026-08-29 22:51:04",0.96377,6,danishpythonian
2397,16643732,"Ventie Ravelle","2026-08-02 17:37:29",0.96376,1,ventieravelle
2398,16762094,"Тарас Моторин","2026-08-25 16:42:50",0.96376,2,tarasmotorin
2399,16690176,"Dénes Tóth","2026-08-10 13:26:53",0.96376,5,dnestth99
2400,16663294,"Ryan Finer","2026-08-31 03:16:13",0.96375,4,ryanfiner
2401,16685222,"P.Lakshmi Sainath Reddy","2026-08-17 18:15:24",0.96374,2,plakshmisainathreddy
2402,16652612,"Mr. toxick","2026-08-06 12:27:41",0.96374,3,mrtoxick
2403,16721819,"wira putu","2026-08-14 17:24:12",0.96374,3,wiraputu
2404,16663744,"Taro Ami","2026-08-04 23:37:17",0.96374,1,teanyn
2405,16669795,S.S,"2026-08-05 19:02:54",0.96374,1,domy29
2406,16655110,Osmond,"2026-08-04 12:31:39",0.96374,8,osmond20006
2407,16699348,TTbndgd,"2026-08-10 07:02:51",0.96373,1,ttbndgd
2408,16660132,"praveen kumar18181818","2026-08-25 12:45:01",0.96373,6,praveenkumar18181818
2409,16665409,Wuhuahuichun,"2026-08-06 08:05:15",0.96372,2,wuhuahuichun
2410,16732569,Bekchentaeva,"2026-08-18 07:56:27",0.96372,2,bekchentaeva
2411,16698447,"Song Kyeong Eun","2026-08-11 01:39:44",0.96371,4,ske9314
2412,16734043,"Ahmet Kiraz","2026-08-18 13:13:56",0.96371,2,ahmetqiraz
2413,16728767,jinhaworld,"2026-08-16 13:45:10",0.96370,2,jinhaworld
2414,16653863,"Akash Prajapati","2026-08-27 13:11:24",0.96370,4,akashprajapati01
2415,16692636,"Fahad Hussain","2026-08-09 04:23:00",0.96370,1,ohfaddy
2416,16747122,"Srushti Yadav 22","2026-08-20 17:31:05",0.96369,6,srushtiyadav22
2417,16723883,"Gentral Gresham","2026-08-17 22:17:45",0.96369,8,gentralgresham
2418,16742461,"fehmida fajar","2026-08-19 11:57:10",0.96369,1,fehmidafajar
2419,16717759,"Raghad Al-Shareef","2026-08-20 12:03:45",0.96368,14,raghadalshareef
2420,16721824,"Farel Arden","2026-08-14 14:09:02",0.96368,1,farelarden
2421,16749355,FiorellaT,"2026-08-28 21:00:07",0.96368,1,fiorellat
2422,16686759,"Sumay Tode","2026-08-08 13:12:41",0.96367,4,sumaytode
2423,16652467,"Siddhu Jaykay","2026-08-03 12:13:37",0.96367,2,siddhujaykay
2424,16640422,VedangBhardwaj_0114,"2026-08-09 10:27:15",0.96365,12,vedangbhardwaj0114
2425,16635235,"wenjian Lv","2026-08-02 09:52:02",0.96364,6,wenjianlv
2426,16775402,"Lord Official","2026-08-28 22:58:23",0.96362,1,lordofficial
2427,16652532,hiro909890,"2026-08-09 10:36:11",0.96362,4,hiro909890
2428,16719339,"Abhinav Bangar","2026-08-29 13:26:58",0.96362,4,abhinavbangar
2429,16795283,xiaoyu,"2026-08-31 13:31:30",0.96361,1,xyxinyu
2430,16686059,"Abhay sarkar","2026-08-08 02:51:15",0.96361,4,abhaysarkarai
2431,16633972,"Avik Das","2026-08-01 13:08:19",0.96361,2,avikdas567
2432,16736946,kapilsingh99893,"2026-08-18 12:28:00",0.96360,2,kapilsingh99893
2433,16644353,"Gabriel Guzman","2026-08-02 21:41:26",0.96360,2,ggguzm
2434,16640031,Fuagra,"2026-08-04 13:02:50",0.96359,15,fuagra
2435,16746181,"Riddhima Agarwal","2026-08-24 08:29:33",0.96359,1,riddhimaagarwal28
2436,16635573,az.shaoon,"2026-08-01 12:24:09",0.96359,1,shaoon
2437,16697711,"Abhishek Godara","2026-08-09 20:10:56",0.96359,2,abhishekp235
2438,16761814,"Sadit 12","2026-08-25 03:32:22",0.96359,5,sadit12
2439,16668893,"KNAI sztuntur","2026-08-05 17:33:45",0.96358,1,stunter2
2440,16763057,"VENGATESH A","2026-08-24 17:14:28",0.96357,1,vengateshvengat
2441,16691904,sachanshreyas,"2026-08-21 05:10:54",0.96357,2,sachanshreyas
2442,16665226,Damo_Zen,"2026-08-08 03:21:21",0.96357,1,damozen
2443,16712600,"Keer 256","2026-08-17 13:59:04",0.96357,1,keer256
2444,16654798,"Flavia Felicioni","2026-08-06 18:44:09",0.96357,1,flaviafelicioni
2445,16635181,masahiro,"2026-08-01 08:35:09",0.96357,1,masakane
2446,16637373,"Raiyana Rufaida","2026-08-27 15:45:40",0.96356,4,shes1r
2447,16663212,VaidehiPandey,"2026-08-07 15:14:28",0.96356,1,bauapandey
2448,16736803,GSY518,"2026-08-21 08:59:35",0.96355,1,gsy518
2449,16636314,"Katsuhisa Fuse","2026-08-06 20:36:58",0.96355,1,katsuhisafuse
2450,16634224,"Akash Das","2026-08-29 16:03:38",0.96355,21,akashdasad
2451,16712177,"ivan gogolev123","2026-08-17 13:57:44",0.96355,14,ivangogolev123
2452,16670503,"rijia zou","2026-08-07 22:13:30",0.96354,2,zourijia
2453,16653795,"Ajitesh Seetesh","2026-08-04 10:11:16",0.96354,4,ajitesh11
2454,16655397,vanjunn,"2026-08-19 12:02:53",0.96354,1,vanjunnmavypongasi
2455,16713785,"Rafael Cunha","2026-08-12 23:58:08",0.96354,2,rnascunha
2456,16725250,"Harsh Kulkarni","2026-08-15 14:49:39",0.96354,1,kojou17
2457,16758748,kfssksks,"2026-08-24 17:02:19",0.96353,4,kldlfgkjdflh
2458,16746170,SHUBHAMSH_CSE,"2026-08-20 05:58:00",0.96353,1,shubhamshcse
2459,16694667,"Abid Hasan","2026-08-12 10:00:14",0.96353,8,abidhasan0720
2460,16790577,"Avishek Sinha","2026-08-31 07:08:06",0.96352,16,avisheksinha91
2461,16739053,"Ethan Tan Zheng Nan","2026-08-23 09:16:16",0.96352,1,ethantanzhengnan
2462,16635157,"Hiroki Kohara","2026-08-10 11:45:28",0.96352,2,hirokikohara
2463,16635307,"Paulo Pinheiro","2026-08-01 13:31:41",0.96352,6,paulopinheiro
2464,16635232,"Paul Babushkin","2026-08-19 15:49:36",0.96351,23,paulbabushkin
2465,16724451,"Rahul lohra","2026-08-17 12:02:57",0.96351,2,rahullohra65
2466,16758392,"Gunjan Agarwal","2026-08-31 12:57:31",0.96351,1,gunjan06agarwal03
2467,16702025,"Yogita Kumari","2026-08-10 16:18:58",0.96351,1,yogitakumari7
2468,16707756,"Gregory Williams","2026-08-30 19:56:40",0.96350,2,gdbwilliams
2469,16746253,"Saurabh Pandey","2026-08-31 05:42:28",0.96350,2,saurabh1009
2470,16731231,"Shubham Singh","2026-08-26 14:15:15",0.96349,1,shubham1090
2471,16746175,"Shalini Patel","2026-08-30 16:03:37",0.96349,4,shalinipa5678
2472,16746182,"Shivangi Pandey","2026-08-31 06:24:10",0.96349,1,shivi2114
2473,16640573,"Rohit CH","2026-08-05 02:40:16",0.96349,1,rohitchcoursera
2474,16775266,"Yee Chong Tan","2026-08-27 10:17:22",0.96349,1,yeechongtan
2475,16657770,"Jeong Min LEE","2026-08-05 13:49:14",0.96348,5,jeongminlee92
2476,16699320,"Quan Nguyen Minh 0511","2026-08-10 06:58:34",0.96348,1,quannguyenminh0511
2477,16760327,Mihail,"2026-08-30 20:07:52",0.96348,1,polemarh400
2478,16715558,ManSom,"2026-08-31 14:01:00",0.96346,1,"manas8961,somoshree1997"
2479,16658363,"Ankita Gupta","2026-08-06 17:12:28",0.96345,5,ankitaguptaindia
2480,16633812,"[Deleted] 63c7e5d1-52da-445a-8971-651ebd017ca2","2026-08-01 01:41:46",0.96345,1,ryota517
2481,16784488,psiii0,"2026-08-28 14:56:15",0.96345,1,psiii0
2482,16698352,"Kevin Zhang","2026-08-10 02:10:55",0.96345,1,kevinzhang8816
2483,16777125,"Max Tao","2026-08-27 22:00:34",0.96344,4,maxtao989
2484,16678729,"Igor Panteleev","2026-08-10 00:14:31",0.96344,1,sticktogethertm
2485,16674500,"timur tytrin","2026-08-06 10:39:33",0.96344,1,timurtiutrin
2486,16772689,"Zhou Haonan","2026-08-26 06:39:22",0.96343,2,hatsuseizuna
2487,16752122,"Priyansh Singh Kathayat","2026-08-21 06:20:14",0.96342,1,priyanshsk10
2488,16749915,"Arsen Ishkhanian","2026-08-21 15:54:01",0.96338,1,arsenishkhanian
2489,16724832,"Nikita Patotov","2026-08-16 08:40:25",0.96338,2,nikitapatotov
2490,16652553,"Nabhag Sorathiya","2026-08-18 03:53:21",0.96338,8,nabhagsorathiya
2491,16634048,"Taylor S. Amarel","2026-08-24 18:50:32",0.96337,7,taylorsamarel
2492,16666475,Tic,"2026-08-07 03:55:08",0.96337,1,taichi7171
2493,16686240,"Balint Miskolczy","2026-08-10 17:38:45",0.96337,10,balintmiskolczy
2494,16715884,mcbun03,"2026-08-13 07:32:37",0.96337,2,emilandreiburloi
2495,16728992,fozeni,"2026-08-16 16:21:53",0.96335,1,fozeni
2496,16725956,"Ragul R","2026-08-16 08:02:45",0.96334,1,rragul2004
2497,16791949,"Bharath Pendyala","2026-08-31 02:07:21",0.96334,1,bharath2006p
2498,16774584,"Ruslan Leushkin","2026-08-26 11:24:35",0.96333,1,osvaldspengler
2499,16637950,"Ahmed Jendoubi, Ph.D.","2026-08-11 08:43:09",0.96332,6,jendoubiahmed
2500,16784699,"Андрей Мехоношин","2026-08-30 08:53:13",0.96331,3,andrewamn
2501,16653835,"Chris X","2026-08-09 20:03:14",0.96331,5,docxian
2502,16688093,Dalemati,"2026-08-08 19:52:04",0.96330,5,"agustnghioldi,juanmatiasbarraco,martincapandeguy"
2503,16739600,FourierBunny,"2026-08-26 17:53:21",0.96328,2,fourierbunny
2504,16697833,"Dharm Prakash","2026-08-11 20:08:30",0.96327,3,alberto112
2505,16775042,"Argus Kern","2026-08-31 15:42:11",0.96326,9,"arguskern,julescandautilh"
2506,16759207,"Varun Adithya Salunke","2026-08-22 18:32:45",0.96326,2,varunadithyasalunke
2507,16744875,"Jessica Angela Tyahyo","2026-08-30 15:14:32",0.96326,2,jessicaangela
2508,16694910,rxc_gamerz,"2026-08-12 14:51:05",0.96323,4,rxcgamerz
2509,16738197,lotus_flame,"2026-08-19 05:46:55",0.96322,1,arunkumarswami
2510,16644792,a3amaT02,"2026-08-29 21:37:17",0.96318,25,a3amat02
2511,16732363,"Fatima Jannet","2026-08-17 19:14:57",0.96318,1,fatimajannet
2512,16636586,catherine,"2026-08-05 13:45:01",0.96317,2,ptfrwrd
2513,16784221,"Prasanna Shakya","2026-08-30 10:18:41",0.96317,2,djskeleton
2514,16761137,"Orange Choco","2026-08-23 06:17:39",0.96317,1,orangechoco
2515,16660608,August0422,"2026-08-05 05:55:41",0.96317,2,august0422
2516,16724762,"Sujay S","2026-08-16 09:55:00",0.96316,1,sujaykid
2517,16725987,"Syed Faizaan Ahmad","2026-08-17 18:52:52",0.96315,1,syedfaizaanahmad
2518,16722108,"Alvaro Martin Coll","2026-08-14 13:54:12",0.96315,1,alvaromartincoll
2519,16640851,"Rushit Devani","2026-08-03 16:51:14",0.96315,1,rushitdevani
2520,16657460,"Sujata mandale","2026-08-10 06:43:57",0.96315,5,sujatamandale
2521,16756968,"kudom Kouhh","2026-08-22 02:57:05",0.96314,3,kudomkouhh
2522,16666899,Lightt63,"2026-08-06 17:45:02",0.96312,2,lightt63
2523,16701394,"Niels de Gier","2026-08-18 08:45:04",0.96311,4,nielsdegier
2524,16639965,"Mayank Gariya ML","2026-08-09 09:22:32",0.96311,3,mayankgariyamldev
2525,16650860,"fizool pann","2026-08-03 09:31:01",0.96310,1,fizoolpann
2526,16699768,Lokeshkumar,"2026-08-10 17:42:17",0.96308,2,lokeshkumarn
2527,16634132,"C.E.73 STARGAZER","2026-08-04 13:44:19",0.96306,5,hasawei
2528,16729436,"Aman Jaiswal","2026-08-31 15:32:46",0.96306,1,amanjaiswal231
2529,16697856,Jegors,"2026-08-10 08:48:04",0.96306,5,jegors
2530,16679433,ZeusDaGoose,"2026-08-10 19:08:47",0.96305,15,zeusdagoose
2531,16754089,VimarshPandita,"2026-08-25 19:48:52",0.96304,1,vimarsh100
2532,16727840,"Ewia Tng","2026-08-25 17:23:10",0.96302,10,ewiatng
2533,16660760,"Shrika Kamajdar","2026-08-06 07:46:07",0.96302,1,shrikakamajdar
2534,16762199,"Alaa Ahmed Al_Imam","2026-08-24 08:23:49",0.96301,1,alaaalimam
2535,16706771,Mattsco,"2026-08-11 10:22:23",0.96300,1,mattsco
2536,16752438,濵尾颯太,"2026-08-21 08:46:28",0.96299,1,bstep800
2537,16668626,Ref_ka,"2026-08-06 09:27:50",0.96298,4,imrefka
2538,16746310,Terje,"2026-08-25 19:27:28",0.96297,4,terje62
2539,16667702,"Jamie Rea","2026-08-05 23:03:12",0.96296,1,jamierea
2540,16706598,"seeyouyeah 33","2026-08-28 16:53:58",0.96295,7,seeyouyeah33
2541,16717401,"abolfazl daimekar","2026-08-17 12:33:23",0.96295,5,abolfazldaimekar
2542,16728725,Shreyb,"2026-08-22 19:53:19",0.96295,2,dragonologia
2543,16668681,"Yaswanth Ippili","2026-08-06 10:15:51",0.96294,2,yaswanthippili
2544,16642930,"Anuhas Shanuka","2026-08-02 18:59:51",0.96293,1,anuhasshanuka
2545,16710555,"RAMRUP SATPATI","2026-08-12 13:14:58",0.96292,2,ramrupsatpatiiitm
2546,16754854,"Vlad Kapitsa","2026-08-21 13:57:18",0.96291,1,vladkapitsa
2547,16740088,JacobEGarcia,"2026-08-18 22:53:20",0.96289,1,jacobegarcia
2548,16663995,Vinayak29z,"2026-08-05 03:00:53",0.96287,3,vinayak29z
2549,16764685,uchi8977,"2026-08-24 06:25:27",0.96287,1,uchi8977
2550,16633775,tuannm3812,"2026-08-06 12:52:06",0.96286,3,tuannm3812
2551,16693680,SUMMER:3,"2026-08-31 02:56:24",0.96285,4,yuqingxia
2552,16640313,TahaTariqf,"2026-08-04 11:41:36",0.96282,8,tahatariqf
2553,16733324,"Darsh Chouhan","2026-08-20 10:55:28",0.96282,6,darshiiit
2554,16735119,"JANHAVI BHOSALE","2026-08-18 16:51:36",0.96281,1,janhavi25122003
2555,16689291,SingUsASong,"2026-08-08 07:47:44",0.96280,1,takadahiroshi
2556,16743220,"Krishna Dargarh","2026-08-31 14:41:23",0.96278,1,krishnadargarh
2557,16670008,Abhi_si60,"2026-08-05 22:04:57",0.96274,1,abhisi60
2558,16691888,"Amay Porwal","2026-08-09 22:44:21",0.96271,2,amayporwal
2559,16679215,Sahil_4851,"2026-08-31 09:53:42",0.96267,7,sahil4851
2560,16653514,"Devansh Dhingra","2026-08-06 09:02:31",0.96266,2,aviator247
2561,16744956,"Javier Adonay","2026-08-20 02:46:09",0.96266,1,javiadonay
2562,16640660,"Swarnim Mane","2026-08-06 05:00:14",0.96264,1,swarnimmane
2563,16741632,"Emilia Galatanu","2026-08-24 13:36:19",0.96263,2,emiliagalatanu
2564,16750075,whimper,"2026-08-22 07:07:15",0.96262,2,whimper
2565,16727140,"Abdurrahman Assegaf","2026-08-16 07:08:11",0.96261,1,amanshop
2566,16716221,"Swapnali Pharande","2026-08-31 08:31:07",0.96260,6,swapnalipharande
2567,16713370,"Aditi B Deshmukh","2026-08-31 08:30:43",0.96260,13,aditibdeshmukh
2568,16661979,"Ahmad Yousuf Jan","2026-08-10 16:13:45",0.96256,2,ahmadjan20
2569,16694531,MuawiyaHz,"2026-08-14 11:00:48",0.96255,1,muawiyahz
2570,16664209,"Rajinikanth Kakarla","2026-08-05 13:56:54",0.96254,1,rajinikanthk03
2571,16713861,"Avi Akshit","2026-08-25 09:32:47",0.96254,1,aviakshit
2572,16683545,"Vasu Gupta","2026-08-07 13:25:14",0.96253,1,ghardhudo
2573,16741485,renfei0202,"2026-08-19 10:04:38",0.96253,1,renfei0202
2574,16718132,_Hash000,"2026-08-23 14:43:23",0.96253,1,hash000
2575,16709123,"Ryota Tanaka","2026-08-31 14:07:24",0.96251,17,toyodart
2576,16681534,roshantitan,"2026-08-07 04:59:10",0.96250,1,roshantitan
2577,16664858,"Ronen Huang","2026-08-06 17:28:39",0.96248,3,ronenhuang
2578,16716185,Aaryanpatil,"2026-08-13 10:46:46",0.96247,1,aaryanpatil0
2579,16706001,divyansh_1615,"2026-08-11 16:53:24",0.96246,3,divyansh1615
2580,16728710,"Isaiah Sabin","2026-08-18 02:02:43",0.96241,2,isabn512
2581,16633794,"Syed Mohaiminul Hoque","2026-08-13 17:04:07",0.96239,1,syedmohaiminulhoque
2582,16731654,"Кирилл Овсянников","2026-08-25 19:36:13",0.96238,36,kirillovs
2583,16702242,"Mohamed Arif J","2026-08-10 17:52:52",0.96237,2,mohamedarifj
2584,16746270,"Jaded Llama","2026-08-31 09:53:50",0.96236,5,jadedllama
2585,16638942,"Adria Viñas Pascual","2026-08-10 12:35:09",0.96235,5,adriaviaspascual
2586,16794476,vxtsbsn,"2026-08-31 01:57:48",0.96233,1,vxtsbsn
2587,16796282,"Koh Zhi Liang","2026-08-31 11:51:18",0.96233,4,kohzhiliang
2588,16635310,"Avinash Changrani","2026-08-01 18:49:48",0.96232,3,nabobery
2589,16739433,"Phylosopher Hossain","2026-08-28 12:33:19",0.96231,2,phylosopherhossain
2590,16774359,"Carlos Gómez","2026-08-26 10:25:08",0.96231,4,carlosgt
2591,16713105,"Lukeman Abubakar","2026-08-15 22:24:11",0.96230,1,lukemanabubakar
2592,16745915,Cadeshooter,"2026-08-20 07:14:23",0.96230,4,cadeshooter
2593,16774938,"M Zahran","2026-08-27 09:24:48",0.96228,2,mhazett
2594,16760962,"Aayush Gupta","2026-08-23 14:42:45",0.96227,1,aayushgupta1510
2595,16644296,"Hugo Max Monteles Teixeira","2026-08-03 00:14:29",0.96225,3,hugomaxmteixeira
2596,16716916,"SALUNKHE NISHA VIKAS","2026-08-16 11:04:14",0.96224,8,salunkhenishavikas
2597,16716903,"Sakshi V Jadhav","2026-08-17 12:27:17",0.96224,8,sakshivjadhav
2598,16718106,"PATIL SANIKAA SAGAR","2026-08-18 09:11:40",0.96224,8,patilsanikaasagar
2599,16738790,"Lâm Lưu Tùng","2026-08-18 19:39:31",0.96224,1,lmlutng
2600,16639591,yscho,"2026-08-06 12:22:26",0.96220,1,yeonseokcho
2601,16716516,rolandata,"2026-08-29 06:42:10",0.96220,5,rolandata
2602,16749917,"Sze yeoh","2026-08-21 03:19:46",0.96218,10,szeyeoh
2603,16775208,"Anim Samuel K.","2026-08-28 20:33:36",0.96217,5,animsamuelk
2604,16665469,JARVIS-01,"2026-08-17 17:49:33",0.96215,2,kausheyk01
2605,16637186,"Peeyush Kant Misra","2026-08-01 15:51:20",0.96215,1,pkmisra
2606,16716192,"Jiya Bhalodia","2026-08-14 07:04:22",0.96213,1,jiyabhalodia
2607,16769940,"Warda Adan","2026-08-29 13:04:12",0.96213,1,wardaadann
2608,16702154,Sanchita,"2026-08-20 16:34:35",0.96212,1,s4nchita
2609,16778993,"Nguyễn Hữu Hùng","2026-08-27 12:06:06",0.96211,3,hungngh
2610,16704523,fpsejwhdl,"2026-08-10 23:55:30",0.96209,1,fpsejwhdl
2611,16744010,"Nitin Kumar 2024","2026-08-27 11:47:27",0.96207,4,nitinkumar2024
2612,16716530,"Jun Nohara","2026-08-17 13:38:21",0.96206,5,junnohara
2613,16785715,"Jack Ib","2026-08-28 20:45:36",0.96206,4,jackib
2614,16765259,"Chanhyuk Park","2026-08-24 11:30:09",0.96205,2,chanhyukpark661
2615,16666373,Vladislav,"2026-08-07 15:17:51",0.96205,13,simmeringoverstep
2616,16701730,sicksahill,"2026-08-14 07:05:42",0.96205,3,sicksahill
2617,16698989,"jack li","2026-08-10 09:42:03",0.96204,1,jackli123o
2618,16657490,Srav11,"2026-08-06 05:55:13",0.96202,2,srav11
2619,16652711,"Ugur O.KARAPUNAR","2026-08-18 11:07:14",0.96202,4,ugurokarapunar
2620,16778284,Linxinyi111111,"2026-08-29 01:36:45",0.96202,2,linxinyi111111
2621,16732952,"Hitesh Manuka","2026-08-17 15:39:47",0.96201,1,hiteshmanuka
2622,16701716,Quaduc,"2026-08-12 04:47:24",0.96201,1,quaduc
2623,16770881,"Miguel Leal Fernández","2026-08-30 19:44:21",0.96200,5,miguellealfernndez
2624,16653171,Aryx0910,"2026-08-31 13:18:36",0.96199,2,aryx0910
2625,16661373,NosyRuby2187,"2026-08-19 10:07:03",0.96197,8,djsksbrbf
2626,16633844,"Nakamura Sunao","2026-08-04 14:12:48",0.96195,2,nakamurasunao
2627,16706272,"Hữu Bình Nguyên Nguyễn","2026-08-16 11:51:12",0.96195,4,hubnhnguynnguyn
2628,16759856,"Ankur Tiwari","2026-08-23 10:14:30",0.96194,4,eigenstate101
2629,16764140,Fatma,"2026-08-25 22:39:38",0.96193,1,fatma91
2630,16700217,"Dũng Lê","2026-08-11 04:11:38",0.96192,2,dungle2007
2631,16639484,"Daniel Kasianov","2026-08-02 01:14:58",0.96190,1,danielkasianov
2632,16656412,achyuth2005,"2026-08-04 08:13:09",0.96189,1,achy2005
2633,16653020,"Sathira Sri Sathsara","2026-08-03 17:08:16",0.96189,1,sathirasrisathsara
2634,16732497,"Tunahan Demir","2026-08-17 17:23:32",0.96189,1,tunahandemir173
2635,16676979,xpxchxcx,"2026-08-09 06:37:03",0.96188,1,xpxchxcx
2636,16744316,"Naman Rindani","2026-08-20 18:12:35",0.96188,3,namanrindani
2637,16685628,"André Kuster","2026-08-07 18:44:15",0.96187,4,andrkuster
2638,16749696,ASUKIYO,"2026-08-22 12:03:51",0.96181,3,asukiyo
2639,16658681,"Ravi Pathak","2026-08-09 05:40:10",0.96179,3,ravipathak3001
2640,16763929,"Kaiyi Liao","2026-08-24 00:03:21",0.96179,1,kaiyiliao
2641,16746225,"Sachin Kumar Kushwaha","2026-08-23 16:22:11",0.96179,2,sachinkumarkushwaha
2642,16652739,"Bertrand Pigeon","2026-08-18 14:57:39",0.96179,9,bertrandpigeon
2643,16761299,"Taha Faghih","2026-08-26 06:41:29",0.96178,1,tahafaghih
2644,16778915,SamarthAroraa,"2026-08-27 10:09:25",0.96176,5,samartharoraa
2645,16766659,"Maha Selvi","2026-08-31 14:01:10",0.96175,1,mahaselvi2007
2646,16779391,"Ashish Kumar #3","2026-08-28 06:49:52",0.96175,1,ashishkirtiwed
2647,16785435,Shiva_Gupta4662,"2026-08-29 16:36:34",0.96174,1,shivagupta4662
2648,16738481,Aarya,"2026-08-19 17:31:18",0.96173,3,aaryya
2649,16676656,GalaxyK,"2026-08-06 17:54:56",0.96172,1,kimayamore
0,16424381,baseline_submission.csv,"2026-06-23 23:14:38",0.96171,1,
2650,16770562,"Ufuk Can Dereli","2026-08-26 12:39:46",0.96171,2,ufukcandereli
2651,16697613,TobiST10,"2026-08-14 23:06:50",0.96170,13,tobist10
2652,16782780,Roman@Ahmed,"2026-08-28 08:34:52",0.96170,3,romanahmed2024
2653,16735260,"NEERJA PANDEY","2026-08-18 04:18:02",0.96170,3,neerjapandey
2654,16709976,"Siddharaj Kulkarni","2026-08-15 14:22:25",0.96169,4,siddharajkulkarni
2655,16659562,Sachin@1228,"2026-08-04 10:38:02",0.96167,1,sachin1228
2656,16694789,MINE,"2026-08-16 02:59:23",0.96164,1,ljq20418
2657,16729705,"aya abdalsalam","2026-08-16 21:45:11",0.96162,1,ayaabdalsalam
2658,16637733,"Sami Badidi","2026-08-04 10:41:06",0.96162,4,samibadidi
2659,16762573,"Quốc Triệu Nguyễn","2026-08-26 09:49:07",0.96161,8,quctriunguyn
2660,16696095,Burnling,"2026-08-09 19:12:56",0.96161,1,burnling
2661,16711873,Vaibhavipmali,"2026-08-30 13:27:19",0.96160,1,"apugadeaditinitin,vaibhavipmali"
2662,16651947,aktk,"2026-08-04 15:35:17",0.96158,12,aniltk
2663,16790335,Niranth_123,"2026-08-30 16:04:40",0.96157,1,niranth123
2664,16754949,"Aluu Emmanuel","2026-08-25 08:34:32",0.96152,7,aluuemmanuel
2665,16640717,Yanagiguchi,"2026-08-12 13:56:01",0.96151,1,xenosmilus
2666,16743912,"Prajwal Patil","2026-08-23 18:02:52",0.96150,1,prajwalpatil0909
2667,16652873,ZaabaaZ,"2026-08-09 12:24:04",0.96148,2,zaabaaz
2668,16761866,"BISMA AKBAR","2026-08-23 13:17:35",0.96146,1,bismaakbar939
2669,16714393,"Priyanka Kardile","2026-08-12 21:47:20",0.96144,3,priyankadluffy
2670,16721683,charlotteamy,"2026-08-14 15:17:57",0.96144,3,charlottetu
2671,16793574,"Rashith Ranndil","2026-08-30 16:11:32",0.96144,3,rashithranndil
2672,16756648,"Mohamed Moharam Othman","2026-08-23 23:29:15",0.96144,3,mohamedmoharam88
2673,16729234,Stratmann,"2026-08-16 18:01:59",0.96140,4,stratmann
2674,16751974,"Saurav Prateek","2026-08-30 09:14:43",0.96140,15,srvptk97
2675,16779648,"Muhammad Huzaifa","2026-08-27 13:24:20",0.96139,2,muhammadhuzaifagohar
2676,16671815,"Dwi Eflatino","2026-08-07 15:42:40",0.96138,15,eflatino
2677,16652353,"Sammy Anagavah","2026-08-03 11:55:24",0.96136,1,sammyanagavah
2678,16770701,"Ivan Synkovskyi","2026-08-27 17:49:42",0.96134,8,ivansynkovskyi
2679,16682337,DeepanJ,"2026-08-07 09:29:32",0.96130,5,deepanjayapala
2680,16635224,"Mick Yama","2026-08-28 08:22:33",0.96127,1,mickyama
2681,16659388,i_vanfer,"2026-08-04 12:05:36",0.96125,2,ivanfer
2682,16722607,Maahasarathy,"2026-08-15 12:29:40",0.96123,2,maahasarathy
2683,16645416,"Michael Chavinda","2026-08-21 05:28:27",0.96121,1,mchavinda
2684,16633924,Rubel,"2026-08-15 14:02:59",0.96120,5,rubel01
2685,16725930,"Justyna Grygierek","2026-08-20 18:34:53",0.96118,1,justynagrygierek99
2686,16665218,"Abraham Gomez","2026-08-05 23:17:51",0.96116,7,abgomez
2687,16695912,"Akshat Maurya","2026-08-09 16:37:23",0.96115,1,akshatx25
2688,16700362,"Paul Surya","2026-08-18 13:07:44",0.96114,9,paulsurya11
2689,16639629,"Muh Amri Sidiq","2026-08-02 05:27:32",0.96113,1,amri11
2690,16772622,"Mukremin Tulgar","2026-08-28 12:57:34",0.96112,1,mukremintulgar
2691,16638639,"Desyat IO","2026-08-01 17:57:05",0.96111,3,desyatio
2692,16634439,"Gopi Krishnan R","2026-08-01 07:45:45",0.96111,1,gopikrishnan2005
2693,16759524,"Arudra Vihar Bommana","2026-08-29 05:07:05",0.96110,1,arudraviharbommana
2694,16633964,"Chirel Chi","2026-08-01 03:25:04",0.96108,1,chirelchi
2695,16777724,JessicaNhatAnh,"2026-08-27 03:53:52",0.96107,1,jessicanhatanh
2696,16764533,"Adibah Sabit","2026-08-26 06:20:21",0.96106,1,adibahsabit
2697,16665247,"umesh chandra300689","2026-08-07 07:36:24",0.96105,1,umeshchandra300689
2698,16721865,Cyndyyyy,"2026-08-31 09:47:12",0.96105,1,cyndyyyy
2699,16644290,fearless,"2026-08-11 20:11:37",0.96105,9,phylist
2700,16693734,jerrytoms,"2026-08-30 10:39:03",0.96104,29,jerrytomms
2701,16764661,ちょこうさぎ,"2026-08-24 06:53:11",0.96104,2,tyokousagi
2702,16761743,FernandoIsFasterThanYou,"2026-08-23 18:41:36",0.96102,1,bhaskarreddy1094
2703,16729050,Sakshi04-2006,"2026-08-16 15:11:02",0.96101,1,sakshi042006
2704,16658597,"Morgana Tavella","2026-08-04 09:38:19",0.96099,1,morganatavella
2705,16640699,"manish Raikwar","2026-08-08 17:06:30",0.96098,4,manishraikwar
2706,16635120,"Marie Bruguet","2026-08-02 08:35:39",0.96095,4,mariebruguet
2707,16795632,"Indrayani P. Bhujade","2026-08-31 12:56:27",0.96093,1,mighty15
2708,16654336,"Info vista","2026-08-04 04:44:12",0.96092,1,infovista
2709,16635104,"Dávid Kolumber","2026-08-25 16:57:33",0.96089,5,davidkolumber
2710,16783235,Vlodus,"2026-08-31 07:41:53",0.96086,11,vlodus
2711,16739496,"Ilya Strigunkov","2026-08-27 19:02:11",0.96086,1,ilyastrigunkov
2712,16640648,"Виктор Бахурин","2026-08-06 17:44:20",0.96082,8,viktorbah76
2713,16688663,yang20251228,"2026-08-08 04:39:32",0.96073,1,yang20251228
2714,16682322,"Iswar Patra","2026-08-28 08:17:27",0.96073,6,iswarpatra
2715,16713524,"Md Jakir Hussain","2026-08-12 17:08:09",0.96071,1,jakirsust
2716,16634308,mehanalavimajd,"2026-08-02 06:56:09",0.96070,7,mehanalavimajd
2717,16690682,"Aadi Singh","2026-08-18 10:48:02",0.96069,2,aadisingh19
2718,16738402,HiveMynd,"2026-08-27 09:16:15",0.96068,2,hivemynd
2719,16709185,fizzahabdullah,"2026-08-11 19:51:39",0.96066,1,fizzaha99
2720,16634962,Learn_By_Doing,"2026-08-30 20:31:11",0.96065,5,pratik2901
2721,16658710,"Haritha Sarode","2026-08-05 13:38:17",0.96062,7,harithasarode
2722,16694563,ghdfeccc,"2026-08-09 13:07:52",0.96056,6,ghdfeccc
2723,16747401,"Кирилл Щетников","2026-08-26 11:36:24",0.96055,3,deadmorose007
2724,16710595,"Roshni Chauhan","2026-08-31 07:41:28",0.96054,2,luckyyylllll
2725,16666955,ccatter,"2026-08-07 15:47:56",0.96052,3,ccatter
2726,16634733,"YAJAT PAWAR","2026-08-02 09:51:07",0.96049,4,yajatpawar
2727,16742922,"Mehmet Tatbak","2026-08-19 12:57:47",0.96049,1,mehmettatbak
2728,16654648,"Rushikesh Khandetod","2026-08-13 05:17:50",0.96045,3,rushikeshkhandetod
2729,16690866,Facouse,"2026-08-08 12:35:36",0.96045,2,facouse
2730,16747635,"Yesaya Rudolf Susanto Widyanto","2026-08-23 07:59:55",0.96044,4,yesayarudolf
2731,16778113,"Yujing Chen66","2026-08-31 15:37:23",0.96041,3,yujingchen66
2732,16770510,"James Imbuido","2026-08-30 12:00:53",0.96041,1,jamesimbuido
2733,16634444,Deepak,"2026-08-31 14:00:52",0.96038,3,deepaksurya7
2734,16639560,"Pranav Krishnan","2026-08-07 01:31:21",0.96037,1,pranavkrishnan9
2735,16662027,"Ahmed Sherif El-Taher","2026-08-04 16:28:07",0.96036,1,ahmedsherifeltaher
2736,16780234,"Ashish C","2026-08-27 16:37:43",0.96036,2,ashish0405
2737,16660460,Alkaid_Chen,"2026-08-04 13:10:51",0.96032,1,alkaidchen
2738,16655692,YwlELPKM,"2026-08-25 13:30:03",0.96030,4,ywlelpkm
2739,16730540,"Avantika Chellury","2026-08-29 21:42:34",0.96028,2,avantikachellury12
2740,16641624,"caesar arifan","2026-08-02 14:32:14",0.96010,1,caesararifan
2741,16634464,vedddev,"2026-08-13 16:40:38",0.96010,17,vedant0928
2742,16644165,"Lamaq Dahodwala","2026-08-02 22:38:16",0.96009,4,lamaqdahodwala
2743,16666009,"Ruijian Shi","2026-08-05 10:55:38",0.96007,1,maikesedaweiyao
2744,16717190,"Trupti Desai","2026-08-20 16:18:01",0.96006,3,truptinitindesai08
2745,16638643,"Gloire Bisimwa","2026-08-02 12:31:02",0.96006,1,gloirebisimwa
2746,16754532,AdityaPetkar2006,"2026-08-21 13:25:25",0.96005,1,adityapetkar2006
2747,16765667,"KOLI SALONI SANTOSH","2026-08-31 06:38:48",0.96005,2,kolisalonisantosh
2748,16734818,"Mazen Fehri","2026-08-18 16:14:23",0.96003,1,mazenfehri
2749,16661965,"Rouaa Bakr","2026-08-04 16:41:18",0.96000,1,rouaabakr
2750,16664408,Tomo021219,"2026-08-05 05:08:07",0.95999,2,tomo021219
2751,16737729,Sivasankar,"2026-08-25 12:07:13",0.95998,2,sivasankar19
2752,16794163,Shunsuke,"2026-08-30 21:50:28",0.95998,1,shunsukeisono
2753,16636006,"Goutam sharma","2026-08-01 13:06:16",0.95997,1,goutamsharma12
2754,16668033,Jagobee,"2026-08-08 14:36:47",0.95996,1,jagobee
2755,16732095,"Krishna Panwar","2026-08-17 11:30:35",0.95994,1,krishnapanwar649
2756,16791461,"Marcus Tisdale","2026-08-29 22:03:40",0.95993,2,haverfell
2757,16660943,Prakharszn,"2026-08-04 19:31:05",0.95988,2,prakharszn
2758,16653978,Erik.M,"2026-08-07 17:11:28",0.95986,2,harharharhar
2759,16635826,"Aditya Kamtikar","2026-08-03 04:40:04",0.95983,4,adityakamtikar
2760,16645362,"Daddy lu","2026-08-03 03:50:04",0.95981,1,daddylu
2761,16762970,"Arsema Ayele","2026-08-28 08:44:02",0.95981,1,arsemaayele
2762,16759634,Dridi_Mohamed,"2026-08-24 22:22:49",0.95978,2,dridimohamed
2763,16785472,"Антон Зяблов","2026-08-28 19:36:15",0.95978,2,antonzbl
2764,16778934,"Cuschevici Climent","2026-08-27 12:44:01",0.95978,1,cuschevicicliment
2765,16763126,"Anas Salmi","2026-08-23 19:30:07",0.95978,1,anassalmi
2766,16706503,zhuo_qing_cn,"2026-08-11 13:19:16",0.95975,3,zhuoqingcn
2767,16715777,"Sumit Raghav","2026-08-29 07:04:26",0.95973,1,raghav000897
2768,16786268,lostromance,"2026-08-29 03:40:25",0.95972,1,lostromance
2769,16703865,Hemanyaharini,"2026-08-10 23:24:18",0.95972,1,hemanyaharini
2770,16703866,Laasyaharini,"2026-08-10 23:24:21",0.95972,1,laasyaharini
2771,16716482,"Sharwani Kadam","2026-08-15 13:17:24",0.95972,1,sharwanikadam
2772,16716481,"Amruta  Tanaji Yadav","2026-08-16 11:00:03",0.95972,1,yadavamruta
2773,16713556,"PATIL YOGITA PRALHAD","2026-08-17 05:02:30",0.95972,1,patilyogitapralhad
2774,16730887,"trupti18 ","2026-08-17 05:11:42",0.95972,1,trupti18
2775,16642010,Dulal_169,"2026-08-02 15:06:36",0.95971,2,dulal169
2776,16637192,"Sayali Lachake","2026-08-04 19:42:09",0.95970,1,sayalilachake
2777,16683162,"Kunal Rout","2026-08-07 13:58:44",0.95967,3,charlotte26
2778,16736396,"Anup kumar","2026-08-18 10:24:26",0.95964,1,enterbrianup
2779,16721254,"Roxana Asavei","2026-08-14 09:21:55",0.95963,1,roxanaasavei
2780,16713211,"Aastha Attri","2026-08-13 15:27:20",0.95962,3,pixy23
2781,16637408,"Rutuja Kale","2026-08-04 11:28:31",0.95959,1,rutujakale067
2782,16728535,陈晓琳Evelyn,"2026-08-20 03:29:59",0.95958,5,evelyn0810
2783,16705451,"Pratyush Kumar Singh","2026-08-19 19:56:34",0.95954,2,darkbit404
2784,16748168,Tom8710,"2026-08-31 12:41:13",0.95952,8,tomactlog
2785,16701192,"Dmitry Bakanov","2026-08-11 18:47:51",0.95951,2,dmitrybakanov
2786,16644644,"Mohamed Abderrahmani","2026-08-24 09:26:09",0.95951,1,mohamedabder
2787,16779488,"Abdallah Hashad","2026-08-28 18:49:50",0.95950,2,abdallahhashad0
2788,16763841,"batuhan kalem","2026-08-23 23:25:35",0.95949,1,batuhankalem
2789,16712918,"Kunal Samanta","2026-08-12 17:05:11",0.95943,1,samantakunal
2790,16792177,"Vecheslav Eremeev","2026-08-31 01:50:12",0.95942,13,lorddiablo74
2791,16719937,"Zeeshan Ali","2026-08-28 11:52:32",0.95940,8,zeeshana1i
2792,16722205,Amster,"2026-08-14 13:41:37",0.95937,1,aman2k5
2793,16634930,"Andrey Bushin","2026-08-02 09:29:52",0.95935,12,andbush
2794,16651284,"Santosh Yadav","2026-08-04 06:56:48",0.95934,1,santoshyadavaiexpert
2795,16778353,SATYAMSINGH_CSE,"2026-08-30 18:28:53",0.95932,1,satszap
2796,16746297,Sanghmitra_CSE,"2026-08-30 18:29:48",0.95932,1,laali09
2797,16688660,"Naman Jain","2026-08-19 13:01:06",0.95932,2,alpharapto
2798,16652434,jmmmy,"2026-08-04 13:52:37",0.95928,3,jmmmmy
2799,16792820,"Marouane Elhouari","2026-08-31 12:51:40",0.95925,1,marouaneelhouari
2800,16758129,"Chu Van An","2026-08-22 15:49:48",0.95924,4,tbxvnaan
2801,16710151,JLZK,"2026-08-12 05:05:37",0.95916,1,leeljustin
2802,16712542,AN_Kamau171,"2026-08-26 21:29:21",0.95909,2,ankamau171
2803,16705148,"Ata Ul Nasar Mansoor","2026-08-11 14:41:28",0.95907,4,ataulnasarmansoor
2804,16775480,"Patil Sandhya Keshav","2026-08-28 06:20:51",0.95904,1,patilsandhyakeshav
2805,16766766,"Shreef Mahmoud","2026-08-24 20:03:42",0.95901,2,shreefmahmoud
2806,16715544,"Favour Olumese","2026-08-15 19:26:17",0.95894,2,favourolumese
2807,16771335,"Guillermo Torres","2026-08-25 15:24:35",0.95893,1,"guillermotorresj11,jmtbtorres"
2808,16661367,"Felipe Eduardo Vieira","2026-08-04 15:50:15",0.95889,1,felipeeduardovieira
2809,16647545,"Pengjuan Chu","2026-08-15 03:24:03",0.95888,1,pengjuanchu
2810,16635902,"Sanjay Bora","2026-08-02 13:22:44",0.95885,1,sanjaybora143
2811,16717783,nuraly,"2026-08-17 08:16:45",0.95883,1,nura1125
2812,16761941,"vibhav jana","2026-08-27 18:57:40",0.95882,9,vibhavjana
2813,16661855,"Nizami Mammadli","2026-08-05 11:31:11",0.95878,1,nizamimammadli
2814,16790228,"Jonathan Racz","2026-08-29 14:08:51",0.95877,2,jonathanracz
2815,16661939,"AHMED WALED ABDEL SATAR","2026-08-04 16:33:55",0.95876,1,ahmedwaledabdelsatar
2816,16756911,"Jasmine Mohamed Fahmy","2026-08-28 05:27:10",0.95871,3,jasminemohamed2545
2817,16765397,"Tugui Tudor-Costin","2026-08-25 08:32:33",0.95868,1,tuguitudorcostin
2818,16662356,"Jayachandiran K","2026-08-04 17:51:37",0.95858,1,jayachandiran007k
2819,16760319,"Stephen Wasylenko","2026-08-29 14:22:25",0.95855,1,crippledcow
2820,16721584,"Kanat Kozhaniyazov","2026-08-19 12:08:06",0.95855,15,kanatkozhaniyazov
2821,16715808,"Sujeet Kumar","2026-08-31 06:39:59",0.95853,1,sujeetfz
2822,16706271,"Humaira Siddique","2026-08-11 09:58:32",0.95852,1,humairasiddique
2823,16717117,MYosyy,"2026-08-19 21:53:27",0.95851,2,myosyy
2824,16661945,"Olla Abdelnabi","2026-08-04 16:41:14",0.95848,1,ollaabdelnabi
2825,16758015,"Alisha Gorai","2026-08-30 19:49:34",0.95847,9,alishagorai
2826,16737463,"KURHADE SANDESH MARUTI","2026-08-21 13:58:47",0.95844,1,kurhadesandeshmaruti
2827,16657991,"Marina T","2026-08-11 13:48:11",0.95844,1,rinatim
2828,16754885,"Rosabella Yang","2026-08-29 08:59:09",0.95843,19,rosabellayang
2829,16727417,raymond.w.wang,"2026-08-19 21:43:32",0.95836,1,raymondwwang
2830,16770602,"Sudheendra Diggai","2026-08-31 11:20:31",0.95834,8,sudheendradiggai
2831,16712092,"Samaya Ranjan Behera","2026-08-19 19:21:43",0.95831,3,samayaranjanbehera
2832,16675718,mohammedadnan,"2026-08-06 13:49:26",0.95829,1,m3dnan
2833,16743304,"Youssef Adel2005","2026-08-20 14:44:53",0.95826,1,youssefadel2005
2834,16702463,"Aaron Tauro","2026-08-12 18:37:14",0.95825,2,aarontauro
2835,16653253,TSE930203,"2026-08-03 16:01:18",0.95822,2,tse930203
2836,16784783,"Jobin thavu varghese","2026-08-28 18:08:53",0.95821,3,jobinv12
2837,16777855,XiaotongYan1125,"2026-08-27 03:44:49",0.95820,1,xiaotongyan1125
2838,16712483,"Mohammed EL-Boukri","2026-08-12 14:19:31",0.95816,1,mohammedelboukri
2839,16710441,KKPrasannaKumari,"2026-08-16 10:05:25",0.95810,1,kkprasannakumari
2840,16652261,"M. Aki","2026-08-20 08:29:27",0.95803,8,mehmetakifkapsz
2841,16714416,"jose manuel Tinajero","2026-08-12 21:23:37",0.95800,1,josemanueltinajero
2842,16682126,"Taiji Higashide","2026-08-12 09:51:43",0.95797,3,taijihigashide
2843,16640390,"Kavindu Sewmina","2026-08-02 08:58:56",0.95795,1,kavindusewmina33
2844,16722325,"Harshit Patil","2026-08-14 14:36:12",0.95780,1,harshitsanjaypatil
2845,16732506,"Rupika upadhyay","2026-08-17 14:30:06",0.95778,1,rupi15
2846,16640666,"Aditya Majumdar","2026-08-02 23:57:04",0.95775,1,adityano1
2847,16764665,[B1]瀬尾,"2026-08-24 06:23:22",0.95757,1,raku191019
2848,16700943,ToshiFal,"2026-08-22 15:50:23",0.95754,17,toshifal
2849,16639623,JeffFosterUK,"2026-08-02 02:05:35",0.95750,4,jefffosteruk
2850,16685483,Vishnu_Anil_117,"2026-08-09 15:39:25",0.95747,11,vishnuanil117
2851,16729803,"Rasol Khaled","2026-08-16 22:48:44",0.95743,1,rasolkhaled
2852,16634140,"Will Coleman","2026-08-01 03:23:13",0.95733,1,willcoleman
2853,16793665,"Aanam Shaikh","2026-08-31 15:52:09",0.95728,1,aanamshaikh
2854,16724424,"Nayananshu Garai","2026-08-17 05:21:19",0.95727,2,ngarai
2855,16731033,Triquetrus,"2026-08-17 06:19:16",0.95720,1,triquetrus
2856,16716364,"Aabdal Shaikh","2026-08-18 07:31:20",0.95720,1,aabdalshaikh
2857,16735225,"SHEZLIN DSOUZA","2026-08-18 03:58:59",0.95718,2,shezlindsouza
2858,16702167,"Ragheb haddara","2026-08-10 17:40:11",0.95712,1,l4r3nn
2859,16691624,"Gourang kardam","2026-08-10 17:24:00",0.95711,1,gourangkardam
2860,16653318,"Michał Kakała","2026-08-05 17:24:57",0.95707,1,michakakaa
2861,16693143,"Sarah BeeTee","2026-08-17 02:51:43",0.95706,2,sarahbeetee
2862,16640470,Kaneshiro,"2026-08-13 07:34:58",0.95700,4,kaneshiro0
2863,16751766,"Vinay Todkar","2026-08-21 13:08:45",0.95695,1,vinaytodkar
2864,16638724,"Ashish Mishra","2026-08-08 15:48:05",0.95692,1,dastro64sq
2865,16678484,"Firas ABOUDA","2026-08-10 13:42:25",0.95685,1,firasabouda
2866,16640463,stpete_ishii,"2026-08-08 12:45:47",0.95684,9,stpeteishii
2867,16715758,"Muammal A. Fadhil","2026-08-18 00:51:01",0.95684,8,castial
2868,16633882,aoymats,"2026-08-08 01:14:16",0.95662,10,aoymats
2869,16789457,"Priti Yadav","2026-08-29 07:19:56",0.95658,1,priti0812
2870,16638180,"Muhammad Nebukhadnezar Manthoufani","2026-08-09 14:17:01",0.95646,1,nebukhadnezar234
2871,16740830,Noon,"2026-08-27 03:52:50",0.95644,1,noon555
2872,16716511,"Shaila Yasin","2026-08-31 15:54:13",0.95639,1,shailayasin
2873,16683826,Yuma_271,"2026-08-07 10:29:54",0.95632,1,yuma271
2874,16635507,FanRuijie,"2026-08-26 15:04:19",0.95622,8,ruijiefancn04
2875,16662644,"Juswin Jaimathew","2026-08-06 14:52:02",0.95611,2,juswinjaimathew
2876,16634816,"Meet Gajera","2026-08-07 14:19:36",0.95606,2,mitgajera
2877,16640820,"Mathe Matics2","2026-08-24 14:38:32",0.95605,3,mathematics2
2878,16664645,"Haruki Matsuo","2026-08-05 07:28:20",0.95605,2,harukiapi0421
2879,16709449,"Jiyad Hussain","2026-08-11 22:03:37",0.95604,2,basedhussain
2880,16775390,"Tommaso Guerrini","2026-08-30 10:07:15",0.95601,3,tomwarrens
2881,16655408,"Evgeniy Tsysarskiy","2026-08-04 03:02:20",0.95600,2,evgeniytsysarskiy
2882,16668410,mazide,"2026-08-05 15:35:01",0.95598,2,mazide
2883,16692352,"Shivam Sukhija","2026-08-09 14:23:56",0.95598,1,shivamsukhija01
2884,16634294,Soham_Deshpande,"2026-08-28 05:07:20",0.95597,6,sohamdeshpande11
2885,16689757,"Marcel Girgis","2026-08-18 19:00:25",0.95593,8,marcelgirgis
2886,16633851,Shuai0103,"2026-08-16 15:25:20",0.95583,2,shuai0103
2887,16766969,"Egg Apple","2026-08-25 15:49:02",0.95582,1,eggapple
2888,16681347,F.Ikema,"2026-08-13 14:13:45",0.95577,3,fikema
2889,16634064,"Matthew Chua","2026-08-01 09:21:24",0.95572,2,snake87
2890,16636003,"Andrea Bortolani","2026-08-03 10:53:11",0.95572,2,andreabortolani
2891,16711580,"Haswinchony Saladi","2026-08-12 09:23:24",0.95572,1,haswinchonysaladi
2892,16756931,burblingbrooks,"2026-08-22 22:32:16",0.95570,7,burblingbrooks
2893,16702583,"Abhijeet Arun Gore","2026-08-10 18:52:07",0.95569,2,abhijeetarungore
2894,16640589,AndNov,"2026-08-22 09:56:45",0.95558,3,andnov
2895,16658965,Suzukimako,"2026-08-08 13:31:07",0.95557,1,suzukimako
2896,16709242,Govind,"2026-08-15 19:40:10",0.95551,3,shekeloatmeal
2897,16660016,CaERu_korokoro,"2026-08-06 08:15:44",0.95545,4,caeru11291129
2898,16635339,"Aourar Abdelouahab","2026-08-19 15:57:23",0.95543,14,abdelouahab05
2899,16710777,"Azammit 789","2026-08-16 06:02:40",0.95542,3,azammit789
2900,16638957,mervinjoseph20,"2026-08-01 18:38:29",0.95542,1,mervinjoseph20
2901,16638939,Jayashree21f3001265,"2026-08-01 18:41:06",0.95542,1,jayashree21f3001265
2902,16727522,"Leong JY","2026-08-16 07:13:12",0.95542,1,leongjy
2903,16780926,"keshav bulia","2026-08-27 19:57:34",0.95542,1,keshavbulia
2904,16698042,zbrek0000,"2026-08-10 19:34:45",0.95540,11,zbrek0000
2905,16658107,logithan,"2026-08-04 14:00:47",0.95538,1,logithan
2906,16671749,Dilshodjon,"2026-08-08 08:45:32",0.95536,1,dilshodjon
2907,16732542,"Δημητρης Καλτσιος","2026-08-17 13:15:54",0.95536,1,dimitriskaltsios
2908,16761957,"Shunta Yara","2026-08-23 12:34:56",0.95533,1,shuntayara
2909,16692978,ZAUC,"2026-08-09 08:00:42",0.95523,1,zauctr
2910,16658355,"Võ Đăng Tuệ","2026-08-05 07:42:54",0.95520,4,tuevd0611
2911,16706487,YuvrajSingh6174,"2026-08-12 09:33:30",0.95519,1,yuvrajsingh6174
2912,16716315,"BHUMI PATRE","2026-08-15 09:57:07",0.95517,2,bhumipatre
2913,16766466,"Erfan Rasoolinejad","2026-08-31 11:45:37",0.95515,8,erfanrasoolinejad
2914,16685054,"Roshan Kumar Naik","2026-08-31 07:00:09",0.95513,1,roshankumarnaik
2915,16725254,"Brian Ochieng","2026-08-15 20:38:54",0.95510,1,brichieng
2916,16790788,"Ankit Raj","2026-08-30 14:45:06",0.95508,1,ankitrazz01
2917,16766344,"Doodle Peach","2026-08-27 17:16:57",0.95502,3,doodlepeach
2918,16778261,"Varshini Balasubramanya","2026-08-27 11:28:28",0.95491,1,varshini0613
2919,16747740,"Kıvanç Öz","2026-08-20 12:08:26",0.95490,1,kvancoz123
2920,16693057,yu-yo,"2026-08-11 15:56:50",0.95489,1,yukiyosh
2921,16710331,"GPA NNN","2026-08-12 05:59:53",0.95487,1,gpannn
2922,16652877,"Loh Jinsen","2026-08-03 15:18:31",0.95486,1,lohjinsen
2923,16664590,"Muhammad Awais Tariq","2026-08-11 07:54:37",0.95484,1,muhammadawaistariq87
2924,16666019,Zenieverse,"2026-08-17 05:38:06",0.95475,2,zenieverse
2925,16729566,"Marc-Aurel ALLADASSI","2026-08-23 14:54:19",0.95473,3,marcaurelalladassi
2926,16643918,Specter,"2026-08-06 20:13:25",0.95453,2,akwuiwuebube
2927,16743160,"esraa akram","2026-08-27 11:47:34",0.95446,1,esraaakram2005
2928,16645622,"Gowsalya Yogarajah","2026-08-04 05:14:16",0.95444,2,gowsalyayogarajah
2929,16752171,"Santosh Kumar","2026-08-21 06:26:26",0.95441,1,kuchhbhi
2930,16762626,"Dolaimin Yaya KONE","2026-08-25 02:18:36",0.95440,1,dolaiminyayakone
2931,16738443,"Shreyash Siddharth","2026-08-19 09:45:17",0.95437,1,shreyashsiddharth
2932,16759331,"Nafis Ahammad","2026-08-22 18:03:34",0.95432,1,nafisahammad
2933,16676261,"Ankit Seth","2026-08-24 09:33:24",0.95429,1,ankitsethknp
2934,16653174,"P Praveen kumar reddy","2026-08-03 15:43:04",0.95422,1,ppraveenkumarreddy
2935,16718906,"Brisa Marina","2026-08-18 11:27:49",0.95415,5,brisamarina
2936,16770655,KaranK09,"2026-08-25 11:55:54",0.95409,1,karank09
2937,16722739,"Jarboui Aminnna","2026-08-15 01:08:21",0.95408,1,jarbouiaminnna
2938,16670683,Kongali,"2026-08-05 22:58:33",0.95368,1,kongali
2939,16644753,"Adiya Tumurbaatar","2026-08-03 07:34:35",0.95325,3,adiyatumurbaatar
2940,16654549,praveensankar,"2026-08-07 05:53:32",0.95317,11,praveensankar
2941,16758674,"Aakash Kushwah","2026-08-23 12:20:02",0.95317,2,aakashrajawat75
2942,16757745,"Kunal Sharma","2026-08-26 09:41:44",0.95307,2,sharmakunal123
2943,16758868,"Tota Adrian","2026-08-24 10:40:09",0.95301,5,totaadrian
2944,16724971,Katze,"2026-08-15 11:33:53",0.95289,2,kckatze
2945,16652486,"Vlad Studennykov","2026-08-11 15:44:07",0.95283,2,vladstud716373618
2946,16634363,"Fueki Arina","2026-08-21 09:08:41",0.95269,2,fueki001
2947,16739382,"Nabeel Qanith","2026-08-19 11:29:21",0.95268,3,nabeelqanith
2948,16796570,"Saswata Bhar","2026-08-31 15:20:21",0.95267,1,saswatabhar
2949,16694734,"Chakrabhuana V  Deva","2026-08-09 12:26:25",0.95258,3,chakrabhuanavdeva
2950,16746193,"Saurabh Singh","2026-08-31 06:08:17",0.95252,1,saurabh08sin
2951,16700208,"FARSEEN M","2026-08-18 11:50:40",0.95243,4,farseenm
2952,16743941,"Parth Patil","2026-08-20 14:02:53",0.95239,10,"arpitk00,parthdpatil108,surajskokate"
2953,16681221,"Saif Mahdi","2026-08-14 04:54:06",0.95237,6,saifsamianmahdi
2954,16635922,"Tracy Porter","2026-08-02 16:32:50",0.95234,2,tracyporter
2955,16769714,zhonghongxing,"2026-08-26 02:17:51",0.95234,1,zhonghongxing
2956,16731221,riya_yadav,"2026-08-26 18:35:30",0.95233,1,riyaydv08
2957,16762023,oki_tsune,"2026-08-31 04:57:16",0.95232,5,imamura1
2958,16635570,"Lena Solodovnyk","2026-08-02 12:27:07",0.95227,3,lenasolodovnyk
2959,16672666,"Vedang Sawant","2026-08-07 18:45:36",0.95225,1,vedangsawant09
2960,16789876,DataDetectives,"2026-08-31 11:39:32",0.95223,1,"aditiapugade,patilvaishnavimaruti,pranitanikam"
2961,16711771,"Vishal Khomane","2026-08-12 10:57:14",0.95218,2,vishal567
2962,16634371,"Manish Patil","2026-08-03 06:53:25",0.95207,2,manishpatil115
2963,16675680,"Dávid Straka","2026-08-06 14:32:44",0.95179,1,dvidstraka
2964,16768445,"Aquiles Barreto","2026-08-25 01:04:16",0.95145,1,aquilesbarreto
2965,16638633,dlougen,"2026-08-01 17:53:44",0.95132,1,dlougen
2966,16684526,TotoriYoyori,"2026-08-26 17:28:29",0.95101,4,totoriyoyori
2967,16654053,Karan,"2026-08-27 17:33:28",0.95092,5,karan9351
2968,16694722,ExceptionEchoTeam,"2026-08-09 12:53:14",0.95075,3,exceptionechoteam
2969,16775756,Human,"2026-08-26 16:44:55",0.95075,1,ahnafmuhtasim
2970,16691043,"Mohamed Saad Zerki","2026-08-14 18:43:25",0.95051,4,saadzerki
2971,16713705,"Sohil Tadavi","2026-08-13 20:00:47",0.95045,3,sohiltadavi
2972,16672282,"Anuj Naithani","2026-08-21 14:53:38",0.95038,3,anujnaithani
2973,16694552,llllsssss,"2026-08-09 12:45:48",0.95034,9,llllsssss
2974,16728612,"Jay Gohel","2026-08-24 09:59:59",0.95032,4,jaygohel
2975,16759286,tyuyoshi,"2026-08-31 10:30:19",0.95029,2,hasegawatsuyoshi
2976,16796037,"Samuel Levi","2026-08-31 11:29:58",0.95001,2,sundevice5685
2977,16681993,"Pranav Guptaji","2026-08-24 14:15:18",0.94981,1,pranavguptaji
2978,16737168,Sybery_AI,"2026-08-18 11:10:43",0.94960,4,syberyai
2979,16739243,"BOULANOUAR MOHAMED","2026-08-18 18:24:25",0.94935,1,boulanouarmohamed
2980,16736558,invigi,"2026-08-18 10:12:27",0.94930,1,invigi
2981,16715846,"Moninder Gulati","2026-08-13 06:00:54",0.94882,1,monindergulati
2982,16785198,BrianKimmig,"2026-08-28 21:29:57",0.94860,1,brikim
2983,16759908,"Pranoti Bauchkar","2026-08-22 19:07:50",0.94827,1,pranotibauchkar
2984,16796371,"Akanksha Salunkhe","2026-08-31 11:26:24",0.94827,1,akankshasalunkhe12
2985,16712246,"sepehr masoudizad","2026-08-25 13:06:50",0.94802,1,sepehrmasoudizad
2986,16633726,Abhijit,"2026-08-22 21:40:33",0.94771,1,abbeymaj
2987,16741809,Carlos,"2026-08-19 09:03:42",0.94770,1,pentacode
2988,16662606,"Avirat Belekar","2026-08-06 18:54:42",0.94753,1,abelekar
2989,16720085,ShivanshDut,"2026-08-14 06:37:19",0.94749,2,shivanshdut
2990,16714459,Orochimaru,"2026-08-13 22:45:02",0.94721,3,ishan8061
2991,16663041,Zafar,"2026-08-08 21:03:42",0.94703,2,zafarali27
2992,16694695,"Тима Козлов","2026-08-09 12:22:13",0.94687,1,tihonsiska
2993,16737798,mashiroQWQ,"2026-08-18 17:15:16",0.94680,1,mash1roqwq
2994,16726626,SaiboIsland,"2026-08-17 17:40:00",0.94661,1,saikoka
2995,16707924,"Helen yılmaz","2026-08-29 23:33:24",0.94633,3,helenylmaz
2996,16656687,"Sivanja Sivakumar","2026-08-04 22:49:12",0.94621,2,sivanjasivakumar
2997,16780769,"Suman Gouda","2026-08-29 09:19:14",0.94601,1,sumangoudakaggle
2998,16747837,vaishnavi,"2026-08-20 10:49:34",0.94583,1,vaishnavisule
2999,16727156,ZWQ1037,"2026-08-21 04:25:41",0.94582,1,zwq1037
3000,16716871,"Binary Brains","2026-08-18 07:49:44",0.94547,1,"ananyamaurya,surbhisuman"
3001,16713307,"NIKAM ADITI DATTATRAY","2026-08-17 18:13:52",0.94547,1,nikamaditidattatray
3002,16755692,Sanskarrr_p,"2026-08-21 16:18:01",0.94547,1,sanskarrrp
3003,16694671,Saturn8,"2026-08-09 13:06:27",0.94528,3,saturn8
3004,16654709,treilllaxred,"2026-08-21 04:53:18",0.94521,5,treilllaxred
3005,16710328,Alvin,"2026-08-12 15:15:44",0.94514,1,alvinhoang
3006,16662694,"PRINCE GUPTA","2026-08-10 15:00:21",0.94500,1,prince66
3007,16635516,schliggify,"2026-08-02 11:54:56",0.94461,2,schliggify
3008,16701837,Kai44p,"2026-08-11 05:07:04",0.94441,2,kai44p
3009,16660380,marucan,"2026-08-13 13:04:07",0.94357,15,marucan
3010,16762777,"Diana Carcea","2026-08-25 18:49:06",0.94350,2,dianacarcea
3011,16694903,Qwerty,"2026-08-18 14:03:00",0.94331,8,qwerty1234123424
3012,16697004,klsaleh,"2026-08-09 19:25:13",0.94331,1,klsaleh
3013,16747362,"bianca spiridon","2026-08-28 09:09:25",0.94318,9,biancaspiridon
3014,16682947,"Yashpalsinh Thakor","2026-08-07 10:08:32",0.94315,2,yashpalthakor
3015,16696791,Vaishnavi22052006,"2026-08-09 15:37:13",0.94313,1,vaishnavi22052006
3016,16733234,Chansoon,"2026-08-18 04:28:18",0.94304,2,chansoon
3017,16718071,"KALE RIDDHI ARUN","2026-08-17 05:54:26",0.94302,1,kaleriddhiarun
3018,16717023,"Monish Singhal","2026-08-17 17:33:04",0.94301,3,monish0110
3019,16765880,Mohamed_Sherif,"2026-08-31 14:26:38",0.94298,1,"azalhappy,myr2001"
3020,16639160,"Maheep Walia","2026-08-01 21:34:08",0.94291,1,maheepwalia
3021,16680962,okuub11,"2026-08-08 02:04:23",0.94284,3,okuub11
3022,16731600,takuya008,"2026-08-17 14:46:50",0.94282,2,takuya008
3023,16639402,"Aᴊɴᴀвı INSAAN","2026-08-05 00:26:00",0.94273,2,ainsaan
3024,16779504,"PATIL AKSHARA ASHOK","2026-08-28 06:41:33",0.94269,3,patilaksharaashok
3025,16774775,"Bhoomika Jain","2026-08-31 03:36:57",0.94259,2,bhoomika21jain
3026,16691174,"De Marchi Fabio","2026-08-18 14:31:37",0.94257,13,obiaf88
3027,16662379,"Sarath Sreedhar J","2026-08-11 10:38:45",0.94248,9,sarathsreedharj
3028,16670075,"Tereza Hartigova","2026-08-12 20:25:06",0.94240,3,terezahartigova
3029,16665527,yuchen9,"2026-08-05 13:26:53",0.94239,1,yuchen9
3030,16665019,Danjas,"2026-08-23 03:49:49",0.94232,7,danjas
3031,16764484,"Rizky Mubarrok (Rizky)","2026-08-28 04:32:34",0.94227,5,rizkymubarrokrizky
3032,16713624,"Ruturaj Lokhande","2026-08-15 10:55:38",0.94227,1,ruturajlokhande27
3033,16778568,letJustice,"2026-08-31 05:53:46",0.94214,5,letjustice
3034,16723757,"Saif Shahriar","2026-08-15 17:51:14",0.94211,1,saifshahriar
3035,16758793,"Augusto de Melo Costa","2026-08-22 14:31:17",0.94199,1,augustomelocosta
3036,16764457,"Chabane Messous","2026-08-24 05:48:31",0.94196,1,chabanemessous
3037,16653073,keep_it_best,"2026-08-04 02:20:57",0.94189,4,zhuimengren
3038,16765426,"Acasandrei Nicu","2026-08-24 10:59:43",0.94186,1,acasandreinicu
3039,16710027,"Briant Paul","2026-08-21 19:40:56",0.94186,3,briantpaul
3040,16743448,"Tommy Llewellyn","2026-08-21 12:35:55",0.94180,1,tommyllewellyn
3041,16764455,"Terezia Prosbova","2026-08-31 06:48:37",0.94176,2,tereziaprosbova
3042,16645053,"praful tiwari123","2026-08-28 06:14:03",0.94170,4,prafultiwari123
3043,16743056,"Natalie Ogungbade","2026-08-30 21:09:44",0.94170,2,natalieogungbade
3044,16663466,"Yash Wardhan Singh","2026-08-09 10:08:59",0.94152,2,y43hwardhan
3045,16790604,Aquaflame,"2026-08-31 15:47:00",0.94149,11,aquaflame
3046,16726012,"Azad Ali 1995","2026-08-15 23:04:31",0.94141,1,azadali1995
3047,16634558,"Sifan Shamlewala","2026-08-05 11:48:59",0.94136,1,sifanshamlewale
3048,16712181,"Ankita Jethani","2026-08-14 07:38:09",0.94132,1,ankitajethani
3049,16670175,Fiendl,"2026-08-09 14:26:56",0.94131,2,itsmaffz
3050,16641152,Mob,"2026-08-06 20:30:41",0.94123,2,moubarak73
3051,16644523,"Jonathan Leaver","2026-08-02 23:31:11",0.94111,2,jonathanleaver
3052,16697003,"vaibhav solanke","2026-08-16 21:59:56",0.94104,2,vaibhavsolanke
3053,16652296,LeoLuo,"2026-08-31 10:54:39",0.94096,3,leoluo806
3054,16716316,SamruddhiPatil616061,"2026-08-15 15:24:34",0.94096,1,samruddhipatil616061
3055,16707774,shixingkong,"2026-08-12 14:01:44",0.94091,1,shixingkong
3056,16725579,TMNT10,"2026-08-30 15:39:40",0.94087,13,tmnt10
3057,16726160,"Shivani Radhakisan Charvande","2026-08-16 11:08:45",0.94087,1,shivanicharvande
3058,16763923,"Noureddine Mohammedi","2026-08-24 08:17:49",0.94084,1,noureddinemohammedi
3059,16766333,"Nuo Chen","2026-08-24 16:32:00",0.94074,2,nuochen1314
3060,16736642,"Tejas Varshney","2026-08-25 12:48:04",0.94063,2,varshneytejas
3061,16689282,"Smit Raval","2026-08-08 07:28:23",0.94051,1,ravalsmit
3062,16706472,"Neehar S","2026-08-12 09:42:26",0.94042,2,neehars
3063,16700881,WROCODILE,"2026-08-10 13:53:49",0.94040,1,wrocodile
3064,16655592,Fabbasso,"2026-08-25 01:54:07",0.94031,1,fabrizio78
3065,16633856,"Will Imoehl","2026-08-01 02:36:47",0.94014,3,willimoehl
3066,16762756,"Tài Nguyễn","2026-08-23 16:03:30",0.94005,1,tainguyen0512
3067,16766467,"Niklas Krakhofer","2026-08-29 01:00:00",0.94001,19,niklaskrakhofer
3068,16762834,"Ivan Li","2026-08-26 17:09:36",0.93986,2,ivanli256
3069,16646621,"Kevin Proto","2026-08-07 00:02:15",0.93983,2,kevinproto
3070,16688840,"Vishal Reddy.k","2026-08-24 12:57:58",0.93973,9,vishalreddyk
3071,16634971,"Muhammad Hamid Raza","2026-08-03 02:12:58",0.93972,5,hamidrana
3072,16694591,"Nika Popova","2026-08-09 09:20:14",0.93963,1,nikapopova
3073,16701042,marusai6,"2026-08-31 13:54:09",0.93953,5,marusai6
3074,16743271,YL24,"2026-08-19 17:16:35",0.93946,1,yl2407
3075,16705898,上官雨云,"2026-08-12 10:01:10",0.93932,1,frisk1056
3076,16755570,Suriyaa__MM,"2026-08-22 05:42:00",0.93906,5,suriyaamm2705
3077,16659566,Lalmuankima,"2026-08-13 15:42:35",0.93901,4,lalmuankima
3078,16641115,Ahmad,"2026-08-20 14:00:58",0.93871,2,ahmad1029
3079,16644386,"Mohamed Echch","2026-08-27 19:03:44",0.93856,2,mohamedechch
3080,16711494,"Milan Nagy","2026-08-18 13:40:47",0.93851,5,milannagy
3081,16789850,"SACHIN SHARMA","2026-08-29 14:22:58",0.93849,2,sachinsharma1912
3082,16732444,"Manya Gupta","2026-08-18 07:22:16",0.93819,2,manyagupta30
3083,16686687,"Hack Descent","2026-08-11 01:50:25",0.93796,30,"chrisgeorgeshibu,galimanishkumar,varunkarthikbalaji"
3084,16701033,석유한사발,"2026-08-11 07:44:17",0.93795,3,bbty0310
3085,16709753,"Kaden Trigueiro","2026-08-13 01:50:57",0.93786,1,kadentrigueiro
3086,16765092,"Mihnea Munteanu","2026-08-24 08:49:35",0.93753,5,mihneamunteanu
3087,16764011,"Nima Sharifi","2026-08-24 13:11:13",0.93748,3,nimasharifi
3088,16692703,Aniruddha,"2026-08-11 12:06:46",0.93746,2,animaiti
3089,16766324,"Arseni Costel-Ionut","2026-08-29 23:52:31",0.93743,20,arsenicostelionut
3090,16672114,bludie,"2026-08-31 06:34:31",0.93741,1,bludie
3091,16739143,"Çınar Özdemir","2026-08-18 20:09:50",0.93741,1,cinarozdmr
3092,16788596,Khusyasy,"2026-08-30 12:46:22",0.93730,9,khusyasy
3093,16779418,"Mohamed Khaled Mohamed","2026-08-27 14:10:06",0.93723,1,mohamedkhaled2007
3094,16639394,"Paulo Alex","2026-08-01 23:44:12",0.93695,2,pauloalex11
3095,16655224,GwhE,"2026-08-07 20:40:09",0.93680,2,gwhenap
3096,16693770,"Raj Narayan Sharma","2026-08-09 06:02:52",0.93679,1,rajnarayansharma
3097,16777471,WenlongSun,"2026-08-28 05:32:57",0.93669,5,wenlong2016
3098,16789877,"cz tian","2026-08-29 11:13:38",0.93664,1,deepdragon
3099,16758187,"Giovanni Valentini","2026-08-30 16:49:54",0.93630,4,gvalentini
3100,16717498,"Rajesh Kumar","2026-08-13 13:46:02",0.93608,1,rajeshlika79
3101,16667923,Chandrashekar,"2026-08-06 10:36:54",0.93607,1,hermitsays
3102,16713432,TanneroJones,"2026-08-13 13:50:28",0.93607,1,tannerojones
3103,16649707,kimchowon11,"2026-08-29 12:36:06",0.93576,3,kimchowon11
3104,16786018,"Remy Ramanan","2026-08-31 05:30:21",0.93576,15,remyramanan
3105,16758501,"Yingjie Ye","2026-08-22 13:13:27",0.93566,1,yingjieye
3106,16723751,"Rithvik Muthyapu","2026-08-17 07:28:29",0.93558,8,rithvikmuthyapu
3107,16709253,"Egor Hohlachev","2026-08-11 21:10:44",0.93550,1,egorhohlachev
3108,16722766,"Stef Simington","2026-08-27 20:58:32",0.93529,6,stefsimington
3109,16765801,eunobi,"2026-08-31 03:48:51",0.93496,6,eunikeobidient
3110,16711768,"Chinmoy Bhakta","2026-08-14 19:00:42",0.93444,13,chinmoybhakta
3111,16654833,thaanis-mohamed,"2026-08-05 13:56:19",0.93439,3,thaanismohamed
3112,16656289,Indrajit_Pal,"2026-08-23 13:07:26",0.93424,1,palindrajit
3113,16730997,LosevArtem1702,"2026-08-17 07:18:16",0.93422,1,losevartem1702
3114,16723842,"Fedi Boukari","2026-08-15 01:16:48",0.93417,1,fediboukari
3115,16649034,"Narek Davtyan","2026-08-03 08:22:28",0.93408,4,narekdavtyan
3116,16717869,"Rostislav Babich","2026-08-15 15:26:14",0.93380,2,rostislavbabich176
3117,16700396,dark-phoenix,"2026-08-11 05:54:30",0.93380,1,shakiralivijapura
3118,16658443,vuhoangnam2104,"2026-08-05 08:24:22",0.93370,1,vuhoangnam2104
3119,16658417,"Trần Quốc An Trường PT Sao Việt","2026-08-05 08:39:39",0.93370,1,trnqucantrngptsaovit
3120,16756223,SanaK1405,"2026-08-25 11:14:34",0.93355,2,sanak1405
3121,16698325,"Joey Bl","2026-08-14 21:01:08",0.93348,7,joeybl
3122,16792537,"Partha Sarathi","2026-08-30 14:19:05",0.93339,1,parthasarathi35
3123,16702375,"Lukas Maximo","2026-08-30 00:07:09",0.93338,12,lukasmaximo
3124,16778420,"Samuel Muema","2026-08-27 06:37:27",0.93312,1,samuelmuema
3125,16695905,Eliat,"2026-08-14 13:20:48",0.93304,5,tatianad
3126,16720212,"Vamsi Adithya Yarru","2026-08-25 16:02:49",0.93275,1,"badarinath13,vamsiadithyayarru"
3127,16652539,Polina,"2026-08-03 13:29:23",0.93265,1,polina63
3128,16683269,WiseAndrei4,"2026-08-07 10:16:00",0.93232,3,wiseandrei4
3129,16639367,HamidrezaKeshavarz,"2026-08-02 10:23:16",0.93098,2,hamid9
3130,16694487,"Who am I?","2026-08-28 13:53:16",0.92987,14,lopure
3131,16769835,AgamAken,"2026-08-26 07:31:43",0.92970,1,agamaken
3132,16770389,Vinh2611,"2026-08-25 17:49:48",0.92926,4,vinh2611
3133,16675327,"Kayla Malherbe","2026-08-19 02:09:13",0.92924,1,kaylamalherbe
3134,16652504,"vivek r","2026-08-24 11:54:27",0.92893,1,vivekrrr
3135,16687170,JesusNaranjo1481,"2026-08-13 04:38:04",0.92892,1,jesusnaranjo1481
3136,16681273,Leneen,"2026-08-13 14:02:27",0.92887,1,leneen
3137,16766451,"vansh singla","2026-08-28 14:15:15",0.92839,2,vanshsingla79
3138,16676189,YTomo2,"2026-08-08 04:20:36",0.92730,3,ytomo2
3139,16669008,Aryan_negi93,"2026-08-06 08:58:13",0.92669,7,aryannegi93
3140,16639794,"Omar M","2026-08-13 03:17:53",0.92666,2,healthtricks
3141,16634225,"Deepesh Gupta","2026-08-31 12:37:26",0.92631,2,deepesh2026
3142,16715131,hwang85,"2026-08-13 00:48:11",0.92621,1,hwang85
3143,16694950,"Mihiran Pasindu","2026-08-09 16:44:47",0.92507,1,mihiranpasindu
3144,16733306,"Aikantic Maitra","2026-08-24 18:42:03",0.92475,3,aikanticmaitra
3145,16767526,"Bhuvesh Chauhan","2026-08-26 14:24:37",0.92317,6,bhuveshchauhan
3146,16763233,Praveen.V,"2026-08-30 04:24:12",0.92308,5,praveenfiles
3147,16729950,"Jonathan T","2026-08-16 22:52:24",0.92257,1,jtdataperuser
3148,16728167,"Ghazal Fahmy","2026-08-16 11:56:26",0.92130,1,ghazalfahmy
3149,16770052,"yoru kusuhara","2026-08-29 08:51:12",0.92115,3,yorukusuhara
3150,16704450,"Saiful Rijal","2026-08-23 04:08:43",0.91981,1,saiful873
3151,16639393,"abd el moujib","2026-08-05 12:55:02",0.91954,2,abdelmoujib
3152,16751206,"Yuanbo Yang123","2026-08-21 02:56:31",0.91952,2,yuanboyang123
3153,16727036,"Wang Jingzi","2026-08-27 08:17:40",0.91951,4,wangjingzi111111111
3154,16690968,"Hoso Badalyan","2026-08-20 10:50:49",0.91931,4,hosobadalyan
3155,16724370,"SRI HARI VASAN","2026-08-15 06:25:52",0.91917,1,sriharivasan
3156,16643452,"José Luís Fernando","2026-08-10 14:34:20",0.91872,1,joslusfernando
3157,16660441,"Rishwanth Sai Singirikonda","2026-08-05 14:48:17",0.91858,1,rishwanthsai1537
3158,16676876,"Rahul Kumar","2026-08-29 17:52:29",0.91781,5,rahulk0719
3159,16635258,"Hanston H","2026-08-05 08:21:27",0.91666,1,hanstonh
3160,16782934,Jimljay,"2026-08-28 14:20:48",0.91598,1,jimljay
3161,16725021,"Silvia de Anitua Aspiazu","2026-08-31 07:48:36",0.91396,24,silviadeanitua
3162,16751118,"Ashton Peng","2026-08-25 23:24:23",0.91383,2,ashtonpeng
3163,16713197,"Omer Raveh","2026-08-12 18:01:00",0.91359,1,georgeconey
3164,16741706,agargawegawevawe,"2026-08-20 16:39:39",0.91359,1,agargawegawevawe
3165,16729410,"Aisy Maffaz","2026-08-17 16:39:37",0.91358,5,aisymaffaz
3166,16783686,"Tran duc anh ","2026-08-29 04:51:05",0.91358,1,ducanh2
3167,16736794,"Jaydeep Yadav","2026-08-20 06:56:34",0.91358,2,jaydeepy
3168,16696036,"Yuqing Liu","2026-08-10 11:35:38",0.91358,1,clearain0015
3169,16759928,"Dilfuza Umarjonova","2026-08-23 18:32:33",0.91357,1,dilfuzaumarjonova
3170,16734575,"Antonio Efe Vizcarra","2026-08-21 20:11:16",0.91356,1,antonioefevizcarra
3171,16711643,"Temuulen Wang","2026-08-13 03:49:17",0.91356,1,temuulenwang
3172,16664088,shrutihore,"2026-08-10 01:31:52",0.91355,1,shrutihore
3173,16794119,"VIVEK JAMBHULKAR","2026-08-30 22:14:56",0.91355,2,vivekjamson
3174,16795595,"Manaswi Gaikwad","2026-08-31 09:04:52",0.91355,1,manaswigaikwad
3175,16795991,"Vaishnavi Lohar","2026-08-31 09:14:42",0.91355,1,vaishnavi6075
3176,16743422,"Vinod Kumar ","2026-08-23 18:09:03",0.91355,1,vinodkumar369
3177,16729195,"DESAI TRUPTI NITIN","2026-08-16 15:33:47",0.91355,1,desaitruptinitin
3178,16717628,"Anjali Rajesh Sutar","2026-08-17 05:44:52",0.91355,1,anjalirajeshsutar
3179,16639153,"David Blandón","2026-08-17 20:43:03",0.91355,11,dacxj0
3180,16733416,"Divya Herle","2026-08-19 16:00:07",0.91355,1,divyaherle
3181,16731493,"Luca Britten","2026-08-17 08:14:44",0.91355,1,lucabritten
3182,16725832,Secertive,"2026-08-17 09:32:16",0.91355,1,secretiveplotter1863
3183,16635352,SrimannarayanaMedoju,"2026-08-13 05:55:09",0.91354,1,"brahmam1086,srimannarayanamedoju"
3184,16758538,"Mehdi Sahhar","2026-08-23 16:23:03",0.91346,1,mehdisahhar
3185,16644389,"Christopher Arzate-Benitez","2026-08-14 02:24:13",0.91314,2,christopherarzate
3186,16735068,"SHREYAS KUMBHAR","2026-08-18 03:51:24",0.91311,1,kshreyas26
3187,16767250,"Carlos Manuel Martínez Vázquez","2026-08-30 22:33:25",0.91310,1,csvzqzz
3188,16765028,"Hasan Normamatov","2026-08-24 09:41:39",0.91310,1,hasannormamatov
3189,16770335,"Kholoud Almutairi - LAB7","2026-08-26 04:45:48",0.91298,2,kholoudalmutairilab7
3190,16739595,"Anushka Kawane","2026-08-20 19:03:45",0.91255,1,anushkakawane
3191,16772207,"Carter Anderson","2026-08-28 01:46:22",0.91253,5,celsian04
3192,16706383,INyomanArvindraPW,"2026-08-11 11:16:17",0.91230,1,shadowwizard
3193,16643967,"Shubham Phapale","2026-08-02 17:57:49",0.91132,1,shubhamphapale
3194,16783576,Shashwat_rj,"2026-08-30 12:07:54",0.91087,1,shashwatrj
3195,16720711,"Rishikesh Paul","2026-08-22 11:16:59",0.90975,4,rishikeshpaul
3196,16749146,"Tanvir Singh","2026-08-20 17:27:46",0.90763,1,tanvirsingh2004
3197,16763219,"Sanjib Kumar Mandal","2026-08-25 10:27:36",0.90546,1,sanjib2005
3198,16739753,"Manar saber","2026-08-30 18:14:13",0.89866,2,manarsaber
3199,16654748,"[Deleted] 7a1a2a56-1433-4c1f-8a35-f776df823bbf","2026-08-03 21:07:02",0.89728,3,del=207c7a0a2ad9e094
3200,16707365,Figusama,"2026-08-19 16:35:40",0.89682,5,figusama
3201,16661843,"Trinh Tuan Anh","2026-08-06 08:38:23",0.89643,1,trinhtuananh
3202,16701410,"Ashutosh Agarwal","2026-08-12 09:57:29",0.89561,4,"ashutoshagarwal088,shriii21"
3203,16745340,Orangle,"2026-08-20 01:58:57",0.89466,2,orangle
3204,16719818,"Syed Rayyan Haider","2026-08-31 04:23:35",0.89447,43,"mabdulrafay2,syedrayyanhaider"
3205,16649959,Itpl16,"2026-08-04 14:03:13",0.89266,4,itpl16
3206,16667473,"Subham Gupta","2026-08-06 18:53:52",0.89266,2,subham09g
3207,16713589,"Thomas J Varghese","2026-08-12 17:56:58",0.89253,1,thomasjvarghese
3208,16644088,"Egor Mashtakov","2026-08-02 18:58:32",0.89162,3,egormashtakov
3209,16688632,"Alfi Willianz","2026-08-10 04:04:10",0.89102,4,zwniff
3210,16634712,"Kriti Jain","2026-08-01 10:00:51",0.89047,4,kritijain11
3211,16696603,"Abdullah Al Aymon","2026-08-26 18:09:20",0.89047,8,abdullahalaymon
3212,16663638,Mohamed_726,"2026-08-07 00:46:39",0.88965,1,mohamed726
3213,16712266,"Andy Andy","2026-08-12 11:51:14",0.88917,6,andy3373
3214,16648469,briskwalking53,"2026-08-31 01:57:04",0.88888,3,takayukihayakawa
3215,16795061,NANCY,"2026-08-31 07:33:16",0.88856,3,nancy341
3216,16780174,German1212,"2026-08-27 17:00:15",0.88846,5,german1212
3217,16634657,FishEnjoyTea,"2026-08-06 08:13:35",0.88785,2,fishenjoytea
3218,16698660,encredbile,"2026-08-10 05:30:09",0.88747,4,encredbile
3219,16770034,"Kamyab Kazemzadeh","2026-08-26 14:31:00",0.88648,1,kamyabkazemzadeh
3220,16692312,Anandha003,"2026-08-18 17:28:14",0.88646,1,anandha003
3221,16699424,Ajohnbin,"2026-08-13 08:46:46",0.88601,1,ajohnbin
3222,16658424,"Trịnh Hoàng Huy","2026-08-05 08:52:36",0.88596,1,trnhhonghuy
3223,16694882,"ABeer AZ","2026-08-09 09:48:27",0.88558,1,abeeralzebda
3224,16688965,"jevil savani","2026-08-23 08:23:17",0.88275,11,"jevilsavani,pipaliyajeel27"
3225,16652650,"Just Code","2026-08-21 13:25:27",0.88218,2,justcode1
3226,16633948,revathip,"2026-08-02 23:55:26",0.88185,1,revathiprakash
3227,16767626,"Jakub Kowalik","2026-08-24 20:17:04",0.88151,2,jkowalik
3228,16639618,"Klenn Dungaran","2026-08-04 05:57:20",0.88132,1,klekzee
3229,16648316,feng,"2026-08-10 14:54:18",0.88117,5,guofungwong
3230,16755728,"Eymen Akb","2026-08-23 09:30:33",0.88101,4,eymenakb
3231,16640454,PsayaP,"2026-08-23 09:03:42",0.88100,11,psayap
3232,16639495,KF,"2026-08-19 11:54:19",0.88093,2,kimurafumiya
3233,16641088,"Kirill Osherov","2026-08-03 12:14:11",0.88082,2,kirillosherov
3234,16686313,"Abid Allam","2026-08-15 13:27:55",0.88059,3,abidallam
3235,16770554,"Safak Atakan Celik","2026-08-28 19:23:14",0.88046,1,safakatakancelik
3236,16684097,"Shan Zahra","2026-08-31 13:44:11",0.88043,1,sukananaqvi
3237,16757569,"Sarang Balakrishnan","2026-08-29 04:05:41",0.88042,2,sarang027
3238,16714174,"Kalash's Kaggle","2026-08-16 15:12:29",0.88031,1,kalashskaggle
3239,16727288,"Rohit Rai1930","2026-08-16 18:42:52",0.87994,2,rohitrai1930
3240,16635582,"Amir Sohail","2026-08-10 05:19:43",0.87985,8,amirsohail122
3241,16730062,"Olatide Bolaji","2026-08-27 21:19:56",0.87982,4,olatidebolaji
3242,16634293,LeoForReal,"2026-08-04 22:29:22",0.87965,5,leoforreal
3243,16739190,real_elevator,"2026-08-20 19:03:21",0.87941,4,realelevator
3244,16765751,"Ibrahim Amoo","2026-08-24 15:11:32",0.87936,1,ibrahimamoo
3245,16709475,SoungbinCho,"2026-08-30 18:44:14",0.87935,1,soungbincho
3246,16697542,v-krishna@25,"2026-08-13 11:49:28",0.87925,22,vkrishna25
3247,16734355,"Louis “Louis 732A”","2026-08-18 12:52:56",0.87923,7,louislouis732a
3248,16746397,Ridhima,"2026-08-31 04:19:42",0.87922,4,ridhima2512
3249,16637393,"Arin Tripathi","2026-08-06 18:46:49",0.87909,1,arintripathi
3250,16686691,"Mahesh Bawane","2026-08-25 09:18:57",0.87899,1,maheshbawane073
3251,16741631,"Farhan Qadir","2026-08-25 16:22:01",0.87895,6,farhanmassan
3252,16678238,"Arjun S Karthikeyan","2026-08-10 02:37:14",0.87855,2,arjunskarthikeyan
3253,16716326,"MUHAMMAD ARSAL (TSHR)","2026-08-14 14:48:08",0.87830,1,muhammadarsaltshr
3254,16749064,"Ashok Gaire","2026-08-24 18:25:32",0.87804,1,ashokgaire
3255,16781086,"Santhosh Banoth","2026-08-29 18:58:22",0.87797,3,santhoshbanoth
3256,16790873,"Vallam Dinakar","2026-08-29 18:09:59",0.87793,2,vallamdinakar
3257,16748829,"James Hinshaw","2026-08-21 02:07:58",0.87783,2,jameshinshaw
3258,16646395,"Xander Zoom","2026-08-05 02:54:17",0.87763,3,xanderzoom
3259,16640519,Sushanth@1213791529,"2026-08-06 05:45:47",0.87759,1,sushanth1213791529
3260,16732411,"Ferhat Gönülveren","2026-08-18 12:40:51",0.87732,1,ferhatgnlveren
3261,16688356,"Keagan Wijaya","2026-08-08 05:54:55",0.87692,1,keagannn
3262,16658968,arman_3,"2026-08-17 10:47:28",0.87676,4,arman3
3263,16791344,l@riel27,"2026-08-31 00:00:39",0.87663,1,johanal
3264,16761310,"[Mali12]Aboubacar Diarra","2026-08-23 07:59:24",0.87651,2,aboubacardiarra1810
3265,16692394,"ROBLOX SCHOOL","2026-08-21 17:59:46",0.87638,1,robloxschool
3266,16716280,"Jedsadakorn Suma","2026-08-19 01:47:55",0.87595,1,jedsadakornsuma
3267,16702213,"Keerthana Govind","2026-08-11 15:27:13",0.87589,1,keerthanagovind
3268,16715485,"Shaurya Singh","2026-08-21 07:50:05",0.87587,6,justnshaurya
3269,16691110,mimatu,"2026-08-23 09:30:55",0.87586,3,mimatu
3270,16722959,FraChiere,"2026-08-15 08:27:27",0.87566,1,frachiere
3271,16634242,"Rohit Kumar","2026-08-10 06:13:03",0.87553,19,rohit4468
3272,16656865,Sreekar2828.,"2026-08-04 06:20:26",0.87542,1,sreekar2828
3273,16669840,"Prakash Patel","2026-08-28 23:15:26",0.87530,8,rakatel
3274,16772086,"Shah Anan","2026-08-07 10:12:40",0.87528,6,"anaanruti,hollowf4d9"
3275,16694576,"Ganesh S Sable","2026-08-27 07:15:44",0.87513,5,ganeshssable
3276,16660386,"Abhay Rao","2026-08-11 14:03:47",0.87502,14,abhayrao24
3277,16694594,Razgibator3004,"2026-08-09 12:24:20",0.87487,2,razgibator3004
3278,16709135,Paco88,"2026-08-13 05:37:20",0.87464,2,paco88
3279,16665075,"satvik hosagoudar","2026-08-05 06:59:11",0.87441,2,satvikhosagoudar
3280,16767914,"Rachit Das","2026-08-26 19:53:49",0.87441,12,exterminator11
3281,16711879,"Sparsh Vishwakarma","2026-08-19 11:44:07",0.87438,1,sparshvishwakarma
3282,16761403,NALAMVENKAT,"2026-08-31 07:36:35",0.87436,1,nalamvenkat
3283,16682682,ShauryaSaysHi,"2026-08-08 06:51:24",0.87406,2,shauryasayshi
3284,16699417,"Abhist Kumar","2026-08-31 10:36:25",0.87399,1,abhistkumar
3285,16740036,Рафаэль,"2026-08-18 23:36:09",0.87374,8,pozoyan
3286,16705651,"Akmal Azzam o'g'li","2026-08-11 07:05:54",0.87371,10,akmalmir
3287,16683878,"Anthony Erinfolami","2026-08-07 13:58:51",0.87330,1,anthonyerinfolami
3288,16709195,"gabriel buchhorn","2026-08-20 16:34:59",0.87286,1,gabrielbuchhorn
3289,16661354,"Bohdan Zvorskyy","2026-08-26 12:07:21",0.87274,1,bohdanzvorskyy
3290,16784213,"SABAREESAN S","2026-08-31 14:29:53",0.87258,4,sabareesans
3291,16760419,"Diego Alonso Meza Delgado","2026-08-31 03:08:59",0.87251,1,diegoamd
3292,16684108,Idymayou,"2026-08-10 13:38:57",0.87243,2,vadsul
3293,16775591,"Teodor Radosavljevic","2026-08-26 21:56:35",0.87240,3,teodorradosavljevic
3294,16638806,Zorgeee,"2026-08-01 18:02:50",0.87235,1,"forsmthnoithingtosay,zorgeee"
3295,16690546,"Nayan Pal","2026-08-09 08:10:45",0.87220,1,z4y4zz
3296,16652390,"Gor Mkhitaryan","2026-08-08 20:25:51",0.87219,2,gormkhitaryan
3297,16694715,"Михаил Пуртов","2026-08-09 13:14:58",0.87216,1,mishaaaaa665738u9
3298,16754075,"Dhruv Chakraborty","2026-08-22 06:10:29",0.87185,1,dhruv07321
3299,16652785,"Philippe Coulombe","2026-08-18 14:31:39",0.87161,1,philippecoulombe
3300,16654829,"Vijay Ola","2026-08-10 18:11:37",0.87153,5,vijayola
3301,16727285,"Deep Thought","2026-08-16 04:55:40",0.87146,1,deepakjnath
3302,16653275,"Prof. Dr. Jefferson T.","2026-08-03 15:39:35",0.87143,1,profdrjeffersont
3303,16652655,"Kuldeep Sadhu","2026-08-07 17:47:51",0.87140,2,sadhukuldeep
3304,16688002,"Heath Dingus","2026-08-17 23:54:19",0.87121,8,heathdingus
3305,16696511,"Mohit Boura","2026-08-18 06:20:50",0.87119,1,"mohitboura,shraddhabisht4821,unnatibisht"
3306,16719803,"Abdul Rafay Rizwan","2026-08-31 12:02:43",0.87060,14,abdulrafay2525
3307,16748118,"Manuhash ","2026-08-24 18:15:22",0.87046,1,manuhash
3308,16713433,coredumpdev,"2026-08-13 10:01:04",0.87025,2,coredumpdev
3309,16725704,dorikado,"2026-08-16 18:59:41",0.87001,1,dorikado
3310,16697262,"Aimy Shah","2026-08-30 19:26:44",0.86998,1,aimyshah
3311,16782163,"Natarajan Gautam","2026-08-28 21:20:32",0.86988,4,gamtamu
3312,16743323,"Lesole Polilane","2026-08-24 14:23:20",0.86981,1,lesolepolilane
3313,16757660,_yii4e3,"2026-08-22 11:10:50",0.86967,1,yii4e3
3314,16690229,SkanX7,"2026-08-08 16:20:05",0.86924,2,skanx7
3315,16772358,Chinta,"2026-08-28 19:56:28",0.86901,4,chintaybr
3316,16707018,RyanCarlisle1204,"2026-08-12 05:36:12",0.86880,1,ryancarlisle1204
3317,16667963,Jimhsu07,"2026-08-06 13:53:26",0.86879,3,jimhsu07
3318,16741029,Yashika202006,"2026-08-30 06:57:35",0.86871,4,yashika202006
3319,16724549,"Arnav Amrit","2026-08-31 11:14:40",0.86862,2,pseudochrome
3320,16772876,"Wai Mai Lydia Tsang","2026-08-28 16:03:04",0.86857,4,waimailydiatsang
3321,16740270,"Sleem Hashem","2026-08-21 22:16:34",0.86845,1,sleemhashem
3322,16708544,MCXGenesis,"2026-08-11 23:56:14",0.86816,8,naufalmaulanabil
3323,16783307,RayHuang,"2026-08-29 03:14:08",0.86778,1,rayhuang0124
3324,16649063,"Musa Aleksanyan","2026-08-03 08:30:56",0.86741,10,musaaleksanyan
3325,16717519,"biswajit giri","2026-08-30 04:33:30",0.86688,2,biswajit69panda
3326,16792707,"Aisha Sinha1","2026-08-30 09:49:52",0.86654,1,aishasinha1
3327,16790512,"Fikrifalah Muslich","2026-08-31 14:00:56",0.86582,1,fikrifalahmuslich
3328,16694595,"Елизавета ","2026-08-09 12:31:58",0.86526,5,elizaveta26
3329,16699725,As_a_freebyrd,"2026-08-10 09:40:47",0.86471,1,asafreebyrd
3330,16641596,"Jesuthas Ramsika","2026-08-05 13:55:35",0.86390,1,jesuthasramsika
3331,16782674,"Fish Hsu","2026-08-28 08:57:50",0.86370,1,fishhsu
3332,16635045,"Anshu Tyagi","2026-08-01 08:50:13",0.86317,1,tyagianshu01
3333,16763177,"Magnus Valter Kaljuste","2026-08-23 18:40:03",0.86277,4,kiirois
3334,16749261,jojotaro,"2026-08-21 14:25:08",0.86266,3,ohisamataro
3335,16702021,"shaivya shankar","2026-08-10 17:20:39",0.86248,1,shaivyashankar12
3336,16664071,"Goutam vg Ghanti","2026-08-05 02:15:35",0.86242,1,goutamvgghanti
3337,16796656,"Ulrich Adonon","2026-08-31 14:54:32",0.86230,1,ulrichadonon
3338,16634496,"Süleyman Yılmaz","2026-08-25 13:05:28",0.86181,4,slymnylmz
3339,16634728,"Abubakar Magomedov","2026-08-01 06:24:21",0.86178,1,magomedovabubakarz
3340,16716422,"INGALE ARAV RAMDAS","2026-08-23 11:40:18",0.86136,3,ingalearavramdas
3341,16710718,SahilVortex,"2026-08-21 11:56:30",0.86075,1,sahilvortex
3342,16668722,"Hamza sajid","2026-08-06 17:32:44",0.86072,2,anonymusserver
3343,16745658,"Arati Sankpal","2026-08-30 07:50:50",0.85957,2,aratisankpal
3344,16792690,ARCHANAKUMARI_RAM,"2026-08-30 09:49:44",0.85957,2,archanakumariram
3345,16722982,"Yash Vasudeva","2026-08-14 18:24:14",0.85940,1,yashvasudeva
3346,16698973,Vijayakumar2007@,"2026-08-28 06:11:00",0.85885,1,vijayakumar2007
3347,16781270,"Andrew Edmonds","2026-08-27 22:54:23",0.85868,1,aedmonds11
3348,16791305,"Vivaan Khatri","2026-08-29 21:52:30",0.85832,1,vivaankhatri
3349,16765089,Vinay@61,"2026-08-31 03:11:29",0.85832,2,vinay61
3350,16651560,BirdBird,"2026-08-08 06:49:16",0.85795,8,jiayuanfoo
3351,16664216,"Siwar Ehwass","2026-08-05 04:28:36",0.85786,1,siwarehwass
3352,16658271,"Anvita S Reddy","2026-08-08 07:40:12",0.85786,2,anvitasreddy
3353,16770624,sc0v0ne,"2026-08-27 19:07:08",0.85719,2,sc0v1n0
3354,16698645,"Chaturya Vardhan","2026-08-11 10:22:29",0.85605,1,chaturyavardhan
3355,16766409,"First name Second name","2026-08-31 01:30:05",0.85579,23,bredonmwangi
3356,16668467,"Viswanath Anand","2026-08-06 03:45:55",0.85538,2,viswanathanand2005
3357,16726696,"Mwangi Muriuki","2026-08-30 21:52:02",0.85484,1,mwangimuriuki
3358,16792642,"Bảo Dương (Crinkk)","2026-08-31 14:03:37",0.85252,14,crinkk
3359,16651193,"Hamik Manukyan","2026-08-03 09:27:42",0.85209,1,hamikmanukyan
3360,16660946,"Mina Niazizadeh","2026-08-04 20:01:09",0.85138,1,mina8888
3361,16711770,SpongeBob,"2026-08-12 10:35:12",0.85122,5,dakshagarwalch24b050
3362,16661738,"Yadav Chandan","2026-08-30 14:22:45",0.84959,6,yadav98788
3363,16651204,"Vahagn Avanesyan","2026-08-03 09:31:01",0.84881,1,vahagnavanesyan
3364,16675013,夜幻冰锋,"2026-08-07 10:04:23",0.84821,2,yhbfff
3365,16768023,"Nima Osman","2026-08-30 23:24:07",0.84599,3,nimaosman
3366,16728542,"Mouad AOUS","2026-08-18 16:22:12",0.84529,2,mouadaous
3367,16759595,"ashwani balyan","2026-08-24 16:19:56",0.84510,6,ashwanibalyan
3368,16762720,"Trần Đức Bảo","2026-08-24 10:39:58",0.84353,2,baobot26
3369,16711588,"Vivek Kapri","2026-08-16 15:00:22",0.84271,2,vivekkapri
3370,16724064,"Bhaskar Khirwar","2026-08-31 15:54:50",0.84190,1,bhaskarkhirwar
3371,16712251,"Huseyn Akhmedov","2026-08-14 13:39:02",0.84134,1,huseynakhmedov
3372,16747483,"Ritu Bhardwaj","2026-08-20 10:43:46",0.84071,1,ritubhardwaj19
3373,16747801,"Davin LeClair","2026-08-25 17:01:47",0.84018,1,davinleclair
3374,16774215,MinhHien18,"2026-08-27 09:59:38",0.83830,1,minhhien18
3375,16712657,ckaushik,"2026-08-13 10:27:51",0.83822,1,ckaushik
3376,16656818,"UMITH KEERTHISINGHA","2026-08-04 07:00:50",0.83750,2,umithkeerthisingha02
3377,16754520,yyyyyy1122,"2026-08-21 23:57:25",0.83717,1,yyyyyy1122
3378,16746183,"SALONI VERMA","2026-08-26 12:29:34",0.83697,1,saloniv22
3379,16729249,"Ojas padhye","2026-08-19 09:11:34",0.83690,4,ojaspadhye
3380,16774693,"Raja Priyan","2026-08-26 13:24:23",0.83636,1,rajapriyan129
3381,16765864,ThomasAIST,"2026-08-25 17:05:32",0.83635,4,thomasaist
3382,16765167,"Adisha Farooq","2026-08-25 06:30:37",0.83609,1,adishafarooq
3383,16735301,"Harshada Thorat 129","2026-08-18 04:27:02",0.83603,2,harshadathorat129
3384,16657863,"Sora Ohtani","2026-08-15 05:19:32",0.83565,2,soraohtani
3385,16750077,SnakenSnake,"2026-08-20 18:26:21",0.83518,2,michael1horse
3386,16743176,"Vinitha Raj","2026-08-30 14:08:00",0.83475,12,vinurajesh
3387,16684953,ZhaoSX,"2026-08-10 04:35:02",0.83425,1,zsx0802
3388,16761733,"Fazil Shammi","2026-08-24 14:02:08",0.83424,1,fazilshammi
3389,16636031,"lakshit kothari","2026-08-22 13:36:18",0.83375,1,smartplayer
3390,16698557,"Mohamadou Nouroud-dine","2026-08-12 02:59:06",0.83310,5,mohamadounourouddine
3391,16700877,"Zain Hamza","2026-08-12 04:49:50",0.83286,1,zainhamza56
3392,16645473,"Paras Gaur","2026-08-31 14:59:06",0.83217,3,animeguylrn
3393,16782604,"sichen fu","2026-08-28 03:57:39",0.83182,1,sichenfu
3394,16642608,"Sudarshika ","2026-08-03 10:11:45",0.83163,1,sudarshika
3395,16649910,"Ahmet Yavuzkanat","2026-08-05 11:18:48",0.83162,9,ahmetyavuzkanat
3396,16677474,"Calum Milloy","2026-08-25 20:37:17",0.82943,1,calummilloy
3397,16698636,kelly0913,"2026-08-10 06:59:32",0.82931,1,kelly0913
3398,16683483,MLCoder90,"2026-08-07 12:34:26",0.82918,2,mlcoder90
3399,16786562,"Mehul Jivani","2026-08-30 06:57:35",0.82882,2,mehuljivani
3400,16750557,"Toàn ","2026-08-24 03:06:33",0.82882,4,tonnguyenbao
3401,16785911,Mikhail,"2026-08-30 19:27:37",0.82693,2,mih2501py
3402,16746234,"Shibu kumar1","2026-08-24 06:05:13",0.82599,1,shibukumar1
3403,16791626,stoirtap12,"2026-08-30 16:54:18",0.82401,1,stoirtap12
3404,16732405,"Arjun Dixit","2026-08-26 06:40:06",0.82301,1,arjundix
3405,16721949,"V Ambrish kumar","2026-08-14 13:47:06",0.82268,1,vambrishkumar
3406,16774053,"Mahabub Hasan Mamun","2026-08-26 19:34:37",0.82265,1,mahabub001cs
3407,16644440,PhoenixAStar,"2026-08-04 22:06:21",0.82176,2,phoenixastar
3408,16654226,Pablo,"2026-08-06 16:36:38",0.81697,1,juanrojasb
3409,16790090,"Nagendra Gouda 125","2026-08-31 08:29:09",0.81283,3,nagendragouda125
3410,16698774,"Gauttam Jangir","2026-08-25 12:43:54",0.81172,2,gauttamjangir
3411,16749297,Rahulrockstarrr,"2026-08-21 04:43:03",0.80972,3,rahulrockstarrr
3412,16700331,"Harshal Nalin Patel","2026-08-14 08:56:00",0.80925,5,harshalnalinpatel
3413,16662466,"Luke Pipkin","2026-08-04 17:32:09",0.80780,2,lukepipkin
3414,16634625,coolngr8,"2026-08-01 18:20:53",0.80680,6,coolngr8
3415,16743877,node_king,"2026-08-19 18:06:12",0.80548,1,nodeking
3416,16696617,"Abhishek Chauhan","2026-08-28 03:48:50",0.79951,1,abhi00o
3417,16723006,"Sakina Saif","2026-08-14 19:48:43",0.79840,1,sakinasaifit
3418,16665186,"Enow Orock","2026-08-27 14:43:08",0.79332,2,enoworock
3419,16662192,"Padamata Dhanush","2026-08-15 15:43:24",0.79282,1,padamatadhanush
3420,16760475,"Adebayo Obademi","2026-08-23 01:23:23",0.79270,2,adebayoobademi
3421,16742918,"Tan Jun Hong","2026-08-20 11:43:51",0.79255,2,ermine28
3422,16782666,M1nhPh4m,"2026-08-28 04:16:45",0.79253,1,m1nhph4m
3423,16687133,"Mayko Rodrigues Ribeiro da Costa","2026-08-23 22:21:38",0.79248,1,makrrc
3424,16756670,"Anisha Maurya","2026-08-22 00:19:35",0.79222,2,anishamaurya
3425,16702069,Nmngup,"2026-08-10 16:02:44",0.79212,1,nmngup
3426,16670966,DannyDog1227,"2026-08-06 20:39:51",0.79168,1,dannydog1227
3427,16722669,"M kaif","2026-08-15 08:21:07",0.79028,1,kaif0222
3428,16706469,AnJaNa,"2026-08-12 09:27:56",0.78533,1,"anjanaaaaaaash,hrishita21"
3429,16725012,"Harvey Cox","2026-08-22 07:16:58",0.78389,1,harveycox
3430,16706492,"Lokesh Poudyal","2026-08-12 09:29:02",0.78319,1,lokeshpoudyal
3431,16706483,Amy,"2026-08-12 09:32:07",0.78309,1,"amandeep80,somyakhurana"
3432,16706470,Chhotu6969,"2026-08-12 09:34:48",0.78299,1,chhotu6969
3433,16777510,"Youcef Belmokhtar","2026-08-31 13:14:45",0.78272,4,youcefbel
3434,16706554,"alexandre kouakou","2026-08-12 09:29:27",0.78272,1,alexandrekouakou
3435,16705701,Coder_Anand,"2026-08-12 09:27:20",0.78269,1,coderanand
3436,16706490,"Adlite Mutambara","2026-08-12 09:29:24",0.78225,1,adlitemutambara
3437,16761699,"Archit Tyagi","2026-08-23 10:56:27",0.77889,1,architty108
3438,16634490,"Ujjwal Paul","2026-08-02 16:51:42",0.77793,2,ujjwalpaul2
3439,16793995,"Eslam Mohamed","2026-08-31 15:37:41",0.77739,1,eslammohamed08
3440,16773372,Tototttt,"2026-08-26 06:43:47",0.77603,4,tototttt
3441,16667554,"[Serbia] Andrija Nešić","2026-08-06 16:35:07",0.77269,1,serbiaandrijanei
3442,16722929,"Uday Prattap","2026-08-19 18:53:14",0.77268,3,udayprattap
3443,16713867,"magdy hassaan","2026-08-13 16:31:41",0.77250,2,magdy53
3444,16639413,Роман,"2026-08-01 23:34:41",0.76553,1,romanneromanov
3445,16706048,Gavinkeith,"2026-08-11 08:07:26",0.75595,1,gavinkeith666
3446,16749232,agarciabl,"2026-08-22 12:24:54",0.75301,8,albertogarcablas
3447,16715370,"Rohit kumar211987","2026-08-31 03:59:28",0.74745,6,rohitkumar211987
3448,16693393,"Karri Sai Krishna Naga Satish Reddy","2026-08-09 18:18:53",0.74252,4,karrinagasatishreddy
3449,16710904,"vatsal sharma32123","2026-08-12 12:08:57",0.74018,1,vatsalsharma32123
3450,16702505,"Onur KARASÜRMELİ","2026-08-14 11:34:17",0.73059,1,onurkarasurmeli
3451,16658306,VisiBalint,"2026-08-04 08:55:44",0.69496,1,visibalint
3452,16712414,HearVo1ce,"2026-08-31 09:42:38",0.62755,2,hearvo1ce
3453,16716992,"Hugo Browning","2026-08-20 11:53:43",0.61992,2,hugobrowning
3454,16792063,"NGUYEN LE NHAT THANH","2026-08-30 09:09:26",0.58149,2,nguyenlenhatthanh
3455,16634286,"Ethan Zhang","2026-08-25 11:30:15",0.57377,1,ethanzys
3456,16760130,"Alex Dong","2026-08-22 21:47:20",0.56192,3,digamos
3457,16748794,kaypto,"2026-08-23 17:11:47",0.52659,8,kaypto
3458,16703140,"Bijoy Kumar Paul","2026-08-19 07:00:00",0.50343,6,bijoykumarpaul
3459,16651121,"Hillary Mahura","2026-08-03 13:14:10",0.50237,1,hillarymahura
3460,16639180,Younus_Mohamed,"2026-08-01 20:11:54",0.50000,1,younusmohamed
3461,16661963,"mahmoud mohamed","2026-08-04 16:15:29",0.50000,1,mahmoudmohamed987
3462,16661684,"Mohammed Nemr","2026-08-04 16:19:29",0.50000,1,mohammednemr
3463,16662640,"Adolph Ramahabe","2026-08-04 18:14:52",0.50000,1,adolphramahabe
3464,16683612,"Sahir Maharaj","2026-08-31 13:49:10",0.50000,25,sahirmaharajj
3465,16687867,"Japman Singh","2026-08-09 14:50:42",0.50000,2,japman001
3466,16705209,"SOTA ARASHIDA","2026-08-11 02:35:32",0.50000,1,sotaarashida
3467,16715807,"Zaphyer Modal","2026-08-13 05:44:35",0.50000,1,qasminumber
3468,16682197,"Ayush Muley","2026-08-14 05:26:48",0.50000,1,ayushmuley
3469,16716438,"Amruta Vadar","2026-08-14 10:49:47",0.50000,1,amrutavadar
3470,16724184,YoshimasaAndo,"2026-08-15 04:07:37",0.50000,1,yoshimasaandou
3471,16727053,"je nap","2026-08-16 05:14:17",0.50000,1,johnenapoles
3472,16753973,"Arno Emeksuzyan","2026-08-21 11:44:52",0.50000,1,arnoemeksuzyan
3473,16765129,Kazuhiro_Yogo,"2026-08-24 07:22:08",0.50000,1,kazuhiroyogo
3474,16765806,"Maram Ali","2026-08-24 10:33:58",0.50000,2,msama01
3475,16773378,alpha0314alpha,"2026-08-26 05:40:17",0.50000,1,alpha0314alpha
3476,16772518,FTB,"2026-08-26 08:29:45",0.50000,1,berkery
3477,16786131,kaptaan45,"2026-08-29 01:31:32",0.50000,1,kaptaan45
3478,16756954,Silentpartnr,"2026-08-29 07:40:07",0.50000,1,silentpartnr
3479,16784039,"Luthfi Hanif","2026-08-29 11:22:05",0.50000,1,lhanif
3480,16775683,aasimar88,"2026-08-29 15:54:41",0.50000,1,aasimar88
3481,16662637,"sai akshayy","2026-08-31 14:46:16",0.50000,1,saiakshayy
3482,16746351,RISHABH,"2026-08-30 15:38:08",0.49770,1,rishab023
3483,16639309,vardkag,"2026-08-09 17:50:44",0.49223,1,vardkag
3484,16730379,Elliana02,"2026-08-25 17:51:03",0.06028,1,elliana02
3485,16643523,NikitOK24,"2026-08-17 14:26:56",0.04358,1,nikitok24
3486,16640999,SANTOS,"2026-08-04 17:00:20",0.03882,1,sandocorp23santos
