a,b,dcv,dlb,sd,p_reverse
blend150fx,blend150fx_hybrid,1.7707030037561466e-05,4.999999999999449e-05,1.4932047593493488e-05,0.126
blend150fx,blend150fx_logit,8.210631393368306e-05,1.0000000000065512e-05,2.278013862861477e-05,0.0
blend150fx,blend150fx_rankraw,7.871534466796781e-06,2.0000000000020002e-05,1.8440220877380405e-05,0.336
blend150fx,blend150fx_rescale,1.9406487927087213e-05,2.0000000000020002e-05,1.395635998278336e-05,0.094
blend150fx,blend150sx,-1.1047278037912278e-06,0.0,6.991101079793999e-06,0.44
blend150fx,blend150sx_hybrid,1.5851848893522202e-05,2.999999999997449e-05,1.597090860886748e-05,0.18
blend150fx,blend150sx_logit,7.656016994117554e-05,0.0,2.3445610247560604e-05,0.0
blend150fx,blend150sx_rankraw,1.0086511023965627e-05,2.0000000000020002e-05,1.9952891836823255e-05,0.302
blend150fx,blend153,-2.3852075274888307e-06,0.0,8.223954833628416e-06,0.366
blend150fx,blend156,-9.661311641040449e-06,-2.0000000000020002e-05,1.2196556488329965e-05,0.194
blend150fx,blend156_h3,-1.4175078656197826e-05,-9.99999999995449e-06,1.3656221438195704e-05,0.148
blend150fx,blend156_rankraw,-4.1350491563063585e-06,0.0,2.1214716452737774e-05,0.418
blend150fx,blend156_rescale,6.828551988968812e-06,-9.99999999995449e-06,1.7643341716900036e-05,0.368
blend150fx,blend156w,-1.4713929424980954e-05,-9.99999999995449e-06,1.3993283112153216e-05,0.14
blend150fx,blend156w2,-1.4522543271944244e-05,-9.99999999995449e-06,1.3957017299578704e-05,0.144
blend150fx,blend158,-1.1283293557817764e-05,-2.0000000000020002e-05,1.2583147001675623e-05,0.156
blend150fx,blend158_h3,-1.637556779499061e-05,-9.99999999995449e-06,1.3981890096538995e-05,0.1
blend150fx,blend158_hybrid,3.610041356627569e-06,1.0000000000065512e-05,1.8805591196440964e-05,0.446
blend150fx,blend158_logit,7.055349350337803e-05,-2.0000000000020002e-05,2.6439950427294848e-05,0.002
blend150fx,blend158_rankraw,-4.4765564238824496e-06,0.0,2.130970909813517e-05,0.416
blend150fx,blend158_rescale,4.570356748390125e-06,-9.99999999995449e-06,1.7980938088278993e-05,0.434
blend150fx,blend159,-1.1434556412837082e-05,-2.0000000000020002e-05,1.2654548601973947e-05,0.166
blend150fx,blend159_h3,-1.4993143331309966e-05,-9.99999999995449e-06,1.4399484780269559e-05,0.142
blend150fx,blend159av,-1.2933347067645151e-05,-2.0000000000020002e-05,1.2756744509089027e-05,0.128
blend150fx,blend159av_h3,-1.7228752407616454e-05,-9.99999999995449e-06,1.4323633935156928e-05,0.114
blend150fx,blend159av_w,-1.6235062672675937e-05,-9.99999999995449e-06,1.4256859419952064e-05,0.122
blend150fx,blend159av_wh3,-1.731355581713334e-05,-9.99999999995449e-06,1.4816105575285307e-05,0.12
blend150fx,blend160orig,-1.0364248279159938e-05,-2.0000000000020002e-05,1.298843569403723e-05,0.182
blend150fx,blend160orig_h3,-1.4387757000910995e-05,-9.99999999995449e-06,1.4587642372483524e-05,0.16
blend150fx,blend160origm,-1.230107655447732e-05,-2.0000000000020002e-05,1.2836921240749269e-05,0.146
blend150fx,blend160origm_h3,-1.671161500582663e-05,-9.99999999995449e-06,1.4468489631692932e-05,0.12
blend150fx,blendtop3,-1.7517039345049668e-05,-9.99999999995449e-06,1.3994270825033962e-05,0.098
blend150fx,stack_pub149_hybrid,1.3633249213218512e-05,4.999999999999449e-05,1.5959824382546864e-05,0.188
blend150fx,stack_pub151_fixed_rankraw,7.441443360178823e-06,1.0000000000065512e-05,1.9303092145072783e-05,0.36
blend150fx,stack_pub151_hybrid,7.648813880156702e-06,4.999999999999449e-05,1.3964328465907155e-05,0.278
blend150fx,stack_pub151_rankraw,8.877529627082659e-06,2.0000000000020002e-05,1.7997237030328078e-05,0.316
blend150fx,stack_pub86_hybrid,0.00035414299079361555,0.00024000000000001798,5.883150194913014e-05,0.0
blend150fx,stack_pub88_mine_logit,0.0003719968486586289,0.0002300000000000635,5.995615257636559e-05,0.0
blend150fx,w16e_aonly,-2.248709660535031e-05,-4.0000000000040004e-05,1.6166569593666725e-05,0.07
blend150fx,w16h_h3av6,-1.678564545937178e-05,-9.99999999995449e-06,1.3855066686799763e-05,0.108
blend150fx,w16i_schemeavg,-2.3722891143385105e-05,-2.999999999997449e-05,1.57263848783248e-05,0.05
blend150fx,w16l_maskw_h3,-1.379684793989533e-05,-9.99999999995449e-06,1.5529454295846337e-05,0.172
blend150fx,w16n_finegrid,-2.375310920843532e-05,-2.999999999997449e-05,1.5694456927834537e-05,0.05
blend150fx,w16q_ens4avg,-1.9573755446478103e-05,-4.0000000000040004e-05,1.4342618398132985e-05,0.076
blend150fx,w16t_cellens4,-1.94292973648702e-05,-4.0000000000040004e-05,1.5505765824736642e-05,0.096
blend150fx_hybrid,blend150fx_logit,6.43992838961216e-05,-3.999999999992898e-05,3.3312809888951254e-05,0.036
blend150fx_hybrid,blend150fx_rankraw,-9.835495570764685e-06,-2.999999999997449e-05,2.3054321497454492e-05,0.334
blend150fx_hybrid,blend150fx_rescale,1.6994578895257462e-06,-2.999999999997449e-05,2.287052661079829e-05,0.488
blend150fx_hybrid,blend150sx,-1.8811757841352694e-05,-4.999999999999449e-05,1.6543844290588418e-05,0.136
blend150fx_hybrid,blend150sx_hybrid,-1.855181144039264e-06,-2.0000000000020002e-05,8.466921530081693e-06,0.438
blend150fx_hybrid,blend150sx_logit,5.885313990361407e-05,-4.999999999999449e-05,3.374542856035693e-05,0.046
blend150fx_hybrid,blend150sx_rankraw,-7.620519013595839e-06,-2.999999999997449e-05,2.3988022486458338e-05,0.394
blend150fx_hybrid,blend153,-2.0092237565050297e-05,-4.999999999999449e-05,1.743264590000812e-05,0.126
blend150fx_hybrid,blend156,-2.7368341678601915e-05,-7.00000000000145e-05,1.9695493711153605e-05,0.062
blend150fx_hybrid,blend156_h3,-3.188210869375929e-05,-5.999999999994898e-05,1.7509126842459568e-05,0.024
blend150fx_hybrid,blend156_rankraw,-2.1842079193867825e-05,-4.999999999999449e-05,2.5291690391767693e-05,0.184
blend150fx_hybrid,blend156_rescale,-1.0878478048592655e-05,-5.999999999994898e-05,2.5337915960858754e-05,0.326
blend150fx_hybrid,blend156w,-3.242095946254242e-05,-5.999999999994898e-05,1.9560411835599375e-05,0.038
blend150fx_hybrid,blend156w2,-3.222957330950571e-05,-5.999999999994898e-05,1.9491215733995006e-05,0.038
blend150fx_hybrid,blend158,-2.899032359537923e-05,-7.00000000000145e-05,1.97965101398246e-05,0.048
blend150fx_hybrid,blend158_h3,-3.4082597832552075e-05,-5.999999999994898e-05,1.746495603155606e-05,0.02
blend150fx_hybrid,blend158_hybrid,-1.4096988680933897e-05,-3.999999999992898e-05,1.3092134918575385e-05,0.114
blend150fx_hybrid,blend158_logit,5.284646346581656e-05,-7.00000000000145e-05,3.6111159050854485e-05,0.066
blend150fx_hybrid,blend158_rankraw,-2.2183586461443916e-05,-4.999999999999449e-05,2.5290814328919292e-05,0.178
blend150fx_hybrid,blend158_rescale,-1.3136673289171341e-05,-5.999999999994898e-05,2.5433723580187567e-05,0.286
blend150fx_hybrid,blend159,-2.914158645039855e-05,-7.00000000000145e-05,1.9909523272892615e-05,0.052
blend150fx_hybrid,blend159_h3,-3.270017336887143e-05,-5.999999999994898e-05,1.7873854902098392e-05,0.026
blend150fx_hybrid,blend159av,-3.064037710520662e-05,-7.00000000000145e-05,1.9751435541152316e-05,0.046
blend150fx_hybrid,blend159av_h3,-3.493578244517792e-05,-5.999999999994898e-05,1.7486439387790514e-05,0.028
blend150fx_hybrid,blend159av_w,-3.3942092710237404e-05,-5.999999999994898e-05,1.8397168664308323e-05,0.032
blend150fx_hybrid,blend159av_wh3,-3.502058585469481e-05,-5.999999999994898e-05,1.8145970713165966e-05,0.026
blend150fx_hybrid,blend160orig,-2.8071278316721404e-05,-7.00000000000145e-05,1.9924350787758542e-05,0.06
blend150fx_hybrid,blend160orig_h3,-3.209478703847246e-05,-5.999999999994898e-05,1.7861887902787597e-05,0.03
blend150fx_hybrid,blend160origm,-3.0008106592038786e-05,-7.00000000000145e-05,1.997934151423463e-05,0.044
blend150fx_hybrid,blend160origm_h3,-3.4418645043388096e-05,-5.999999999994898e-05,1.79919561812037e-05,0.026
blend150fx_hybrid,blendtop3,-3.5224069382611134e-05,-5.999999999994898e-05,1.744141642246337e-05,0.022
blend150fx_hybrid,stack_pub149_hybrid,-4.073780824342954e-06,0.0,1.0318075396427559e-05,0.336
blend150fx_hybrid,stack_pub151_fixed_rankraw,-1.0265586677382643e-05,-3.999999999992898e-05,2.3731269447781802e-05,0.32
blend150fx_hybrid,stack_pub151_hybrid,-1.0058216157404765e-05,0.0,7.772398088765922e-06,0.084
blend150fx_hybrid,stack_pub151_rankraw,-8.829500410478808e-06,-2.999999999997449e-05,2.2485921803833483e-05,0.348
blend150fx_hybrid,stack_pub86_hybrid,0.0003364359607560541,0.00019000000000002348,6.0258793386485434e-05,0.0
blend150fx_hybrid,stack_pub88_mine_logit,0.00035428981862106745,0.000180000000000069,6.52909872607761e-05,0.0
blend150fx_hybrid,w16e_aonly,-4.0194126642911776e-05,-9.00000000000345e-05,1.8916041829736204e-05,0.018
blend150fx_hybrid,w16h_h3av6,-3.4492675496933245e-05,-5.999999999994898e-05,1.737354310886951e-05,0.022
blend150fx_hybrid,w16i_schemeavg,-4.142992118094657e-05,-7.999999999996898e-05,1.8639517996710103e-05,0.016
blend150fx_hybrid,w16l_maskw_h3,-3.1503877977456796e-05,-5.999999999994898e-05,1.8551351000250613e-05,0.034
blend150fx_hybrid,w16n_finegrid,-4.1460139245996785e-05,-7.999999999996898e-05,1.8608742803487754e-05,0.016
blend150fx_hybrid,w16q_ens4avg,-3.728078548403957e-05,-9.00000000000345e-05,2.0717754466177197e-05,0.026
blend150fx_hybrid,w16t_cellens4,-3.713632740243167e-05,-9.00000000000345e-05,2.138477708081015e-05,0.032
blend150fx_logit,blend150fx_rankraw,-7.423477946688628e-05,9.99999999995449e-06,3.735254459137595e-05,0.024
blend150fx_logit,blend150fx_rescale,-6.269982600659585e-05,9.99999999995449e-06,2.8729676737480272e-05,0.012
blend150fx_logit,blend150sx,-8.321104173747429e-05,-1.0000000000065512e-05,2.377712145351186e-05,0.0
blend150fx_logit,blend150sx_hybrid,-6.625446504016086e-05,1.999999999990898e-05,3.3754685825906614e-05,0.022
blend150fx_logit,blend150sx_logit,-5.546143992507524e-06,-1.0000000000065512e-05,7.62759041247201e-06,0.258
blend150fx_logit,blend150sx_rankraw,-7.201980290971743e-05,9.99999999995449e-06,3.770951220496537e-05,0.026
blend150fx_logit,blend153,-8.449152146117189e-05,-1.0000000000065512e-05,2.392027078466763e-05,0.0
blend150fx_logit,blend156,-9.176762557472351e-05,-3.0000000000085514e-05,2.519438804884919e-05,0.0
blend150fx_logit,blend156_h3,-9.628139258988089e-05,-2.0000000000020002e-05,3.1551338282379325e-05,0.002
blend150fx_logit,blend156_rankraw,-8.624136308998942e-05,-1.0000000000065512e-05,3.796787185137302e-05,0.016
blend150fx_logit,blend156_rescale,-7.527776194471425e-05,-2.0000000000020002e-05,3.021373121849855e-05,0.004
blend150fx_logit,blend156w,-9.682024335866402e-05,-2.0000000000020002e-05,3.106897825687977e-05,0.0
blend150fx_logit,blend156w2,-9.66288572056273e-05,-2.0000000000020002e-05,3.106513005090865e-05,0.0
blend150fx_logit,blend158,-9.338960749150083e-05,-3.0000000000085514e-05,2.518963084692338e-05,0.0
blend150fx_logit,blend158_h3,-9.848188172867367e-05,-2.0000000000020002e-05,3.1608865470494445e-05,0.0
blend150fx_logit,blend158_hybrid,-7.849627257705549e-05,0.0,3.4472662073943986e-05,0.014
blend150fx_logit,blend158_logit,-1.1552820430305033e-05,-3.0000000000085514e-05,1.3557872120289877e-05,0.17
blend150fx_logit,blend158_rankraw,-8.658287035756551e-05,-1.0000000000065512e-05,3.7925147209685e-05,0.01
blend150fx_logit,blend158_rescale,-7.753595718529294e-05,-2.0000000000020002e-05,3.0337347650909794e-05,0.002
blend150fx_logit,blend159,-9.354087034652014e-05,-3.0000000000085514e-05,2.5366608264562715e-05,0.0
blend150fx_logit,blend159_h3,-9.709945726499303e-05,-2.0000000000020002e-05,3.194282215452151e-05,0.002
blend150fx_logit,blend159av,-9.503966100132821e-05,-3.0000000000085514e-05,2.567910457892124e-05,0.0
blend150fx_logit,blend159av_h3,-9.933506634129952e-05,-2.0000000000020002e-05,3.210343604282451e-05,0.002
blend150fx_logit,blend159av_w,-9.8341376606359e-05,-2.0000000000020002e-05,3.1349986048096385e-05,0.0
blend150fx_logit,blend159av_wh3,-9.94198697508164e-05,-2.0000000000020002e-05,3.2701485738837855e-05,0.002
blend150fx_logit,blend160orig,-9.2470562212843e-05,-3.0000000000085514e-05,2.556983030778719e-05,0.0
blend150fx_logit,blend160orig_h3,-9.649407093459406e-05,-2.0000000000020002e-05,3.1976168213990866e-05,0.002
blend150fx_logit,blend160origm,-9.440739048816038e-05,-3.0000000000085514e-05,2.555103203487758e-05,0.0
blend150fx_logit,blend160origm_h3,-9.881792893950969e-05,-2.0000000000020002e-05,3.2017783399242885e-05,0.002
blend150fx_logit,blendtop3,-9.962335327873273e-05,-2.0000000000020002e-05,3.177630792011038e-05,0.002
blend150fx_logit,stack_pub149_hybrid,-6.847306472046455e-05,3.999999999992898e-05,3.3527674084277335e-05,0.03
blend150fx_logit,stack_pub151_fixed_rankraw,-7.466487057350424e-05,0.0,3.7594238331379784e-05,0.028
blend150fx_logit,stack_pub151_hybrid,-7.445750005352636e-05,3.999999999992898e-05,3.232667949472312e-05,0.016
blend150fx_logit,stack_pub151_rankraw,-7.32287843066004e-05,9.99999999995449e-06,3.649635438062059e-05,0.028
blend150fx_logit,stack_pub86_hybrid,0.0002720366768599325,0.00022999999999995246,6.120738422371793e-05,0.0
blend150fx_logit,stack_pub88_mine_logit,0.00028989053472494586,0.00021999999999999797,5.725866806953097e-05,0.0
blend150fx_logit,w16e_aonly,-0.00010459341053903337,-5.0000000000105516e-05,3.287684655406191e-05,0.0
blend150fx_logit,w16h_h3av6,-9.889195939305484e-05,-2.0000000000020002e-05,3.1691648688559444e-05,0.002
blend150fx_logit,w16i_schemeavg,-0.00010582920507706817,-4.0000000000040004e-05,3.258463329297298e-05,0.0
blend150fx_logit,w16l_maskw_h3,-9.590316187357839e-05,-2.0000000000020002e-05,3.298458292545499e-05,0.0
blend150fx_logit,w16n_finegrid,-0.00010585942314211838,-4.0000000000040004e-05,3.258638984344027e-05,0.0
blend150fx_logit,w16q_ens4avg,-0.00010168006938016116,-5.0000000000105516e-05,2.6387395100856268e-05,0.0
blend150fx_logit,w16t_cellens4,-0.00010153561129855326,-5.0000000000105516e-05,2.7308311540190154e-05,0.0
blend150fx_rankraw,blend150fx_rescale,1.1534953460290431e-05,0.0,2.6613855498204782e-05,0.332
blend150fx_rankraw,blend150sx,-8.976262270588009e-06,-2.0000000000020002e-05,1.9811970245174863e-05,0.324
blend150fx_rankraw,blend150sx_hybrid,7.980314426725421e-06,9.99999999995449e-06,2.33964717121097e-05,0.366
blend150fx_rankraw,blend150sx_logit,6.868863547437876e-05,-2.0000000000020002e-05,3.739231288982645e-05,0.042
blend150fx_rankraw,blend150sx_rankraw,2.2149765571688462e-06,0.0,1.1450374752500503e-05,0.402
blend150fx_rankraw,blend153,-1.0256741994285612e-05,-2.0000000000020002e-05,2.0061153516964904e-05,0.302
blend150fx_rankraw,blend156,-1.753284610783723e-05,-4.0000000000040004e-05,2.2285101511958454e-05,0.194
blend150fx_rankraw,blend156_h3,-2.2046613122994607e-05,-2.999999999997449e-05,1.922358602936955e-05,0.108
blend150fx_rankraw,blend156_rankraw,-1.200658362310314e-05,-2.0000000000020002e-05,1.3434280438881197e-05,0.182
blend150fx_rankraw,blend156_rescale,-1.0429824778279695e-06,-2.999999999997449e-05,2.842757800229967e-05,0.486
blend150fx_rankraw,blend156w,-2.2585463891777735e-05,-2.999999999997449e-05,1.6921079603387232e-05,0.074
blend150fx_rankraw,blend156w2,-2.2394077738741025e-05,-2.999999999997449e-05,1.7018659806275377e-05,0.076
blend150fx_rankraw,blend158,-1.9154828024614545e-05,-4.0000000000040004e-05,2.2669283045262032e-05,0.172
blend150fx_rankraw,blend158_h3,-2.424710226178739e-05,-2.999999999997449e-05,1.9607862973217673e-05,0.084
blend150fx_rankraw,blend158_hybrid,-4.261493110169212e-06,-9.99999999995449e-06,2.5887598233662296e-05,0.43
blend150fx_rankraw,blend158_logit,6.268195903658125e-05,-4.0000000000040004e-05,3.944186476005699e-05,0.058
blend150fx_rankraw,blend158_rankraw,-1.234809089067923e-05,-2.0000000000020002e-05,1.417764860758871e-05,0.17
blend150fx_rankraw,blend158_rescale,-3.301177718406656e-06,-2.999999999997449e-05,2.8647913856035606e-05,0.434
blend150fx_rankraw,blend159,-1.9306090879633864e-05,-4.0000000000040004e-05,2.2460032243843058e-05,0.172
blend150fx_rankraw,blend159_h3,-2.2864677798106747e-05,-2.999999999997449e-05,1.9667062693498674e-05,0.106
blend150fx_rankraw,blend159av,-2.0804881534441932e-05,-4.0000000000040004e-05,2.254465990804897e-05,0.16
blend150fx_rankraw,blend159av_h3,-2.5100286874413236e-05,-2.999999999997449e-05,1.9625628573777337e-05,0.078
blend150fx_rankraw,blend159av_w,-2.410659713947272e-05,-2.999999999997449e-05,1.870065902529456e-05,0.09
blend150fx_rankraw,blend159av_wh3,-2.5185090283930123e-05,-2.999999999997449e-05,1.844107664965103e-05,0.072
blend150fx_rankraw,blend160orig,-1.823578274595672e-05,-4.0000000000040004e-05,2.291168429030341e-05,0.184
blend150fx_rankraw,blend160orig_h3,-2.2259291467707776e-05,-2.999999999997449e-05,2.0156156958566337e-05,0.116
blend150fx_rankraw,blend160origm,-2.01726110212741e-05,-4.0000000000040004e-05,2.253582289242565e-05,0.172
blend150fx_rankraw,blend160origm_h3,-2.458314947262341e-05,-2.999999999997449e-05,1.9682503906125233e-05,0.088
blend150fx_rankraw,blendtop3,-2.538857381184645e-05,-2.999999999997449e-05,1.9479138497998488e-05,0.076
blend150fx_rankraw,stack_pub149_hybrid,5.761714746421731e-06,2.999999999997449e-05,2.3534823274166557e-05,0.412
blend150fx_rankraw,stack_pub151_fixed_rankraw,-4.30091106617958e-07,-9.99999999995449e-06,6.898818880218683e-06,0.446
blend150fx_rankraw,stack_pub151_hybrid,-2.2272058664007943e-07,2.999999999997449e-05,2.2120472511287786e-05,0.494
blend150fx_rankraw,stack_pub151_rankraw,1.0059951602858774e-06,0.0,7.638021102198275e-06,0.456
blend150fx_rankraw,stack_pub86_hybrid,0.00034627145632681877,0.00021999999999999797,6.25036669413407e-05,0.0
blend150fx_rankraw,stack_pub88_mine_logit,0.00036412531419183214,0.00021000000000004349,6.531807920846048e-05,0.0
blend150fx_rankraw,w16e_aonly,-3.035863107214709e-05,-6.0000000000060005e-05,2.196389633739143e-05,0.074
blend150fx_rankraw,w16h_h3av6,-2.465717992616856e-05,-2.999999999997449e-05,1.9409133794109506e-05,0.082
blend150fx_rankraw,w16i_schemeavg,-3.1594425610181887e-05,-4.999999999999449e-05,2.1632076485974996e-05,0.064
blend150fx_rankraw,w16l_maskw_h3,-2.166838240669211e-05,-2.999999999997449e-05,1.9632846940155958e-05,0.116
blend150fx_rankraw,w16n_finegrid,-3.16246436752321e-05,-4.999999999999449e-05,2.159203110232116e-05,0.064
blend150fx_rankraw,w16q_ens4avg,-2.7445289913274884e-05,-6.0000000000060005e-05,2.4296798993022964e-05,0.108
blend150fx_rankraw,w16t_cellens4,-2.7300831831666983e-05,-6.0000000000060005e-05,2.5269627825571836e-05,0.128
blend150fx_rescale,blend150sx,-2.051121573087844e-05,-2.0000000000020002e-05,1.548875763874001e-05,0.104
blend150fx_rescale,blend150sx_hybrid,-3.55463903356501e-06,9.99999999995449e-06,2.3206823955480292e-05,0.47
blend150fx_rescale,blend150sx_logit,5.7153682014088325e-05,-2.0000000000020002e-05,2.9316433101209144e-05,0.024
blend150fx_rescale,blend150sx_rankraw,-9.319976903121585e-06,0.0,2.7201454603115266e-05,0.388
blend150fx_rescale,blend153,-2.1791695454576043e-05,-2.0000000000020002e-05,1.6354291893100364e-05,0.088
blend150fx_rescale,blend156,-2.906779956812766e-05,-4.0000000000040004e-05,1.888357268257938e-05,0.06
blend150fx_rescale,blend156_h3,-3.358156658328504e-05,-2.999999999997449e-05,1.8930580901581584e-05,0.044
blend150fx_rescale,blend156_rankraw,-2.354153708339357e-05,-2.0000000000020002e-05,2.8588822587515307e-05,0.216
blend150fx_rescale,blend156_rescale,-1.25779359381184e-05,-2.999999999997449e-05,1.2970797802979861e-05,0.164
blend150fx_rescale,blend156w,-3.4120417352068166e-05,-2.999999999997449e-05,2.076233918230487e-05,0.058
blend150fx_rescale,blend156w2,-3.3929031199031456e-05,-2.999999999997449e-05,2.0660326760914112e-05,0.056
blend150fx_rescale,blend158,-3.0689781484904977e-05,-4.0000000000040004e-05,1.9289306870349855e-05,0.058
blend150fx_rescale,blend158_h3,-3.578205572207782e-05,-2.999999999997449e-05,1.9376879832789926e-05,0.036
blend150fx_rescale,blend158_hybrid,-1.5796446570459644e-05,-9.99999999995449e-06,2.57462661260142e-05,0.268
blend150fx_rescale,blend158_logit,5.1147005576290816e-05,-4.0000000000040004e-05,3.185334494785957e-05,0.048
blend150fx_rescale,blend158_rankraw,-2.3883044350969662e-05,-2.0000000000020002e-05,2.8575801392876447e-05,0.202
blend150fx_rescale,blend158_rescale,-1.4836131178697087e-05,-2.999999999997449e-05,1.3766882256336628e-05,0.12
blend150fx_rescale,blend159,-3.0841044339924295e-05,-4.0000000000040004e-05,1.9378933274432263e-05,0.052
blend150fx_rescale,blend159_h3,-3.439963125839718e-05,-2.999999999997449e-05,1.963940615101618e-05,0.038
blend150fx_rescale,blend159av,-3.2339834994732364e-05,-4.0000000000040004e-05,1.9303793728467776e-05,0.044
blend150fx_rescale,blend159av_h3,-3.663524033470367e-05,-2.999999999997449e-05,1.9526151065069405e-05,0.028
blend150fx_rescale,blend159av_w,-3.564155059976315e-05,-2.999999999997449e-05,2.0564070628008943e-05,0.036
blend150fx_rescale,blend159av_wh3,-3.6720043744220554e-05,-2.999999999997449e-05,2.052312537683061e-05,0.034
blend150fx_rescale,blend160orig,-2.977073620624715e-05,-4.0000000000040004e-05,1.9525292716128856e-05,0.056
blend150fx_rescale,blend160orig_h3,-3.379424492799821e-05,-2.999999999997449e-05,1.9715680547604185e-05,0.042
blend150fx_rescale,blend160origm,-3.170756448156453e-05,-4.0000000000040004e-05,1.9479148136603686e-05,0.05
blend150fx_rescale,blend160origm_h3,-3.611810293291384e-05,-2.999999999997449e-05,1.960735841831951e-05,0.036
blend150fx_rescale,blendtop3,-3.692352727213688e-05,-2.999999999997449e-05,1.9300815840403306e-05,0.032
blend150fx_rescale,stack_pub149_hybrid,-5.7732387138687e-06,2.999999999997449e-05,2.2608266160545505e-05,0.4
blend150fx_rescale,stack_pub151_fixed_rankraw,-1.196504456690839e-05,-9.99999999995449e-06,2.715345393816194e-05,0.326
blend150fx_rescale,stack_pub151_hybrid,-1.175767404693051e-05,2.999999999997449e-05,2.1511279417079143e-05,0.284
blend150fx_rescale,stack_pub151_rankraw,-1.0528958300004554e-05,0.0,2.595383722469069e-05,0.342
blend150fx_rescale,stack_pub86_hybrid,0.00033473650286652834,0.00021999999999999797,6.228855644884238e-05,0.0
blend150fx_rescale,stack_pub88_mine_logit,0.0003525903607315417,0.00021000000000004349,6.227362728799526e-05,0.0
blend150fx_rescale,w16e_aonly,-4.189358453243752e-05,-6.0000000000060005e-05,2.0192981197002377e-05,0.018
blend150fx_rescale,w16h_h3av6,-3.619213338645899e-05,-2.999999999997449e-05,1.919390337233689e-05,0.032
blend150fx_rescale,w16i_schemeavg,-4.312937907047232e-05,-4.999999999999449e-05,1.989639723175843e-05,0.018
blend150fx_rescale,w16l_maskw_h3,-3.320333586698254e-05,-2.999999999997449e-05,2.068329445824643e-05,0.054
blend150fx_rescale,w16n_finegrid,-4.315959713552253e-05,-4.999999999999449e-05,1.9864305764033547e-05,0.018
blend150fx_rescale,w16q_ens4avg,-3.8980243373565315e-05,-6.0000000000060005e-05,1.9696038731458862e-05,0.024
blend150fx_rescale,w16t_cellens4,-3.8835785291957414e-05,-6.0000000000060005e-05,2.01173950497861e-05,0.022
blend150sx,blend150sx_hybrid,1.695657669731343e-05,2.999999999997449e-05,1.4431947334128421e-05,0.126
blend150sx,blend150sx_logit,7.766489774496677e-05,0.0,2.2518993369066133e-05,0.0
blend150sx,blend150sx_rankraw,1.1191238827756855e-05,2.0000000000020002e-05,1.825132069217611e-05,0.252
blend150sx,blend153,-1.2804797236976029e-06,0.0,5.392363976398085e-06,0.356
blend150sx,blend156,-8.556583837249221e-06,-2.0000000000020002e-05,1.0551611494045525e-05,0.196
blend150sx,blend156_h3,-1.3070350852406598e-05,-9.99999999995449e-06,1.2223635635239343e-05,0.14
blend150sx,blend156_rankraw,-3.0303213525151307e-06,0.0,2.026236822638971e-05,0.438
blend150sx,blend156_rescale,7.93327979276004e-06,-9.99999999995449e-06,1.6765224686484512e-05,0.346
blend150sx,blend156w,-1.3609201621189726e-05,-9.99999999995449e-06,1.2594564623166779e-05,0.146
blend150sx,blend156w2,-1.3417815468153016e-05,-9.99999999995449e-06,1.2574757839356412e-05,0.146
blend150sx,blend158,-1.0178565754026536e-05,-2.0000000000020002e-05,1.0965732842264707e-05,0.158
blend150sx,blend158_h3,-1.527083999119938e-05,-9.99999999995449e-06,1.2579396909780593e-05,0.098
blend150sx,blend158_hybrid,4.714769160418797e-06,1.0000000000065512e-05,1.7756553522578193e-05,0.414
blend150sx,blend158_logit,7.165822130716926e-05,-2.0000000000020002e-05,2.5616351153290324e-05,0.006
blend150sx,blend158_rankraw,-3.3718286200912218e-06,0.0,2.0464289126173418e-05,0.444
blend150sx,blend158_rescale,5.675084552181353e-06,-9.99999999995449e-06,1.693903709939036e-05,0.392
blend150sx,blend159,-1.0329828609045855e-05,-2.0000000000020002e-05,1.119573126376201e-05,0.154
blend150sx,blend159_h3,-1.3888415527518738e-05,-9.99999999995449e-06,1.3057199674288203e-05,0.124
blend150sx,blend159av,-1.1828619263853923e-05,-2.0000000000020002e-05,1.1457878861412962e-05,0.12
blend150sx,blend159av_h3,-1.6124024603825227e-05,-9.99999999995449e-06,1.3266938536398617e-05,0.098
blend150sx,blend159av_w,-1.513033486888471e-05,-9.99999999995449e-06,1.3213170386370817e-05,0.106
blend150sx,blend159av_wh3,-1.6208828013342114e-05,-9.99999999995449e-06,1.3814775286835802e-05,0.102
blend150sx,blend160orig,-9.25952047536871e-06,-2.0000000000020002e-05,1.1526472350224634e-05,0.198
blend150sx,blend160orig_h3,-1.3283029197119767e-05,-9.99999999995449e-06,1.3302024481618942e-05,0.132
blend150sx,blend160origm,-1.1196348750686091e-05,-2.0000000000020002e-05,1.1184153102391701e-05,0.118
blend150sx,blend160origm_h3,-1.5606887202035402e-05,-9.99999999995449e-06,1.3025784717830737e-05,0.09
blend150sx,blendtop3,-1.641231154125844e-05,-9.99999999995449e-06,1.2668823360288577e-05,0.076
blend150sx,stack_pub149_hybrid,1.473797701700974e-05,4.999999999999449e-05,1.7279875619945032e-05,0.192
blend150sx,stack_pub151_fixed_rankraw,8.546171163970051e-06,1.0000000000065512e-05,2.0363128096786035e-05,0.342
blend150sx,stack_pub151_hybrid,8.75354168394793e-06,4.999999999999449e-05,1.5389881126928617e-05,0.284
blend150sx,stack_pub151_rankraw,9.982257430873887e-06,2.0000000000020002e-05,1.8754883523982383e-05,0.304
blend150sx,stack_pub86_hybrid,0.0003552477185974068,0.00024000000000001798,5.907022995659571e-05,0.0
blend150sx,stack_pub88_mine_logit,0.00037310157646242015,0.0002300000000000635,6.0223012289292186e-05,0.0
blend150sx,w16e_aonly,-2.1382368801559082e-05,-4.0000000000040004e-05,1.560008133181804e-05,0.07
blend150sx,w16h_h3av6,-1.568091765558055e-05,-9.99999999995449e-06,1.2483959386079822e-05,0.088
blend150sx,w16i_schemeavg,-2.2618163339593877e-05,-2.999999999997449e-05,1.5006588470450818e-05,0.048
blend150sx,w16l_maskw_h3,-1.2692120136104101e-05,-9.99999999995449e-06,1.427108407872363e-05,0.16
blend150sx,w16n_finegrid,-2.264838140464409e-05,-2.999999999997449e-05,1.497868730533761e-05,0.048
blend150sx,w16q_ens4avg,-1.8469027642686875e-05,-4.0000000000040004e-05,1.3450112921650161e-05,0.064
blend150sx,w16t_cellens4,-1.8324569561078974e-05,-4.0000000000040004e-05,1.486661907803595e-05,0.09
blend150sx_hybrid,blend150sx_logit,6.0708321047653335e-05,-2.999999999997449e-05,3.275481975822077e-05,0.036
blend150sx_hybrid,blend150sx_rankraw,-5.765337869556575e-06,-9.99999999995449e-06,2.2688707346752565e-05,0.404
blend150sx_hybrid,blend153,-1.8237056421011033e-05,-2.999999999997449e-05,1.5634861680770746e-05,0.122
blend150sx_hybrid,blend156,-2.551316053456265e-05,-4.999999999999449e-05,1.7950546571205134e-05,0.074
blend150sx_hybrid,blend156_h3,-3.002692754972003e-05,-3.999999999992898e-05,1.55613677923175e-05,0.02
blend150sx_hybrid,blend156_rankraw,-1.998689804982856e-05,-2.999999999997449e-05,2.4006454405337895e-05,0.186
blend150sx_hybrid,blend156_rescale,-9.02329690455339e-06,-3.999999999992898e-05,2.39293135826373e-05,0.35
blend150sx_hybrid,blend156w,-3.0565778318503156e-05,-3.999999999992898e-05,1.7800804318603916e-05,0.034
blend150sx_hybrid,blend156w2,-3.0374392165466446e-05,-3.999999999992898e-05,1.7769178014062118e-05,0.038
blend150sx_hybrid,blend158,-2.7135142451339966e-05,-4.999999999999449e-05,1.8101428763083013e-05,0.062
blend150sx_hybrid,blend158_h3,-3.222741668851281e-05,-3.999999999992898e-05,1.5608432015971815e-05,0.016
blend150sx_hybrid,blend158_hybrid,-1.2241807536894633e-05,-1.999999999990898e-05,1.0965041220072227e-05,0.106
blend150sx_hybrid,blend158_logit,5.4701644609855826e-05,-4.999999999999449e-05,3.5042688085313e-05,0.064
blend150sx_hybrid,blend158_rankraw,-2.0328405317404652e-05,-2.999999999997449e-05,2.4038080451293918e-05,0.186
blend150sx_hybrid,blend158_rescale,-1.1281492145132077e-05,-3.999999999992898e-05,2.4019538602587546e-05,0.274
blend150sx_hybrid,blend159,-2.7286405306359285e-05,-4.999999999999449e-05,1.833406153584076e-05,0.068
blend150sx_hybrid,blend159_h3,-3.084499222483217e-05,-3.999999999992898e-05,1.611359585445129e-05,0.022
blend150sx_hybrid,blend159av,-2.8785195961167354e-05,-4.999999999999449e-05,1.8240492252830574e-05,0.056
blend150sx_hybrid,blend159av_h3,-3.308060130113866e-05,-3.999999999992898e-05,1.5905181083436512e-05,0.016
blend150sx_hybrid,blend159av_w,-3.208691156619814e-05,-3.999999999992898e-05,1.685148588243456e-05,0.032
blend150sx_hybrid,blend159av_wh3,-3.3165404710655544e-05,-3.999999999992898e-05,1.6613263799895175e-05,0.024
blend150sx_hybrid,blend160orig,-2.621609717268214e-05,-4.999999999999449e-05,1.8309239430497002e-05,0.072
blend150sx_hybrid,blend160orig_h3,-3.0239605894433197e-05,-3.999999999992898e-05,1.605958289524338e-05,0.028
blend150sx_hybrid,blend160origm,-2.815292544799952e-05,-4.999999999999449e-05,1.8511113818597098e-05,0.064
blend150sx_hybrid,blend160origm_h3,-3.256346389934883e-05,-3.999999999992898e-05,1.644547710145816e-05,0.02
blend150sx_hybrid,blendtop3,-3.336888823857187e-05,-3.999999999992898e-05,1.5766292904309193e-05,0.016
blend150sx_hybrid,stack_pub149_hybrid,-2.21859968030369e-06,2.0000000000020002e-05,1.2487070991301656e-05,0.408
blend150sx_hybrid,stack_pub151_fixed_rankraw,-8.410405533343379e-06,-1.999999999990898e-05,2.403772280519889e-05,0.366
blend150sx_hybrid,stack_pub151_hybrid,-8.2030350133655e-06,2.0000000000020002e-05,1.0490089960969414e-05,0.214
blend150sx_hybrid,stack_pub151_rankraw,-6.974319266439544e-06,-9.99999999995449e-06,2.28749781323006e-05,0.372
blend150sx_hybrid,stack_pub86_hybrid,0.00033829114190009335,0.00021000000000004349,6.039197870823034e-05,0.0
blend150sx_hybrid,stack_pub88_mine_logit,0.0003561449997651067,0.000200000000000089,6.531354209972591e-05,0.0
blend150sx_hybrid,w16e_aonly,-3.833894549887251e-05,-7.00000000000145e-05,1.7922646212863895e-05,0.01
blend150sx_hybrid,w16h_h3av6,-3.263749435289398e-05,-3.999999999992898e-05,1.5585797554503598e-05,0.016
blend150sx_hybrid,w16i_schemeavg,-3.957474003690731e-05,-5.999999999994898e-05,1.7430264026764164e-05,0.006
blend150sx_hybrid,w16l_maskw_h3,-2.964869683341753e-05,-3.999999999992898e-05,1.7054346461255447e-05,0.04
blend150sx_hybrid,w16n_finegrid,-3.960495810195752e-05,-5.999999999994898e-05,1.739589780017394e-05,0.004
blend150sx_hybrid,w16q_ens4avg,-3.5425604340000305e-05,-7.00000000000145e-05,1.9510784654177043e-05,0.03
blend150sx_hybrid,w16t_cellens4,-3.5281146258392404e-05,-7.00000000000145e-05,2.035003166981597e-05,0.038
blend150sx_logit,blend150sx_rankraw,-6.647365891720991e-05,2.0000000000020002e-05,3.68802564675372e-05,0.038
blend150sx_logit,blend153,-7.894537746866437e-05,0.0,2.2864308344918192e-05,0.0
blend150sx_logit,blend156,-8.622148158221599e-05,-2.0000000000020002e-05,2.4129217378275132e-05,0.0
blend150sx_logit,blend156_h3,-9.073524859737336e-05,-9.99999999995449e-06,3.0663984202963723e-05,0.0
blend150sx_logit,blend156_rankraw,-8.06952190974819e-05,0.0,3.7078252951008345e-05,0.02
blend150sx_logit,blend156_rescale,-6.973161795220673e-05,-9.99999999995449e-06,2.9522868414193203e-05,0.006
blend150sx_logit,blend156w,-9.127409936615649e-05,-9.99999999995449e-06,3.0128399686168846e-05,0.0
blend150sx_logit,blend156w2,-9.108271321311978e-05,-9.99999999995449e-06,3.0137944875911545e-05,0.0
blend150sx_logit,blend158,-8.78434634989933e-05,-2.0000000000020002e-05,2.4167718291279938e-05,0.0
blend150sx_logit,blend158_h3,-9.293573773616615e-05,-9.99999999995449e-06,3.074276388377384e-05,0.0
blend150sx_logit,blend158_hybrid,-7.295012858454797e-05,1.0000000000065512e-05,3.3596056300694624e-05,0.02
blend150sx_logit,blend158_logit,-6.006676437797509e-06,-2.0000000000020002e-05,1.1935330206362084e-05,0.29
blend150sx_logit,blend158_rankraw,-8.103672636505799e-05,0.0,3.715811766002238e-05,0.016
blend150sx_logit,blend158_rescale,-7.198981319278541e-05,-9.99999999995449e-06,2.9619436072408088e-05,0.008
blend150sx_logit,blend159,-8.799472635401262e-05,-2.0000000000020002e-05,2.437508737026081e-05,0.0
blend150sx_logit,blend159_h3,-9.15533132724855e-05,-9.99999999995449e-06,3.1064368593618754e-05,0.0
blend150sx_logit,blend159av,-8.949351700882069e-05,-2.0000000000020002e-05,2.4611160465465682e-05,0.0
blend150sx_logit,blend159av_h3,-9.378892234879199e-05,-9.99999999995449e-06,3.122197419605036e-05,0.0
blend150sx_logit,blend159av_w,-9.279523261385147e-05,-9.99999999995449e-06,3.0428066682533956e-05,0.0
blend150sx_logit,blend159av_wh3,-9.387372575830888e-05,-9.99999999995449e-06,3.1809667743120786e-05,0.0
blend150sx_logit,blend160orig,-8.692441822033548e-05,-2.0000000000020002e-05,2.4572097542718417e-05,0.0
blend150sx_logit,blend160orig_h3,-9.094792694208653e-05,-9.99999999995449e-06,3.113769606322952e-05,0.0
blend150sx_logit,blend160origm,-8.886124649565286e-05,-2.0000000000020002e-05,2.4499599446216125e-05,0.0
blend150sx_logit,blend160origm_h3,-9.327178494700217e-05,-9.99999999995449e-06,3.115627806082489e-05,0.0
blend150sx_logit,blendtop3,-9.40772092862252e-05,-9.99999999995449e-06,3.090446115273935e-05,0.0
blend150sx_logit,stack_pub149_hybrid,-6.292692072795703e-05,4.999999999999449e-05,3.393109777422676e-05,0.038
blend150sx_logit,stack_pub151_fixed_rankraw,-6.911872658099671e-05,1.0000000000065512e-05,3.75976320723063e-05,0.036
blend150sx_logit,stack_pub151_hybrid,-6.891135606101884e-05,4.999999999999449e-05,3.2735347326992245e-05,0.024
blend150sx_logit,stack_pub151_rankraw,-6.768264031409288e-05,2.0000000000020002e-05,3.6612739216155445e-05,0.042
blend150sx_logit,stack_pub86_hybrid,0.00027758282085244,0.00024000000000001798,6.169606429385102e-05,0.0
blend150sx_logit,stack_pub88_mine_logit,0.0002954366787174534,0.0002300000000000635,5.7721852993177026e-05,0.0
blend150sx_logit,w16e_aonly,-9.904726654652585e-05,-4.0000000000040004e-05,3.22113699465392e-05,0.002
blend150sx_logit,w16h_h3av6,-9.334581540054732e-05,-9.99999999995449e-06,3.0813139367518067e-05,0.0
blend150sx_logit,w16i_schemeavg,-0.00010028306108456064,-2.999999999997449e-05,3.184413083498041e-05,0.0
blend150sx_logit,w16l_maskw_h3,-9.035701788107087e-05,-9.99999999995449e-06,3.211303352551361e-05,0.002
blend150sx_logit,w16n_finegrid,-0.00010031327914961086,-2.999999999997449e-05,3.1845828892773014e-05,0.0
blend150sx_logit,w16q_ens4avg,-9.613392538765364e-05,-4.0000000000040004e-05,2.5499855509364032e-05,0.0
blend150sx_logit,w16t_cellens4,-9.598946730604574e-05,-4.0000000000040004e-05,2.651297451296479e-05,0.0
blend150sx_rankraw,blend153,-1.2471718551454458e-05,-2.0000000000020002e-05,1.9048062175031743e-05,0.23
blend150sx_rankraw,blend156,-1.9747822665006076e-05,-4.0000000000040004e-05,2.1637153060006553e-05,0.164
blend150sx_rankraw,blend156_h3,-2.4261589680163453e-05,-2.999999999997449e-05,1.8448401513225764e-05,0.064
blend150sx_rankraw,blend156_rankraw,-1.4221560180271986e-05,-2.0000000000020002e-05,1.2387790005876286e-05,0.112
blend150sx_rankraw,blend156_rescale,-3.2579590349968157e-06,-2.999999999997449e-05,2.8001747905686572e-05,0.41
blend150sx_rankraw,blend156w,-2.480044044894658e-05,-2.999999999997449e-05,1.6122129529817474e-05,0.038
blend150sx_rankraw,blend156w2,-2.460905429590987e-05,-2.999999999997449e-05,1.6217156424561327e-05,0.038
blend150sx_rankraw,blend158,-2.136980458178339e-05,-4.0000000000040004e-05,2.1988984583949158e-05,0.152
blend150sx_rankraw,blend158_h3,-2.6462078818956236e-05,-2.999999999997449e-05,1.8900449370442602e-05,0.06
blend150sx_rankraw,blend158_hybrid,-6.476469667338058e-06,-9.99999999995449e-06,2.5377938916166706e-05,0.374
blend150sx_rankraw,blend158_logit,6.04669824794124e-05,-4.0000000000040004e-05,3.8909720082672414e-05,0.07
blend150sx_rankraw,blend158_rankraw,-1.4563067447848077e-05,-2.0000000000020002e-05,1.3307707012988053e-05,0.126
blend150sx_rankraw,blend158_rescale,-5.516154275575502e-06,-2.999999999997449e-05,2.809055008809941e-05,0.396
blend150sx_rankraw,blend159,-2.152106743680271e-05,-4.0000000000040004e-05,2.189658104252072e-05,0.148
blend150sx_rankraw,blend159_h3,-2.5079654355275594e-05,-2.999999999997449e-05,1.8963954795087843e-05,0.07
blend150sx_rankraw,blend159av,-2.301985809161078e-05,-4.0000000000040004e-05,2.233601159605657e-05,0.13
blend150sx_rankraw,blend159av_h3,-2.7315263431582082e-05,-2.999999999997449e-05,1.951852682348136e-05,0.066
blend150sx_rankraw,blend159av_w,-2.6321573696641565e-05,-2.999999999997449e-05,1.8747187559911394e-05,0.066
blend150sx_rankraw,blend159av_wh3,-2.740006684109897e-05,-2.999999999997449e-05,1.8450520159097213e-05,0.056
blend150sx_rankraw,blend160orig,-2.0450759303125565e-05,-4.0000000000040004e-05,2.2283779871151906e-05,0.172
blend150sx_rankraw,blend160orig_h3,-2.4474268024876622e-05,-2.999999999997449e-05,1.94175798718199e-05,0.096
blend150sx_rankraw,blend160origm,-2.2387587578442947e-05,-4.0000000000040004e-05,2.1607961870346666e-05,0.124
blend150sx_rankraw,blend160origm_h3,-2.6798126029792257e-05,-2.999999999997449e-05,1.8569711998578e-05,0.072
blend150sx_rankraw,blendtop3,-2.7603550369015295e-05,-2.999999999997449e-05,1.8830046577668705e-05,0.058
blend150sx_rankraw,stack_pub149_hybrid,3.546738189252885e-06,2.999999999997449e-05,2.426181774578322e-05,0.444
blend150sx_rankraw,stack_pub151_fixed_rankraw,-2.6450676637868042e-06,-9.99999999995449e-06,1.219323262588707e-05,0.384
blend150sx_rankraw,stack_pub151_hybrid,-2.4376971438089257e-06,2.999999999997449e-05,2.2829674799951666e-05,0.438
blend150sx_rankraw,stack_pub151_rankraw,-1.2089813968829688e-06,0.0,9.230153368601102e-06,0.426
blend150sx_rankraw,stack_pub86_hybrid,0.0003440564797696499,0.00021999999999999797,6.243506980610815e-05,0.0
blend150sx_rankraw,stack_pub88_mine_logit,0.0003619103376346633,0.00021000000000004349,6.544410201485202e-05,0.0
blend150sx_rankraw,w16e_aonly,-3.257360762931594e-05,-6.0000000000060005e-05,2.18853180862683e-05,0.062
blend150sx_rankraw,w16h_h3av6,-2.6872156483337406e-05,-2.999999999997449e-05,1.8713965827038475e-05,0.066
blend150sx_rankraw,w16i_schemeavg,-3.380940216735073e-05,-4.999999999999449e-05,2.1546174603136074e-05,0.052
blend150sx_rankraw,w16l_maskw_h3,-2.3883358963860957e-05,-2.999999999997449e-05,1.896911591498542e-05,0.084
blend150sx_rankraw,w16n_finegrid,-3.3839620232400947e-05,-4.999999999999449e-05,2.152606597536056e-05,0.052
blend150sx_rankraw,w16q_ens4avg,-2.966026647044373e-05,-6.0000000000060005e-05,2.410116859505437e-05,0.088
blend150sx_rankraw,w16t_cellens4,-2.951580838883583e-05,-6.0000000000060005e-05,2.528503588935243e-05,0.104
blend153,blend156,-7.276104113551618e-06,-2.0000000000020002e-05,9.388476773699932e-06,0.214
blend153,blend156_h3,-1.1789871128708995e-05,-9.99999999995449e-06,1.1402825231579403e-05,0.154
blend153,blend156_rankraw,-1.7498416288175278e-06,0.0,1.9669794389262908e-05,0.476
blend153,blend156_rescale,9.213759516457642e-06,-9.99999999995449e-06,1.6015509098808234e-05,0.284
blend153,blend156w,-1.2328721897492123e-05,-9.99999999995449e-06,1.171660370082976e-05,0.166
blend153,blend156w2,-1.2137335744455413e-05,-9.99999999995449e-06,1.1685953253462838e-05,0.166
blend153,blend158,-8.898086030328933e-06,-2.0000000000020002e-05,9.88052428751684e-06,0.166
blend153,blend158_h3,-1.3990360267501778e-05,-9.99999999995449e-06,1.1806686042695812e-05,0.116
blend153,blend158_hybrid,5.9952488841164e-06,1.0000000000065512e-05,1.76052305335607e-05,0.37
blend153,blend158_logit,7.293870103086686e-05,-2.0000000000020002e-05,2.4936024097372596e-05,0.002
blend153,blend158_rankraw,-2.091348896393619e-06,0.0,1.9796939244426258e-05,0.474
blend153,blend158_rescale,6.955564275878956e-06,-9.99999999995449e-06,1.6162442001704455e-05,0.336
blend153,blend159,-9.049348885348252e-06,-2.0000000000020002e-05,1.0016308783081561e-05,0.174
blend153,blend159_h3,-1.2607935803821135e-05,-9.99999999995449e-06,1.2206481670924671e-05,0.162
blend153,blend159av,-1.054813954015632e-05,-2.0000000000020002e-05,1.0490537950011293e-05,0.152
blend153,blend159av_h3,-1.4843544880127624e-05,-9.99999999995449e-06,1.2589147240272022e-05,0.108
blend153,blend159av_w,-1.3849855145187107e-05,-9.99999999995449e-06,1.2444445680429588e-05,0.134
blend153,blend159av_wh3,-1.492834828964451e-05,-9.99999999995449e-06,1.3085503487481282e-05,0.12
blend153,blend160orig,-7.979040751671107e-06,-2.0000000000020002e-05,1.0538268143602032e-05,0.222
blend153,blend160orig_h3,-1.2002549473422164e-05,-9.99999999995449e-06,1.2605183767868458e-05,0.158
blend153,blend160origm,-9.915869026988489e-06,-2.0000000000020002e-05,1.0246281663256932e-05,0.15
blend153,blend160origm_h3,-1.43264074783378e-05,-9.99999999995449e-06,1.2356944516928282e-05,0.114
blend153,blendtop3,-1.5131831817560837e-05,-9.99999999995449e-06,1.1944246496552846e-05,0.092
blend153,stack_pub149_hybrid,1.6018456740707343e-05,4.999999999999449e-05,1.7944130171170056e-05,0.188
blend153,stack_pub151_fixed_rankraw,9.826650887667654e-06,1.0000000000065512e-05,2.0530231789944224e-05,0.306
blend153,stack_pub151_hybrid,1.0034021407645533e-05,4.999999999999449e-05,1.617431844905053e-05,0.266
blend153,stack_pub151_rankraw,1.126273715457149e-05,2.0000000000020002e-05,1.9020117667500724e-05,0.27
blend153,stack_pub86_hybrid,0.0003565281983211044,0.00024000000000001798,5.920623020762128e-05,0.0
blend153,stack_pub88_mine_logit,0.00037438205618611775,0.0002300000000000635,6.023281357104567e-05,0.0
blend153,w16e_aonly,-2.010188907786148e-05,-4.0000000000040004e-05,1.507031459992849e-05,0.08
blend153,w16h_h3av6,-1.4400437931882948e-05,-9.99999999995449e-06,1.1712945518291614e-05,0.1
blend153,w16i_schemeavg,-2.1337683615896275e-05,-2.999999999997449e-05,1.436416022712983e-05,0.06
blend153,w16l_maskw_h3,-1.1411640412406499e-05,-9.99999999995449e-06,1.360712456224193e-05,0.194
blend153,w16n_finegrid,-2.136790168094649e-05,-2.999999999997449e-05,1.4343172946523898e-05,0.056
blend153,w16q_ens4avg,-1.7188547918989272e-05,-4.0000000000040004e-05,1.2614021040219368e-05,0.072
blend153,w16t_cellens4,-1.704408983738137e-05,-4.0000000000040004e-05,1.426900304642235e-05,0.11
blend156,blend156_h3,-4.513767015157377e-06,1.0000000000065512e-05,7.324941714399403e-06,0.278
blend156,blend156_rankraw,5.52626248473409e-06,2.0000000000020002e-05,1.8033352754760872e-05,0.36
blend156,blend156_rescale,1.648986363000926e-05,1.0000000000065512e-05,1.3284461618474357e-05,0.122
blend156,blend156w,-5.052617783940505e-06,1.0000000000065512e-05,7.893313116529072e-06,0.268
blend156,blend156w2,-4.861231630903795e-06,1.0000000000065512e-05,7.86208562544984e-06,0.274
blend156,blend158,-1.6219819167773153e-06,0.0,4.244806656037652e-06,0.322
blend156,blend158_h3,-6.71425615395016e-06,1.0000000000065512e-05,8.4913678343752e-06,0.204
blend156,blend158_hybrid,1.3271352997668018e-05,3.0000000000085514e-05,1.5449252277461007e-05,0.184
blend156,blend158_logit,8.021480514441848e-05,0.0,2.2608442159065415e-05,0.0
blend156,blend158_rankraw,5.184755217157999e-06,2.0000000000020002e-05,1.836402462646324e-05,0.382
blend156,blend158_rescale,1.4231668389430574e-05,1.0000000000065512e-05,1.3754427372131285e-05,0.198
blend156,blend159,-1.7732447717966338e-06,0.0,4.526093577409395e-06,0.34
blend156,blend159_h3,-5.331831690269517e-06,1.0000000000065512e-05,8.962478086620541e-06,0.27
blend156,blend159av,-3.2720354266047025e-06,0.0,5.4005275427621666e-06,0.244
blend156,blend159av_h3,-7.567440766576006e-06,1.0000000000065512e-05,9.552200971770929e-06,0.214
blend156,blend159av_w,-6.5737510316354886e-06,1.0000000000065512e-05,9.321703176794598e-06,0.256
blend156,blend159av_wh3,-7.652244176092893e-06,1.0000000000065512e-05,1.0285740904091328e-05,0.224
blend156,blend160orig,-7.02936638119489e-07,0.0,5.570632813354176e-06,0.42
blend156,blend160orig_h3,-4.726445359870546e-06,1.0000000000065512e-05,9.573139537421824e-06,0.314
blend156,blend160origm,-2.6397649134368706e-06,0.0,5.389478651973839e-06,0.278
blend156,blend160origm_h3,-7.050303364786181e-06,1.0000000000065512e-05,9.44322374610205e-06,0.21
blend156,blendtop3,-7.855727704009219e-06,1.0000000000065512e-05,8.734558349932629e-06,0.17
blend156,stack_pub149_hybrid,2.329456085425896e-05,7.00000000000145e-05,2.0420665379765955e-05,0.116
blend156,stack_pub151_fixed_rankraw,1.7102755001219272e-05,3.0000000000085514e-05,2.2785105341234887e-05,0.208
blend156,stack_pub151_hybrid,1.731012552119715e-05,7.00000000000145e-05,1.8677528998453648e-05,0.17
blend156,stack_pub151_rankraw,1.8538841268123107e-05,4.0000000000040004e-05,2.136008461007153e-05,0.182
blend156,stack_pub86_hybrid,0.000363804302434656,0.000260000000000038,5.908896820143597e-05,0.0
blend156,stack_pub88_mine_logit,0.00038165816029966937,0.0002500000000000835,6.025355585298613e-05,0.0
blend156,w16e_aonly,-1.2825784964309861e-05,-2.0000000000020002e-05,1.2641747702154994e-05,0.15
blend156,w16h_h3av6,-7.12433381833133e-06,1.0000000000065512e-05,8.287056719521587e-06,0.188
blend156,w16i_schemeavg,-1.4061579502344657e-05,-9.99999999995449e-06,1.1952688538611585e-05,0.106
blend156,w16l_maskw_h3,-4.1355362988548805e-06,1.0000000000065512e-05,1.1015767623153066e-05,0.344
blend156,w16n_finegrid,-1.409179756739487e-05,-9.99999999995449e-06,1.1911250019058886e-05,0.104
blend156,w16q_ens4avg,-9.912443805437654e-06,-2.0000000000020002e-05,9.091449226103798e-06,0.116
blend156,w16t_cellens4,-9.767985723829753e-06,-2.0000000000020002e-05,1.1091047402931953e-05,0.178
blend156_h3,blend156_rankraw,1.0040029499891467e-05,9.99999999995449e-06,1.4500246782937513e-05,0.22
blend156_h3,blend156_rescale,2.1003630645166638e-05,0.0,1.3890312385387244e-05,0.082
blend156_h3,blend156w,-5.388507687831279e-07,0.0,4.6834893301126225e-06,0.484
blend156_h3,blend156w2,-3.4746461574641785e-07,0.0,4.607007849352356e-06,0.492
blend156_h3,blend158,2.891785098380062e-06,-1.0000000000065512e-05,8.571809572545218e-06,0.396
blend156_h3,blend158_h3,-2.2004891387927827e-06,0.0,4.619070822507126e-06,0.302
blend156_h3,blend158_hybrid,1.7785120012825395e-05,2.0000000000020002e-05,1.336439988804512e-05,0.112
blend156_h3,blend158_logit,8.472857215957585e-05,-1.0000000000065512e-05,2.974820579288531e-05,0.004
blend156_h3,blend158_rankraw,9.698522232315376e-06,9.99999999995449e-06,1.5017079479949852e-05,0.23
blend156_h3,blend158_rescale,1.874543540458795e-05,0.0,1.4362864994013788e-05,0.116
blend156_h3,blend159,2.7405222433607435e-06,-1.0000000000065512e-05,8.56994484596918e-06,0.402
blend156_h3,blend159_h3,-8.180646751121401e-07,0.0,5.172571567626653e-06,0.432
blend156_h3,blend159av,1.2417315885526747e-06,-1.0000000000065512e-05,9.010543535736236e-06,0.462
blend156_h3,blend159av_h3,-3.0536737514186285e-06,0.0,6.080218562955888e-06,0.288
blend156_h3,blend159av_w,-2.0599840164781114e-06,0.0,6.931362737798995e-06,0.37
blend156_h3,blend159av_wh3,-3.1384771609355155e-06,0.0,6.621381091395062e-06,0.302
blend156_h3,blend160orig,3.810830377037888e-06,-1.0000000000065512e-05,9.160459092776196e-06,0.334
blend156_h3,blend160orig_h3,-2.126783447131686e-07,0.0,6.195055206676019e-06,0.47
blend156_h3,blend160origm,1.8740021017205066e-06,-1.0000000000065512e-05,9.004266536224148e-06,0.448
blend156_h3,blend160origm_h3,-2.536536349628804e-06,0.0,5.913869642803858e-06,0.308
blend156_h3,blendtop3,-3.3419606888518416e-06,0.0,4.846418036848938e-06,0.216
blend156_h3,stack_pub149_hybrid,2.7808327869416338e-05,5.999999999994898e-05,1.8454596732763575e-05,0.06
blend156_h3,stack_pub151_fixed_rankraw,2.161652201637665e-05,2.0000000000020002e-05,1.9856685102904096e-05,0.114
blend156_h3,stack_pub151_hybrid,2.1823892536354528e-05,5.999999999994898e-05,1.664614630948464e-05,0.092
blend156_h3,stack_pub151_rankraw,2.3052608283280485e-05,2.999999999997449e-05,1.8281159934268862e-05,0.092
blend156_h3,stack_pub86_hybrid,0.0003683180694498134,0.00024999999999997247,5.997492060320425e-05,0.0
blend156_h3,stack_pub88_mine_logit,0.00038617192731482675,0.00024000000000001798,6.268784297784941e-05,0.0
blend156_h3,w16e_aonly,-8.312017949152484e-06,-3.0000000000085514e-05,1.0323065819492168e-05,0.182
blend156_h3,w16h_h3av6,-2.6105668031739526e-06,0.0,3.945313273519372e-06,0.23
blend156_h3,w16i_schemeavg,-9.54781248718728e-06,-2.0000000000020002e-05,9.538579724513333e-06,0.124
blend156_h3,w16l_maskw_h3,3.782307163024967e-07,0.0,7.659636065091025e-06,0.468
blend156_h3,w16n_finegrid,-9.578030552237493e-06,-2.0000000000020002e-05,9.472548707037865e-06,0.124
blend156_h3,w16q_ens4avg,-5.398676790280277e-06,-3.0000000000085514e-05,1.1636940958497477e-05,0.314
blend156_h3,w16t_cellens4,-5.254218708672376e-06,-3.0000000000085514e-05,1.3120515794464035e-05,0.326
blend156_rankraw,blend156_rescale,1.096360114527517e-05,-9.99999999995449e-06,2.5648125540502587e-05,0.342
blend156_rankraw,blend156w,-1.0578880268674595e-05,-9.99999999995449e-06,1.0886855710492606e-05,0.14
blend156_rankraw,blend156w2,-1.0387494115637885e-05,-9.99999999995449e-06,1.1034865930527122e-05,0.144
blend156_rankraw,blend158,-7.1482444015114055e-06,-2.0000000000020002e-05,1.8500080121330603e-05,0.318
blend156_rankraw,blend158_h3,-1.224051863868425e-05,-9.99999999995449e-06,1.5133855851085496e-05,0.192
blend156_rankraw,blend158_hybrid,7.745090512933928e-06,1.0000000000065512e-05,2.2985245223185058e-05,0.372
blend156_rankraw,blend158_logit,7.468854265968439e-05,-2.0000000000020002e-05,3.6596352210049e-05,0.026
blend156_rankraw,blend158_rankraw,-3.4150726757609107e-07,0.0,6.029243601716465e-06,0.476
blend156_rankraw,blend158_rescale,8.705405904696484e-06,-9.99999999995449e-06,2.5732867385376967e-05,0.386
blend156_rankraw,blend159,-7.299507256530724e-06,-2.0000000000020002e-05,1.8368435450805833e-05,0.322
blend156_rankraw,blend159_h3,-1.0858094175003608e-05,-9.99999999995449e-06,1.5198258121520375e-05,0.204
blend156_rankraw,blend159av,-8.798297911338793e-06,-2.0000000000020002e-05,1.8663179896288273e-05,0.296
blend156_rankraw,blend159av_h3,-1.3093703251310096e-05,-9.99999999995449e-06,1.5570828003112944e-05,0.184
blend156_rankraw,blend159av_w,-1.2100013516369579e-05,-9.99999999995449e-06,1.4325181440943471e-05,0.18
blend156_rankraw,blend159av_wh3,-1.3178506660826983e-05,-9.99999999995449e-06,1.4066892091375828e-05,0.154
blend156_rankraw,blend160orig,-6.229199122853579e-06,-2.0000000000020002e-05,1.894897518888676e-05,0.362
blend156_rankraw,blend160orig_h3,-1.0252707844604636e-05,-9.99999999995449e-06,1.6009002641915202e-05,0.236
blend156_rankraw,blend160origm,-8.16602739817096e-06,-2.0000000000020002e-05,1.8554800183734003e-05,0.298
blend156_rankraw,blend160origm_h3,-1.2576565849520271e-05,-9.99999999995449e-06,1.55089922117709e-05,0.19
blend156_rankraw,blendtop3,-1.3381990188743309e-05,-9.99999999995449e-06,1.5174156833287895e-05,0.166
blend156_rankraw,stack_pub149_hybrid,1.776829836952487e-05,4.999999999999449e-05,2.60789779875244e-05,0.23
blend156_rankraw,stack_pub151_fixed_rankraw,1.1576492516485182e-05,1.0000000000065512e-05,1.3992367979786205e-05,0.206
blend156_rankraw,stack_pub151_hybrid,1.178386303646306e-05,4.999999999999449e-05,2.4399559789452763e-05,0.314
blend156_rankraw,stack_pub151_rankraw,1.3012578783389017e-05,2.0000000000020002e-05,1.1927004624798357e-05,0.14
blend156_rankraw,stack_pub86_hybrid,0.0003582780399499219,0.00024000000000001798,6.297591847735191e-05,0.0
blend156_rankraw,stack_pub88_mine_logit,0.0003761318978149353,0.0002300000000000635,6.594394506290229e-05,0.0
blend156_rankraw,w16e_aonly,-1.835204744904395e-05,-4.0000000000040004e-05,1.8267361702056547e-05,0.15
blend156_rankraw,w16h_h3av6,-1.265059630306542e-05,-9.99999999995449e-06,1.4998683942050263e-05,0.18
blend156_rankraw,w16i_schemeavg,-1.9587841987078747e-05,-2.999999999997449e-05,1.789846936778378e-05,0.124
blend156_rankraw,w16l_maskw_h3,-9.66179878358897e-06,-9.99999999995449e-06,1.5642259679995908e-05,0.23
blend156_rankraw,w16n_finegrid,-1.961806005212896e-05,-2.999999999997449e-05,1.7868151463252384e-05,0.122
blend156_rankraw,w16q_ens4avg,-1.5438706290171744e-05,-4.0000000000040004e-05,2.064895967907499e-05,0.222
blend156_rankraw,w16t_cellens4,-1.5294248208563843e-05,-4.0000000000040004e-05,2.1934352306338735e-05,0.226
blend156_rescale,blend156w,-2.1542481413949766e-05,0.0,1.6295454420699883e-05,0.122
blend156_rescale,blend156w2,-2.1351095260913056e-05,0.0,1.618638932789419e-05,0.114
blend156_rescale,blend158,-1.8111845546786576e-05,-1.0000000000065512e-05,1.4160654036110164e-05,0.102
blend156_rescale,blend158_h3,-2.320411978395942e-05,0.0,1.4779057410124306e-05,0.056
blend156_rescale,blend158_hybrid,-3.2185106323412427e-06,2.0000000000020002e-05,2.260275455737935e-05,0.464
blend156_rescale,blend158_logit,6.372494151440922e-05,-1.0000000000065512e-05,2.831035198221191e-05,0.006
blend156_rescale,blend158_rankraw,-1.1305108412851261e-05,9.99999999995449e-06,2.5840330031377152e-05,0.354
blend156_rescale,blend158_rescale,-2.2581952405786865e-06,0.0,4.937380229499674e-06,0.298
blend156_rescale,blend159,-1.8263108401805894e-05,-1.0000000000065512e-05,1.4185568712683826e-05,0.104
blend156_rescale,blend159_h3,-2.1821695320278778e-05,0.0,1.4975597929372591e-05,0.078
blend156_rescale,blend159av,-1.9761899056613963e-05,-1.0000000000065512e-05,1.4325815567222978e-05,0.086
blend156_rescale,blend159av_h3,-2.4057304396585266e-05,0.0,1.5212316627518739e-05,0.064
blend156_rescale,blend159av_w,-2.306361466164475e-05,0.0,1.646895088416039e-05,0.086
blend156_rescale,blend159av_wh3,-2.4142107806102153e-05,0.0,1.6462475228294687e-05,0.076
blend156_rescale,blend160orig,-1.719280026812875e-05,-1.0000000000065512e-05,1.4491533585347113e-05,0.112
blend156_rescale,blend160orig_h3,-2.1216308989879806e-05,0.0,1.5272798999673866e-05,0.094
blend156_rescale,blend160origm,-1.912962854344613e-05,-1.0000000000065512e-05,1.4545785742775026e-05,0.094
blend156_rescale,blend160origm_h3,-2.3540166994795442e-05,0.0,1.5189786107720007e-05,0.068
blend156_rescale,blendtop3,-2.434559133401848e-05,0.0,1.4786882908196806e-05,0.046
blend156_rescale,stack_pub149_hybrid,6.804697224249701e-06,5.999999999994898e-05,2.5368205795806986e-05,0.378
blend156_rescale,stack_pub151_fixed_rankraw,6.128913712100115e-07,2.0000000000020002e-05,2.891242981917602e-05,0.49
blend156_rescale,stack_pub151_hybrid,8.202618911878901e-07,5.999999999994898e-05,2.4218647590578256e-05,0.472
blend156_rescale,stack_pub151_rankraw,2.048977638113847e-06,2.999999999997449e-05,2.782034292017575e-05,0.47
blend156_rescale,stack_pub86_hybrid,0.00034731443880464674,0.00024999999999997247,6.186342959689805e-05,0.0
blend156_rescale,stack_pub88_mine_logit,0.0003651682966696601,0.00024000000000001798,6.19906929310065e-05,0.0
blend156_rescale,w16e_aonly,-2.931564859431912e-05,-3.0000000000085514e-05,1.6625670569216112e-05,0.04
blend156_rescale,w16h_h3av6,-2.361419744834059e-05,0.0,1.4524289356663674e-05,0.052
blend156_rescale,w16i_schemeavg,-3.055144313235392e-05,-2.0000000000020002e-05,1.617035861093454e-05,0.024
blend156_rescale,w16l_maskw_h3,-2.062539992886414e-05,0.0,1.6603429242090734e-05,0.112
blend156_rescale,w16n_finegrid,-3.058166119740413e-05,-2.0000000000020002e-05,1.611955287432109e-05,0.024
blend156_rescale,w16q_ens4avg,-2.6402307435446914e-05,-3.0000000000085514e-05,1.5397823066189e-05,0.044
blend156_rescale,w16t_cellens4,-2.6257849353839013e-05,-3.0000000000085514e-05,1.6105769843650612e-05,0.056
blend156w,blend156w2,1.9138615303671003e-07,0.0,6.989019438167853e-07,0.424
blend156w,blend158,3.43063586716319e-06,-1.0000000000065512e-05,9.00270261054208e-06,0.368
blend156w,blend158_h3,-1.6616383700096549e-06,0.0,6.453141829928987e-06,0.366
blend156w,blend158_hybrid,1.8323970781608523e-05,2.0000000000020002e-05,1.5938186105089227e-05,0.124
blend156w,blend158_logit,8.526742292835898e-05,-1.0000000000065512e-05,2.9245206447870198e-05,0.0
blend156w,blend158_rankraw,1.0237373001098504e-05,9.99999999995449e-06,1.1839565254022999e-05,0.18
blend156w,blend158_rescale,1.928428617337108e-05,0.0,1.661938959305932e-05,0.146
blend156w,blend159,3.2793730121438713e-06,-1.0000000000065512e-05,8.95252687398557e-06,0.378
blend156w,blend159_h3,-2.792139063290122e-07,0.0,6.843433256580214e-06,0.44
blend156w,blend159av,1.7805823573358026e-06,-1.0000000000065512e-05,9.414006505921476e-06,0.458
blend156w,blend159av_h3,-2.5148229826355006e-06,0.0,7.53259081347745e-06,0.336
blend156w,blend159av_w,-1.5211332476949835e-06,0.0,6.701193247471285e-06,0.39
blend156w,blend159av_wh3,-2.5996263921523877e-06,0.0,7.028726128056131e-06,0.326
blend156w,blend160orig,4.349681145821016e-06,-1.0000000000065512e-05,9.690596066139486e-06,0.354
blend156w,blend160orig_h3,3.261724240699593e-07,0.0,7.909033317844374e-06,0.512
blend156w,blend160origm,2.4128528705036345e-06,-1.0000000000065512e-05,9.392837731180945e-06,0.436
blend156w,blend160origm_h3,-1.997685580845676e-06,0.0,7.4864304744972535e-06,0.364
blend156w,blendtop3,-2.8031099200687137e-06,0.0,6.631603841393745e-06,0.3
blend156w,stack_pub149_hybrid,2.8347178638199466e-05,5.999999999994898e-05,2.0374582843012184e-05,0.072
blend156w,stack_pub151_fixed_rankraw,2.2155372785159777e-05,2.0000000000020002e-05,1.753297100569188e-05,0.1
blend156w,stack_pub151_hybrid,2.2362743305137656e-05,5.999999999994898e-05,1.854341696845735e-05,0.098
blend156w,stack_pub151_rankraw,2.3591459052063612e-05,2.999999999997449e-05,1.5811358076222104e-05,0.06
blend156w,stack_pub86_hybrid,0.0003688569202185965,0.00024999999999997247,6.0221705876717596e-05,0.0
blend156w,stack_pub88_mine_logit,0.0003867107780836099,0.00024000000000001798,6.253040272374813e-05,0.0
blend156w,w16e_aonly,-7.773167180369356e-06,-3.0000000000085514e-05,1.1572349289396323e-05,0.234
blend156w,w16h_h3av6,-2.0717160343908247e-06,0.0,6.085319510684733e-06,0.33
blend156w,w16i_schemeavg,-9.008961718404151e-06,-2.0000000000020002e-05,1.0843075528637555e-05,0.178
blend156w,w16l_maskw_h3,9.170814850856246e-07,0.0,8.8020564399751e-06,0.488
blend156w,w16n_finegrid,-9.039179783454365e-06,-2.0000000000020002e-05,1.0789856622134949e-05,0.174
blend156w,w16q_ens4avg,-4.859826021497149e-06,-3.0000000000085514e-05,1.2255165915813403e-05,0.346
blend156w,w16t_cellens4,-4.715367939889248e-06,-3.0000000000085514e-05,1.390237983481547e-05,0.368
blend156w2,blend158,3.2392497141264798e-06,-1.0000000000065512e-05,8.968203275873808e-06,0.372
blend156w2,blend158_h3,-1.8530245230463649e-06,0.0,6.391444917392588e-06,0.36
blend156w2,blend158_hybrid,1.8132584628571813e-05,2.0000000000020002e-05,1.587872174165087e-05,0.128
blend156w2,blend158_logit,8.507603677532227e-05,-1.0000000000065512e-05,2.9245085033954574e-05,0.002
blend156w2,blend158_rankraw,1.0045986848061794e-05,9.99999999995449e-06,1.197115199089173e-05,0.206
blend156w2,blend158_rescale,1.909290002033437e-05,0.0,1.6507092927088723e-05,0.154
blend156w2,blend159,3.0879868591071613e-06,-1.0000000000065512e-05,8.924327119181258e-06,0.384
blend156w2,blend159_h3,-4.7060005936572225e-07,0.0,6.772860023564392e-06,0.448
blend156w2,blend159av,1.5891962042990926e-06,-1.0000000000065512e-05,9.39863434069758e-06,0.454
blend156w2,blend159av_h3,-2.7062091356722107e-06,0.0,7.4920347631545475e-06,0.344
blend156w2,blend159av_w,-1.7125194007316935e-06,0.0,6.67192849358945e-06,0.368
blend156w2,blend159av_wh3,-2.7910125451890977e-06,0.0,7.021668464381471e-06,0.318
blend156w2,blend160orig,4.158294992784306e-06,-1.0000000000065512e-05,9.66835270246766e-06,0.356
blend156w2,blend160orig_h3,1.3478627103324925e-07,0.0,7.865826058700198e-06,0.512
blend156w2,blend160origm,2.2214667174669245e-06,-1.0000000000065512e-05,9.36268292619169e-06,0.448
blend156w2,blend160origm_h3,-2.189071733882386e-06,0.0,7.433508493559994e-06,0.346
blend156w2,blendtop3,-2.9944960731054238e-06,0.0,6.57348702349998e-06,0.29
blend156w2,stack_pub149_hybrid,2.8155792485162756e-05,5.999999999994898e-05,2.031130615480807e-05,0.068
blend156w2,stack_pub151_fixed_rankraw,2.1963986632123067e-05,2.0000000000020002e-05,1.7621240257755195e-05,0.098
blend156w2,stack_pub151_hybrid,2.2171357152100946e-05,5.999999999994898e-05,1.847095433625298e-05,0.106
blend156w2,stack_pub151_rankraw,2.3400072899026902e-05,2.999999999997449e-05,1.5898946645278224e-05,0.058
blend156w2,stack_pub86_hybrid,0.0003686655340655598,0.00024999999999997247,6.022935288325016e-05,0.0
blend156w2,stack_pub88_mine_logit,0.00038651939193057316,0.00024000000000001798,6.255054033301191e-05,0.0
blend156w2,w16e_aonly,-7.964553333406066e-06,-3.0000000000085514e-05,1.1501386009599236e-05,0.228
blend156w2,w16h_h3av6,-2.2631021874275348e-06,0.0,6.020920043669672e-06,0.316
blend156w2,w16i_schemeavg,-9.200347871440862e-06,-2.0000000000020002e-05,1.0771267257054113e-05,0.172
blend156w2,w16l_maskw_h3,7.256953320489146e-07,0.0,8.791973318800038e-06,0.5
blend156w2,w16n_finegrid,-9.230565936491075e-06,-2.0000000000020002e-05,1.0717888311511042e-05,0.172
blend156w2,w16q_ens4avg,-5.051212174533859e-06,-3.0000000000085514e-05,1.2204885195374075e-05,0.324
blend156w2,w16t_cellens4,-4.906754092925958e-06,-3.0000000000085514e-05,1.3839161381497327e-05,0.36
blend158,blend158_h3,-5.092274237172845e-06,1.0000000000065512e-05,7.388842511177329e-06,0.256
blend158,blend158_hybrid,1.4893334914445333e-05,3.0000000000085514e-05,1.4689897807383938e-05,0.15
blend158,blend158_logit,8.183678706119579e-05,0.0,2.220929137329231e-05,0.0
blend158,blend158_rankraw,6.8067371339353144e-06,2.0000000000020002e-05,1.7822175727656388e-05,0.332
blend158,blend158_rescale,1.585365030620789e-05,1.0000000000065512e-05,1.3400954965364863e-05,0.14
blend158,blend159,-1.5126285501931847e-07,0.0,2.8353694853382623e-06,0.512
blend158,blend159_h3,-3.709849773492202e-06,1.0000000000065512e-05,8.280572751175015e-06,0.32
blend158,blend159av,-1.6500535098273872e-06,0.0,3.5919001210067227e-06,0.326
blend158,blend159av_h3,-5.9454588497986904e-06,1.0000000000065512e-05,8.71927886221327e-06,0.266
blend158,blend159av_w,-4.951769114858173e-06,1.0000000000065512e-05,8.416772354028973e-06,0.29
blend158,blend159av_wh3,-6.0302622593155775e-06,1.0000000000065512e-05,9.501592803072295e-06,0.266
blend158,blend160orig,9.190452786578263e-07,0.0,3.991580376563906e-06,0.39
blend158,blend160orig_h3,-3.1044634430932305e-06,1.0000000000065512e-05,8.816477772741186e-06,0.364
blend158,blend160origm,-1.0177829966595553e-06,0.0,4.018315172212066e-06,0.404
blend158,blend160origm_h3,-5.428321448008866e-06,1.0000000000065512e-05,8.899481921423763e-06,0.266
blend158,blendtop3,-6.2337457872319035e-06,1.0000000000065512e-05,7.885710958578576e-06,0.216
blend158,stack_pub149_hybrid,2.4916542771036276e-05,7.00000000000145e-05,2.0780334837246008e-05,0.11
blend158,stack_pub151_fixed_rankraw,1.8724736917996587e-05,3.0000000000085514e-05,2.3031238508768786e-05,0.194
blend158,stack_pub151_hybrid,1.8932107437974466e-05,7.00000000000145e-05,1.8994003081809498e-05,0.16
blend158,stack_pub151_rankraw,2.0160823184900423e-05,4.0000000000040004e-05,2.1551779863766563e-05,0.166
blend158,stack_pub86_hybrid,0.0003654262843514333,0.000260000000000038,5.9143233223796435e-05,0.0
blend158,stack_pub88_mine_logit,0.0003832801422164467,0.0002500000000000835,6.040495426906984e-05,0.0
blend158,w16e_aonly,-1.1203803047532546e-05,-2.0000000000020002e-05,1.2078957702469319e-05,0.192
blend158,w16h_h3av6,-5.5023519015540145e-06,1.0000000000065512e-05,7.790481384661931e-06,0.262
blend158,w16i_schemeavg,-1.2439597585567341e-05,-9.99999999995449e-06,1.1333699103183758e-05,0.142
blend158,w16l_maskw_h3,-2.513554382077565e-06,1.0000000000065512e-05,1.0534791969131874e-05,0.424
blend158,w16n_finegrid,-1.2469815650617555e-05,-9.99999999995449e-06,1.1303450291522345e-05,0.136
blend158,w16q_ens4avg,-8.290461888660339e-06,-2.0000000000020002e-05,8.209695850108502e-06,0.144
blend158,w16t_cellens4,-8.146003807052438e-06,-2.0000000000020002e-05,1.0605441552660613e-05,0.218
blend158_h3,blend158_hybrid,1.9985609151618178e-05,2.0000000000020002e-05,1.2231926637051843e-05,0.066
blend158_h3,blend158_logit,8.692906129836864e-05,-1.0000000000065512e-05,2.9537892452502295e-05,0.002
blend158_h3,blend158_rankraw,1.1899011371108159e-05,9.99999999995449e-06,1.426789015913619e-05,0.176
blend158_h3,blend158_rescale,2.0945924543380734e-05,0.0,1.3957094027667561e-05,0.074
blend158_h3,blend159,4.941011382153526e-06,-1.0000000000065512e-05,7.795705846743637e-06,0.262
blend158_h3,blend159_h3,1.3824244636806426e-06,0.0,3.600959454322914e-06,0.318
blend158_h3,blend159av,3.4422207273454575e-06,-1.0000000000065512e-05,7.837351950421008e-06,0.334
blend158_h3,blend159av_h3,-8.531846126258458e-07,0.0,4.018763701067709e-06,0.412
blend158_h3,blend159av_w,1.4050512231467138e-07,0.0,5.107127033932155e-06,0.462
blend158_h3,blend159av_wh3,-9.379880221427328e-07,0.0,4.740930451447261e-06,0.426
blend158_h3,blend160orig,6.011319515830671e-06,-1.0000000000065512e-05,8.241196037251563e-06,0.218
blend158_h3,blend160orig_h3,1.987810794079614e-06,0.0,4.7833377997918555e-06,0.304
blend158_h3,blend160origm,4.074491240513289e-06,-1.0000000000065512e-05,8.235634415922736e-06,0.314
blend158_h3,blend160origm_h3,-3.360472108360213e-07,0.0,4.839366990688119e-06,0.466
blend158_h3,blendtop3,-1.1414715500590589e-06,0.0,2.4014996963024606e-06,0.32
blend158_h3,stack_pub149_hybrid,3.000881700820912e-05,5.999999999994898e-05,1.87732229690887e-05,0.05
blend158_h3,stack_pub151_fixed_rankraw,2.3817011155169432e-05,2.0000000000020002e-05,2.0051788190328917e-05,0.1
blend158_h3,stack_pub151_hybrid,2.402438167514731e-05,5.999999999994898e-05,1.6929395216395075e-05,0.068
blend158_h3,stack_pub151_rankraw,2.5253097422073267e-05,2.999999999997449e-05,1.850250802500792e-05,0.064
blend158_h3,stack_pub86_hybrid,0.00037051855858860616,0.00024999999999997247,6.008655575276575e-05,0.0
blend158_h3,stack_pub88_mine_logit,0.00038837241645361953,0.00024000000000001798,6.293542793495271e-05,0.0
blend158_h3,w16e_aonly,-6.111528810359701e-06,-3.0000000000085514e-05,9.325154589525783e-06,0.252
blend158_h3,w16h_h3av6,-4.100776643811699e-07,0.0,2.3154611286124045e-06,0.45
blend158_h3,w16i_schemeavg,-7.347323348394497e-06,-2.0000000000020002e-05,8.457650167540939e-06,0.182
blend158_h3,w16l_maskw_h3,2.5787198550952795e-06,0.0,6.83603733669966e-06,0.334
blend158_h3,w16n_finegrid,-7.37754141344471e-06,-2.0000000000020002e-05,8.398007522190536e-06,0.182
blend158_h3,w16q_ens4avg,-3.198187651487494e-06,-3.0000000000085514e-05,1.0822917338243706e-05,0.382
blend158_h3,w16t_cellens4,-3.053729569879593e-06,-3.0000000000085514e-05,1.2588125801189226e-05,0.406
blend158_hybrid,blend158_logit,6.694345214675046e-05,-3.0000000000085514e-05,3.267558115856407e-05,0.018
blend158_hybrid,blend158_rankraw,-8.086597780510019e-06,-1.0000000000065512e-05,2.2497070590933728e-05,0.37
blend158_hybrid,blend158_rescale,9.603153917625562e-07,-2.0000000000020002e-05,2.2101833469053455e-05,0.488
blend158_hybrid,blend159,-1.5044597769464652e-05,-3.0000000000085514e-05,1.5159833436652483e-05,0.16
blend158_hybrid,blend159_h3,-1.8603184687937535e-05,-2.0000000000020002e-05,1.3045587679199251e-05,0.09
blend158_hybrid,blend159av,-1.654338842427272e-05,-3.0000000000085514e-05,1.506856057189684e-05,0.132
blend158_hybrid,blend159av_h3,-2.0838793764244024e-05,-2.0000000000020002e-05,1.301423184657397e-05,0.058
blend158_hybrid,blend159av_w,-1.9845104029303506e-05,-2.0000000000020002e-05,1.4095014406277284e-05,0.084
blend158_hybrid,blend159av_wh3,-2.092359717376091e-05,-2.0000000000020002e-05,1.3941935661834936e-05,0.076
blend158_hybrid,blend160orig,-1.3974289635787507e-05,-3.0000000000085514e-05,1.512972957845997e-05,0.178
blend158_hybrid,blend160orig_h3,-1.7997798357538564e-05,-2.0000000000020002e-05,1.3095681592621488e-05,0.094
blend158_hybrid,blend160origm,-1.591111791110489e-05,-3.0000000000085514e-05,1.5237421201594143e-05,0.14
blend158_hybrid,blend160origm_h3,-2.03216563624542e-05,-2.0000000000020002e-05,1.3342910286969345e-05,0.078
blend158_hybrid,blendtop3,-2.1127080701677237e-05,-2.0000000000020002e-05,1.258351845907107e-05,0.064
blend158_hybrid,stack_pub149_hybrid,1.0023207856590943e-05,3.999999999992898e-05,1.631009856592219e-05,0.26
blend158_hybrid,stack_pub151_fixed_rankraw,3.831402003551254e-06,0.0,2.6371588822023128e-05,0.442
blend158_hybrid,stack_pub151_hybrid,4.038772523529133e-06,3.999999999992898e-05,1.4465652592076552e-05,0.362
blend158_hybrid,stack_pub151_rankraw,5.26748827045509e-06,9.99999999995449e-06,2.5174537654772144e-05,0.398
blend158_hybrid,stack_pub86_hybrid,0.000350532949436988,0.00022999999999995246,6.0352988563541886e-05,0.0
blend158_hybrid,stack_pub88_mine_logit,0.00036838680730200135,0.00021999999999999797,6.525546666876691e-05,0.0
blend158_hybrid,w16e_aonly,-2.609713796197788e-05,-5.0000000000105516e-05,1.5438588950937576e-05,0.044
blend158_hybrid,w16h_h3av6,-2.0395686815999348e-05,-2.0000000000020002e-05,1.2576815255021482e-05,0.066
blend158_hybrid,w16i_schemeavg,-2.7332932500012674e-05,-4.0000000000040004e-05,1.4882106882739403e-05,0.04
blend158_hybrid,w16l_maskw_h3,-1.7406889296522898e-05,-2.0000000000020002e-05,1.4191219986584296e-05,0.106
blend158_hybrid,w16n_finegrid,-2.7363150565062888e-05,-4.0000000000040004e-05,1.4845298798829996e-05,0.042
blend158_hybrid,w16q_ens4avg,-2.3183796803105672e-05,-5.0000000000105516e-05,1.6677874077747152e-05,0.082
blend158_hybrid,w16t_cellens4,-2.303933872149777e-05,-5.0000000000105516e-05,1.775815126378107e-05,0.106
blend158_logit,blend158_rankraw,-7.503004992726048e-05,2.0000000000020002e-05,3.627803941370085e-05,0.024
blend158_logit,blend158_rescale,-6.59831367549879e-05,1.0000000000065512e-05,2.8079632838088532e-05,0.008
blend158_logit,blend159,-8.198804991621511e-05,0.0,2.2488935916814174e-05,0.0
blend158_logit,blend159_h3,-8.5546636834688e-05,1.0000000000065512e-05,2.982740122272273e-05,0.002
blend158_logit,blend159av,-8.348684057102318e-05,0.0,2.2877499127999976e-05,0.0
blend158_logit,blend159av_h3,-8.778224591099448e-05,1.0000000000065512e-05,3.0178382923882007e-05,0.002
blend158_logit,blend159av_w,-8.678855617605397e-05,1.0000000000065512e-05,2.9337219522868484e-05,0.002
blend158_logit,blend159av_wh3,-8.786704932051137e-05,1.0000000000065512e-05,3.0803740834327826e-05,0.002
blend158_logit,blend160orig,-8.091774178253797e-05,0.0,2.2706037486686158e-05,0.0
blend158_logit,blend160orig_h3,-8.494125050428902e-05,1.0000000000065512e-05,2.9946905671257158e-05,0.004
blend158_logit,blend160origm,-8.285457005785535e-05,0.0,2.2741575925900725e-05,0.0
blend158_logit,blend160origm_h3,-8.726510850920466e-05,1.0000000000065512e-05,3.002328390342933e-05,0.004
blend158_logit,blendtop3,-8.80705328484277e-05,1.0000000000065512e-05,2.9766921765345085e-05,0.002
blend158_logit,stack_pub149_hybrid,-5.6920244290159516e-05,7.00000000000145e-05,3.637641427415193e-05,0.064
blend158_logit,stack_pub151_fixed_rankraw,-6.31120501431992e-05,3.0000000000085514e-05,3.960328714099921e-05,0.058
blend158_logit,stack_pub151_hybrid,-6.290467962322133e-05,7.00000000000145e-05,3.515945652664965e-05,0.042
blend158_logit,stack_pub151_rankraw,-6.167596387629537e-05,4.0000000000040004e-05,3.854617350675853e-05,0.058
blend158_logit,stack_pub86_hybrid,0.0002835894972902375,0.000260000000000038,6.200178485264207e-05,0.0
blend158_logit,stack_pub88_mine_logit,0.0003014433551552509,0.0002500000000000835,5.817696846395153e-05,0.0
blend158_logit,w16e_aonly,-9.304059010872834e-05,-2.0000000000020002e-05,3.1314303409150227e-05,0.002
blend158_logit,w16h_h3av6,-8.733913896274981e-05,1.0000000000065512e-05,2.9686879790232742e-05,0.002
blend158_logit,w16i_schemeavg,-9.427638464676313e-05,-9.99999999995449e-06,3.0934669250018196e-05,0.002
blend158_logit,w16l_maskw_h3,-8.435034144327336e-05,1.0000000000065512e-05,3.095132133750711e-05,0.004
blend158_logit,w16n_finegrid,-9.430660271181335e-05,-9.99999999995449e-06,3.093779807939639e-05,0.002
blend158_logit,w16q_ens4avg,-9.012724894985613e-05,-2.0000000000020002e-05,2.4002151932111537e-05,0.0
blend158_logit,w16t_cellens4,-8.998279086824823e-05,-2.0000000000020002e-05,2.515527379055782e-05,0.0
blend158_rankraw,blend158_rescale,9.046913172272575e-06,-9.99999999995449e-06,2.5376868696262333e-05,0.378
blend158_rankraw,blend159,-6.957999988954633e-06,-2.0000000000020002e-05,1.7790022196324017e-05,0.33
blend158_rankraw,blend159_h3,-1.0516586907427516e-05,-9.99999999995449e-06,1.4485345183142069e-05,0.218
blend158_rankraw,blend159av,-8.456790643762702e-06,-2.0000000000020002e-05,1.790260280895289e-05,0.298
blend158_rankraw,blend159av_h3,-1.2752195983734005e-05,-9.99999999995449e-06,1.467578808570785e-05,0.176
blend158_rankraw,blend159av_w,-1.1758506248793488e-05,-9.99999999995449e-06,1.3254131118584246e-05,0.176
blend158_rankraw,blend159av_wh3,-1.2836999393250892e-05,-9.99999999995449e-06,1.3008187264631302e-05,0.138
blend158_rankraw,blend160orig,-5.887691855277488e-06,-2.0000000000020002e-05,1.8229373079225084e-05,0.348
blend158_rankraw,blend160orig_h3,-9.911200577028545e-06,-9.99999999995449e-06,1.5140873753597045e-05,0.226
blend158_rankraw,blend160origm,-7.82452013059487e-06,-2.0000000000020002e-05,1.81041732104426e-05,0.324
blend158_rankraw,blend160origm_h3,-1.223505858194418e-05,-9.99999999995449e-06,1.5080799780646657e-05,0.18
blend158_rankraw,blendtop3,-1.3040482921167218e-05,-9.99999999995449e-06,1.4444127139895716e-05,0.166
blend158_rankraw,stack_pub149_hybrid,1.8109805637100962e-05,4.999999999999449e-05,2.6090273347099478e-05,0.24
blend158_rankraw,stack_pub151_fixed_rankraw,1.1917999784061273e-05,1.0000000000065512e-05,1.42700033075624e-05,0.188
blend158_rankraw,stack_pub151_hybrid,1.2125370304039151e-05,4.999999999999449e-05,2.4436615195111326e-05,0.316
blend158_rankraw,stack_pub151_rankraw,1.3354086050965108e-05,2.0000000000020002e-05,1.2284996402228392e-05,0.13
blend158_rankraw,stack_pub86_hybrid,0.000358619547217498,0.00024000000000001798,6.259132973306667e-05,0.0
blend158_rankraw,stack_pub88_mine_logit,0.00037647340508251137,0.0002300000000000635,6.578666216101861e-05,0.0
blend158_rankraw,w16e_aonly,-1.801054018146786e-05,-4.0000000000040004e-05,1.7633740395907356e-05,0.158
blend158_rankraw,w16h_h3av6,-1.2309089035489329e-05,-9.99999999995449e-06,1.4445956675387252e-05,0.18
blend158_rankraw,w16i_schemeavg,-1.9246334719502656e-05,-2.999999999997449e-05,1.7222223338124482e-05,0.12
blend158_rankraw,w16l_maskw_h3,-9.32029151601288e-06,-9.99999999995449e-06,1.514775728112753e-05,0.254
blend158_rankraw,w16n_finegrid,-1.927655278455287e-05,-2.999999999997449e-05,1.719728222979073e-05,0.12
blend158_rankraw,w16q_ens4avg,-1.5097199022595653e-05,-4.0000000000040004e-05,2.0046497895811417e-05,0.222
blend158_rankraw,w16t_cellens4,-1.4952740940987752e-05,-4.0000000000040004e-05,2.1534274219663606e-05,0.24
blend158_rescale,blend159,-1.6004913161227208e-05,-1.0000000000065512e-05,1.3598552992410694e-05,0.144
blend158_rescale,blend159_h3,-1.956350007970009e-05,0.0,1.4356373413978913e-05,0.1
blend158_rescale,blend159av,-1.7503703816035276e-05,-1.0000000000065512e-05,1.3661591932443482e-05,0.114
blend158_rescale,blend159av_h3,-2.179910915600658e-05,0.0,1.4550386850950331e-05,0.074
blend158_rescale,blend159av_w,-2.0805419421066063e-05,0.0,1.5843103499390445e-05,0.118
blend158_rescale,blend159av_wh3,-2.1883912565523467e-05,0.0,1.584479786982391e-05,0.098
blend158_rescale,blend160orig,-1.4934605027550063e-05,-1.0000000000065512e-05,1.3867314275236877e-05,0.162
blend158_rescale,blend160orig_h3,-1.895811374930112e-05,0.0,1.4671448768827611e-05,0.116
blend158_rescale,blend160origm,-1.6871433302867445e-05,-1.0000000000065512e-05,1.3898461395774846e-05,0.13
blend158_rescale,blend160origm_h3,-2.1281971754216755e-05,0.0,1.4565303785423656e-05,0.086
blend158_rescale,blendtop3,-2.2087396093439793e-05,0.0,1.4074554271473927e-05,0.066
blend158_rescale,stack_pub149_hybrid,9.062892464828387e-06,5.999999999994898e-05,2.55977385412243e-05,0.364
blend158_rescale,stack_pub151_fixed_rankraw,2.871086611788698e-06,2.0000000000020002e-05,2.905496629160744e-05,0.448
blend158_rescale,stack_pub151_hybrid,3.0784571317665765e-06,5.999999999994898e-05,2.442736936294879e-05,0.432
blend158_rescale,stack_pub151_rankraw,4.307172878692533e-06,2.999999999997449e-05,2.7915974710001838e-05,0.414
blend158_rescale,stack_pub86_hybrid,0.00034957263404522543,0.00024999999999997247,6.1964293407032e-05,0.0
blend158_rescale,stack_pub88_mine_logit,0.0003674264919102388,0.00024000000000001798,6.216251607902511e-05,0.0
blend158_rescale,w16e_aonly,-2.7057453353740435e-05,-3.0000000000085514e-05,1.6021153804549478e-05,0.052
blend158_rescale,w16h_h3av6,-2.1356002207761904e-05,0.0,1.4034831083612431e-05,0.072
blend158_rescale,w16i_schemeavg,-2.829324789177523e-05,-2.0000000000020002e-05,1.55335734659023e-05,0.044
blend158_rescale,w16l_maskw_h3,-1.8367204688285454e-05,0.0,1.6025151238190265e-05,0.15
blend158_rescale,w16n_finegrid,-2.8323465956825444e-05,-2.0000000000020002e-05,1.5497144501427487e-05,0.038
blend158_rescale,w16q_ens4avg,-2.4144112194868228e-05,-3.0000000000085514e-05,1.477497296705545e-05,0.052
blend158_rescale,w16t_cellens4,-2.3999654113260327e-05,-3.0000000000085514e-05,1.5627787289733323e-05,0.062
blend159,blend159_h3,-3.5585869184728836e-06,1.0000000000065512e-05,7.5038893046594215e-06,0.32
blend159,blend159av,-1.4987906548080687e-06,0.0,3.7819368145977233e-06,0.32
blend159,blend159av_h3,-5.794195994779372e-06,1.0000000000065512e-05,8.650013757657879e-06,0.256
blend159,blend159av_w,-4.800506259838855e-06,1.0000000000065512e-05,8.351596067208616e-06,0.296
blend159,blend159av_wh3,-5.878999404296259e-06,1.0000000000065512e-05,9.412115294016551e-06,0.276
blend159,blend160orig,1.0703081336771447e-06,0.0,4.319128649098877e-06,0.396
blend159,blend160orig_h3,-2.953200588073912e-06,1.0000000000065512e-05,8.850936528972115e-06,0.362
blend159,blend160origm,-8.665201416402368e-07,0.0,4.03938549959456e-06,0.39
blend159,blend160origm_h3,-5.2770585929895475e-06,1.0000000000065512e-05,8.6835510649204e-06,0.264
blend159,blendtop3,-6.082482932212585e-06,1.0000000000065512e-05,7.910274920852804e-06,0.226
blend159,stack_pub149_hybrid,2.5067805626055595e-05,7.00000000000145e-05,2.0766270463495164e-05,0.102
blend159,stack_pub151_fixed_rankraw,1.8875999773015906e-05,3.0000000000085514e-05,2.279021623527361e-05,0.194
blend159,stack_pub151_hybrid,1.9083370292993784e-05,7.00000000000145e-05,1.9063051322046734e-05,0.15
blend159,stack_pub151_rankraw,2.031208603991974e-05,4.0000000000040004e-05,2.1533766592440262e-05,0.158
blend159,stack_pub86_hybrid,0.00036557754720645264,0.000260000000000038,5.9069341942198196e-05,0.0
blend159,stack_pub88_mine_logit,0.000383431405071466,0.0002500000000000835,6.030385265004521e-05,0.0
blend159,w16e_aonly,-1.1052540192513227e-05,-2.0000000000020002e-05,1.216470610948403e-05,0.18
blend159,w16h_h3av6,-5.351089046534696e-06,1.0000000000065512e-05,7.67635963200465e-06,0.246
blend159,w16i_schemeavg,-1.2288334730548023e-05,-9.99999999995449e-06,1.1444461814367567e-05,0.15
blend159,w16l_maskw_h3,-2.3622915270582467e-06,1.0000000000065512e-05,1.0327126770160632e-05,0.414
blend159,w16n_finegrid,-1.2318552795598237e-05,-9.99999999995449e-06,1.141309150186074e-05,0.146
blend159,w16q_ens4avg,-8.13919903364102e-06,-2.0000000000020002e-05,8.495623728124609e-06,0.158
blend159,w16t_cellens4,-7.99474095203312e-06,-2.0000000000020002e-05,1.0785927747399682e-05,0.226
blend159_h3,blend159av,2.059796263664815e-06,-1.0000000000065512e-05,8.347116441293888e-06,0.402
blend159_h3,blend159av_h3,-2.2356090763064884e-06,0.0,4.685830103325491e-06,0.298
blend159_h3,blend159av_w,-1.2419193413659713e-06,0.0,5.673050501640357e-06,0.42
blend159_h3,blend159av_wh3,-2.3204124858233754e-06,0.0,5.27061627349171e-06,0.314
blend159_h3,blend160orig,4.628895052150028e-06,-1.0000000000065512e-05,8.734815374164142e-06,0.274
blend159_h3,blend160orig_h3,6.053863303989715e-07,0.0,5.3637348492844215e-06,0.456
blend159_h3,blend160origm,2.6920667768326467e-06,-1.0000000000065512e-05,8.487835894471535e-06,0.384
blend159_h3,blend160origm_h3,-1.718471674516664e-06,0.0,4.7912169019067905e-06,0.342
blend159_h3,blendtop3,-2.5238960137397015e-06,0.0,3.436245163053278e-06,0.21
blend159_h3,stack_pub149_hybrid,2.862639254452848e-05,5.999999999994898e-05,1.8902960912469687e-05,0.052
blend159_h3,stack_pub151_fixed_rankraw,2.243458669148879e-05,2.0000000000020002e-05,2.0048118791132647e-05,0.124
blend159_h3,stack_pub151_hybrid,2.2641957211466668e-05,5.999999999994898e-05,1.716863595507046e-05,0.09
blend159_h3,stack_pub151_rankraw,2.3870672958392625e-05,2.999999999997449e-05,1.872663177573319e-05,0.082
blend159_h3,stack_pub86_hybrid,0.0003691361341249255,0.00024999999999997247,6.0235329952340415e-05,0.0
blend159_h3,stack_pub88_mine_logit,0.0003869899919899389,0.00024000000000001798,6.303309110713589e-05,0.0
blend159_h3,w16e_aonly,-7.493953274040344e-06,-3.0000000000085514e-05,9.88014144502895e-06,0.21
blend159_h3,w16h_h3av6,-1.7925021280618125e-06,0.0,2.848774339435131e-06,0.25
blend159_h3,w16i_schemeavg,-8.72974781207514e-06,-2.0000000000020002e-05,9.052684612172825e-06,0.162
blend159_h3,w16l_maskw_h3,1.1962953914146368e-06,0.0,6.740991495709982e-06,0.404
blend159_h3,w16n_finegrid,-8.759965877125353e-06,-2.0000000000020002e-05,8.995882955155712e-06,0.162
blend159_h3,w16q_ens4avg,-4.580612115168137e-06,-3.0000000000085514e-05,1.138235286465695e-05,0.336
blend159_h3,w16t_cellens4,-4.436154033560236e-06,-3.0000000000085514e-05,1.3065830319488303e-05,0.372
blend159av,blend159av_h3,-4.295405339971303e-06,1.0000000000065512e-05,7.443882782067568e-06,0.288
blend159av,blend159av_w,-3.301715605030786e-06,1.0000000000065512e-05,7.0316102782313975e-06,0.32
blend159av,blend159av_wh3,-4.38020874948819e-06,1.0000000000065512e-05,8.253999463090026e-06,0.298
blend159av,blend160orig,2.5690987884852134e-06,0.0,4.159617589453154e-06,0.252
blend159av,blend160orig_h3,-1.4544099332658433e-06,1.0000000000065512e-05,8.657848242167321e-06,0.426
blend159av,blend160origm,6.322705131678319e-07,0.0,4.076684297850109e-06,0.434
blend159av,blend160origm_h3,-3.7782679381814788e-06,1.0000000000065512e-05,8.644176514432766e-06,0.334
blend159av,blendtop3,-4.583692277404516e-06,1.0000000000065512e-05,7.487578599772064e-06,0.284
blend159av,stack_pub149_hybrid,2.6566596280863664e-05,7.00000000000145e-05,2.0927298492403217e-05,0.088
blend159av,stack_pub151_fixed_rankraw,2.0374790427823974e-05,3.0000000000085514e-05,2.2732888355809448e-05,0.16
blend159av,stack_pub151_hybrid,2.0582160947801853e-05,7.00000000000145e-05,1.9247334145992845e-05,0.144
blend159av,stack_pub151_rankraw,2.181087669472781e-05,4.0000000000040004e-05,2.1695552193084184e-05,0.138
blend159av,stack_pub86_hybrid,0.0003670763378612607,0.000260000000000038,5.911537685398941e-05,0.0
blend159av,stack_pub88_mine_logit,0.00038493019572627407,0.0002500000000000835,6.038375096277066e-05,0.0
blend159av,w16e_aonly,-9.553749537705158e-06,-2.0000000000020002e-05,1.1337248639685728e-05,0.198
blend159av,w16h_h3av6,-3.852298391726627e-06,1.0000000000065512e-05,7.660099184306895e-06,0.316
blend159av,w16i_schemeavg,-1.0789544075739954e-05,-9.99999999995449e-06,1.0570114341014742e-05,0.144
blend159av,w16l_maskw_h3,-8.63500872250178e-07,1.0000000000065512e-05,1.0215098592360006e-05,0.476
blend159av,w16n_finegrid,-1.0819762140790168e-05,-9.99999999995449e-06,1.052909454150439e-05,0.148
blend159av,w16q_ens4avg,-6.6404083788329515e-06,-2.0000000000020002e-05,7.659437041017758e-06,0.184
blend159av,w16t_cellens4,-6.4959502972250505e-06,-2.0000000000020002e-05,9.999177737717048e-06,0.234
blend159av_h3,blend159av_w,9.936897349405172e-07,0.0,3.016589450354034e-06,0.352
blend159av_h3,blend159av_wh3,-8.480340951688703e-08,0.0,2.1412308929923357e-06,0.494
blend159av_h3,blend160orig,6.864504128456517e-06,-1.0000000000065512e-05,8.849277867733257e-06,0.212
blend159av_h3,blend160orig_h3,2.84099540670546e-06,0.0,5.368963349447356e-06,0.268
blend159av_h3,blend160origm,4.927675853139135e-06,-1.0000000000065512e-05,8.7823834023352e-06,0.308
blend159av_h3,blend160origm_h3,5.171374017898245e-07,0.0,5.271585680591615e-06,0.476
blend159av_h3,blendtop3,-2.882869374332131e-07,0.0,2.681536993406892e-06,0.464
blend159av_h3,stack_pub149_hybrid,3.086200162083497e-05,5.999999999994898e-05,1.9096963979712262e-05,0.05
blend159av_h3,stack_pub151_fixed_rankraw,2.4670195767795278e-05,2.0000000000020002e-05,1.9827321978042652e-05,0.09
blend159av_h3,stack_pub151_hybrid,2.4877566287773156e-05,5.999999999994898e-05,1.7381370997247072e-05,0.068
blend159av_h3,stack_pub151_rankraw,2.6106282034699113e-05,2.999999999997449e-05,1.8880596233709135e-05,0.066
blend159av_h3,stack_pub86_hybrid,0.000371371743201232,0.00024999999999997247,6.0087142628504956e-05,0.0
blend159av_h3,stack_pub88_mine_logit,0.0003892256010662454,0.00024000000000001798,6.294681717995997e-05,0.0
blend159av_h3,w16e_aonly,-5.258344197733855e-06,-3.0000000000085514e-05,8.647746690091658e-06,0.28
blend159av_h3,w16h_h3av6,4.431069482446759e-07,0.0,3.35930597404663e-06,0.41
blend159av_h3,w16i_schemeavg,-6.494138735768651e-06,-2.0000000000020002e-05,7.711825410161242e-06,0.188
blend159av_h3,w16l_maskw_h3,3.4319044677211252e-06,0.0,6.91023990263688e-06,0.304
blend159av_h3,w16n_finegrid,-6.524356800818865e-06,-2.0000000000020002e-05,7.635989369845502e-06,0.186
blend159av_h3,w16q_ens4avg,-2.3450030388616483e-06,-3.0000000000085514e-05,1.0733868128386044e-05,0.408
blend159av_h3,w16t_cellens4,-2.2005449572537472e-06,-3.0000000000085514e-05,1.2356652506453422e-05,0.442
blend159av_w,blend159av_wh3,-1.0784931444574042e-06,0.0,2.203578608693211e-06,0.316
blend159av_w,blend160orig,5.8708143935159995e-06,-1.0000000000065512e-05,8.65514790083499e-06,0.248
blend159av_w,blend160orig_h3,1.8473056717649428e-06,0.0,6.413886628990297e-06,0.376
blend159av_w,blend160origm,3.933986118198618e-06,-1.0000000000065512e-05,8.566428313103379e-06,0.348
blend159av_w,blend160origm_h3,-4.765523331506927e-07,0.0,6.314651073252109e-06,0.462
blend159av_w,blendtop3,-1.2819766723737303e-06,0.0,4.184783466258529e-06,0.374
blend159av_w,stack_pub149_hybrid,2.986831188589445e-05,5.999999999994898e-05,1.981150633463402e-05,0.064
blend159av_w,stack_pub151_fixed_rankraw,2.367650603285476e-05,2.0000000000020002e-05,1.873493007674585e-05,0.096
blend159av_w,stack_pub151_hybrid,2.388387655283264e-05,5.999999999994898e-05,1.807756975806031e-05,0.08
blend159av_w,stack_pub151_rankraw,2.5112592299758596e-05,2.999999999997449e-05,1.7876215828677314e-05,0.07
blend159av_w,stack_pub86_hybrid,0.0003703780534662915,0.00024999999999997247,6.004728598931396e-05,0.0
blend159av_w,stack_pub88_mine_logit,0.00038823191133130486,0.00024000000000001798,6.264865011381673e-05,0.0
blend159av_w,w16e_aonly,-6.252033932674372e-06,-3.0000000000085514e-05,9.467905848273496e-06,0.232
blend159av_w,w16h_h3av6,-5.505827866958413e-07,0.0,4.701837829886178e-06,0.444
blend159av_w,w16i_schemeavg,-7.487828470709168e-06,-2.0000000000020002e-05,8.551202265085918e-06,0.17
blend159av_w,w16l_maskw_h3,2.438214732780608e-06,0.0,7.67180354565177e-06,0.364
blend159av_w,w16n_finegrid,-7.518046535759382e-06,-2.0000000000020002e-05,8.482890861329629e-06,0.168
blend159av_w,w16q_ens4avg,-3.3386927738021654e-06,-3.0000000000085514e-05,1.0694508485835545e-05,0.37
blend159av_w,w16t_cellens4,-3.1942346921942644e-06,-3.0000000000085514e-05,1.2456306125790536e-05,0.394
blend159av_wh3,blend160orig,6.949307537973404e-06,-1.0000000000065512e-05,9.702867945129316e-06,0.22
blend159av_wh3,blend160orig_h3,2.925798816222347e-06,0.0,6.109979096312746e-06,0.298
blend159av_wh3,blend160origm,5.012479262656022e-06,-1.0000000000065512e-05,9.575698363068796e-06,0.312
blend159av_wh3,blend160origm_h3,6.019408113067115e-07,0.0,5.930512651398431e-06,0.47
blend159av_wh3,blendtop3,-2.0348352791632607e-07,0.0,3.6465963459545605e-06,0.45
blend159av_wh3,stack_pub149_hybrid,3.0946805030351854e-05,5.999999999994898e-05,1.9629144001414035e-05,0.052
blend159av_wh3,stack_pub151_fixed_rankraw,2.4754999177312165e-05,2.0000000000020002e-05,1.84973788870347e-05,0.078
blend159av_wh3,stack_pub151_hybrid,2.4962369697290043e-05,5.999999999994898e-05,1.791912664477326e-05,0.074
blend159av_wh3,stack_pub151_rankraw,2.6191085444216e-05,2.999999999997449e-05,1.7658163193039163e-05,0.062
blend159av_wh3,stack_pub86_hybrid,0.0003714565466107489,0.00024999999999997247,6.026617639532443e-05,0.0
blend159av_wh3,stack_pub88_mine_logit,0.00038931040447576226,0.00024000000000001798,6.315088863643878e-05,0.0
blend159av_wh3,w16e_aonly,-5.173540788216968e-06,-3.0000000000085514e-05,9.137625661181076e-06,0.28
blend159av_wh3,w16h_h3av6,5.279103577615629e-07,0.0,4.239104317177354e-06,0.446
blend159av_wh3,w16i_schemeavg,-6.409335326251764e-06,-2.0000000000020002e-05,8.243652957892446e-06,0.196
blend159av_wh3,w16l_maskw_h3,3.5167078772380123e-06,0.0,7.15193618089215e-06,0.308
blend159av_wh3,w16n_finegrid,-6.4395533913019776e-06,-2.0000000000020002e-05,8.174460202820304e-06,0.194
blend159av_wh3,w16q_ens4avg,-2.2601996293447613e-06,-3.0000000000085514e-05,1.1485357185196806e-05,0.406
blend159av_wh3,w16t_cellens4,-2.11574154773686e-06,-3.0000000000085514e-05,1.3095321788788032e-05,0.432
blend160orig,blend160orig_h3,-4.023508721751057e-06,1.0000000000065512e-05,7.405861321182392e-06,0.296
blend160orig,blend160origm,-1.9368282753173816e-06,0.0,3.8087851792770187e-06,0.274
blend160orig,blend160origm_h3,-6.347366726666692e-06,1.0000000000065512e-05,8.555135550588835e-06,0.208
blend160orig,blendtop3,-7.15279106588973e-06,1.0000000000065512e-05,8.091856032666477e-06,0.174
blend160orig,stack_pub149_hybrid,2.399749749237845e-05,7.00000000000145e-05,2.076570200325236e-05,0.114
blend160orig,stack_pub151_fixed_rankraw,1.780569163933876e-05,3.0000000000085514e-05,2.3335671176014336e-05,0.202
blend160orig,stack_pub151_hybrid,1.801306215931664e-05,7.00000000000145e-05,1.9061523372138443e-05,0.174
blend160orig,stack_pub151_rankraw,1.9241777906242596e-05,4.0000000000040004e-05,2.185380961161266e-05,0.178
blend160orig,stack_pub86_hybrid,0.0003645072390727755,0.000260000000000038,5.894430350025932e-05,0.0
blend160orig,stack_pub88_mine_logit,0.00038236109693778886,0.0002500000000000835,6.020596073888974e-05,0.0
blend160orig,w16e_aonly,-1.2122848326190372e-05,-2.0000000000020002e-05,1.2241616433365878e-05,0.16
blend160orig,w16h_h3av6,-6.421397180211841e-06,1.0000000000065512e-05,7.854110055143116e-06,0.202
blend160orig,w16i_schemeavg,-1.3358642864225168e-05,-9.99999999995449e-06,1.1468003620394153e-05,0.118
blend160orig,w16l_maskw_h3,-3.4325996607353915e-06,1.0000000000065512e-05,1.0439884107530962e-05,0.384
blend160orig,w16n_finegrid,-1.3388860929275381e-05,-9.99999999995449e-06,1.1436668741731037e-05,0.118
blend160orig,w16q_ens4avg,-9.209507167318165e-06,-2.0000000000020002e-05,8.510562610456397e-06,0.126
blend160orig,w16t_cellens4,-9.065049085710264e-06,-2.0000000000020002e-05,1.0774852774760345e-05,0.186
blend160orig_h3,blend160origm,2.0866804464336752e-06,-1.0000000000065512e-05,8.532629784023633e-06,0.42
blend160orig_h3,blend160origm_h3,-2.3238580049156354e-06,0.0,4.907327808753873e-06,0.282
blend160orig_h3,blendtop3,-3.129282344138673e-06,0.0,4.2276754504502165e-06,0.2
blend160orig_h3,stack_pub149_hybrid,2.8021006214129507e-05,5.999999999994898e-05,1.8869401762268096e-05,0.064
blend160orig_h3,stack_pub151_fixed_rankraw,2.1829200361089818e-05,2.0000000000020002e-05,2.065996531087066e-05,0.128
blend160orig_h3,stack_pub151_hybrid,2.2036570881067696e-05,5.999999999994898e-05,1.7153101761591046e-05,0.084
blend160orig_h3,stack_pub151_rankraw,2.3265286627993653e-05,2.999999999997449e-05,1.9121186339675476e-05,0.098
blend160orig_h3,stack_pub86_hybrid,0.00036853074779452655,0.00024999999999997247,5.983083970903808e-05,0.0
blend160orig_h3,stack_pub88_mine_logit,0.0003863846056595399,0.00024000000000001798,6.265948992663501e-05,0.0
blend160orig_h3,w16e_aonly,-8.099339604439315e-06,-3.0000000000085514e-05,1.0098743304208838e-05,0.192
blend160orig_h3,w16h_h3av6,-2.397888458460784e-06,0.0,3.6487840171600867e-06,0.244
blend160orig_h3,w16i_schemeavg,-9.33513414247411e-06,-2.0000000000020002e-05,9.200629522445503e-06,0.14
blend160orig_h3,w16l_maskw_h3,5.909090610156653e-07,0.0,7.218484065869155e-06,0.438
blend160orig_h3,w16n_finegrid,-9.365352207524325e-06,-2.0000000000020002e-05,9.145483134126941e-06,0.138
blend160orig_h3,w16q_ens4avg,-5.185998445567108e-06,-3.0000000000085514e-05,1.1445536845471926e-05,0.33
blend160orig_h3,w16t_cellens4,-5.041540363959207e-06,-3.0000000000085514e-05,1.3117016751886452e-05,0.358
blend160origm,blend160origm_h3,-4.410538451349311e-06,1.0000000000065512e-05,7.453825285527663e-06,0.268
blend160origm,blendtop3,-5.215962790572348e-06,1.0000000000065512e-05,7.696223347374983e-06,0.266
blend160origm,stack_pub149_hybrid,2.593432576769583e-05,7.00000000000145e-05,2.0610647599200635e-05,0.098
blend160origm,stack_pub151_fixed_rankraw,1.9742519914656143e-05,3.0000000000085514e-05,2.2914579061057196e-05,0.176
blend160origm,stack_pub151_hybrid,1.994989043463402e-05,7.00000000000145e-05,1.901699088677424e-05,0.13
blend160origm,stack_pub151_rankraw,2.1178606181559978e-05,4.0000000000040004e-05,2.1559859171283043e-05,0.144
blend160origm,stack_pub86_hybrid,0.00036644406734809287,0.000260000000000038,5.8680171851316645e-05,0.0
blend160origm,stack_pub88_mine_logit,0.00038429792521310624,0.0002500000000000835,5.9787681414922116e-05,0.0
blend160origm,w16e_aonly,-1.018602005087299e-05,-2.0000000000020002e-05,1.215992971397044e-05,0.186
blend160origm,w16h_h3av6,-4.484568904894459e-06,1.0000000000065512e-05,7.770376043314292e-06,0.296
blend160origm,w16i_schemeavg,-1.1421814588907786e-05,-9.99999999995449e-06,1.1452803968374501e-05,0.162
blend160origm,w16l_maskw_h3,-1.49577138541801e-06,1.0000000000065512e-05,9.865104362962856e-06,0.448
blend160origm,w16n_finegrid,-1.1452032653958e-05,-9.99999999995449e-06,1.1424823763840979e-05,0.158
blend160origm,w16q_ens4avg,-7.2726788920007834e-06,-2.0000000000020002e-05,8.52960387096735e-06,0.192
blend160origm,w16t_cellens4,-7.128220810392882e-06,-2.0000000000020002e-05,1.0754172585397529e-05,0.246
blend160origm_h3,blendtop3,-8.054243392230376e-07,0.0,3.129140732810787e-06,0.394
blend160origm_h3,stack_pub149_hybrid,3.0344864219045142e-05,5.999999999994898e-05,1.8698625362173642e-05,0.05
blend160origm_h3,stack_pub151_fixed_rankraw,2.4153058366005453e-05,2.0000000000020002e-05,2.012373027421878e-05,0.1
blend160origm_h3,stack_pub151_hybrid,2.4360428885983332e-05,5.999999999994898e-05,1.7110555161253367e-05,0.07
blend160origm_h3,stack_pub151_rankraw,2.558914463290929e-05,2.999999999997449e-05,1.87784681362425e-05,0.072
blend160origm_h3,stack_pub86_hybrid,0.0003708546057994422,0.00024999999999997247,5.971794385052414e-05,0.0
blend160origm_h3,stack_pub88_mine_logit,0.00038870846366445555,0.00024000000000001798,6.233659041408155e-05,0.0
blend160origm_h3,w16e_aonly,-5.77548159952368e-06,-3.0000000000085514e-05,9.933056790317674e-06,0.278
blend160origm_h3,w16h_h3av6,-7.403045354514859e-08,0.0,3.427925288463758e-06,0.526
blend160origm_h3,w16i_schemeavg,-7.011276137558475e-06,-2.0000000000020002e-05,9.136340918639426e-06,0.218
blend160origm_h3,w16l_maskw_h3,2.9147670659313007e-06,0.0,6.073143597903935e-06,0.286
blend160origm_h3,w16n_finegrid,-7.041494202608689e-06,-2.0000000000020002e-05,9.082341612856764e-06,0.212
blend160origm_h3,w16q_ens4avg,-2.8621404406514728e-06,-3.0000000000085514e-05,1.1432541600400624e-05,0.394
blend160origm_h3,w16t_cellens4,-2.7176823590435717e-06,-3.0000000000085514e-05,1.3027580650735988e-05,0.416
blendtop3,stack_pub149_hybrid,3.115028855826818e-05,5.999999999994898e-05,1.8654369285830578e-05,0.048
blendtop3,stack_pub151_fixed_rankraw,2.495848270522849e-05,2.0000000000020002e-05,1.9843686419134877e-05,0.082
blendtop3,stack_pub151_hybrid,2.516585322520637e-05,5.999999999994898e-05,1.6914928203320602e-05,0.062
blendtop3,stack_pub151_rankraw,2.6394568972132326e-05,2.999999999997449e-05,1.853524505573144e-05,0.064
blendtop3,stack_pub86_hybrid,0.0003716600301386652,0.00024999999999997247,5.993379833753621e-05,0.0
blendtop3,stack_pub88_mine_logit,0.0003895138880036786,0.00024000000000001798,6.270213898248348e-05,0.0
blendtop3,w16e_aonly,-4.970057260300642e-06,-3.0000000000085514e-05,8.882314721220226e-06,0.292
blendtop3,w16h_h3av6,7.31393885677889e-07,0.0,1.3887803308136314e-06,0.268
blendtop3,w16i_schemeavg,-6.205851798335438e-06,-2.0000000000020002e-05,7.98671102427432e-06,0.204
blendtop3,w16l_maskw_h3,3.7201914051543383e-06,0.0,6.001417265154822e-06,0.252
blendtop3,w16n_finegrid,-6.2360698633856515e-06,-2.0000000000020002e-05,7.920198828834064e-06,0.204
blendtop3,w16q_ens4avg,-2.056716101428435e-06,-3.0000000000085514e-05,1.0632031724788372e-05,0.414
blendtop3,w16t_cellens4,-1.912258019820534e-06,-3.0000000000085514e-05,1.2336734262253487e-05,0.456
stack_pub149_hybrid,stack_pub151_fixed_rankraw,-6.191805853039689e-06,-3.999999999992898e-05,2.413615069463526e-05,0.414
stack_pub149_hybrid,stack_pub151_hybrid,-5.9844353330618105e-06,0.0,6.5760031456312124e-06,0.19
stack_pub149_hybrid,stack_pub151_rankraw,-4.755719586135854e-06,-2.999999999997449e-05,2.292326208342233e-05,0.424
stack_pub149_hybrid,stack_pub86_hybrid,0.00034050974158039704,0.00019000000000002348,5.9822131597164024e-05,0.0
stack_pub149_hybrid,stack_pub88_mine_logit,0.0003583635994454104,0.000180000000000069,6.417536682865979e-05,0.0
stack_pub149_hybrid,w16e_aonly,-3.612034581856882e-05,-9.00000000000345e-05,2.0644668174781188e-05,0.038
stack_pub149_hybrid,w16h_h3av6,-3.041889467259029e-05,-5.999999999994898e-05,1.8502295454377936e-05,0.048
stack_pub149_hybrid,w16i_schemeavg,-3.735614035660362e-05,-7.999999999996898e-05,2.0355616788306312e-05,0.032
stack_pub149_hybrid,w16l_maskw_h3,-2.743009715311384e-05,-5.999999999994898e-05,1.944860722707787e-05,0.08
stack_pub149_hybrid,w16n_finegrid,-3.738635842165383e-05,-7.999999999996898e-05,2.0313173172474133e-05,0.032
stack_pub149_hybrid,w16q_ens4avg,-3.3207004659696615e-05,-9.00000000000345e-05,2.2016654330153917e-05,0.064
stack_pub149_hybrid,w16t_cellens4,-3.3062546578088714e-05,-9.00000000000345e-05,2.2724632671099434e-05,0.068
stack_pub151_fixed_rankraw,stack_pub151_hybrid,2.073705199778786e-07,3.999999999992898e-05,2.2873861587781944e-05,0.482
stack_pub151_fixed_rankraw,stack_pub151_rankraw,1.4360862669038355e-06,9.99999999995449e-06,8.735586548028753e-06,0.402
stack_pub151_fixed_rankraw,stack_pub86_hybrid,0.00034670154743343673,0.00022999999999995246,6.260082475194198e-05,0.0
stack_pub151_fixed_rankraw,stack_pub88_mine_logit,0.0003645554052984501,0.00021999999999999797,6.531003935414053e-05,0.0
stack_pub151_fixed_rankraw,w16e_aonly,-2.9928539965529133e-05,-5.0000000000105516e-05,2.236896361152611e-05,0.074
stack_pub151_fixed_rankraw,w16h_h3av6,-2.4227088819550602e-05,-2.0000000000020002e-05,1.985213502928561e-05,0.092
stack_pub151_fixed_rankraw,w16i_schemeavg,-3.116433450356393e-05,-4.0000000000040004e-05,2.204343592739266e-05,0.07
stack_pub151_fixed_rankraw,w16l_maskw_h3,-2.1238291300074152e-05,-2.0000000000020002e-05,2.0225383096607436e-05,0.134
stack_pub151_fixed_rankraw,w16n_finegrid,-3.119455256861414e-05,-4.0000000000040004e-05,2.201485937576751e-05,0.07
stack_pub151_fixed_rankraw,w16q_ens4avg,-2.7015198806656926e-05,-5.0000000000105516e-05,2.4670742684054575e-05,0.112
stack_pub151_fixed_rankraw,w16t_cellens4,-2.6870740725049025e-05,-5.0000000000105516e-05,2.5621366139612756e-05,0.114
stack_pub151_hybrid,stack_pub151_rankraw,1.2287157469259569e-06,-2.999999999997449e-05,2.1267045058621956e-05,0.474
stack_pub151_hybrid,stack_pub86_hybrid,0.00034649417691345885,0.00019000000000002348,6.0135808773893004e-05,0.0
stack_pub151_hybrid,stack_pub88_mine_logit,0.0003643480347784722,0.000180000000000069,6.439309667609196e-05,0.0
stack_pub151_hybrid,w16e_aonly,-3.013591048550701e-05,-9.00000000000345e-05,1.8839177284412127e-05,0.042
stack_pub151_hybrid,w16h_h3av6,-2.443445933952848e-05,-5.999999999994898e-05,1.6732666635003945e-05,0.068
stack_pub151_hybrid,w16i_schemeavg,-3.137170502354181e-05,-7.999999999996898e-05,1.8510081411122585e-05,0.044
stack_pub151_hybrid,w16l_maskw_h3,-2.144566182005203e-05,-5.999999999994898e-05,1.7814320113911946e-05,0.108
stack_pub151_hybrid,w16n_finegrid,-3.140192308859202e-05,-7.999999999996898e-05,1.846953363096608e-05,0.04
stack_pub151_hybrid,w16q_ens4avg,-2.7222569326634805e-05,-9.00000000000345e-05,2.0211432999983904e-05,0.084
stack_pub151_hybrid,w16t_cellens4,-2.7078111245026903e-05,-9.00000000000345e-05,2.0998091785350666e-05,0.082
stack_pub151_rankraw,stack_pub86_hybrid,0.0003452654611665329,0.00021999999999999797,6.225630439035279e-05,0.0
stack_pub151_rankraw,stack_pub88_mine_logit,0.00036311931903154626,0.00021000000000004349,6.525585720433585e-05,0.0
stack_pub151_rankraw,w16e_aonly,-3.136462623243297e-05,-6.0000000000060005e-05,2.1050320890041684e-05,0.064
stack_pub151_rankraw,w16h_h3av6,-2.5663175086454437e-05,-2.999999999997449e-05,1.844748307189929e-05,0.064
stack_pub151_rankraw,w16i_schemeavg,-3.2600420770467764e-05,-4.999999999999449e-05,2.0751255177908187e-05,0.05
stack_pub151_rankraw,w16l_maskw_h3,-2.2674377566977988e-05,-2.999999999997449e-05,1.871221720721818e-05,0.106
stack_pub151_rankraw,w16n_finegrid,-3.263063883551798e-05,-4.999999999999449e-05,2.0712042951384563e-05,0.05
stack_pub151_rankraw,w16q_ens4avg,-2.845128507356076e-05,-6.0000000000060005e-05,2.332926032053213e-05,0.092
stack_pub151_rankraw,w16t_cellens4,-2.830682699195286e-05,-6.0000000000060005e-05,2.442809650008176e-05,0.108
stack_pub86_hybrid,stack_pub88_mine_logit,1.7853857865013367e-05,-9.99999999995449e-06,2.5309737350146656e-05,0.244
stack_pub86_hybrid,w16e_aonly,-0.00037663008739896586,-0.000280000000000058,6.137982371078602e-05,0.0
stack_pub86_hybrid,w16h_h3av6,-0.00037092863625298733,-0.00024999999999997247,5.992664863795168e-05,0.0
stack_pub86_hybrid,w16i_schemeavg,-0.00037786588193700066,-0.00026999999999999247,6.12505716072623e-05,0.0
stack_pub86_hybrid,w16l_maskw_h3,-0.0003679398387335109,-0.00024999999999997247,6.0241019282399924e-05,0.0
stack_pub86_hybrid,w16n_finegrid,-0.00037789610000205087,-0.00026999999999999247,6.126090532601974e-05,0.0
stack_pub86_hybrid,w16q_ens4avg,-0.00037371674624009366,-0.000280000000000058,6.031486190601363e-05,0.0
stack_pub86_hybrid,w16t_cellens4,-0.00037357228815848575,-0.000280000000000058,6.070247169609381e-05,0.0
stack_pub88_mine_logit,w16e_aonly,-0.00039448394526397923,-0.0002700000000001035,6.414042865323066e-05,0.0
stack_pub88_mine_logit,w16h_h3av6,-0.0003887824941180007,-0.00024000000000001798,6.271205790705376e-05,0.0
stack_pub88_mine_logit,w16i_schemeavg,-0.000395719739802014,-0.000260000000000038,6.401338519740902e-05,0.0
stack_pub88_mine_logit,w16l_maskw_h3,-0.00038579369659852425,-0.00024000000000001798,6.295266102776745e-05,0.0
stack_pub88_mine_logit,w16n_finegrid,-0.00039574995786706424,-0.000260000000000038,6.402296717402504e-05,0.0
stack_pub88_mine_logit,w16q_ens4avg,-0.000391570604105107,-0.0002700000000001035,6.15468755531479e-05,0.0
stack_pub88_mine_logit,w16t_cellens4,-0.0003914261460234991,-0.0002700000000001035,6.193576073238366e-05,0.0
w16e_aonly,w16h_h3av6,5.701451145978531e-06,3.0000000000085514e-05,9.13462411138686e-06,0.26
w16e_aonly,w16i_schemeavg,-1.2357945380347957e-06,1.0000000000065512e-05,3.1898342624036793e-06,0.358
w16e_aonly,w16l_maskw_h3,8.69024866545498e-06,3.0000000000085514e-05,1.0801356365240547e-05,0.192
w16e_aonly,w16n_finegrid,-1.2660126030850094e-06,1.0000000000065512e-05,3.2104446347185873e-06,0.356
w16e_aonly,w16q_ens4avg,2.913341158872207e-06,0.0,8.114662686393799e-06,0.344
w16e_aonly,w16t_cellens4,3.057799240480108e-06,0.0,8.93841348117001e-06,0.35
w16h_h3av6,w16i_schemeavg,-6.937245684013327e-06,-2.0000000000020002e-05,8.238580971104388e-06,0.202
w16h_h3av6,w16l_maskw_h3,2.9887975194764493e-06,0.0,6.101870813923813e-06,0.292
w16h_h3av6,w16n_finegrid,-6.9674637490635405e-06,-2.0000000000020002e-05,8.17242669802766e-06,0.196
w16h_h3av6,w16q_ens4avg,-2.788109987106324e-06,-3.0000000000085514e-05,1.0748284089147505e-05,0.382
w16h_h3av6,w16t_cellens4,-2.643651905498423e-06,-3.0000000000085514e-05,1.2446111422734241e-05,0.434
w16i_schemeavg,w16l_maskw_h3,9.926043203489776e-06,2.0000000000020002e-05,1.0128366493587233e-05,0.148
w16i_schemeavg,w16n_finegrid,-3.021806505021374e-08,0.0,4.0816252772352896e-07,0.478
w16i_schemeavg,w16q_ens4avg,4.1491356969070026e-06,-1.0000000000065512e-05,7.351468827997398e-06,0.302
w16i_schemeavg,w16t_cellens4,4.293593778514904e-06,-1.0000000000065512e-05,8.658128112514393e-06,0.304
w16l_maskw_h3,w16n_finegrid,-9.95626126853999e-06,-2.0000000000020002e-05,1.0077576126343688e-05,0.142
w16l_maskw_h3,w16q_ens4avg,-5.7769075065827735e-06,-3.0000000000085514e-05,1.2649095130600846e-05,0.316
w16l_maskw_h3,w16t_cellens4,-5.6324494249748724e-06,-3.0000000000085514e-05,1.4147883275810373e-05,0.346
w16n_finegrid,w16q_ens4avg,4.179353761957216e-06,-1.0000000000065512e-05,7.376325891432239e-06,0.3
w16n_finegrid,w16t_cellens4,4.323811843565117e-06,-1.0000000000065512e-05,8.668958700555843e-06,0.3
w16q_ens4avg,w16t_cellens4,1.4445808160790108e-07,0.0,5.024142021753245e-06,0.478
