a,b,dcv,dlb,sd,p_reverse,ga,gb,same,r,sd_pred,z
blend150fx,blend150fx_hybrid,1.7707030037561466e-05,4.999999999999449e-05,1.4932047593493488e-05,0.126,ens4,hybrid,False,3.229296996243303e-05,1.548007467685545e-05,2.0860991071777484
blend150fx,blend150fx_logit,8.210631393368306e-05,1.0000000000065512e-05,2.278013862861477e-05,0.0,ens4,logit,False,-7.210631393361755e-05,2.314306337988931e-05,-3.1156771577731566
blend150fx,blend150fx_rankraw,7.871534466796781e-06,2.000000000002e-05,1.8440220877380405e-05,0.336,ens4,rankraw,False,1.2128465533223217e-05,1.8886725832532297e-05,0.6421687719070921
blend150fx,blend150fx_rescale,1.9406487927087213e-05,2.000000000002e-05,1.395635998278336e-05,0.094,ens4,rescale,False,5.935120729327858e-07,1.4541205267642138e-05,0.04081587887721387
blend150fx,blend150sx,-1.1047278037912278e-06,0.0,6.991101079793999e-06,0.44,ens4,ens4,True,1.1047278037912278e-06,8.095811322811537e-06,0.136456713199138
blend150fx,blend150sx_hybrid,1.5851848893522202e-05,2.999999999997449e-05,1.597090860886748e-05,0.18,ens4,hybrid,False,1.4148151106452289e-05,1.6484434732785473e-05,0.858273355185992
blend150fx,blend150sx_logit,7.656016994117554e-05,0.0,2.3445610247560604e-05,0.0,ens4,logit,False,-7.656016994117554e-05,2.3798388738466843e-05,-3.2170316563249717
blend150fx,blend150sx_rankraw,1.0086511023965627e-05,2.000000000002e-05,1.995289183682325e-05,0.302,ens4,rankraw,False,9.913488976054371e-06,2.0366260317462178e-05,0.48676039790940284
blend150fx,blend153,-2.3852075274888307e-06,0.0,8.223954833628416e-06,0.366,ens4,ens4,True,2.3852075274888307e-06,9.181508578236305e-06,0.2597838369549299
blend150fx,blend156,-9.661311641040449e-06,-2.000000000002e-05,1.2196556488329963e-05,0.194,ens4,ens4,True,-1.033868835897955e-05,1.286167395169425e-05,-0.8038369187253148
blend150fx,blend156_h3,-1.4175078656197826e-05,-9.99999999995449e-06,1.3656221438195704e-05,0.148,ens4,h3,False,4.175078656243336e-06,1.425338733900481e-05,0.2929183468422353
blend150fx,blend156_rankraw,-4.135049156306359e-06,0.0,2.121471645273777e-05,0.418,ens4,rankraw,False,4.135049156306359e-06,2.1603954749923204e-05,0.19140241701909036
blend150fx,blend156_rescale,6.828551988968812e-06,-9.99999999995449e-06,1.7643341716900036e-05,0.368,ens4,rescale,False,-1.68285519889233e-05,1.8109505062424313e-05,-0.9292662571900498
blend150fx,blend156w,-1.4713929424980954e-05,-9.99999999995449e-06,1.3993283112153216e-05,0.14,ens4,w,False,4.713929425026464e-06,1.4576647039821574e-05,0.32338914512703776
blend150fx,blend156w2,-1.4522543271944244e-05,-9.99999999995449e-06,1.3957017299578704e-05,0.144,ens4,w2,False,4.522543271989754e-06,1.4541836148416949e-05,0.3110022163523061
blend150fx,blend158,-1.1283293557817764e-05,-2.000000000002e-05,1.2583147001675624e-05,0.156,ens4,ens4,True,-8.716706442202234e-06,1.3228841791042968e-05,-0.658916825817977
blend150fx,blend158_h3,-1.637556779499061e-05,-9.99999999995449e-06,1.3981890096538996e-05,0.1,ens4,h3,False,6.375567795036119e-06,1.4565710327284487e-05,0.4377107365023871
blend150fx,blend158_hybrid,3.610041356627569e-06,1.0000000000065512e-05,1.8805591196440964e-05,0.446,ens4,hybrid,False,6.389958643437943e-06,1.9243620421176587e-05,0.33205594911891584
blend150fx,blend158_logit,7.055349350337803e-05,-2.000000000002e-05,2.6439950427294848e-05,0.002,ens4,logit,False,-9.055349350339803e-05,2.67532735429606e-05,-3.3847631153618107
blend150fx,blend158_rankraw,-4.4765564238824496e-06,0.0,2.130970909813517e-05,0.416,ens4,rankraw,False,4.4765564238824496e-06,2.1697243339046815e-05,0.2063191325243767
blend150fx,blend158_rescale,4.570356748390125e-06,-9.99999999995449e-06,1.7980938088278993e-05,0.434,ens4,rescale,False,-1.4570356748344615e-05,1.8438568306709413e-05,-0.7902108507547608
blend150fx,blend159,-1.1434556412837082e-05,-2.000000000002e-05,1.2654548601973947e-05,0.166,ens4,ens4,True,-8.565443587182916e-06,1.3296776563753617e-05,-0.6441744392796604
blend150fx,blend159_h3,-1.4993143331309966e-05,-9.99999999995449e-06,1.439948478026956e-05,0.142,ens4,h3,False,4.993143331355476e-06,1.4967024707799523e-05,0.33360961372325926
blend150fx,blend159av,-1.2933347067645151e-05,-2.000000000002e-05,1.2756744509089027e-05,0.128,ens4,ens4,True,-7.066652932374847e-06,1.3394073209328061e-05,-0.5275955134733327
blend150fx,blend159av_h3,-1.7228752407616454e-05,-9.99999999995449e-06,1.4323633935156928e-05,0.114,ens4,h3,False,7.228752407661965e-06,1.4894064447794156e-05,0.48534450975418997
blend150fx,blend159av_w,-1.6235062672675937e-05,-9.99999999995449e-06,1.4256859419952064e-05,0.122,ens4,w,False,6.2350626727214475e-06,1.4829858636782165e-05,0.4204397914661682
blend150fx,blend159av_wh3,-1.731355581713334e-05,-9.99999999995449e-06,1.4816105575285309e-05,0.12,ens4,wh3,False,7.313555817178852e-06,1.536826766700356e-05,0.47588680621963797
blend150fx,blend160orig,-1.0364248279159938e-05,-2.000000000002e-05,1.298843569403723e-05,0.182,ens4,ens4,True,-9.63575172086006e-06,1.3614923005467459e-05,-0.7077345730850296
blend150fx,blend160orig_h3,-1.4387757000910996e-05,-9.99999999995449e-06,1.4587642372483524e-05,0.16,ens4,h3,False,4.3877570009565065e-06,1.514813442817773e-05,0.28965659248406467
blend150fx,blend160origm,-1.230107655447732e-05,-2.000000000002e-05,1.2836921240749267e-05,0.146,ens4,ens4,True,-7.698923445542679e-06,1.347045706751877e-05,-0.5715413669300833
blend150fx,blend160origm_h3,-1.671161500582663e-05,-9.99999999995449e-06,1.4468489631692932e-05,0.12,ens4,h3,False,6.71161500587214e-06,1.5033424722566463e-05,0.44644617774933404
blend150fx,blendtop3,-1.7517039345049668e-05,-9.99999999995449e-06,1.3994270825033962e-05,0.098,ens4,h3,False,7.517039345095178e-06,1.45775952266162e-05,0.515657022179512
blend150fx,stack_pub149_hybrid,1.3633249213218512e-05,4.999999999999449e-05,1.5959824382546864e-05,0.188,ens4,hybrid,False,3.636675078677598e-05,1.6473696033021976e-05,2.2075647574094988
blend150fx,stack_pub151_fixed_rankraw,7.441443360178823e-06,1.0000000000065512e-05,1.9303092145072783e-05,0.36,ens4,rankraw,False,2.558556639886689e-06,1.9730079397403277e-05,0.12967796978168403
blend150fx,stack_pub151_hybrid,7.648813880156702e-06,4.999999999999449e-05,1.3964328465907157e-05,0.278,ens4,hybrid,False,4.235118611983779e-05,1.4548853431470522e-05,2.9109638308836243
blend150fx,stack_pub151_rankraw,8.877529627082659e-06,2.000000000002e-05,1.7997237030328078e-05,0.316,ens4,rankraw,False,1.112247037293734e-05,1.845446307516095e-05,0.6026981293163597
blend150fx,stack_pub86_hybrid,0.0003541429907936,0.00024,5.883150194913014e-05,0.0,ens4,hybrid,False,-0.00011414299079359999,5.897297930626509e-05,-1.9355133848812318
blend150fx,stack_pub88_mine_logit,0.0003719968486586,0.00023,5.995615257636559e-05,0.0,ens4,logit,False,-0.00014199684865860002,6.009498230657113e-05,-2.362873624526773
blend150fx,w16e_aonly,-2.248709660535031e-05,-4.000000000004e-05,1.6166569593666725e-05,0.07,ens4,h3+corr,False,-1.7512903394689687e-05,1.6674070861476395e-05,-1.0503076027553249
blend150fx,w16h_h3av6,-1.678564545937178e-05,-9.99999999995449e-06,1.3855066686799764e-05,0.108,ens4,h3+corr,False,6.785645459417289e-06,1.4444013969888539e-05,0.4697894555878536
blend150fx,w16i_schemeavg,-2.3722891143385105e-05,-2.999999999997449e-05,1.57263848783248e-05,0.05,ens4,h3+corr,False,-6.277108856589386e-06,1.6247641305982526e-05,-0.3863396993062678
blend150fx,w16l_maskw_h3,-1.379684793989533e-05,-9.99999999995449e-06,1.5529454295846337e-05,0.172,ens4,h3+corr,False,3.7968479399408395e-06,1.6057104888286894e-05,0.2364590607308363
blend150fx,w16n_finegrid,-2.375310920843532e-05,-2.999999999997449e-05,1.5694456927834537e-05,0.05,ens4,h3+corr,False,-6.2468907915391725e-06,1.6216739651555124e-05,-0.3852124980584565
blend150fx,w16q_ens4avg,-1.9573755446478103e-05,-4.000000000004e-05,1.4342618398132985e-05,0.076,ens4,ens4+corr,False,-2.0426244553561894e-05,1.4912322729244076e-05,-1.3697560684831909
blend150fx,w16t_cellens4,-1.94292973648702e-05,-4.000000000004e-05,1.5505765824736642e-05,0.096,ens4,ens4+corr,False,-2.0570702635169795e-05,1.6034195972303614e-05,-1.2829269812282598
blend150fx_hybrid,blend150fx_logit,6.43992838961216e-05,-3.999999999992898e-05,3.3312809888951254e-05,0.036,hybrid,logit,False,-0.00010439928389605058,3.3562031663236284e-05,-3.1106365950547965
blend150fx_hybrid,blend150fx_rankraw,-9.835495570764683e-06,-2.999999999997449e-05,2.305432149745449e-05,0.334,hybrid,rankraw,False,-2.0164504429209806e-05,2.341299652702872e-05,-0.8612526126645622
blend150fx_hybrid,blend150fx_rescale,1.6994578895257462e-06,-2.999999999997449e-05,2.287052661079829e-05,0.488,hybrid,rescale,False,-3.169945788950024e-05,2.323203938792071e-05,-1.364471597184967
blend150fx_hybrid,blend150sx,-1.881175784135269e-05,-4.999999999999449e-05,1.6543844290588418e-05,0.136,hybrid,ens4,False,-3.11882421586418e-05,1.704011298606619e-05,-1.8302837653802309
blend150fx_hybrid,blend150sx_hybrid,-1.855181144039264e-06,-2.000000000002e-05,8.466921530081693e-06,0.438,hybrid,hybrid,True,-1.8144818855980734e-05,9.399756744896519e-06,-1.9303498322796744
blend150fx_hybrid,blend150sx_logit,5.885313990361407e-05,-4.999999999999449e-05,3.374542856035693e-05,0.046,hybrid,logit,False,-0.00010885313990360856,3.399147857020668e-05,-3.202365548141165
blend150fx_hybrid,blend150sx_rankraw,-7.620519013595839e-06,-2.999999999997449e-05,2.3988022486458335e-05,0.394,hybrid,rankraw,False,-2.2379480986378653e-05,2.43329383650536e-05,-0.9197196265667422
blend150fx_hybrid,blend153,-2.0092237565050297e-05,-4.999999999999449e-05,1.743264590000812e-05,0.126,hybrid,ens4,False,-2.9907762434944196e-05,1.7904295846017975e-05,-1.6704238296864307
blend150fx_hybrid,blend156,-2.7368341678601915e-05,-7.00000000000145e-05,1.9695493711153605e-05,0.062,hybrid,ens4,False,-4.263165832141258e-05,2.011415270879581e-05,-2.119485664577359
blend150fx_hybrid,blend156_h3,-3.188210869375929e-05,-5.999999999994898e-05,1.7509126842459568e-05,0.024,hybrid,h3,False,-2.811789130618969e-05,1.7978770521145345e-05,-1.5639496189753042
blend150fx_hybrid,blend156_rankraw,-2.1842079193867825e-05,-4.999999999999449e-05,2.5291690391767693e-05,0.184,hybrid,rankraw,False,-2.815792080612667e-05,2.5619060668566694e-05,-1.0991004381622402
blend150fx_hybrid,blend156_rescale,-1.0878478048592656e-05,-5.999999999994898e-05,2.5337915960858757e-05,0.326,hybrid,rescale,False,-4.912152195135633e-05,2.5664696606549e-05,-1.9139724386541832
blend150fx_hybrid,blend156w,-3.242095946254242e-05,-5.999999999994898e-05,1.956041183559937e-05,0.038,hybrid,w,False,-2.7579040537406563e-05,1.998190125701062e-05,-1.3802010220489151
blend150fx_hybrid,blend156w2,-3.222957330950571e-05,-5.999999999994898e-05,1.949121573399501e-05,0.038,hybrid,w2,False,-2.7770426690443273e-05,1.991416976566689e-05,-1.3945058728142912
blend150fx_hybrid,blend158,-2.899032359537923e-05,-7.00000000000145e-05,1.97965101398246e-05,0.048,hybrid,ens4,False,-4.1009676404635265e-05,2.0213076964748462e-05,-2.028868562473492
blend150fx_hybrid,blend158_h3,-3.4082597832552075e-05,-5.999999999994898e-05,1.746495603155606e-05,0.02,hybrid,h3,False,-2.5917402167396908e-05,1.793575635011953e-05,-1.4450130600276685
blend150fx_hybrid,blend158_hybrid,-1.4096988680933896e-05,-3.999999999992898e-05,1.3092134918575384e-05,0.114,hybrid,hybrid,True,-2.5903011318995084e-05,1.3713885787509226e-05,-1.8888163224013328
blend150fx_hybrid,blend158_logit,5.284646346581656e-05,-7.00000000000145e-05,3.611115905085449e-05,0.066,hybrid,logit,False,-0.00012284646346583106,3.6341195283903045e-05,-3.380363868225452
blend150fx_hybrid,blend158_rankraw,-2.218358646144392e-05,-4.999999999999449e-05,2.529081432891929e-05,0.178,hybrid,rankraw,False,-2.7816413538550574e-05,2.561819580076895e-05,-1.0858068911205543
blend150fx_hybrid,blend158_rescale,-1.313667328917134e-05,-5.999999999994898e-05,2.5433723580187567e-05,0.286,hybrid,rescale,False,-4.686332671077764e-05,2.5759288845386545e-05,-1.8192787460889395
blend150fx_hybrid,blend159,-2.914158645039855e-05,-7.00000000000145e-05,1.9909523272892612e-05,0.052,hybrid,ens4,False,-4.0858413549615946e-05,2.0323773852818754e-05,-2.0103753291837183
blend150fx_hybrid,blend159_h3,-3.270017336887143e-05,-5.999999999994898e-05,1.7873854902098392e-05,0.026,hybrid,h3,False,-2.729982663107755e-05,1.8334158167964336e-05,-1.4890144603846125
blend150fx_hybrid,blend159av,-3.064037710520662e-05,-7.00000000000145e-05,1.975143554115232e-05,0.046,hybrid,ens4,False,-3.935962289480788e-05,2.0168933353129055e-05,-1.951497493976375
blend150fx_hybrid,blend159av_h3,-3.493578244517792e-05,-5.999999999994898e-05,1.7486439387790514e-05,0.028,hybrid,h3,False,-2.5064217554771062e-05,1.795667644998757e-05,-1.395816070116272
blend150fx_hybrid,blend159av_w,-3.3942092710237404e-05,-5.999999999994898e-05,1.8397168664308323e-05,0.032,hybrid,w,False,-2.605790728971158e-05,1.88446937234245e-05,-1.3827715999077685
blend150fx_hybrid,blend159av_wh3,-3.502058585469481e-05,-5.999999999994898e-05,1.8145970713165966e-05,0.026,hybrid,wh3,False,-2.4979414145254175e-05,1.8599540848895803e-05,-1.3430124081120598
blend150fx_hybrid,blend160orig,-2.8071278316721404e-05,-7.00000000000145e-05,1.9924350787758546e-05,0.06,hybrid,ens4,False,-4.192872168329309e-05,2.033829936303233e-05,-2.061564781542371
blend150fx_hybrid,blend160orig_h3,-3.209478703847246e-05,-5.999999999994898e-05,1.7861887902787597e-05,0.03,hybrid,h3,False,-2.7905212961476522e-05,1.8322491809751658e-05,-1.5230031619730193
blend150fx_hybrid,blend160origm,-3.0008106592038782e-05,-7.00000000000145e-05,1.997934151423463e-05,0.044,hybrid,ens4,False,-3.999189340797571e-05,2.0392173842165185e-05,-1.9611392938051513
blend150fx_hybrid,blend160origm_h3,-3.4418645043388096e-05,-5.999999999994898e-05,1.79919561812037e-05,0.026,hybrid,h3,False,-2.5581354956560887e-05,1.8449313100845265e-05,-1.3865749264881229
blend150fx_hybrid,blendtop3,-3.5224069382611134e-05,-5.999999999994898e-05,1.744141642246337e-05,0.022,hybrid,h3,False,-2.477593061733785e-05,1.7912835439662858e-05,-1.383138403788304
blend150fx_hybrid,stack_pub149_hybrid,-4.073780824342954e-06,0.0,1.031807539642756e-05,0.336,hybrid,hybrid,True,4.073780824342954e-06,1.1096366367105514e-05,0.367127462231188
blend150fx_hybrid,stack_pub151_fixed_rankraw,-1.0265586677382643e-05,-3.999999999992898e-05,2.37312694477818e-05,0.32,hybrid,rankraw,False,-2.9734413322546338e-05,2.4079863294252492e-05,-1.2348248392939798
blend150fx_hybrid,stack_pub151_hybrid,-1.0058216157404765e-05,0.0,7.772398088765922e-06,0.084,hybrid,hybrid,True,1.0058216157404765e-05,8.77934158789364e-06,1.1456686195323167
blend150fx_hybrid,stack_pub151_rankraw,-8.829500410478808e-06,-2.999999999997449e-05,2.2485921803833483e-05,0.348,hybrid,rankraw,False,-2.1170499589495684e-05,2.2853519335865554e-05,-0.9263562114160424
blend150fx_hybrid,stack_pub86_hybrid,0.000336435960756,0.00019,6.025879338648544e-05,0.0,hybrid,hybrid,True,-0.00014643596075599997,6.0396927463752726e-05,-2.424559773241506
blend150fx_hybrid,stack_pub88_mine_logit,0.000354289818621,0.00018,6.52909872607761e-05,0.0,hybrid,logit,False,-0.000174289818621,6.541849649872346e-05,-2.664228436133518
blend150fx_hybrid,w16e_aonly,-4.0194126642911776e-05,-9.00000000000345e-05,1.8916041829736204e-05,0.018,hybrid,h3+corr,False,-4.980587335712272e-05,1.935157112926484e-05,-2.5737379680662045
blend150fx_hybrid,w16h_h3av6,-3.4492675496933245e-05,-5.999999999994898e-05,1.737354310886951e-05,0.022,hybrid,h3+corr,False,-2.5507324503015738e-05,1.78467550782324e-05,-1.429241584321785
blend150fx_hybrid,w16i_schemeavg,-4.142992118094657e-05,-7.999999999996898e-05,1.8639517996710103e-05,0.016,hybrid,h3+corr,False,-3.857007881902241e-05,1.9081359957202905e-05,-2.021348525761804
blend150fx_hybrid,w16l_maskw_h3,-3.15038779774568e-05,-5.999999999994898e-05,1.8551351000250613e-05,0.034,hybrid,h3+corr,False,-2.849612202249218e-05,1.8995243894226945e-05,-1.5001714208656596
blend150fx_hybrid,w16n_finegrid,-4.146013924599679e-05,-7.999999999996898e-05,1.8608742803487754e-05,0.016,hybrid,h3+corr,False,-3.853986075397219e-05,1.905129852248985e-05,-2.0229519110456593
blend150fx_hybrid,w16q_ens4avg,-3.728078548403957e-05,-9.00000000000345e-05,2.07177544661772e-05,0.026,hybrid,ens4+corr,False,-5.271921451599493e-05,2.1116155350524205e-05,-2.496629411977033
blend150fx_hybrid,w16t_cellens4,-3.713632740243167e-05,-9.00000000000345e-05,2.138477708081015e-05,0.032,hybrid,ens4+corr,False,-5.286367259760283e-05,2.1770975115107035e-05,-2.428172018850931
blend150fx_logit,blend150fx_rankraw,-7.423477946688628e-05,9.99999999995449e-06,3.735254459137595e-05,0.024,logit,rankraw,False,8.423477946684077e-05,3.757498175804475e-05,2.2417783196609595
blend150fx_logit,blend150fx_rescale,-6.269982600659585e-05,9.99999999995449e-06,2.8729676737480272e-05,0.012,logit,rescale,False,7.269982600655034e-05,2.9018287201466282e-05,2.505310720161211
blend150fx_logit,blend150sx,-8.321104173747429e-05,-1.0000000000065512e-05,2.377712145351186e-05,0.0,logit,ens4,False,7.321104173740878e-05,2.4125052772620428e-05,3.034647941599371
blend150fx_logit,blend150sx_hybrid,-6.625446504016086e-05,1.999999999990898e-05,3.3754685825906614e-05,0.022,logit,hybrid,False,8.625446504006984e-05,3.4000668844484923e-05,2.5368461260155692
blend150fx_logit,blend150sx_logit,-5.546143992507524e-06,-1.0000000000065512e-05,7.62759041247201e-06,0.258,logit,logit,True,-4.453856007557988e-06,8.651404635497152e-06,-0.5148130500431792
blend150fx_logit,blend150sx_rankraw,-7.201980290971743e-05,9.99999999995449e-06,3.770951220496537e-05,0.026,logit,rankraw,False,8.201980290967192e-05,3.792985601611347e-05,2.1624074416424897
blend150fx_logit,blend153,-8.449152146117189e-05,-1.0000000000065512e-05,2.392027078466763e-05,0.0,logit,ens4,False,7.449152146110638e-05,2.4266149696202124e-05,3.0697709522811105
blend150fx_logit,blend156,-9.176762557472352e-05,-3.0000000000085517e-05,2.519438804884919e-05,0.0,logit,ens4,False,6.176762557463801e-05,2.5523006402511865e-05,2.4200764048140937
blend150fx_logit,blend156_h3,-9.628139258988087e-05,-2.000000000002e-05,3.1551338282379325e-05,0.002,logit,h3,False,7.628139258986087e-05,3.181436175810858e-05,2.3977030615872374
blend150fx_logit,blend156_rankraw,-8.624136308998942e-05,-1.0000000000065512e-05,3.796787185137302e-05,0.016,logit,rankraw,False,7.624136308992391e-05,3.8186724913102334e-05,1.9965410299893134
blend150fx_logit,blend156_rescale,-7.527776194471425e-05,-2.000000000002e-05,3.021373121849855e-05,0.004,logit,rescale,False,5.527776194469425e-05,3.0488296456350926e-05,1.8130813580822258
blend150fx_logit,blend156w,-9.682024335866402e-05,-2.000000000002e-05,3.106897825687977e-05,0.0,logit,w,False,7.682024335864401e-05,3.133605074978553e-05,2.451497285731508
blend150fx_logit,blend156w2,-9.66288572056273e-05,-2.000000000002e-05,3.106513005090865e-05,0.0,logit,w2,False,7.66288572056073e-05,3.1332235345511726e-05,2.4456875278955867
blend150fx_logit,blend158,-9.338960749150084e-05,-3.0000000000085517e-05,2.518963084692338e-05,0.0,logit,ens4,False,6.338960749141533e-05,2.5518310462703846e-05,2.4840832461875593
blend150fx_logit,blend158_h3,-9.848188172867368e-05,-2.000000000002e-05,3.1608865470494445e-05,0.0,logit,h3,False,7.848188172865368e-05,3.187141419828249e-05,2.4624536972345257
blend150fx_logit,blend158_hybrid,-7.849627257705549e-05,0.0,3.4472662073943986e-05,0.014,logit,hybrid,False,7.849627257705549e-05,3.471355782876487e-05,2.2612569119034736
blend150fx_logit,blend158_logit,-1.1552820430305031e-05,-3.0000000000085517e-05,1.3557872120289876e-05,0.17,logit,logit,True,-1.8447179569780488e-05,1.415918652666177e-05,-1.3028417653121824
blend150fx_logit,blend158_rankraw,-8.658287035756551e-05,-1.0000000000065512e-05,3.7925147209685e-05,0.01,logit,rankraw,False,7.65828703575e-05,3.8144245405341874e-05,2.0077175349436858
blend150fx_logit,blend158_rescale,-7.753595718529294e-05,-2.000000000002e-05,3.0337347650909797e-05,0.002,logit,rescale,False,5.7535957185272935e-05,3.061080412466861e-05,1.8795963984136534
blend150fx_logit,blend159,-9.354087034652014e-05,-3.0000000000085517e-05,2.5366608264562715e-05,0.0,logit,ens4,False,6.354087034643463e-05,2.569302398540211e-05,2.47307869959318
blend150fx_logit,blend159_h3,-9.709945726499304e-05,-2.000000000002e-05,3.194282215452151e-05,0.002,logit,h3,False,7.709945726497304e-05,3.220264824299481e-05,2.3941961755193484
blend150fx_logit,blend159av,-9.50396610013282e-05,-3.0000000000085517e-05,2.567910457892124e-05,0.0,logit,ens4,False,6.503966100124269e-05,2.6001597617105e-05,2.5013717218074603
blend150fx_logit,blend159av_h3,-9.933506634129952e-05,-2.000000000002e-05,3.210343604282451e-05,0.002,logit,h3,False,7.933506634127951e-05,3.2361972628725685e-05,2.4514904345125976
blend150fx_logit,blend159av_w,-9.8341376606359e-05,-2.000000000002e-05,3.1349986048096385e-05,0.0,logit,w,False,7.8341376606339e-05,3.161468475064246e-05,2.4780059400955117
blend150fx_logit,blend159av_wh3,-9.94198697508164e-05,-2.000000000002e-05,3.2701485738837855e-05,0.002,logit,wh3,False,7.94198697507964e-05,3.295533092223597e-05,2.409924814234209
blend150fx_logit,blend160orig,-9.2470562212843e-05,-3.0000000000085517e-05,2.556983030778719e-05,0.0,logit,ens4,False,6.247056221275749e-05,2.589368433876684e-05,2.412579121435779
blend150fx_logit,blend160orig_h3,-9.649407093459406e-05,-2.000000000002e-05,3.1976168213990866e-05,0.002,logit,h3,False,7.649407093457405e-05,3.2235725527993104e-05,2.3729594939052188
blend150fx_logit,blend160origm,-9.440739048816038e-05,-3.0000000000085517e-05,2.555103203487758e-05,0.0,logit,ens4,False,6.440739048807487e-05,2.5875121346846026e-05,2.4891628381068682
blend150fx_logit,blend160origm_h3,-9.881792893950968e-05,-2.000000000002e-05,3.2017783399242885e-05,0.002,logit,h3,False,7.881792893948968e-05,3.2277006064186e-05,2.4419219298949995
blend150fx_logit,blendtop3,-9.962335327873272e-05,-2.000000000002e-05,3.177630792011038e-05,0.002,logit,h3,False,7.962335327871271e-05,3.2037484478347175e-05,2.4853185128353905
blend150fx_logit,stack_pub149_hybrid,-6.847306472046455e-05,3.999999999992898e-05,3.3527674084277335e-05,0.03,logit,hybrid,False,0.00010847306472039353,3.3775310452580426e-05,3.211608221120177
blend150fx_logit,stack_pub151_fixed_rankraw,-7.466487057350424e-05,0.0,3.759423833137978e-05,0.028,logit,rankraw,False,7.466487057350424e-05,3.781525383206162e-05,1.9744643498915169
blend150fx_logit,stack_pub151_hybrid,-7.445750005352636e-05,3.999999999992898e-05,3.232667949472312e-05,0.016,logit,hybrid,False,0.00011445750005345534,3.258344478137968e-05,3.5127501349662045
blend150fx_logit,stack_pub151_rankraw,-7.32287843066004e-05,9.99999999995449e-06,3.649635438062059e-05,0.028,logit,rankraw,False,8.322878430655489e-05,3.672397785837627e-05,2.266333582585239
blend150fx_logit,stack_pub86_hybrid,0.0002720366768599,0.0002299999999999,6.120738422371793e-05,0.0,logit,hybrid,False,-4.203667686000003e-05,6.134338228510473e-05,-0.6852683255159747
blend150fx_logit,stack_pub88_mine_logit,0.0002898905347249,0.0002199999999999,5.725866806953097e-05,0.0,logit,logit,True,-6.9890534725e-05,5.7404021947624824e-05,-1.2175198244605199
blend150fx_logit,w16e_aonly,-0.000104593410539,-5.000000000010552e-05,3.287684655406191e-05,0.0,logit,h3+corr,False,5.459341053889448e-05,3.312934810716926e-05,1.6478866521095343
blend150fx_logit,w16h_h3av6,-9.889195939305484e-05,-2.000000000002e-05,3.1691648688559444e-05,0.002,logit,h3+corr,False,7.889195939303484e-05,3.1953517228401294e-05,2.4689601094339992
blend150fx_logit,w16i_schemeavg,-0.000105829205077,-4.000000000004e-05,3.258463329297298e-05,0.0,logit,h3+corr,False,6.582920507696e-05,3.2839381746680154e-05,2.0045811332491024
blend150fx_logit,w16l_maskw_h3,-9.59031618735784e-05,-2.000000000002e-05,3.298458292545499e-05,0.0,logit,h3+corr,False,7.59031618735584e-05,3.3236265997143594e-05,2.2837451680065897
blend150fx_logit,w16n_finegrid,-0.0001058594231421,-4.000000000004e-05,3.258638984344027e-05,0.0,logit,h3+corr,False,6.585942314206e-05,3.2841124671596336e-05,2.005394876108508
blend150fx_logit,w16q_ens4avg,-0.0001016800693801,-5.000000000010552e-05,2.6387395100856268e-05,0.0,logit,ens4+corr,False,5.168006937999448e-05,2.6701334926841392e-05,1.9354863538318203
blend150fx_logit,w16t_cellens4,-0.0001015356112985,-5.000000000010552e-05,2.7308311540190157e-05,0.0,logit,ens4+corr,False,5.153561129839448e-05,2.76117827356864e-05,1.8664354921128694
blend150fx_rankraw,blend150fx_rescale,1.1534953460290431e-05,0.0,2.6613855498204782e-05,0.332,rankraw,rescale,False,-1.1534953460290431e-05,2.6925154988337425e-05,-0.4284080617284013
blend150fx_rankraw,blend150sx,-8.976262270588009e-06,-2.000000000002e-05,1.9811970245174863e-05,0.324,rankraw,ens4,False,-1.102373772943199e-05,2.0228218697215055e-05,-0.544968288826623
blend150fx_rankraw,blend150sx_hybrid,7.980314426725421e-06,9.99999999995449e-06,2.33964717121097e-05,0.366,rankraw,hybrid,False,2.0196855732290686e-06,2.3749980110354115e-05,0.0850394637740585
blend150fx_rankraw,blend150sx_logit,6.868863547437876e-05,-2.000000000002e-05,3.739231288982645e-05,0.042,rankraw,logit,False,-8.868863547439876e-05,3.761451488345089e-05,-2.357830102267749
blend150fx_rankraw,blend150sx_rankraw,2.2149765571688462e-06,0.0,1.1450374752500505e-05,0.402,rankraw,rankraw,True,-2.2149765571688462e-06,1.2156387154058876e-05,-0.18220681269017425
blend150fx_rankraw,blend153,-1.0256741994285612e-05,-2.000000000002e-05,2.0061153516964904e-05,0.302,rankraw,ens4,False,-9.743258005734386e-06,2.0472336141679094e-05,-0.475923115872367
blend150fx_rankraw,blend156,-1.753284610783723e-05,-4.000000000004e-05,2.228510151195845e-05,0.194,rankraw,ens4,False,-2.2467153892202767e-05,2.265595762851263e-05,-0.9916664861664354
blend150fx_rankraw,blend156_h3,-2.2046613122994607e-05,-2.999999999997449e-05,1.922358602936955e-05,0.108,rankraw,h3,False,-7.953386876979884e-06,1.965230079393349e-05,-0.4047051264061169
blend150fx_rankraw,blend156_rankraw,-1.200658362310314e-05,-2.000000000002e-05,1.3434280438881195e-05,0.182,rankraw,rankraw,True,-7.993416376916859e-06,1.4040888774474806e-05,-0.5692956126430002
blend150fx_rankraw,blend156_rescale,-1.0429824778279697e-06,-2.999999999997449e-05,2.842757800229967e-05,0.486,rankraw,rescale,False,-2.8957017522146522e-05,2.8719224532419025e-05,-1.0082799237653186
blend150fx_rankraw,blend156w,-2.258546389177773e-05,-2.999999999997449e-05,1.6921079603387232e-05,0.074,rankraw,w,False,-7.41453610819676e-06,1.740659649704198e-05,-0.4259612790735261
blend150fx_rankraw,blend156w2,-2.2394077738741025e-05,-2.999999999997449e-05,1.7018659806275377e-05,0.076,rankraw,w2,False,-7.6059222612334665e-06,1.7501469888795046e-05,-0.4345876266143223
blend150fx_rankraw,blend158,-1.9154828024614545e-05,-4.000000000004e-05,2.2669283045262032e-05,0.172,rankraw,ens4,False,-2.084517197542545e-05,2.3033954511826042e-05,-0.9049758244822081
blend150fx_rankraw,blend158_h3,-2.424710226178739e-05,-2.999999999997449e-05,1.9607862973217677e-05,0.084,rankraw,h3,False,-5.752897738187102e-06,2.002835382759021e-05,-0.2872376725371285
blend150fx_rankraw,blend158_hybrid,-4.261493110169212e-06,-9.99999999995449e-06,2.5887598233662296e-05,0.43,rankraw,hybrid,False,-5.7385068897852776e-06,2.62075258079465e-05,-0.2189640842801452
blend150fx_rankraw,blend158_logit,6.268195903658125e-05,-4.000000000004e-05,3.944186476005699e-05,0.058,rankraw,logit,False,-0.00010268195903662125,3.965258330067906e-05,-2.5895402137611248
blend150fx_rankraw,blend158_rankraw,-1.234809089067923e-05,-2.000000000002e-05,1.417764860758871e-05,0.17,rankraw,rankraw,True,-7.651909109340768e-06,1.4753724502881594e-05,-0.5186425372011149
blend150fx_rankraw,blend158_rescale,-3.301177718406656e-06,-2.999999999997449e-05,2.864791385603561e-05,0.434,rankraw,rescale,False,-2.6698822281567836e-05,2.8937339804645204e-05,-0.922642594717085
blend150fx_rankraw,blend159,-1.9306090879633864e-05,-4.000000000004e-05,2.2460032243843055e-05,0.172,rankraw,ens4,False,-2.0693909120406133e-05,2.2828046676427144e-05,-0.9065124762415709
blend150fx_rankraw,blend159_h3,-2.2864677798106747e-05,-2.999999999997449e-05,1.9667062693498677e-05,0.106,rankraw,h3,False,-7.135322201867744e-06,2.008631428751114e-05,-0.35523302581719535
blend150fx_rankraw,blend159av,-2.080488153444193e-05,-4.000000000004e-05,2.254465990804897e-05,0.16,rankraw,ens4,False,-1.9195118465598068e-05,2.2911315043800026e-05,-0.8378008171465658
blend150fx_rankraw,blend159av_h3,-2.510028687441324e-05,-2.999999999997449e-05,1.9625628573777337e-05,0.078,rankraw,h3,False,-4.8997131255612524e-06,2.004574677038828e-05,-0.24442656996940337
blend150fx_rankraw,blend159av_w,-2.410659713947272e-05,-2.999999999997449e-05,1.870065902529456e-05,0.09,rankraw,w,False,-5.893402860501773e-06,1.9141089693301098e-05,-0.30789275610386574
blend150fx_rankraw,blend159av_wh3,-2.5185090283930123e-05,-2.999999999997449e-05,1.844107664965103e-05,0.072,rankraw,wh3,False,-4.814909716044369e-06,1.888756137422116e-05,-0.2549249011371069
blend150fx_rankraw,blend160orig,-1.823578274595672e-05,-4.000000000004e-05,2.291168429030341e-05,0.184,rankraw,ens4,False,-2.1764217254083278e-05,2.3272557738357916e-05,-0.9351880226818136
blend150fx_rankraw,blend160orig_h3,-2.2259291467707776e-05,-2.999999999997449e-05,2.0156156958566337e-05,0.116,rankraw,h3,False,-7.740708532266716e-06,2.0565440185053877e-05,-0.37639401163376734
blend150fx_rankraw,blend160origm,-2.01726110212741e-05,-4.000000000004e-05,2.253582289242565e-05,0.172,rankraw,ens4,False,-1.9827388978765896e-05,2.2902619503136373e-05,-0.865725816911496
blend150fx_rankraw,blend160origm_h3,-2.458314947262341e-05,-2.999999999997449e-05,1.9682503906125237e-05,0.088,rankraw,h3,False,-5.41685052735108e-06,2.0101433448421083e-05,-0.26947583321609136
blend150fx_rankraw,blendtop3,-2.538857381184645e-05,-2.999999999997449e-05,1.9479138497998488e-05,0.076,rankraw,h3,False,-4.611426188128043e-06,1.9902349190255745e-05,-0.23170260676492463
blend150fx_rankraw,stack_pub149_hybrid,5.761714746421731e-06,2.999999999997449e-05,2.353482327416656e-05,0.412,rankraw,hybrid,False,2.423828525355276e-05,2.388628420690248e-05,1.0147365343056818
blend150fx_rankraw,stack_pub151_fixed_rankraw,-4.30091106617958e-07,-9.99999999995449e-06,6.898818880218683e-06,0.446,rankraw,rankraw,True,-9.569908893336532e-06,8.01625652089106e-06,-1.1938127065166289
blend150fx_rankraw,stack_pub151_hybrid,-2.2272058664007946e-07,2.999999999997449e-05,2.2120472511287786e-05,0.494,rankraw,hybrid,False,3.022272058661457e-05,2.2494043006745258e-05,1.343587747989622
blend150fx_rankraw,stack_pub151_rankraw,1.0059951602858774e-06,0.0,7.638021102198275e-06,0.456,rankraw,rankraw,True,-1.0059951602858774e-06,8.660602347659938e-06,-0.11615764353361559
blend150fx_rankraw,stack_pub86_hybrid,0.0003462714563268,0.0002199999999999,6.25036669413407e-05,0.0,rankraw,hybrid,False,-0.00012627145632690002,6.263685055764469e-05,-2.0159292046571275
blend150fx_rankraw,stack_pub88_mine_logit,0.0003641253141918,0.00021,6.531807920846048e-05,0.0,rankraw,logit,False,-0.00015412531419179998,6.544553566248339e-05,-2.3550164672294405
blend150fx_rankraw,w16e_aonly,-3.035863107214709e-05,-6.0000000000060005e-05,2.196389633739143e-05,0.074,rankraw,h3+corr,False,-2.9641368927912914e-05,2.234008525020313e-05,-1.32682434269777
blend150fx_rankraw,w16h_h3av6,-2.465717992616856e-05,-2.999999999997449e-05,1.9409133794109503e-05,0.082,rankraw,h3+corr,False,-5.342820073805932e-06,1.9833838289758997e-05,-0.26937902768747707
blend150fx_rankraw,w16i_schemeavg,-3.1594425610181887e-05,-4.999999999999449e-05,2.1632076485975e-05,0.064,rankraw,h3+corr,False,-1.8405574389812607e-05,2.2013936489454564e-05,-0.8360873757689594
blend150fx_rankraw,w16l_maskw_h3,-2.166838240669211e-05,-2.999999999997449e-05,1.963284694015596e-05,0.116,rankraw,h3+corr,False,-8.331617593282381e-06,2.0052813908333614e-05,-0.41548371372557846
blend150fx_rankraw,w16n_finegrid,-3.16246436752321e-05,-4.999999999999449e-05,2.159203110232116e-05,0.064,rankraw,h3+corr,False,-1.8375356324762393e-05,2.1974586999310613e-05,-0.8362094052251752
blend150fx_rankraw,w16q_ens4avg,-2.7445289913274884e-05,-6.0000000000060005e-05,2.4296798993022964e-05,0.108,rankraw,ens4+corr,False,-3.255471008678512e-05,2.463739247513885e-05,-1.321353715480869
blend150fx_rankraw,w16t_cellens4,-2.7300831831666983e-05,-6.0000000000060005e-05,2.526962782557184e-05,0.128,rankraw,ens4+corr,False,-3.269916816839302e-05,2.5597280267824965e-05,-1.2774469719540837
blend150fx_rescale,blend150sx,-2.051121573087844e-05,-2.000000000002e-05,1.548875763874001e-05,0.104,rescale,ens4,False,5.11215730858442e-07,1.601774890108762e-05,0.0319155790251981
blend150fx_rescale,blend150sx_hybrid,-3.55463903356501e-06,9.99999999995449e-06,2.320682395548029e-05,0.47,rescale,hybrid,False,1.35546390335195e-05,2.3563177730673774e-05,0.5752466491764612
blend150fx_rescale,blend150sx_logit,5.7153682014088325e-05,-2.000000000002e-05,2.9316433101209144e-05,0.024,rescale,logit,False,-7.715368201410833e-05,2.95993229051669e-05,-2.606602936874623
blend150fx_rescale,blend150sx_rankraw,-9.319976903121583e-06,0.0,2.7201454603115263e-05,0.388,rescale,rankraw,False,9.319976903121583e-06,2.7506104762252456e-05,0.33883303301860823
blend150fx_rescale,blend153,-2.1791695454576043e-05,-2.000000000002e-05,1.6354291893100364e-05,0.088,rescale,ens4,False,1.791695454556045e-06,1.6856142203701145e-05,0.10629332814732886
blend150fx_rescale,blend156,-2.906779956812766e-05,-4.000000000004e-05,1.888357268257938e-05,0.06,rescale,ens4,False,-1.0932200431912335e-05,1.9319833951794847e-05,-0.5658537469415835
blend150fx_rescale,blend156_h3,-3.358156658328504e-05,-2.999999999997449e-05,1.8930580901581584e-05,0.044,rescale,h3,False,3.581566583310547e-06,1.936578322552414e-05,0.18494302768968496
blend150fx_rescale,blend156_rankraw,-2.354153708339357e-05,-2.000000000002e-05,2.8588822587515307e-05,0.216,rescale,rankraw,False,3.5415370833735727e-06,2.8878840759405354e-05,0.12263432292448073
blend150fx_rescale,blend156_rescale,-1.25779359381184e-05,-2.999999999997449e-05,1.297079780297986e-05,0.164,rescale,rescale,True,-1.742206406185609e-05,1.3598097746098673e-05,-1.2812133275666828
blend150fx_rescale,blend156w,-3.4120417352068166e-05,-2.999999999997449e-05,2.076233918230487e-05,0.058,rescale,w,False,4.120417352093675e-06,2.1159900637473202e-05,0.19472763235932247
blend150fx_rescale,blend156w2,-3.3929031199031456e-05,-2.999999999997449e-05,2.0660326760914112e-05,0.056,rescale,w2,False,3.929031199056965e-06,2.1059814066947752e-05,0.18656533180050094
blend150fx_rescale,blend158,-3.0689781484904977e-05,-4.000000000004e-05,1.928930687034985e-05,0.058,rescale,ens4,False,-9.31021851513502e-06,1.9716592662151152e-05,-0.4722022042382267
blend150fx_rescale,blend158_h3,-3.578205572207782e-05,-2.999999999997449e-05,1.937687983278993e-05,0.036,rescale,h3,False,5.78205572210333e-06,1.9802276099505524e-05,0.2919894507605473
blend150fx_rescale,blend158_hybrid,-1.5796446570459644e-05,-9.99999999995449e-06,2.57462661260142e-05,0.268,rescale,hybrid,False,5.796446570505154e-06,2.60679283046853e-05,0.2223593107498049
blend150fx_rescale,blend158_logit,5.1147005576290816e-05,-4.000000000004e-05,3.185334494785957e-05,0.048,rescale,logit,False,-9.114700557633082e-05,3.2113894983853916e-05,-2.838242001543485
blend150fx_rescale,blend158_rankraw,-2.3883044350969666e-05,-2.000000000002e-05,2.8575801392876447e-05,0.202,rescale,rankraw,False,3.883044350949667e-06,2.8865950389893387e-05,0.1345198858343915
blend150fx_rescale,blend158_rescale,-1.4836131178697087e-05,-2.999999999997449e-05,1.3766882256336628e-05,0.12,rescale,rescale,True,-1.5163868821277404e-05,1.4359446846118515e-05,-1.0560204013273904
blend150fx_rescale,blend159,-3.0841044339924295e-05,-4.000000000004e-05,1.9378933274432263e-05,0.052,rescale,ens4,False,-9.158955660115702e-06,1.9804285433248145e-05,-0.4624734222795698
blend150fx_rescale,blend159_h3,-3.439963125839718e-05,-2.999999999997449e-05,1.963940615101618e-05,0.038,rescale,h3,False,4.399631258422687e-06,2.0059235793799293e-05,0.219331947819403
blend150fx_rescale,blend159av,-3.2339834994732364e-05,-4.000000000004e-05,1.9303793728467776e-05,0.044,rescale,ens4,False,-7.660165005307633e-06,1.9730765798060106e-05,-0.38823455124386336
blend150fx_rescale,blend159av_h3,-3.663524033470367e-05,-2.999999999997449e-05,1.9526151065069405e-05,0.028,rescale,h3,False,6.6352403347291755e-06,1.9948364396174882e-05,0.33262077045281413
blend150fx_rescale,blend159av_w,-3.564155059976315e-05,-2.999999999997449e-05,2.0564070628008943e-05,0.036,rescale,w,False,5.641550599788658e-06,2.096539213705307e-05,0.2690887231161346
blend150fx_rescale,blend159av_wh3,-3.672004374422056e-05,-2.999999999997449e-05,2.052312537683061e-05,0.034,rescale,wh3,False,6.720043744246069e-06,2.092523218269693e-05,0.32114548051719455
blend150fx_rescale,blend160orig,-2.977073620624715e-05,-4.000000000004e-05,1.9525292716128856e-05,0.056,rescale,ens4,False,-1.0229263793792846e-05,1.994752421522985e-05,-0.5128086916161179
blend150fx_rescale,blend160orig_h3,-3.379424492799821e-05,-2.999999999997449e-05,1.9715680547604185e-05,0.042,rescale,h3,False,3.7942449280237156e-06,2.013391979029033e-05,0.18845038460188496
blend150fx_rescale,blend160origm,-3.170756448156453e-05,-4.000000000004e-05,1.947914813660369e-05,0.05,rescale,ens4,False,-8.292435518475465e-06,1.9902358623902283e-05,-0.41665591878725555
blend150fx_rescale,blend160origm_h3,-3.611810293291384e-05,-2.999999999997449e-05,1.960735841831951e-05,0.036,rescale,h3,False,6.118102932939351e-06,2.0027859865974487e-05,0.3054796155895544
blend150fx_rescale,blendtop3,-3.692352727213688e-05,-2.999999999997449e-05,1.9300815840403303e-05,0.032,rescale,h3,False,6.923527272162389e-06,1.9727852360858485e-05,0.35095190016218786
blend150fx_rescale,stack_pub149_hybrid,-5.7732387138687e-06,2.999999999997449e-05,2.2608266160545505e-05,0.4,rescale,hybrid,False,3.577323871384319e-05,2.2973906186209033e-05,1.557124784261435
blend150fx_rescale,stack_pub151_fixed_rankraw,-1.196504456690839e-05,-9.99999999995449e-06,2.715345393816194e-05,0.326,rescale,rankraw,False,1.9650445669538996e-06,2.745863666387224e-05,0.07156380671802762
blend150fx_rescale,stack_pub151_hybrid,-1.175767404693051e-05,2.999999999997449e-05,2.1511279417079143e-05,0.284,rescale,hybrid,False,4.1757674046905e-05,2.189524626091973e-05,1.9071570855741968
blend150fx_rescale,stack_pub151_rankraw,-1.0528958300004554e-05,0.0,2.595383722469069e-05,0.342,rescale,rankraw,False,1.0528958300004554e-05,2.6272958214719687e-05,0.4007526755820591
blend150fx_rescale,stack_pub86_hybrid,0.0003347365028665,0.0002199999999999,6.228855644884238e-05,0.0,rescale,hybrid,False,-0.0001147365028666,6.242219902524494e-05,-1.83807210669073
blend150fx_rescale,stack_pub88_mine_logit,0.0003525903607315,0.00021,6.227362728799526e-05,0.0,rescale,logit,False,-0.0001425903607315,6.240730183456751e-05,-2.2848345712731803
blend150fx_rescale,w16e_aonly,-4.189358453243752e-05,-6.0000000000060005e-05,2.0192981197002377e-05,0.018,rescale,h3+corr,False,-1.8106415467622483e-05,2.0601532862608992e-05,-0.8788868084901074
blend150fx_rescale,w16h_h3av6,-3.619213338645899e-05,-2.999999999997449e-05,1.919390337233689e-05,0.032,rescale,h3+corr,False,6.1921333864845e-06,1.9623266632578587e-05,0.31555059116428186
blend150fx_rescale,w16i_schemeavg,-4.312937907047232e-05,-4.999999999999449e-05,1.989639723175843e-05,0.018,rescale,h3+corr,False,-6.870620929522175e-06,2.0310915525169985e-05,-0.33827234035845727
blend150fx_rescale,w16l_maskw_h3,-3.320333586698254e-05,-2.999999999997449e-05,2.068329445824643e-05,0.054,rescale,h3+corr,False,3.2033358670080503e-06,2.108234655614014e-05,0.1519439906026539
blend150fx_rescale,w16n_finegrid,-4.315959713552253e-05,-4.999999999999449e-05,1.9864305764033547e-05,0.018,rescale,h3+corr,False,-6.840402864471962e-06,2.0279480026708846e-05,-0.3373066200643651
blend150fx_rescale,w16q_ens4avg,-3.898024337356532e-05,-6.0000000000060005e-05,1.9696038731458866e-05,0.024,rescale,ens4+corr,False,-2.1019756626494683e-05,2.01146863852707e-05,-1.0449954935358443
blend150fx_rescale,w16t_cellens4,-3.883578529195741e-05,-6.0000000000060005e-05,2.01173950497861e-05,0.022,rescale,ens4+corr,False,-2.1164214708102598e-05,2.0527451138800086e-05,-1.0310200991344185
blend150sx,blend150sx_hybrid,1.695657669731343e-05,2.999999999997449e-05,1.443194733412842e-05,0.126,ens4,hybrid,False,1.3043423302661061e-05,1.4998258916345025e-05,0.8696624971880174
blend150sx,blend150sx_logit,7.766489774496677e-05,0.0,2.2518993369066133e-05,0.0,ens4,logit,False,-7.766489774496677e-05,2.2886059709410685e-05,-3.3935460595268467
blend150sx,blend150sx_rankraw,1.1191238827756855e-05,2.000000000002e-05,1.825132069217611e-05,0.252,ens4,rankraw,False,8.808761172263143e-06,1.8702336048614955e-05,0.470997908997336
blend150sx,blend153,-1.2804797236976029e-06,0.0,5.392363976398085e-06,0.356,ens4,ens4,True,1.2804797236976029e-06,6.763450001339734e-06,0.18932345525493052
blend150sx,blend156,-8.556583837249221e-06,-2.000000000002e-05,1.0551611494045523e-05,0.196,ens4,ens4,True,-1.1443416162770777e-05,1.131384867266397e-05,-1.0114521144709903
blend150sx,blend156_h3,-1.3070350852406598e-05,-9.99999999995449e-06,1.2223635635239343e-05,0.14,ens4,h3,False,3.0703508524521084e-06,1.2887355617416625e-05,0.23824521830550566
blend150sx,blend156_rankraw,-3.0303213525151307e-06,0.0,2.026236822638971e-05,0.438,ens4,rankraw,False,3.0303213525151307e-06,2.066954844229728e-05,0.1466080094093401
blend150sx,blend156_rescale,7.93327979276004e-06,-9.99999999995449e-06,1.6765224686484512e-05,0.346,ens4,rescale,False,-1.793327979271453e-05,1.7255127511988324e-05,-1.0393014934404308
blend150sx,blend156w,-1.3609201621189726e-05,-9.99999999995449e-06,1.259456462316678e-05,0.146,ens4,w,False,3.6092016212352362e-06,1.3239702591591355e-05,0.2726044332391175
blend150sx,blend156w2,-1.3417815468153016e-05,-9.99999999995449e-06,1.2574757839356412e-05,0.146,ens4,w2,False,3.4178154681985262e-06,1.3220862354064587e-05,0.2585168332191101
blend150sx,blend158,-1.0178565754026536e-05,-2.000000000002e-05,1.0965732842264707e-05,0.158,ens4,ens4,True,-9.821434245993462e-06,1.1701024033587381e-05,-0.8393653596301809
blend150sx,blend158_h3,-1.527083999119938e-05,-9.99999999995449e-06,1.2579396909780592e-05,0.098,ens4,h3,False,5.270839991244891e-06,1.3225274790357445e-05,0.39854294710669175
blend150sx,blend158_hybrid,4.714769160418797e-06,1.0000000000065512e-05,1.7756553522578193e-05,0.414,ens4,hybrid,False,5.285230839646715e-06,1.8219820516867083e-05,0.29008138882344575
blend150sx,blend158_logit,7.165822130716926e-05,-2.000000000002e-05,2.5616351153290324e-05,0.006,ens4,logit,False,-9.165822130718926e-05,2.5939624381924754e-05,-3.533521532835245
blend150sx,blend158_rankraw,-3.3718286200912218e-06,0.0,2.0464289126173414e-05,0.444,ens4,rankraw,False,3.3718286200912218e-06,2.086752970780888e-05,0.16158254797305707
blend150sx,blend158_rescale,5.675084552181353e-06,-9.99999999995449e-06,1.693903709939036e-05,0.392,ens4,rescale,False,-1.5675084552135843e-05,1.7424053619097644e-05,-0.8996232963238334
blend150sx,blend159,-1.0329828609045856e-05,-2.000000000002e-05,1.119573126376201e-05,0.154,ens4,ens4,True,-9.670171390974142e-06,1.1916839564122895e-05,-0.8114711403925733
blend150sx,blend159_h3,-1.3888415527518738e-05,-9.99999999995449e-06,1.3057199674288204e-05,0.124,ens4,h3,False,3.8884155275642485e-06,1.3680538366632312e-05,0.28422971548022824
blend150sx,blend159av,-1.1828619263853923e-05,-2.000000000002e-05,1.1457878861412962e-05,0.12,ens4,ens4,True,-8.171380736166075e-06,1.2163455704259405e-05,-0.6717976317622152
blend150sx,blend159av_h3,-1.6124024603825227e-05,-9.99999999995449e-06,1.3266938536398615e-05,0.098,ens4,h3,False,6.124024603870737e-06,1.3880861817453746e-05,0.441184753829219
blend150sx,blend159av_w,-1.513033486888471e-05,-9.99999999995449e-06,1.3213170386370817e-05,0.106,ens4,w,False,5.13033486893022e-06,1.3829480768486334e-05,0.3709708957852469
blend150sx,blend159av_wh3,-1.6208828013342114e-05,-9.99999999995449e-06,1.3814775286835802e-05,0.102,ens4,wh3,False,6.208828013387624e-06,1.4405369932509054e-05,0.4310078840374634
blend150sx,blend160orig,-9.25952047536871e-06,-2.000000000002e-05,1.1526472350224634e-05,0.198,ens4,ens4,True,-1.0740479524651288e-05,1.2228091899685728e-05,-0.8783446847440955
blend150sx,blend160orig_h3,-1.3283029197119768e-05,-9.99999999995449e-06,1.3302024481618942e-05,0.132,ens4,h3,False,3.2830291971652787e-06,1.3914399806540574e-05,0.23594472221662519
blend150sx,blend160origm,-1.1196348750686091e-05,-2.000000000002e-05,1.11841531023917e-05,0.118,ens4,ens4,True,-8.803651249333907e-06,1.1905962677768e-05,-0.739432122172948
blend150sx,blend160origm_h3,-1.5606887202035402e-05,-9.99999999995449e-06,1.3025784717830735e-05,0.09,ens4,h3,False,5.606887202080912e-06,1.365055801723649e-05,0.4107441758059359
blend150sx,blendtop3,-1.641231154125844e-05,-9.99999999995449e-06,1.2668823360288575e-05,0.076,ens4,h3,False,6.41231154130395e-06,1.3310362579616685e-05,0.48175333338579973
blend150sx,stack_pub149_hybrid,1.473797701700974e-05,4.999999999999449e-05,1.7279875619945032e-05,0.192,ens4,hybrid,False,3.526202298298475e-05,1.7755584138727662e-05,1.9859680598214087
blend150sx,stack_pub151_fixed_rankraw,8.546171163970051e-06,1.0000000000065512e-05,2.0363128096786035e-05,0.342,ens4,rankraw,False,1.453828836095461e-06,2.076833292666466e-05,0.07000219233912976
blend150sx,stack_pub151_hybrid,8.75354168394793e-06,4.999999999999449e-05,1.5389881126928617e-05,0.284,ens4,hybrid,False,4.1246458316046564e-05,1.592215776104672e-05,2.590506822948037
blend150sx,stack_pub151_rankraw,9.982257430873888e-06,2.000000000002e-05,1.8754883523982383e-05,0.304,ens4,rankraw,False,1.001774256914611e-05,1.9194069986972865e-05,0.5219186225717222
blend150sx,stack_pub86_hybrid,0.0003552477185974,0.00024,5.907022995659571e-05,0.0,ens4,hybrid,False,-0.0001152477185974,5.921113690676581e-05,-1.946385842563194
blend150sx,stack_pub88_mine_logit,0.0003731015764624,0.00023,6.0223012289292186e-05,0.0,ens4,logit,False,-0.00014310157646239997,6.0361228250118506e-05,-2.37075322373214
blend150sx,w16e_aonly,-2.138236880155908e-05,-4.000000000004e-05,1.560008133181804e-05,0.07,ens4,h3+corr,False,-1.861763119848092e-05,1.6125421055774152e-05,-1.1545516321147076
blend150sx,w16h_h3av6,-1.568091765558055e-05,-9.99999999995449e-06,1.2483959386079822e-05,0.088,ens4,h3+corr,False,5.680917655626061e-06,1.3134531153412259e-05,0.43251773430452434
blend150sx,w16i_schemeavg,-2.261816333959388e-05,-2.999999999997449e-05,1.5006588470450818e-05,0.048,ens4,h3+corr,False,-7.381836660380611e-06,1.5551989074974755e-05,-0.474655468493029
blend150sx,w16l_maskw_h3,-1.26921201361041e-05,-9.99999999995449e-06,1.427108407872363e-05,0.16,ens4,h3+corr,False,2.69212013614961e-06,1.4843534196702135e-05,0.18136651962224282
blend150sx,w16n_finegrid,-2.264838140464409e-05,-2.999999999997449e-05,1.497868730533761e-05,0.048,ens4,h3+corr,False,-7.3516185953304e-06,1.5525068117652453e-05,-0.4735321313644606
blend150sx,w16q_ens4avg,-1.8469027642686875e-05,-4.000000000004e-05,1.345011292165016e-05,0.064,ens4,ens4+corr,False,-2.1530972357353122e-05,1.405603800051093e-05,-1.5317952581353638
blend150sx,w16t_cellens4,-1.832456956107897e-05,-4.000000000004e-05,1.486661907803595e-05,0.09,ens4,ens4+corr,False,-2.1675430438961026e-05,1.541697212419122e-05,-1.4059460096544818
blend150sx_hybrid,blend150sx_logit,6.0708321047653335e-05,-2.999999999997449e-05,3.275481975822077e-05,0.036,hybrid,logit,False,-9.070832104762783e-05,3.300825478664688e-05,-2.748049590441324
blend150sx_hybrid,blend150sx_rankraw,-5.765337869556575e-06,-9.99999999995449e-06,2.2688707346752565e-05,0.404,hybrid,rankraw,False,-4.234662130397915e-06,2.3053071546612843e-05,-0.1836918833933046
blend150sx_hybrid,blend153,-1.8237056421011036e-05,-2.999999999997449e-05,1.5634861680770746e-05,0.122,hybrid,ens4,False,-1.1762943578963455e-05,1.6159070717200913e-05,-0.727946785110737
blend150sx_hybrid,blend156,-2.551316053456265e-05,-4.999999999999449e-05,1.7950546571205134e-05,0.074,hybrid,ens4,False,-2.4486839465431842e-05,1.8408932312105204e-05,-1.330160763822787
blend150sx_hybrid,blend156_h3,-3.002692754972003e-05,-3.999999999992898e-05,1.55613677923175e-05,0.02,hybrid,h3,False,-9.973072450208953e-06,1.6087971725312148e-05,-0.6199086261767687
blend150sx_hybrid,blend156_rankraw,-1.998689804982856e-05,-2.999999999997449e-05,2.4006454405337892e-05,0.186,hybrid,rankraw,False,-1.001310195014593e-05,2.4351109210511004e-05,-0.41119695466783246
blend150sx_hybrid,blend156_rescale,-9.02329690455339e-06,-3.999999999992898e-05,2.39293135826373e-05,0.35,hybrid,rescale,False,-3.097670309537559e-05,2.4275063649820915e-05,-1.2760709319748422
blend150sx_hybrid,blend156w,-3.056577831850316e-05,-3.999999999992898e-05,1.7800804318603916e-05,0.034,hybrid,w,False,-9.434221681425818e-06,1.8262948859806142e-05,-0.5165771285813019
blend150sx_hybrid,blend156w2,-3.037439216546645e-05,-3.999999999992898e-05,1.7769178014062118e-05,0.038,hybrid,w2,False,-9.625607834462532e-06,1.8232124230656592e-05,-0.5279476879757903
blend150sx_hybrid,blend158,-2.7135142451339966e-05,-4.999999999999449e-05,1.8101428763083013e-05,0.062,hybrid,ens4,False,-2.2864857548654527e-05,1.8556087678485345e-05,-1.2322024957429436
blend150sx_hybrid,blend158_h3,-3.222741668851281e-05,-3.999999999992898e-05,1.5608432015971815e-05,0.016,hybrid,h3,False,-7.77258331141617e-06,1.6133499826878254e-05,-0.481766721097125
blend150sx_hybrid,blend158_hybrid,-1.2241807536894632e-05,-1.999999999990898e-05,1.0965041220072227e-05,0.106,hybrid,hybrid,True,-7.758192463014348e-06,1.170037587535331e-05,-0.6630720709884953
blend150sx_hybrid,blend158_logit,5.470164460985583e-05,-4.999999999999449e-05,3.5042688085313e-05,0.064,hybrid,logit,False,-0.00010470164460985032,3.52796918199579e-05,-2.967759614913078
blend150sx_hybrid,blend158_rankraw,-2.032840531740465e-05,-2.999999999997449e-05,2.403808045129392e-05,0.186,hybrid,rankraw,False,-9.671594682569843e-06,2.4382288211928462e-05,-0.39666476741252865
blend150sx_hybrid,blend158_rescale,-1.1281492145132075e-05,-3.999999999992898e-05,2.4019538602587543e-05,0.274,hybrid,rescale,False,-2.8718507854796904e-05,2.43640083185805e-05,-1.1787267299894808
blend150sx_hybrid,blend159,-2.7286405306359285e-05,-4.999999999999449e-05,1.833406153584076e-05,0.068,hybrid,ens4,False,-2.271359469363521e-05,1.8783090242733282e-05,-1.2092576035204081
blend150sx_hybrid,blend159_h3,-3.084499222483217e-05,-3.999999999992898e-05,1.611359585445129e-05,0.022,hybrid,h3,False,-9.155007775096813e-06,1.6622714520416227e-05,-0.550752872754478
blend150sx_hybrid,blend159av,-2.8785195961167357e-05,-4.999999999999449e-05,1.824049225283057e-05,0.056,hybrid,ens4,False,-2.1214804038827136e-05,1.8691768891473024e-05,-1.134981079747091
blend150sx_hybrid,blend159av_h3,-3.308060130113866e-05,-3.999999999992898e-05,1.5905181083436512e-05,0.016,hybrid,h3,False,-6.9193986987903244e-06,1.6420762831353886e-05,-0.4213810752797909
blend150sx_hybrid,blend159av_w,-3.208691156619814e-05,-3.999999999992898e-05,1.685148588243456e-05,0.032,hybrid,w,False,-7.913088433730842e-06,1.7338951615151302e-05,-0.4563764066805599
blend150sx_hybrid,blend159av_wh3,-3.3165404710655544e-05,-3.999999999992898e-05,1.6613263799895175e-05,0.024,hybrid,wh3,False,-6.834595289273437e-06,1.7107518836803138e-05,-0.39950827203359723
blend150sx_hybrid,blend160orig,-2.621609717268214e-05,-4.999999999999449e-05,1.8309239430497e-05,0.072,hybrid,ens4,False,-2.3783902827312353e-05,1.8758862310650204e-05,-1.2678755477515937
blend150sx_hybrid,blend160orig_h3,-3.02396058944332e-05,-3.999999999992898e-05,1.605958289524338e-05,0.028,hybrid,h3,False,-9.760394105495781e-06,1.657036117397145e-05,-0.5890272398423824
blend150sx_hybrid,blend160origm,-2.815292544799952e-05,-4.999999999999449e-05,1.8511113818597094e-05,0.064,hybrid,ens4,False,-2.184707455199497e-05,1.895594897312511e-05,-1.152518113599523
blend150sx_hybrid,blend160origm_h3,-3.256346389934883e-05,-3.999999999992898e-05,1.644547710145816e-05,0.02,hybrid,h3,False,-7.436536100580149e-06,1.6944626987964395e-05,-0.4388728123588822
blend150sx_hybrid,blendtop3,-3.336888823857187e-05,-3.999999999992898e-05,1.5766292904309193e-05,0.016,hybrid,h3,False,-6.631111761357111e-06,1.6286272090663876e-05,-0.4071595835095008
blend150sx_hybrid,stack_pub149_hybrid,-2.21859968030369e-06,2.000000000002e-05,1.2487070991301656e-05,0.408,hybrid,hybrid,True,2.221859968032369e-05,1.3137488672058827e-05,1.6912364482246
blend150sx_hybrid,stack_pub151_fixed_rankraw,-8.410405533343379e-06,-1.999999999990898e-05,2.403772280519889e-05,0.366,hybrid,rankraw,False,-1.15895944665656e-05,2.4381935614840867e-05,-0.47533529124370305
blend150sx_hybrid,stack_pub151_hybrid,-8.2030350133655e-06,2.000000000002e-05,1.0490089960969414e-05,0.214,hybrid,hybrid,True,2.82030350133855e-05,1.1256493861584874e-05,2.5054901961643865
blend150sx_hybrid,stack_pub151_rankraw,-6.974319266439544e-06,-9.99999999995449e-06,2.28749781323006e-05,0.372,hybrid,rankraw,False,-3.025680733514946e-06,2.323642165265335e-05,-0.13021285199347576
blend150sx_hybrid,stack_pub86_hybrid,0.0003382911419,0.00021,6.039197870823034e-05,0.0,hybrid,hybrid,True,-0.0001282911419,6.052980884623719e-05,-2.1194704616678326
blend150sx_hybrid,stack_pub88_mine_logit,0.0003561449997651,0.0002,6.531354209972591e-05,0.0,hybrid,logit,False,-0.00015614499976509999,6.544100739046836e-05,-2.386042116274678
blend150sx_hybrid,w16e_aonly,-3.833894549887251e-05,-7.00000000000145e-05,1.7922646212863895e-05,0.01,hybrid,h3+corr,False,-3.166105450114198e-05,1.8381727719073395e-05,-1.7224199479513336
blend150sx_hybrid,w16h_h3av6,-3.263749435289398e-05,-3.999999999992898e-05,1.5585797554503598e-05,0.016,hybrid,h3+corr,False,-7.362505647035e-06,1.6111603026286273e-05,-0.45696915663965804
blend150sx_hybrid,w16i_schemeavg,-3.957474003690731e-05,-5.999999999994898e-05,1.7430264026764164e-05,0.006,hybrid,h3+corr,False,-2.0425259963041675e-05,1.7901976726310857e-05,-1.1409499786145014
blend150sx_hybrid,w16l_maskw_h3,-2.964869683341753e-05,-3.999999999992898e-05,1.7054346461255447e-05,0.04,hybrid,h3+corr,False,-1.035130316651145e-05,1.7536174037891015e-05,-0.5902828715171868
blend150sx_hybrid,w16n_finegrid,-3.960495810195752e-05,-5.999999999994898e-05,1.739589780017394e-05,0.004,hybrid,h3+corr,False,-2.039504189799146e-05,1.786851776003715e-05,-1.1413952836986216
blend150sx_hybrid,w16q_ens4avg,-3.5425604340000305e-05,-7.00000000000145e-05,1.9510784654177043e-05,0.03,hybrid,ens4+corr,False,-3.457439566001419e-05,1.993332346821114e-05,-1.7345023129310093
blend150sx_hybrid,w16t_cellens4,-3.5281146258392404e-05,-7.00000000000145e-05,2.035003166981597e-05,0.038,hybrid,ens4+corr,False,-3.471885374162209e-05,2.0755492179882886e-05,-1.6727550202482355
blend150sx_logit,blend150sx_rankraw,-6.647365891720991e-05,2.000000000002e-05,3.68802564675372e-05,0.038,logit,rankraw,False,8.647365891722991e-05,3.7105524976450425e-05,2.3304793281354113
blend150sx_logit,blend153,-7.894537746866437e-05,0.0,2.2864308344918192e-05,0.0,logit,ens4,False,7.894537746866437e-05,2.322591790991612e-05,3.399020773898424
blend150sx_logit,blend156,-8.622148158221599e-05,-2.000000000002e-05,2.412921737827513e-05,0.0,logit,ens4,False,6.622148158219598e-05,2.447214330529145e-05,2.705994352684154
blend150sx_logit,blend156_h3,-9.073524859737336e-05,-9.99999999995449e-06,3.0663984202963723e-05,0.0,logit,h3,False,8.073524859741887e-05,3.093455339690999e-05,2.609872771122127
blend150sx_logit,blend156_rankraw,-8.06952190974819e-05,0.0,3.7078252951008345e-05,0.02,logit,rankraw,False,8.06952190974819e-05,3.730232577957607e-05,2.1632758121925066
blend150sx_logit,blend156_rescale,-6.973161795220673e-05,-9.99999999995449e-06,2.9522868414193203e-05,0.006,logit,rescale,False,5.9731617952252236e-05,2.9803798852972307e-05,2.0041612227662466
blend150sx_logit,blend156w,-9.127409936615648e-05,-9.99999999995449e-06,3.012839968616885e-05,0.0,logit,w,False,8.127409936620199e-05,3.0403735532269813e-05,2.6731616343636313
blend150sx_logit,blend156w2,-9.108271321311978e-05,-9.99999999995449e-06,3.0137944875911545e-05,0.0,logit,w2,False,8.108271321316529e-05,3.041319430790113e-05,2.6660373912812108
blend150sx_logit,blend158,-8.78434634989933e-05,-2.000000000002e-05,2.4167718291279934e-05,0.0,logit,ens4,False,6.78434634989733e-05,2.451010555002433e-05,2.7679792467848414
blend150sx_logit,blend158_h3,-9.293573773616616e-05,-9.99999999995449e-06,3.074276388377384e-05,0.0,logit,h3,False,8.293573773621167e-05,3.10126457736217e-05,2.6742554744153426
blend150sx_logit,blend158_hybrid,-7.295012858454797e-05,1.0000000000065512e-05,3.3596056300694624e-05,0.02,logit,hybrid,False,8.295012858461348e-05,3.384319230844085e-05,2.451013717282363
blend150sx_logit,blend158_logit,-6.006676437797509e-06,-2.000000000002e-05,1.1935330206362084e-05,0.29,logit,logit,True,-1.399332356222249e-05,1.2614229021290437e-05,-1.109328484412674
blend150sx_logit,blend158_rankraw,-8.103672636505799e-05,0.0,3.715811766002238e-05,0.016,logit,rankraw,False,8.103672636505799e-05,3.738171176795859e-05,2.167817430835736
blend150sx_logit,blend158_rescale,-7.198981319278541e-05,-9.99999999995449e-06,2.9619436072408088e-05,0.008,logit,rescale,False,6.198981319283092e-05,2.9899459190997688e-05,2.073275399292011
blend150sx_logit,blend159,-8.799472635401262e-05,-2.000000000002e-05,2.437508737026081e-05,0.0,logit,ens4,False,6.799472635399262e-05,2.4714601978881125e-05,2.751196495581632
blend150sx_logit,blend159_h3,-9.15533132724855e-05,-9.99999999995449e-06,3.1064368593618754e-05,0.0,logit,h3,False,8.155331327253101e-05,3.133148037975343e-05,2.6029192455659134
blend150sx_logit,blend159av,-8.949351700882069e-05,-2.000000000002e-05,2.461116046546568e-05,0.0,logit,ens4,False,6.949351700880069e-05,2.4947462518732593e-05,2.7855946053278675
blend150sx_logit,blend159av_h3,-9.3788922348792e-05,-9.99999999995449e-06,3.122197419605036e-05,0.0,logit,h3,False,8.378892234883752e-05,3.1487749036180735e-05,2.66100070387885
blend150sx_logit,blend159av_w,-9.279523261385147e-05,-9.99999999995449e-06,3.042806668253396e-05,0.0,logit,w,False,8.279523261389699e-05,3.070071511713367e-05,2.696850294789715
blend150sx_logit,blend159av_wh3,-9.387372575830888e-05,-9.99999999995449e-06,3.1809667743120786e-05,0.0,logit,wh3,False,8.387372575835439e-05,3.207057262654357e-05,2.6152861919570265
blend150sx_logit,blend160orig,-8.692441822033548e-05,-2.000000000002e-05,2.4572097542718417e-05,0.0,logit,ens4,False,6.692441822031547e-05,2.4908927000485894e-05,2.6867643965157546
blend150sx_logit,blend160orig_h3,-9.094792694208652e-05,-9.99999999995449e-06,3.113769606322952e-05,0.0,logit,h3,False,8.094792694213203e-05,3.1404184160597545e-05,2.5776159803474985
blend150sx_logit,blend160origm,-8.886124649565286e-05,-2.000000000002e-05,2.4499599446216125e-05,0.0,logit,ens4,False,6.886124649563286e-05,2.4837412097311993e-05,2.7724807329297123
blend150sx_logit,blend160origm_h3,-9.327178494700215e-05,-9.99999999995449e-06,3.115627806082489e-05,0.0,logit,h3,False,8.327178494704766e-05,3.142260856883313e-05,2.6500595825657114
blend150sx_logit,blendtop3,-9.40772092862252e-05,-9.99999999995449e-06,3.090446115273935e-05,0.0,logit,h3,False,8.407720928627072e-05,3.117294316884182e-05,2.6971213090430326
blend150sx_logit,stack_pub149_hybrid,-6.292692072795703e-05,4.999999999999449e-05,3.393109777422676e-05,0.038,logit,hybrid,False,0.00011292692072795152,3.417581107787792e-05,3.304293802146202
blend150sx_logit,stack_pub151_fixed_rankraw,-6.911872658099671e-05,1.0000000000065512e-05,3.75976320723063e-05,0.036,logit,rankraw,False,7.911872658106223e-05,3.7818627739662656e-05,2.0920570446316242
blend150sx_logit,stack_pub151_hybrid,-6.891135606101884e-05,4.999999999999449e-05,3.2735347326992245e-05,0.024,logit,hybrid,False,0.00011891135606101333,3.298893195126943e-05,3.6045833868361283
blend150sx_logit,stack_pub151_rankraw,-6.768264031409288e-05,2.000000000002e-05,3.6612739216155445e-05,0.042,logit,rankraw,False,8.768264031411288e-05,3.6839643586452805e-05,2.380116412047938
blend150sx_logit,stack_pub86_hybrid,0.0002775828208524,0.00024,6.169606429385102e-05,0.0,logit,hybrid,False,-3.75828208524e-05,6.183098750640867e-05,-0.6078314833400422
blend150sx_logit,stack_pub88_mine_logit,0.0002954366787174,0.00023,5.772185299317703e-05,0.0,logit,logit,True,-6.543667871739998e-05,5.7866043407447576e-05,-1.1308303603314622
blend150sx_logit,w16e_aonly,-9.904726654652583e-05,-4.000000000004e-05,3.22113699465392e-05,0.002,logit,h3+corr,False,5.904726654648584e-05,3.246904711412818e-05,1.8185709712679783
blend150sx_logit,w16h_h3av6,-9.334581540054732e-05,-9.99999999995449e-06,3.0813139367518067e-05,0.0,logit,h3+corr,False,8.334581540059283e-05,3.1082410208166905e-05,2.6814463499582057
blend150sx_logit,w16i_schemeavg,-0.0001002830610845,-2.999999999997449e-05,3.184413083498041e-05,0.0,logit,h3+corr,False,7.02830610845255e-05,3.210475564931178e-05,2.1891791313487894
blend150sx_logit,w16l_maskw_h3,-9.035701788107088e-05,-9.99999999995449e-06,3.211303352551361e-05,0.002,logit,h3+corr,False,8.035701788111639e-05,3.237149346071985e-05,2.482338912741948
blend150sx_logit,w16n_finegrid,-0.0001003132791496,-2.999999999997449e-05,3.1845828892773014e-05,0.0,logit,h3+corr,False,7.031327914962551e-05,3.210643992308152e-05,2.1900054729854013
blend150sx_logit,w16q_ens4avg,-9.613392538765364e-05,-4.000000000004e-05,2.5499855509364032e-05,0.0,logit,ens4+corr,False,5.6133925387613644e-05,2.582458707637181e-05,2.17366206946919
blend150sx_logit,w16t_cellens4,-9.598946730604574e-05,-4.000000000004e-05,2.651297451296479e-05,0.0,logit,ens4+corr,False,5.598946730600574e-05,2.6825444715638682e-05,2.087177599458958
blend150sx_rankraw,blend153,-1.2471718551454458e-05,-2.000000000002e-05,1.9048062175031743e-05,0.23,rankraw,ens4,False,-7.52828144856554e-06,1.9480640115010124e-05,-0.3864493879112775
blend150sx_rankraw,blend156,-1.974782266500608e-05,-4.000000000004e-05,2.1637153060006557e-05,0.164,rankraw,ens4,False,-2.0252177335033917e-05,2.2018925023915628e-05,-0.9197623096058152
blend150sx_rankraw,blend156_h3,-2.4261589680163453e-05,-2.999999999997449e-05,1.8448401513225764e-05,0.064,rankraw,h3,False,-5.738410319811038e-06,1.8894713151034004e-05,-0.30370454814218795
blend150sx_rankraw,blend156_rankraw,-1.4221560180271986e-05,-2.000000000002e-05,1.2387790005876286e-05,0.112,rankraw,rankraw,True,-5.778439819748012e-06,1.3043159429231671e-05,-0.44302454869927177
blend150sx_rankraw,blend156_rescale,-3.257959034996816e-06,-2.999999999997449e-05,2.800174790568657e-05,0.41,rankraw,rescale,False,-2.6742040964977676e-05,2.8297783525221348e-05,-0.9450224587781915
blend150sx_rankraw,blend156w,-2.480044044894658e-05,-2.999999999997449e-05,1.6122129529817474e-05,0.038,rankraw,w,False,-5.19955955102791e-06,1.6630986959374336e-05,-0.3126428734343448
blend150sx_rankraw,blend156w2,-2.460905429590987e-05,-2.999999999997449e-05,1.6217156424561327e-05,0.038,rankraw,w2,False,-5.39094570406462e-06,1.6723122590155145e-05,-0.3223647781687766
blend150sx_rankraw,blend158,-2.136980458178339e-05,-4.000000000004e-05,2.198898458394916e-05,0.152,rankraw,ens4,False,-1.8630195418256605e-05,2.2364751500962863e-05,-0.8330159813067686
blend150sx_rankraw,blend158_h3,-2.646207881895624e-05,-2.999999999997449e-05,1.89004493704426e-05,0.06,rankraw,h3,False,-3.537921181018252e-06,1.933632987594416e-05,-0.1829675643576856
blend150sx_rankraw,blend158_hybrid,-6.476469667338058e-06,-9.99999999995449e-06,2.5377938916166703e-05,0.374,rankraw,hybrid,False,-3.5235303326164313e-06,2.5704210750368413e-05,-0.13707988807109858
blend150sx_rankraw,blend158_logit,6.04669824794124e-05,-4.000000000004e-05,3.8909720082672414e-05,0.07,rankraw,logit,False,-0.0001004669824794524,3.912330486524097e-05,-2.5679574572114463
blend150sx_rankraw,blend158_rankraw,-1.4563067447848075e-05,-2.000000000002e-05,1.3307707012988051e-05,0.126,rankraw,rankraw,True,-5.436932552171923e-06,1.391983234849465e-05,-0.3905889392956587
blend150sx_rankraw,blend158_rescale,-5.516154275575502e-06,-2.999999999997449e-05,2.809055008809941e-05,0.396,rankraw,rescale,False,-2.448384572439899e-05,2.8385659599852324e-05,-0.8625427793309537
blend150sx_rankraw,blend159,-2.152106743680271e-05,-4.000000000004e-05,2.189658104252072e-05,0.148,rankraw,ens4,False,-1.8478932563237287e-05,2.227390688717057e-05,-0.8296224212861764
blend150sx_rankraw,blend159_h3,-2.5079654355275597e-05,-2.999999999997449e-05,1.8963954795087843e-05,0.07,rankraw,h3,False,-4.920345644698895e-06,1.9398408391844982e-05,-0.25364687376967426
blend150sx_rankraw,blend159av,-2.301985809161078e-05,-4.000000000004e-05,2.233601159605657e-05,0.13,rankraw,ens4,False,-1.6980141908429218e-05,2.2706036216958705e-05,-0.7478250164926221
blend150sx_rankraw,blend159av_h3,-2.731526343158208e-05,-2.999999999997449e-05,1.951852682348136e-05,0.066,rankraw,h3,False,-2.684736568392413e-06,1.994090158507453e-05,-0.13463466317901587
blend150sx_rankraw,blend159av_w,-2.6321573696641565e-05,-2.999999999997449e-05,1.8747187559911397e-05,0.066,rankraw,w,False,-3.6784263033329268e-06,1.9186550186866927e-05,-0.19171900458951638
blend150sx_rankraw,blend159av_wh3,-2.740006684109897e-05,-2.999999999997449e-05,1.8450520159097213e-05,0.056,rankraw,wh3,False,-2.5999331588755226e-06,1.8896781757958664e-05,-0.13758602878400295
blend150sx_rankraw,blend160orig,-2.0450759303125565e-05,-4.000000000004e-05,2.2283779871151903e-05,0.172,rankraw,ens4,False,-1.954924069691443e-05,2.2654657622939736e-05,-0.8629236875828655
blend150sx_rankraw,blend160orig_h3,-2.4474268024876625e-05,-2.999999999997449e-05,1.94175798718199e-05,0.096,rankraw,h3,False,-5.525731975097866e-06,1.9842103586695944e-05,-0.27848518938298705
blend150sx_rankraw,blend160origm,-2.2387587578442947e-05,-4.000000000004e-05,2.1607961870346666e-05,0.124,rankraw,ens4,False,-1.761241242159705e-05,2.1990240627537984e-05,-0.800919495148286
blend150sx_rankraw,blend160origm_h3,-2.6798126029792257e-05,-2.999999999997449e-05,1.8569711998578e-05,0.072,rankraw,h3,False,-3.201873970182234e-06,1.9013176230624866e-05,-0.1684028976192267
blend150sx_rankraw,blendtop3,-2.760355036901529e-05,-2.999999999997449e-05,1.8830046577668705e-05,0.058,rankraw,h3,False,-2.3964496309592e-06,1.9267519839975242e-05,-0.12437769110205724
blend150sx_rankraw,stack_pub149_hybrid,3.546738189252885e-06,2.999999999997449e-05,2.426181774578322e-05,0.444,rankraw,hybrid,False,2.6453261810721607e-05,2.4602895500250948e-05,1.075209290323238
blend150sx_rankraw,stack_pub151_fixed_rankraw,-2.645067663786804e-06,-9.99999999995449e-06,1.219323262588707e-05,0.384,rankraw,rankraw,True,-7.3549323361676855e-06,1.2858522019877072e-05,-0.5719889365821531
blend150sx_rankraw,stack_pub151_hybrid,-2.4376971438089257e-06,2.999999999997449e-05,2.2829674799951663e-05,0.438,rankraw,hybrid,False,3.243769714378342e-05,2.319182438141111e-05,1.3986694884505564
blend150sx_rankraw,stack_pub151_rankraw,-1.2089813968829688e-06,0.0,9.230153368601102e-06,0.426,rankraw,rankraw,True,1.2089813968829688e-06,1.009269031896674e-05,0.11978782254033737
blend150sx_rankraw,stack_pub86_hybrid,0.0003440564797696,0.0002199999999999,6.243506980610815e-05,0.0,rankraw,hybrid,False,-0.0001240564797697,6.256839943901606e-05,-1.9827337902516577
blend150sx_rankraw,stack_pub88_mine_logit,0.0003619103376346,0.00021,6.544410201485202e-05,0.0,rankraw,logit,False,-0.00015191033763459997,6.557131350824859e-05,-2.316719454087042
blend150sx_rankraw,w16e_aonly,-3.257360762931594e-05,-6.0000000000060005e-05,2.18853180862683e-05,0.062,rankraw,h3+corr,False,-2.7426392370744068e-05,2.226283482406967e-05,-1.2319362106164382
blend150sx_rankraw,w16h_h3av6,-2.687215648333741e-05,-2.999999999997449e-05,1.8713965827038475e-05,0.066,rankraw,h3+corr,False,-3.127843516637082e-06,1.9154090519840155e-05,-0.16329898375478621
blend150sx_rankraw,w16i_schemeavg,-3.380940216735073e-05,-4.999999999999449e-05,2.1546174603136077e-05,0.052,rankraw,h3+corr,False,-1.619059783264376e-05,2.192953047138704e-05,-0.7383011621597982
blend150sx_rankraw,w16l_maskw_h3,-2.388335896386096e-05,-2.999999999997449e-05,1.896911591498542e-05,0.084,rankraw,h3+corr,False,-6.1166410361135314e-06,1.9403453951882375e-05,-0.315234651072014
blend150sx_rankraw,w16n_finegrid,-3.3839620232400947e-05,-4.999999999999449e-05,2.152606597536056e-05,0.052,rankraw,h3+corr,False,-1.6160379767593547e-05,2.1909773687608967e-05,-0.7375877084815814
blend150sx_rankraw,w16q_ens4avg,-2.966026647044373e-05,-6.0000000000060005e-05,2.410116859505437e-05,0.088,rankraw,ens4+corr,False,-3.0339733529616275e-05,2.4444488014967743e-05,-1.2411687048237123
blend150sx_rankraw,w16t_cellens4,-2.951580838883583e-05,-6.0000000000060005e-05,2.528503588935243e-05,0.104,rankraw,ens4+corr,False,-3.0484191611224176e-05,2.561249122191176e-05,-1.1902079866852087
blend153,blend156,-7.276104113551618e-06,-2.000000000002e-05,9.388476773699932e-06,0.214,ens4,ens4,True,-1.272389588646838e-05,1.0237683468293487e-05,-1.2428491197129499
blend153,blend156_h3,-1.1789871128708995e-05,-9.99999999995449e-06,1.1402825231579404e-05,0.154,ens4,h3,False,1.7898711287545055e-06,1.21116097166566e-05,0.14778144033926136
blend153,blend156_rankraw,-1.7498416288175278e-06,0.0,1.9669794389262908e-05,0.476,ens4,rankraw,False,1.7498416288175278e-06,2.0088988973627948e-05,0.08710451437425012
blend153,blend156_rescale,9.213759516457642e-06,-9.99999999995449e-06,1.6015509098808234e-05,0.284,ens4,rescale,False,-1.9213759516412132e-05,1.6527649511067085e-05,-1.1625222027818536
blend153,blend156w,-1.2328721897492125e-05,-9.99999999995449e-06,1.171660370082976e-05,0.166,ens4,w,False,2.328721897537635e-06,1.240747633279888e-05,0.1876869908977148
blend153,blend156w2,-1.2137335744455411e-05,-9.99999999995449e-06,1.1685953253462838e-05,0.166,ens4,w2,False,2.1373357445009216e-06,1.237853667073719e-05,0.17266465345242096
blend153,blend158,-8.898086030328933e-06,-2.000000000002e-05,9.88052428751684e-06,0.166,ens4,ens4,True,-1.1101913969691065e-05,1.0690716854490013e-05,-1.0384630068121534
blend153,blend158_h3,-1.3990360267501778e-05,-9.99999999995449e-06,1.1806686042695812e-05,0.116,ens4,h3,False,3.990360267547288e-06,1.2492577875580956e-05,0.3194184825012924
blend153,blend158_hybrid,5.9952488841164e-06,1.0000000000065512e-05,1.76052305335607e-05,0.37,ens4,hybrid,False,4.004751115949112e-06,1.8072376955079394e-05,0.22159515186648115
blend153,blend158_logit,7.293870103086686e-05,-2.000000000002e-05,2.49360240973726e-05,0.002,ens4,logit,False,-9.293870103088686e-05,2.526800277923472e-05,-3.678118205181773
blend153,blend158_rankraw,-2.091348896393619e-06,0.0,1.9796939244426255e-05,0.474,ens4,rankraw,False,2.091348896393619e-06,2.0213497226214247e-05,0.10346299173214887
blend153,blend158_rescale,6.955564275878956e-06,-9.99999999995449e-06,1.6162442001704455e-05,0.336,ens4,rescale,False,-1.6955564275833446e-05,1.6670068929825306e-05,-1.0171262246850907
blend153,blend159,-9.049348885348252e-06,-2.000000000002e-05,1.001630878308156e-05,0.174,ens4,ens4,True,-1.0950651114671747e-05,1.081633525297286e-05,-1.0124178715394356
blend153,blend159_h3,-1.2607935803821135e-05,-9.99999999995449e-06,1.2206481670924673e-05,0.162,ens4,h3,False,2.6079358038666456e-06,1.2871086257549774e-05,0.20261971302825452
blend153,blend159av,-1.054813954015632e-05,-2.000000000002e-05,1.0490537950011291e-05,0.152,ens4,ens4,True,-9.451860459863678e-06,1.1256911350245848e-05,-0.8396495420262194
blend153,blend159av_h3,-1.4843544880127624e-05,-9.99999999995449e-06,1.2589147240272022e-05,0.108,ens4,h3,False,4.843544880173134e-06,1.3234549289791297e-05,0.3659773199763809
blend153,blend159av_w,-1.3849855145187108e-05,-9.99999999995449e-06,1.2444445680429588e-05,0.134,ens4,w,False,3.8498551452326185e-06,1.3096980375637329e-05,0.2939498292594239
blend153,blend159av_wh3,-1.492834828964451e-05,-9.99999999995449e-06,1.3085503487481282e-05,0.12,ens4,wh3,False,4.928348289690021e-06,1.3707555149900052e-05,0.3595351786511657
blend153,blend160orig,-7.979040751671107e-06,-2.000000000002e-05,1.0538268143602032e-05,0.222,ens4,ens4,True,-1.2020959248348891e-05,1.130140531673491e-05,-1.063669420877108
blend153,blend160orig_h3,-1.2002549473422164e-05,-9.99999999995449e-06,1.2605183767868458e-05,0.158,ens4,h3,False,2.002549473467674e-06,1.3249804696236135e-05,0.1511380370788814
blend153,blend160origm,-9.915869026988489e-06,-2.000000000002e-05,1.0246281663256932e-05,0.15,ens4,ens4,True,-1.008413097303151e-05,1.10296398213841e-05,-0.9142756369505872
blend153,blend160origm_h3,-1.43264074783378e-05,-9.99999999995449e-06,1.2356944516928282e-05,0.114,ens4,h3,False,4.3264074783833095e-06,1.3013867390637982e-05,0.3324459477353884
blend153,blendtop3,-1.5131831817560837e-05,-9.99999999995449e-06,1.1944246496552846e-05,0.092,ens4,h3,False,5.131831817606347e-06,1.2622665765878522e-05,0.40655689636326026
blend153,stack_pub149_hybrid,1.6018456740707343e-05,4.999999999999449e-05,1.7944130171170056e-05,0.188,ens4,hybrid,False,3.398154325928715e-05,1.840267573660315e-05,1.8465544764067892
blend153,stack_pub151_fixed_rankraw,9.826650887667654e-06,1.0000000000065512e-05,2.0530231789944224e-05,0.306,ens4,rankraw,False,1.733491123978581e-07,2.0932202082330066e-05,0.008281456089332851
blend153,stack_pub151_hybrid,1.0034021407645533e-05,4.999999999999449e-05,1.617431844905053e-05,0.266,ens4,hybrid,False,3.996597859234896e-05,1.6681583976288433e-05,2.395814369256389
blend153,stack_pub151_rankraw,1.126273715457149e-05,2.000000000002e-05,1.9020117667500724e-05,0.27,ens4,rankraw,False,8.737262845448509e-06,1.9453317011559745e-05,0.44914000220407474
blend153,stack_pub86_hybrid,0.0003565281983211,0.00024,5.920623020762128e-05,0.0,ens4,hybrid,False,-0.00011652819832109999,5.934681425371132e-05,-1.9635122758727148
blend153,stack_pub88_mine_logit,0.0003743820561861,0.00023,6.023281357104567e-05,0.0,ens4,logit,False,-0.00014438205618610002,6.0371007092403306e-05,-2.391579387852685
blend153,w16e_aonly,-2.010188907786148e-05,-4.000000000004e-05,1.507031459992849e-05,0.08,ens4,h3+corr,False,-1.9898110922178518e-05,1.561348932197683e-05,-1.274417941553324
blend153,w16h_h3av6,-1.4400437931882948e-05,-9.99999999995449e-06,1.1712945518291614e-05,0.1,ens4,h3+corr,False,4.400437931928458e-06,1.2404021903444634e-05,0.3547589617450162
blend153,w16i_schemeavg,-2.1337683615896275e-05,-2.999999999997449e-05,1.436416022712983e-05,0.06,ens4,h3+corr,False,-8.662316384078217e-06,1.4933042747455228e-05,-0.5800771169395053
blend153,w16l_maskw_h3,-1.14116404124065e-05,-9.99999999995449e-06,1.360712456224193e-05,0.194,ens4,h3+corr,False,1.4116404124520105e-06,1.4206354406357542e-05,0.09936683065011258
blend153,w16n_finegrid,-2.136790168094649e-05,-2.999999999997449e-05,1.4343172946523898e-05,0.056,ens4,h3+corr,False,-8.632098319028003e-06,1.4912856092665874e-05,-0.5788360234545051
blend153,w16q_ens4avg,-1.7188547918989272e-05,-4.000000000004e-05,1.2614021040219368e-05,0.072,ens4,ens4+corr,False,-2.2811452081050725e-05,1.325821230293751e-05,-1.7205526325744975
blend153,w16t_cellens4,-1.704408983738137e-05,-4.000000000004e-05,1.426900304642235e-05,0.11,ens4,ens4+corr,False,-2.2955910162658626e-05,1.4841533431740703e-05,-1.5467343902324937
blend156,blend156_h3,-4.513767015157377e-06,1.0000000000065512e-05,7.324941714399403e-06,0.278,ens4,h3,False,1.451376701522289e-05,8.385787845278172e-06,1.7307577156742915
blend156,blend156_rankraw,5.52626248473409e-06,2.000000000002e-05,1.8033352754760872e-05,0.36,ens4,rankraw,False,1.4473737515285908e-05,1.848968572594754e-05,0.7828006235375952
blend156,blend156_rescale,1.648986363000926e-05,1.0000000000065512e-05,1.3284461618474355e-05,0.122,ens4,rescale,False,-6.4898636299437484e-06,1.3897610843572538e-05,-0.466976928839911
blend156,blend156w,-5.052617783940505e-06,1.0000000000065512e-05,7.893313116529072e-06,0.268,ens4,w,False,1.5052617784006017e-05,8.886566188480034e-06,1.6938621133007765
blend156,blend156w2,-4.861231630903795e-06,1.0000000000065512e-05,7.86208562544984e-06,0.274,ens4,w2,False,1.4861231630969307e-05,8.8588406153724e-06,1.6775594320075238
blend156,blend158,-1.6219819167773153e-06,0.0,4.244806656037652e-06,0.322,ens4,ens4,True,1.6219819167773153e-06,5.889401515757627e-06,0.27540691739857703
blend156,blend158_h3,-6.71425615395016e-06,1.0000000000065512e-05,8.4913678343752e-06,0.204,ens4,h3,False,1.6714256154015672e-05,9.421782971674123e-06,1.7740013970037114
blend156,blend158_hybrid,1.3271352997668018e-05,3.0000000000085517e-05,1.5449252277461007e-05,0.184,ens4,hybrid,False,1.67286470024175e-05,1.5979551389175506e-05,1.046878388197395
blend156,blend158_logit,8.021480514441848e-05,0.0,2.260844215906541e-05,0.0,ens4,logit,False,-8.021480514441848e-05,2.2974079383654812e-05,-3.4915351255157705
blend156,blend158_rankraw,5.184755217157999e-06,2.000000000002e-05,1.836402462646324e-05,0.382,ens4,rankraw,False,1.4815244782862e-05,1.8812338162706278e-05,0.7875280921874908
blend156,blend158_rescale,1.4231668389430574e-05,1.0000000000065512e-05,1.3754427372131285e-05,0.198,ens4,rescale,False,-4.231668389365062e-06,1.4347506368770184e-05,-0.2949410357869585
blend156,blend159,-1.7732447717966338e-06,0.0,4.526093577409395e-06,0.34,ens4,ens4,True,1.7732447717966338e-06,6.095259612037312e-06,0.2909219433893702
blend156,blend159_h3,-5.331831690269517e-06,1.0000000000065512e-05,8.962478086620541e-06,0.27,ens4,h3,False,1.533183169033503e-05,9.84848618417166e-06,1.5567703912684692
blend156,blend159av,-3.2720354266047025e-06,0.0,5.400527542762167e-06,0.244,ens4,ens4,True,3.2720354266047025e-06,6.769960443518075e-06,0.4833167717748669
blend156,blend159av_h3,-7.567440766576006e-06,1.0000000000065512e-05,9.552200971770929e-06,0.214,ens4,h3,False,1.7567440766641518e-05,1.038803205962362e-05,1.6911230795025118
blend156,blend159av_w,-6.5737510316354886e-06,1.0000000000065512e-05,9.321703176794598e-06,0.256,ens4,w,False,1.6573751031701e-05,1.017648351754815e-05,1.6286324252499906
blend156,blend159av_wh3,-7.652244176092893e-06,1.0000000000065512e-05,1.0285740904091328e-05,0.224,ens4,wh3,False,1.7652244176158405e-05,1.106630618647271e-05,1.5951342641988568
blend156,blend160orig,-7.02936638119489e-07,0.0,5.570632813354176e-06,0.42,ens4,ens4,True,7.02936638119489e-07,6.906418508017375e-06,0.10178019726193527
blend156,blend160orig_h3,-4.726445359870546e-06,1.0000000000065512e-05,9.573139537421824e-06,0.314,ens4,h3,False,1.4726445359936058e-05,1.0407289141251703e-05,1.4150126089573487
blend156,blend160origm,-2.6397649134368706e-06,0.0,5.389478651973839e-06,0.278,ens4,ens4,True,2.6397649134368706e-06,6.761149813955347e-06,0.39043135946910473
blend156,blend160origm_h3,-7.050303364786181e-06,1.0000000000065512e-05,9.44322374610205e-06,0.21,ens4,h3,False,1.7050303364851693e-05,1.0287912392007054e-05,1.6573142067285211
blend156,blendtop3,-7.855727704009219e-06,1.0000000000065512e-05,8.734558349932629e-06,0.17,ens4,h3,False,1.785572770407473e-05,9.641533915049228e-06,1.8519592277950891
blend156,stack_pub149_hybrid,2.329456085425896e-05,7.00000000000145e-05,2.0420665379765955e-05,0.116,ens4,hybrid,False,4.6705439145755534e-05,2.0824750688040385e-05,2.2427850323595173
blend156,stack_pub151_fixed_rankraw,1.7102755001219272e-05,3.0000000000085517e-05,2.2785105341234887e-05,0.208,ens4,rankraw,False,1.2897244998866245e-05,2.31479522221262e-05,0.5571656998038161
blend156,stack_pub151_hybrid,1.731012552119715e-05,7.00000000000145e-05,1.8677528998453648e-05,0.17,ens4,hybrid,False,5.2689874478817345e-05,1.9118492517841034e-05,2.7559638621951024
blend156,stack_pub151_rankraw,1.8538841268123107e-05,4.000000000004e-05,2.136008461007153e-05,0.182,ens4,rankraw,False,2.146115873191689e-05,2.1746721160121618e-05,0.9868687133981199
blend156,stack_pub86_hybrid,0.0003638043024346,0.00026,5.908896820143597e-05,0.0,ens4,hybrid,False,-0.00010380430243460003,5.922983057359676e-05,-1.7525679447219877
blend156,stack_pub88_mine_logit,0.0003816581602996,0.00025,6.025355585298613e-05,0.0,ens4,logit,False,-0.00013165816029959997,6.03917019100769e-05,-2.1800703761526488
blend156,w16e_aonly,-1.282578496430986e-05,-2.000000000002e-05,1.2641747702154994e-05,0.15,ens4,h3+corr,False,-7.174215035710139e-06,1.3284594522664504e-05,-0.5400401964448667
blend156,w16h_h3av6,-7.12433381833133e-06,1.0000000000065512e-05,8.287056719521587e-06,0.188,ens4,h3+corr,False,1.7124333818396842e-05,9.2380720791318e-06,1.8536696479214088
blend156,w16i_schemeavg,-1.4061579502344657e-05,-9.99999999995449e-06,1.1952688538611584e-05,0.106,ens4,h3+corr,False,4.061579502390167e-06,1.2630654376069491e-05,0.3215652476474526
blend156,w16l_maskw_h3,-4.1355362988548805e-06,1.0000000000065512e-05,1.1015767623153066e-05,0.344,ens4,h3+corr,False,1.4135536298920393e-05,1.1747927604219139e-05,1.2032365856462863
blend156,w16n_finegrid,-1.409179756739487e-05,-9.99999999995449e-06,1.1911250019058886e-05,0.104,ens4,h3+corr,False,4.091797567440381e-06,1.2591447243394898e-05,0.3249664227110046
blend156,w16q_ens4avg,-9.912443805437654e-06,-2.000000000002e-05,9.091449226103798e-06,0.116,ens4,ens4+corr,False,-1.0087556194582344e-05,9.965997977999495e-06,-1.0121972949273315
blend156,w16t_cellens4,-9.767985723829751e-06,-2.000000000002e-05,1.1091047402931951e-05,0.178,ens4,ens4+corr,False,-1.0232014276190247e-05,1.1818544714166388e-05,-0.8657592388617498
blend156_h3,blend156_rankraw,1.0040029499891467e-05,9.99999999995449e-06,1.4500246782937511e-05,0.22,h3,rankraw,False,-4.0029499936977686e-08,1.5063990953022918e-05,-0.0026572971307410997
blend156_h3,blend156_rescale,2.100363064516664e-05,0.0,1.3890312385387244e-05,0.082,h3,rescale,False,-2.100363064516664e-05,1.4477825970438689e-05,-1.450744793317212
blend156_h3,blend156w,-5.388507687831279e-07,0.0,4.683489330112623e-06,0.484,h3,w,False,5.388507687831279e-07,6.213029773946481e-06,0.08672914638888861
blend156_h3,blend156w2,-3.4746461574641785e-07,0.0,4.607007849352356e-06,0.492,h3,w2,False,3.4746461574641785e-07,6.155581856385381e-06,0.05644707906629196
blend156_h3,blend158,2.891785098380062e-06,-1.0000000000065512e-05,8.571809572545218e-06,0.396,h3,ens4,False,-1.2891785098445574e-05,9.4943449492129e-06,-1.3578382887293692
blend156_h3,blend158_h3,-2.2004891387927827e-06,0.0,4.619070822507126e-06,0.302,h3,h3,True,2.2004891387927827e-06,6.164615310788122e-06,0.35695481840398224
blend156_h3,blend158_hybrid,1.7785120012825395e-05,2.000000000002e-05,1.336439988804512e-05,0.112,h3,hybrid,False,2.2148799871946034e-06,1.3974042043526528e-05,0.1584995937679067
blend156_h3,blend158_logit,8.472857215957585e-05,-1.0000000000065512e-05,2.974820579288531e-05,0.004,h3,logit,False,-9.472857215964137e-05,3.0027028067434877e-05,-3.15477682129911
blend156_h3,blend158_rankraw,9.698522232315376e-06,9.99999999995449e-06,1.5017079479949852e-05,0.23,h3,rankraw,False,3.014777676391134e-07,1.5562112413608815e-05,0.019372547866668536
blend156_h3,blend158_rescale,1.874543540458795e-05,0.0,1.4362864994013788e-05,0.116,h3,rescale,False,-1.874543540458795e-05,1.4931796861159521e-05,-1.2554038592199468
blend156_h3,blend159,2.7405222433607435e-06,-1.0000000000065512e-05,8.56994484596918e-06,0.402,h3,ens4,False,-1.2740522243426255e-05,9.492661446065607e-06,-1.3421443834075404
blend156_h3,blend159_h3,-8.180646751121401e-07,0.0,5.172571567626653e-06,0.432,h3,h3,True,8.180646751121401e-07,6.5895495512884885e-06,0.12414576576818968
blend156_h3,blend159av,1.2417315885526747e-06,-1.0000000000065512e-05,9.010543535736236e-06,0.462,h3,ens4,False,-1.1241731588618187e-05,9.892247544216871e-06,-1.136418345615526
blend156_h3,blend159av_h3,-3.0536737514186285e-06,0.0,6.080218562955888e-06,0.288,h3,h3,True,3.0536737514186285e-06,7.323641474019604e-06,0.41696111999084656
blend156_h3,blend159av_w,-2.0599840164781118e-06,0.0,6.931362737798995e-06,0.37,h3,w,False,2.0599840164781118e-06,8.044280954169556e-06,0.25608056558620934
blend156_h3,blend159av_wh3,-3.1384771609355155e-06,0.0,6.621381091395062e-06,0.302,h3,wh3,False,3.1384771609355155e-06,7.778775882113504e-06,0.4034667161644445
blend156_h3,blend160orig,3.810830377037888e-06,-1.0000000000065512e-05,9.160459092776196e-06,0.334,h3,ens4,False,-1.38108303771034e-05,1.0028991846496474e-05,-1.377090597788059
blend156_h3,blend160orig_h3,-2.126783447131686e-07,0.0,6.195055206676019e-06,0.47,h3,h3,True,2.126783447131686e-07,7.4192570841311554e-06,0.028665719802062183
blend156_h3,blend160origm,1.8740021017205064e-06,-1.0000000000065512e-05,9.004266536224148e-06,0.448,h3,ens4,False,-1.1874002101786019e-05,9.886530358120217e-06,-1.2010282345447316
blend156_h3,blend160origm_h3,-2.536536349628804e-06,0.0,5.913869642803858e-06,0.308,h3,h3,True,2.536536349628804e-06,7.186133927136601e-06,0.3529764926938283
blend156_h3,blendtop3,-3.3419606888518416e-06,0.0,4.846418036848938e-06,0.216,h3,h3,True,3.3419606888518416e-06,6.336752674245807e-06,0.5273932660232156
blend156_h3,stack_pub149_hybrid,2.7808327869416335e-05,5.999999999994898e-05,1.845459673276357e-05,0.06,h3,hybrid,False,3.2191672130532645e-05,1.890076208081554e-05,1.7031943999341441
blend156_h3,stack_pub151_fixed_rankraw,2.161652201637665e-05,2.000000000002e-05,1.9856685102904096e-05,0.114,h3,rankraw,False,-1.6165220163566508e-06,2.027201543859318e-05,-0.07974155412683688
blend156_h3,stack_pub151_hybrid,2.1823892536354528e-05,5.999999999994898e-05,1.664614630948464e-05,0.092,h3,hybrid,False,3.8176107463594455e-05,1.7139453130815927e-05,2.227381887404308
blend156_h3,stack_pub151_rankraw,2.3052608283280485e-05,2.999999999997449e-05,1.8281159934268865e-05,0.092,h3,rankraw,False,6.947391716694007e-06,1.873145683626834e-05,0.37089436114986446
blend156_h3,stack_pub86_hybrid,0.0003683180694498,0.0002499999999999,5.997492060320425e-05,0.0,h3,hybrid,False,-0.0001183180694499,6.011370698956537e-05,-1.968237784278348
blend156_h3,stack_pub88_mine_logit,0.0003861719273148,0.00024,6.268784297784941e-05,0.0,h3,logit,False,-0.00014617192731480001,6.28206361308302e-05,-2.32681386750657
blend156_h3,w16e_aonly,-8.312017949152484e-06,-3.0000000000085517e-05,1.0323065819492168e-05,0.182,h3,h3+corr,False,-2.1687982050933033e-05,1.110100691740322e-05,-1.9536950307572953
blend156_h3,w16h_h3av6,-2.6105668031739526e-06,0.0,3.945313273519372e-06,0.23,h3,h3+corr,False,2.6105668031739526e-06,5.67733771171619e-06,0.45982235613474015
blend156_h3,w16i_schemeavg,-9.54781248718728e-06,-2.000000000002e-05,9.538579724513333e-06,0.124,h3,h3+corr,False,-1.0452187512832719e-05,1.0375508172015649e-05,-1.0073904178519069
blend156_h3,w16l_maskw_h3,3.782307163024967e-07,0.0,7.659636065091025e-06,0.468,h3,h3+corr,False,-3.782307163024967e-07,8.679671152544305e-06,-0.043576618244531594
blend156_h3,w16n_finegrid,-9.578030552237491e-06,-2.000000000002e-05,9.472548707037863e-06,0.124,h3,h3+corr,False,-1.0421969447782507e-05,1.031483619229464e-05,-1.010386326403118
blend156_h3,w16q_ens4avg,-5.398676790280277e-06,-3.0000000000085517e-05,1.1636940958497475e-05,0.314,h3,ens4+corr,False,-2.460132320980524e-05,1.2332277224350043e-05,-1.9948727037395821
blend156_h3,w16t_cellens4,-5.254218708672376e-06,-3.0000000000085517e-05,1.3120515794464036e-05,0.326,h3,ens4+corr,False,-2.474578129141314e-05,1.3740982547818295e-05,-1.800874224626835
blend156_rankraw,blend156_rescale,1.096360114527517e-05,-9.99999999995449e-06,2.5648125540502587e-05,0.342,rankraw,rescale,False,-2.096360114522966e-05,2.597100326148468e-05,-0.8071925806701099
blend156_rankraw,blend156w,-1.0578880268674595e-05,-9.99999999995449e-06,1.0886855710492606e-05,0.14,rankraw,w,False,5.788802687201056e-07,1.1627136101712757e-05,0.04978700375192413
blend156_rankraw,blend156w2,-1.0387494115637884e-05,-9.99999999995449e-06,1.1034865930527122e-05,0.144,rankraw,w2,False,3.8749411568339384e-07,1.1765837529533324e-05,0.03293383192745508
blend156_rankraw,blend158,-7.1482444015114055e-06,-2.000000000002e-05,1.8500080121330603e-05,0.318,rankraw,ens4,False,-1.2851755598508593e-05,1.8945174350275017e-05,-0.6783656545405206
blend156_rankraw,blend158_h3,-1.224051863868425e-05,-9.99999999995449e-06,1.5133855851085496e-05,0.192,rankraw,h3,False,2.2405186387297604e-06,1.567482885355057e-05,0.14293735897615567
blend156_rankraw,blend158_hybrid,7.745090512933928e-06,1.0000000000065512e-05,2.2985245223185055e-05,0.372,rankraw,hybrid,False,2.2549094871315845e-06,2.3344981572848117e-05,0.09659075892157505
blend156_rankraw,blend158_logit,7.468854265968439e-05,-2.000000000002e-05,3.6596352210049e-05,0.026,rankraw,logit,False,-9.468854265970439e-05,3.682335755670068e-05,-2.5714260986088187
blend156_rankraw,blend158_rankraw,-3.415072675760911e-07,0.0,6.029243601716465e-06,0.476,rankraw,rankraw,True,3.415072675760911e-07,7.2813765920673e-06,0.046901470245083385
blend156_rankraw,blend158_rescale,8.705405904696484e-06,-9.99999999995449e-06,2.5732867385376967e-05,0.386,rankraw,rescale,False,-1.8705405904650974e-05,2.6054694980752785e-05,-0.7179284162976806
blend156_rankraw,blend159,-7.299507256530724e-06,-2.000000000002e-05,1.8368435450805836e-05,0.322,rankraw,ens4,False,-1.2700492743489274e-05,1.8816643897812576e-05,-0.6749605728025548
blend156_rankraw,blend159_h3,-1.0858094175003608e-05,-9.99999999995449e-06,1.5198258121520376e-05,0.204,rankraw,h3,False,8.580941750491178e-07,1.5737017398320013e-05,0.05452711611926683
blend156_rankraw,blend159av,-8.798297911338793e-06,-2.000000000002e-05,1.8663179896288276e-05,0.296,rankraw,ens4,False,-1.1201702088681206e-05,1.910447462004348e-05,-0.5863391855292858
blend156_rankraw,blend159av_h3,-1.3093703251310096e-05,-9.99999999995449e-06,1.5570828003112944e-05,0.184,rankraw,h3,False,3.093703251355606e-06,1.609712245617809e-05,0.19218983142966897
blend156_rankraw,blend159av_w,-1.210001351636958e-05,-9.99999999995449e-06,1.4325181440943473e-05,0.18,rankraw,w,False,2.1000135164150907e-06,1.4895552691411554e-05,0.14098258452846213
blend156_rankraw,blend159av_wh3,-1.3178506660826985e-05,-9.99999999995449e-06,1.4066892091375828e-05,0.154,rankraw,wh3,False,3.178506660872495e-06,1.4647324662786664e-05,0.2170025403306505
blend156_rankraw,blend160orig,-6.229199122853579e-06,-2.000000000002e-05,1.894897518888676e-05,0.362,rankraw,ens4,False,-1.3770800877166419e-05,1.9383764530547537e-05,-0.7104296410258463
blend156_rankraw,blend160orig_h3,-1.0252707844604636e-05,-9.99999999995449e-06,1.6009002641915202e-05,0.236,rankraw,h3,False,2.527078446501463e-07,1.6521344747190363e-05,0.015295839928110093
blend156_rankraw,blend160origm,-8.16602739817096e-06,-2.000000000002e-05,1.8554800183734003e-05,0.298,rankraw,ens4,False,-1.1833972601849038e-05,1.8998612489467805e-05,-0.6228861506812351
blend156_rankraw,blend160origm_h3,-1.2576565849520271e-05,-9.99999999995449e-06,1.55089922117709e-05,0.19,rankraw,h3,False,2.5765658495657817e-06,1.6037316050120017e-05,0.1606606642603704
blend156_rankraw,blendtop3,-1.3381990188743307e-05,-9.99999999995449e-06,1.5174156833287895e-05,0.166,rankraw,h3,False,3.3819901887888176e-06,1.57137424653672e-05,0.2152249978795734
blend156_rankraw,stack_pub149_hybrid,1.776829836952487e-05,4.999999999999449e-05,2.60789779875244e-05,0.23,rankraw,hybrid,False,3.223170163046962e-05,2.6396586134203964e-05,1.2210556875271337
blend156_rankraw,stack_pub151_fixed_rankraw,1.1576492516485182e-05,1.0000000000065512e-05,1.3992367979786203e-05,0.206,rankraw,rankraw,True,-1.5764925164196697e-06,1.4575768533714197e-05,-0.10815844891973925
blend156_rankraw,stack_pub151_hybrid,1.178386303646306e-05,4.999999999999449e-05,2.4399559789452763e-05,0.314,rankraw,hybrid,False,3.821613696353143e-05,2.4738738540712757e-05,1.5447892341252083
blend156_rankraw,stack_pub151_rankraw,1.3012578783389015e-05,2.000000000002e-05,1.1927004624798357e-05,0.14,rankraw,rankraw,True,6.987421216630983e-06,1.2606351811155679e-05,0.5542778213160479
blend156_rankraw,stack_pub86_hybrid,0.0003582780399499,0.00024,6.297591847735191e-05,0.0,rankraw,hybrid,False,-0.0001182780399499,6.310810545985944e-05,-1.8742131313882013
blend156_rankraw,stack_pub88_mine_logit,0.0003761318978149,0.00023,6.594394506290229e-05,0.0,rankraw,logit,False,-0.00014613189781489998,6.607019416594552e-05,-2.2117673431966476
blend156_rankraw,w16e_aonly,-1.835204744904395e-05,-4.000000000004e-05,1.8267361702056547e-05,0.15,rankraw,h3+corr,False,-2.1647952550996046e-05,1.8717990549747292e-05,-1.1565318666799045
blend156_rankraw,w16h_h3av6,-1.265059630306542e-05,-9.99999999995449e-06,1.4998683942050263e-05,0.18,rankraw,h3+corr,False,2.6505963031109303e-06,1.554436189298818e-05,0.17051818024814341
blend156_rankraw,w16i_schemeavg,-1.9587841987078747e-05,-2.999999999997449e-05,1.789846936778378e-05,0.124,rankraw,h3+corr,False,-1.0412158012895745e-05,1.8358155473144924e-05,-0.5671679830867041
blend156_rankraw,w16l_maskw_h3,-9.66179878358897e-06,-9.99999999995449e-06,1.5642259679995908e-05,0.23,rankraw,h3+corr,False,-3.3820121636551903e-07,1.616622882935573e-05,-0.02092022944469216
blend156_rankraw,w16n_finegrid,-1.961806005212896e-05,-2.999999999997449e-05,1.7868151463252384e-05,0.122,rankraw,h3+corr,False,-1.0381939947845531e-05,1.8328597965485383e-05,-0.566433939322352
blend156_rankraw,w16q_ens4avg,-1.5438706290171744e-05,-4.000000000004e-05,2.064895967907499e-05,0.222,rankraw,ens4+corr,False,-2.4561293709868253e-05,2.1048662724618194e-05,-1.166881432383908
blend156_rankraw,w16t_cellens4,-1.5294248208563843e-05,-4.000000000004e-05,2.1934352306338732e-05,0.226,rankraw,ens4+corr,False,-2.4705751791476154e-05,2.2311039369900586e-05,-1.107333073187358
blend156_rescale,blend156w,-2.154248141394977e-05,0.0,1.6295454420699883e-05,0.122,rescale,w,False,2.154248141394977e-05,1.679906251681248e-05,1.2823621194569685
blend156_rescale,blend156w2,-2.1351095260913056e-05,0.0,1.618638932789419e-05,0.114,rescale,w2,False,2.1351095260913056e-05,1.6693288056606272e-05,1.279022753846477
blend156_rescale,blend158,-1.8111845546786576e-05,-1.0000000000065512e-05,1.4160654036110164e-05,0.102,rescale,ens4,False,8.111845546721064e-06,1.4737394253974133e-05,0.550426039157743
blend156_rescale,blend158_h3,-2.320411978395942e-05,0.0,1.4779057410124306e-05,0.056,rescale,h3,False,2.320411978395942e-05,1.533255375331901e-05,1.5133891038168688
blend156_rescale,blend158_hybrid,-3.2185106323412427e-06,2.000000000002e-05,2.260275455737935e-05,0.464,rescale,hybrid,False,2.321851063236124e-05,2.2968482323562425e-05,1.0108857130948667
blend156_rescale,blend158_logit,6.372494151440922e-05,-1.0000000000065512e-05,2.831035198221191e-05,0.006,rescale,logit,False,-7.372494151447473e-05,2.8603193808094167e-05,-2.577507323451829
blend156_rescale,blend158_rankraw,-1.130510841285126e-05,9.99999999995449e-06,2.5840330031377152e-05,0.354,rescale,rankraw,False,2.130510841280575e-05,2.616083566702636e-05,0.8143894439755659
blend156_rescale,blend158_rescale,-2.2581952405786865e-06,0.0,4.937380229499674e-06,0.298,rescale,rescale,True,2.2581952405786865e-06,6.406589591765725e-06,0.3524800844869327
blend156_rescale,blend159,-1.826310840180589e-05,-1.0000000000065512e-05,1.4185568712683826e-05,0.104,rescale,ens4,False,8.263108401740379e-06,1.4761335521183065e-05,0.5597805422065307
blend156_rescale,blend159_h3,-2.1821695320278774e-05,0.0,1.4975597929372593e-05,0.078,rescale,h3,False,2.1821695320278774e-05,1.5522087488765657e-05,1.4058479786351257
blend156_rescale,blend159av,-1.9761899056613963e-05,-1.0000000000065512e-05,1.4325815567222978e-05,0.086,rescale,ens4,False,9.761899056548451e-06,1.4896162537135358e-05,0.6553297892804636
blend156_rescale,blend159av_h3,-2.4057304396585263e-05,0.0,1.521231662751874e-05,0.064,rescale,h3,False,2.4057304396585263e-05,1.5750595031380552e-05,1.5273901937453738
blend156_rescale,blend159av_w,-2.306361466164475e-05,0.0,1.646895088416039e-05,0.086,rescale,w,False,2.306361466164475e-05,1.696741022936482e-05,1.3592890340877992
blend156_rescale,blend159av_wh3,-2.4142107806102157e-05,0.0,1.6462475228294687e-05,0.076,rescale,wh3,False,2.4142107806102157e-05,1.69611248833585e-05,1.4233789310630758
blend156_rescale,blend160orig,-1.719280026812875e-05,-1.0000000000065512e-05,1.4491533585347113e-05,0.112,rescale,ens4,False,7.1928002680632375e-06,1.5055604017172808e-05,0.47774903350665604
blend156_rescale,blend160orig_h3,-2.121630898987981e-05,0.0,1.5272798999673866e-05,0.094,rescale,h3,False,2.121630898987981e-05,1.580901818428664e-05,1.34203836965459
blend156_rescale,blend160origm,-1.912962854344613e-05,-1.0000000000065512e-05,1.4545785742775026e-05,0.094,rescale,ens4,False,9.129628543380619e-06,1.5107830735793405e-05,0.6042977779563511
blend156_rescale,blend160origm_h3,-2.354016699479544e-05,0.0,1.5189786107720009e-05,0.068,rescale,h3,False,2.354016699479544e-05,1.5728835578800818e-05,1.4966249012433357
blend156_rescale,blendtop3,-2.434559133401848e-05,0.0,1.4786882908196806e-05,0.046,rescale,h3,False,2.434559133401848e-05,1.5340096896936132e-05,1.5870559030745763
blend156_rescale,stack_pub149_hybrid,6.804697224249701e-06,5.999999999994898e-05,2.5368205795806986e-05,0.378,rescale,hybrid,False,5.319530277569928e-05,2.5694601222145516e-05,2.0702910434683695
blend156_rescale,stack_pub151_fixed_rankraw,6.128913712100115e-07,2.000000000002e-05,2.891242981917602e-05,0.49,rescale,rankraw,False,1.9387108628809987e-05,2.9199233974805665e-05,0.6639594944695468
blend156_rescale,stack_pub151_hybrid,8.202618911878901e-07,5.999999999994898e-05,2.4218647590578256e-05,0.472,rescale,hybrid,False,5.917973810876109e-05,2.4560324871289645e-05,2.4095665842735086
blend156_rescale,stack_pub151_rankraw,2.048977638113847e-06,2.999999999997449e-05,2.782034292017575e-05,0.47,rescale,rankraw,False,2.7951022361860645e-05,2.8118288476769698e-05,0.9940513408187258
blend156_rescale,stack_pub86_hybrid,0.0003473144388046,0.0002499999999999,6.186342959689805e-05,0.0,rescale,hybrid,False,-9.731443880470002e-05,6.199798858154213e-05,-1.569638645239407
blend156_rescale,stack_pub88_mine_logit,0.0003651682966696,0.00024,6.19906929310065e-05,0.0,rescale,logit,False,-0.00012516829666959998,6.212497627148847e-05,-2.0147822048673283
blend156_rescale,w16e_aonly,-2.931564859431912e-05,-3.0000000000085517e-05,1.6625670569216112e-05,0.04,rescale,h3+corr,False,-6.843514057663958e-07,1.711956741692866e-05,-0.039974807137338995
blend156_rescale,w16h_h3av6,-2.361419744834059e-05,0.0,1.4524289356663674e-05,0.052,rescale,h3+corr,False,2.361419744834059e-05,1.508713518143058e-05,1.5651876359804355
blend156_rescale,w16i_schemeavg,-3.055144313235392e-05,-2.000000000002e-05,1.617035861093454e-05,0.024,rescale,h3+corr,False,1.0551443132333919e-05,1.667774457991522e-05,0.6326660707492113
blend156_rescale,w16l_maskw_h3,-2.062539992886414e-05,0.0,1.6603429242090734e-05,0.112,rescale,h3+corr,False,2.062539992886414e-05,1.709796857125958e-05,1.206307044190847
blend156_rescale,w16n_finegrid,-3.058166119740413e-05,-2.000000000002e-05,1.611955287432109e-05,0.024,rescale,h3+corr,False,1.0581661197384132e-05,1.662848915369944e-05,0.6363573442888506
blend156_rescale,w16q_ens4avg,-2.6402307435446914e-05,-3.0000000000085517e-05,1.5397823066189e-05,0.044,rescale,ens4+corr,False,-3.5976925646386027e-06,1.592983433198e-05,-0.22584620088710158
blend156_rescale,w16t_cellens4,-2.6257849353839013e-05,-3.0000000000085517e-05,1.6105769843650612e-05,0.056,rescale,ens4+corr,False,-3.742150646246504e-06,1.6615128314981866e-05,-0.22522550384833354
blend156w,blend156w2,1.9138615303671005e-07,0.0,6.989019438167853e-07,0.424,w,w2,False,-1.9138615303671005e-07,4.141875250866152e-06,-0.046207609221617006
blend156w,blend158,3.43063586716319e-06,-1.0000000000065512e-05,9.00270261054208e-06,0.368,w,ens4,False,-1.3430635867228702e-05,9.88510601665596e-06,-1.3586739327427224
blend156w,blend158_h3,-1.6616383700096549e-06,0.0,6.453141829928987e-06,0.366,w,h3,False,1.6616383700096549e-06,7.636079238971129e-06,0.21760360494026787
blend156w,blend158_hybrid,1.8323970781608523e-05,2.000000000002e-05,1.5938186105089227e-05,0.124,w,hybrid,False,1.6760292184114755e-06,1.6452733602265795e-05,0.10186934639120762
blend156w,blend158_logit,8.526742292835898e-05,-1.0000000000065512e-05,2.92452064478702e-05,0.0,w,logit,False,-9.52674229284245e-05,2.95287786209524e-05,-3.226256803619594
blend156w,blend158_rankraw,1.0237373001098504e-05,9.99999999995449e-06,1.1839565254023e-05,0.18,w,rankraw,False,-2.373730011440145e-07,1.2523656497642188e-05,-0.018953969329061716
blend156w,blend158_rescale,1.928428617337108e-05,0.0,1.661938959305932e-05,0.146,w,rescale,False,-1.928428617337108e-05,1.711346771150006e-05,-1.1268485439927673
blend156w,blend159,3.2793730121438718e-06,-1.0000000000065512e-05,8.95252687398557e-06,0.378,w,ens4,False,-1.3279373012209383e-05,9.839431085997835e-06,-1.349607807214262
blend156w,blend159_h3,-2.792139063290122e-07,0.0,6.843433256580214e-06,0.44,w,h3,False,2.792139063290122e-07,7.968641377545782e-06,0.03503908547268641
blend156w,blend159av,1.7805823573358026e-06,-1.0000000000065512e-05,9.414006505921476e-06,0.458,w,ens4,False,-1.1780582357401315e-05,1.0261100582305904e-05,-1.1480817542823412
blend156w,blend159av_h3,-2.5148229826355006e-06,0.0,7.53259081347745e-06,0.336,w,h3,False,2.5148229826355006e-06,8.567764646041086e-06,0.2935214827355846
blend156w,blend159av_w,-1.5211332476949837e-06,0.0,6.701193247471285e-06,0.39,w,w,True,1.5211332476949837e-06,7.846824683056288e-06,0.1938533494930222
blend156w,blend159av_wh3,-2.599626392152388e-06,0.0,7.028726128056131e-06,0.326,w,wh3,False,2.599626392152388e-06,8.128324406043695e-06,0.31982315939795347
blend156w,blend160orig,4.349681145821016e-06,-1.0000000000065512e-05,9.690596066139486e-06,0.354,w,ens4,False,-1.4349681145886528e-05,1.0515432410687862e-05,-1.3646306291029502
blend156w,blend160orig_h3,3.261724240699593e-07,0.0,7.909033317844374e-06,0.512,w,h3,False,-3.261724240699593e-07,8.900532270007174e-06,-0.03664639531380479
blend156w,blend160origm,2.4128528705036345e-06,-1.0000000000065512e-05,9.392837731180945e-06,0.436,w,ens4,False,-1.2412852870569147e-05,1.0241682835889962e-05,-1.2119934848080578
blend156w,blend160origm_h3,-1.997685580845676e-06,0.0,7.486430474497253e-06,0.364,w,h3,False,1.997685580845676e-06,8.527209855289585e-06,0.23427189136273865
blend156w,blendtop3,-2.8031099200687137e-06,0.0,6.631603841393745e-06,0.3,w,h3,False,2.8031099200687137e-06,7.787479449465979e-06,0.359950859358086
blend156w,stack_pub149_hybrid,2.8347178638199463e-05,5.999999999994898e-05,2.0374582843012184e-05,0.072,w,hybrid,False,3.165282136174952e-05,2.0779564304706515e-05,1.5232668451368945
blend156w,stack_pub151_fixed_rankraw,2.2155372785159777e-05,2.000000000002e-05,1.753297100569188e-05,0.1,w,rankraw,False,-2.1553727851397786e-06,1.8001992638402525e-05,-0.11972967817695118
blend156w,stack_pub151_hybrid,2.2362743305137656e-05,5.999999999994898e-05,1.854341696845735e-05,0.098,w,hybrid,False,3.763725669481133e-05,1.898749534648366e-05,1.9822128199642437
blend156w,stack_pub151_rankraw,2.359145905206361e-05,2.999999999997449e-05,1.5811358076222104e-05,0.06,w,rankraw,False,6.408540947910882e-06,1.6329902353693992e-05,0.39244208624806654
blend156w,stack_pub86_hybrid,0.0003688569202185,0.0002499999999999,6.02217058767176e-05,0.0,w,hybrid,False,-0.00011885692021860003,6.0359924829049865e-05,-1.9691363194242562
blend156w,stack_pub88_mine_logit,0.0003867107780836,0.00024,6.253040272374813e-05,0.0,w,logit,False,-0.0001467107780836,6.266352951646432e-05,-2.34124664243582
blend156w,w16e_aonly,-7.773167180369356e-06,-3.0000000000085517e-05,1.1572349289396325e-05,0.234,w,h3+corr,False,-2.222683281971616e-05,1.2271346085187977e-05,-1.8112791103288066
blend156w,w16h_h3av6,-2.0717160343908247e-06,0.0,6.085319510684733e-06,0.33,w,h3+corr,False,2.0717160343908247e-06,7.327876924033792e-06,0.28271708925624295
blend156w,w16i_schemeavg,-9.008961718404151e-06,-2.000000000002e-05,1.0843075528637556e-05,0.178,w,h3+corr,False,-1.0991038281615847e-05,1.1586153528518656e-05,-0.9486356498351272
blend156w,w16l_maskw_h3,9.170814850856246e-07,0.0,8.8020564399751e-06,0.488,w,h3+corr,False,-9.170814850856246e-07,9.702724578136484e-06,-0.09451793439052357
blend156w,w16n_finegrid,-9.039179783454364e-06,-2.000000000002e-05,1.0789856622134949e-05,0.174,w,h3+corr,False,-1.0960820216565635e-05,1.1536363057432619e-05,-0.9501105471454303
blend156w,w16q_ens4avg,-4.859826021497149e-06,-3.0000000000085517e-05,1.2255165915813403e-05,0.346,w,ens4+corr,False,-2.5140173978588368e-05,1.2917265898431496e-05,-1.9462457594560365
blend156w,w16t_cellens4,-4.715367939889248e-06,-3.0000000000085517e-05,1.390237983481547e-05,0.368,w,ens4+corr,False,-2.528463206019627e-05,1.4489404119498857e-05,-1.7450429190645547
blend156w2,blend158,3.23924971412648e-06,-1.0000000000065512e-05,8.968203275873808e-06,0.372,w2,ens4,False,-1.3239249714191992e-05,9.853696598945006e-06,-1.3435820335293724
blend156w2,blend158_h3,-1.8530245230463649e-06,0.0,6.391444917392588e-06,0.36,w2,h3,False,1.8530245230463649e-06,7.584011787881807e-06,0.24433302253132563
blend156w2,blend158_hybrid,1.8132584628571813e-05,2.000000000002e-05,1.587872174165087e-05,0.128,w2,hybrid,False,1.8674153714481855e-06,1.6395135583929847e-05,0.11390057507536475
blend156w2,blend158_logit,8.507603677532227e-05,-1.0000000000065512e-05,2.924508503395457e-05,0.002,w2,logit,False,-9.507603677538778e-05,2.9528658373009436e-05,-3.219788571982386
blend156w2,blend158_rankraw,1.0045986848061794e-05,9.99999999995449e-06,1.197115199089173e-05,0.206,w2,rankraw,False,-4.598684810730447e-08,1.2648128187826754e-05,-0.0036358619571522613
blend156w2,blend158_rescale,1.909290002033437e-05,0.0,1.6507092927088723e-05,0.154,w2,rescale,False,-1.909290002033437e-05,1.7004434232582077e-05,-1.1228188929538507
blend156w2,blend159,3.0879868591071613e-06,-1.0000000000065512e-05,8.924327119181258e-06,0.384,w2,ens4,False,-1.3087986859172673e-05,9.813780168559959e-06,-1.3336335881154306
blend156w2,blend159_h3,-4.7060005936572235e-07,0.0,6.772860023564392e-06,0.448,w2,h3,False,4.7060005936572235e-07,7.908116056651124e-06,0.05950849178167081
blend156w2,blend159av,1.5891962042990926e-06,-1.0000000000065512e-05,9.39863434069758e-06,0.454,w2,ens4,False,-1.1589196204364605e-05,1.0246999274753879e-05,-1.1309843880752068
blend156w2,blend159av_h3,-2.7062091356722107e-06,0.0,7.4920347631545475e-06,0.344,w2,h3,False,2.7062091356722107e-06,8.532130540432612e-06,0.3171785901361743
blend156w2,blend159av_w,-1.7125194007316935e-06,0.0,6.67192849358945e-06,0.368,w2,w,False,1.7125194007316935e-06,7.821847383466227e-06,0.2189405285957901
blend156w2,blend159av_wh3,-2.7910125451890977e-06,0.0,7.021668464381471e-06,0.318,w2,wh3,False,2.7910125451890977e-06,8.122222275360106e-06,0.3436267133018538
blend156w2,blend160orig,4.158294992784306e-06,-1.0000000000065512e-05,9.66835270246766e-06,0.356,w2,ens4,False,-1.4158294992849818e-05,1.04949373817084e-05,-1.34905950153893
blend156w2,blend160orig_h3,1.3478627103324925e-07,0.0,7.865826058700198e-06,0.512,w2,h3,False,-1.3478627103324925e-07,8.862160360340686e-06,-0.01520918890572498
blend156w2,blend160origm,2.2214667174669245e-06,-1.0000000000065512e-05,9.36268292619169e-06,0.448,w2,ens4,False,-1.2221466717532437e-05,1.0214034376438532e-05,-1.1965366736697691
blend156w2,blend160origm_h3,-2.189071733882386e-06,0.0,7.433508493559994e-06,0.346,w2,h3,False,2.189071733882386e-06,8.480785057439863e-06,0.25812135539999315
blend156w2,blendtop3,-2.994496073105424e-06,0.0,6.57348702349998e-06,0.29,w2,h3,False,2.994496073105424e-06,7.738048740786614e-06,0.3869833563236276
blend156w2,stack_pub149_hybrid,2.815579248516276e-05,5.999999999994898e-05,2.031130615480807e-05,0.068,w2,hybrid,False,3.184420751478623e-05,2.0717524571748695e-05,1.537066236098996
blend156w2,stack_pub151_fixed_rankraw,2.1963986632123067e-05,2.000000000002e-05,1.7621240257755195e-05,0.098,w2,rankraw,False,-1.9639866321030686e-06,1.8087973211175403e-05,-0.10857969597664191
blend156w2,stack_pub151_hybrid,2.2171357152100946e-05,5.999999999994898e-05,1.847095433625298e-05,0.106,w2,hybrid,False,3.782864284784804e-05,1.8916733881899627e-05,1.9997449392701012
blend156w2,stack_pub151_rankraw,2.3400072899026902e-05,2.999999999997449e-05,1.5898946645278224e-05,0.058,w2,rankraw,False,6.599927100947589e-06,1.6414724216266027e-05,0.40207359039315743
blend156w2,stack_pub86_hybrid,0.0003686655340655,0.0002499999999999,6.022935288325016e-05,0.0,w2,hybrid,False,-0.00011866553406560002,6.0367554326821464e-05,-1.965717103978761
blend156w2,stack_pub88_mine_logit,0.0003865193919305,0.00024,6.255054033301191e-05,0.0,w2,logit,False,-0.00014651939193049997,6.268362435770938e-05,-2.3374428877050044
blend156w2,w16e_aonly,-7.964553333406066e-06,-3.0000000000085517e-05,1.1501386009599236e-05,0.228,w2,h3+corr,False,-2.203544666667945e-05,1.2204447828905317e-05,-1.8055259013431277
blend156w2,w16h_h3av6,-2.2631021874275348e-06,0.0,6.020920043669672e-06,0.316,w2,h3+corr,False,2.2631021874275348e-06,7.2744858814166296e-06,0.3111013237662397
blend156w2,w16i_schemeavg,-9.200347871440862e-06,-2.000000000002e-05,1.0771267257054113e-05,0.172,w2,h3+corr,False,-1.0799652128579137e-05,1.1518978469879726e-05,-0.9375529398564715
blend156w2,w16l_maskw_h3,7.256953320489146e-07,0.0,8.791973318800038e-06,0.5,w2,h3+corr,False,-7.256953320489146e-07,9.693578364317195e-06,-0.07486351322234673
blend156w2,w16n_finegrid,-9.230565936491075e-06,-2.000000000002e-05,1.0717888311511042e-05,0.172,w2,h3+corr,False,-1.0769434063528923e-05,1.1469080020851353e-05,-0.9389972032586363
blend156w2,w16q_ens4avg,-5.051212174533859e-06,-3.0000000000085517e-05,1.2204885195374076e-05,0.324,w2,ens4+corr,False,-2.4948787825551658e-05,1.286957222672642e-05,-1.938587187361221
blend156w2,w16t_cellens4,-4.906754092925958e-06,-3.0000000000085517e-05,1.3839161381497329e-05,0.36,w2,ens4+corr,False,-2.509324590715956e-05,1.4428757895598419e-05,-1.7391133795941236
blend158,blend158_h3,-5.092274237172845e-06,1.0000000000065512e-05,7.388842511177329e-06,0.256,ens4,h3,False,1.5092274237238357e-05,8.441662177654822e-06,1.7878320548277544
blend158,blend158_hybrid,1.4893334914445331e-05,3.0000000000085517e-05,1.4689897807383938e-05,0.15,ens4,hybrid,False,1.5106665085640186e-05,1.5246631242935277e-05,0.9908198634134379
blend158,blend158_logit,8.183678706119579e-05,0.0,2.220929137329231e-05,0.0,ens4,logit,False,-8.183678706119579e-05,2.2581392560479145e-05,-3.624080616021111
blend158,blend158_rankraw,6.806737133935314e-06,2.000000000002e-05,1.7822175727656388e-05,0.332,ens4,rankraw,False,1.3193262866084684e-05,1.8283780088759852e-05,0.7215828894264257
blend158,blend158_rescale,1.585365030620789e-05,1.0000000000065512e-05,1.3400954965364865e-05,0.14,ens4,rescale,False,-5.853650306142377e-06,1.400900641196241e-05,-0.4178490703768895
blend158,blend159,-1.512628550193185e-07,0.0,2.8353694853382623e-06,0.512,ens4,ens4,True,1.512628550193185e-07,4.970511722655328e-06,0.03043204874256114
blend158,blend159_h3,-3.709849773492202e-06,1.0000000000065512e-05,8.280572751175015e-06,0.32,ens4,h3,False,1.3709849773557714e-05,9.232256048993054e-06,1.484994534467339
blend158,blend159av,-1.6500535098273872e-06,0.0,3.5919001210067227e-06,0.326,ens4,ens4,True,1.6500535098273872e-06,5.4376845390252996e-06,0.30344781827361356
blend158,blend159av_h3,-5.94545884979869e-06,1.0000000000065512e-05,8.71927886221327e-06,0.266,ens4,h3,False,1.5945458849864202e-05,9.627693936956337e-06,1.6562074941598257
blend158,blend159av_w,-4.951769114858173e-06,1.0000000000065512e-05,8.416772354028973e-06,0.29,ens4,w,False,1.4951769114923685e-05,9.354609747403314e-06,1.5983316801723397
blend158,blend159av_wh3,-6.0302622593155775e-06,1.0000000000065512e-05,9.501592803072295e-06,0.266,ens4,wh3,False,1.603026225938109e-05,1.0341514998396604e-05,1.5500883827820677
blend158,blend160orig,9.190452786578264e-07,0.0,3.991580376563906e-06,0.39,ens4,ens4,True,-9.190452786578264e-07,5.709586724907218e-06,-0.16096528924740364
blend158,blend160orig_h3,-3.1044634430932305e-06,1.0000000000065512e-05,8.816477772741186e-06,0.364,ens4,h3,False,1.3104463443158743e-05,9.715809126568207e-06,1.3487773660892686
blend158,blend160origm,-1.0177829966595553e-06,0.0,4.018315172212066e-06,0.404,ens4,ens4,True,1.0177829966595553e-06,5.7283089555204995e-06,0.17767599557958463
blend158,blend160origm_h3,-5.428321448008866e-06,1.0000000000065512e-05,8.899481921423763e-06,0.266,ens4,h3,False,1.5428321448074378e-05,9.791192222421897e-06,1.575734711115508
blend158,blendtop3,-6.233745787231904e-06,1.0000000000065512e-05,7.885710958578576e-06,0.216,ens4,h3,False,1.6233745787297416e-05,8.879814411850786e-06,1.8281627334049064
blend158,stack_pub149_hybrid,2.491654277103628e-05,7.00000000000145e-05,2.0780334837246008e-05,0.11,ens4,hybrid,False,4.508345722897822e-05,2.1177558466799868e-05,2.1288316733798993
blend158,stack_pub151_fixed_rankraw,1.8724736917996587e-05,3.0000000000085517e-05,2.3031238508768783e-05,0.194,ens4,rankraw,False,1.127526308208893e-05,2.3390267504123607e-05,0.4820493429628861
blend158,stack_pub151_hybrid,1.8932107437974462e-05,7.00000000000145e-05,1.8994003081809494e-05,0.16,ens4,hybrid,False,5.106789256204003e-05,1.9427784735745225e-05,2.628600906210377
blend158,stack_pub151_rankraw,2.0160823184900423e-05,4.000000000004e-05,2.1551779863766563e-05,0.166,ens4,rankraw,False,1.9839176815139574e-05,2.1935037769808388e-05,0.9044514544874147
blend158,stack_pub86_hybrid,0.0003654262843514,0.00026,5.914323322379644e-05,0.0,ens4,hybrid,False,-0.0001054262843514,5.928396665904742e-05,-1.778327097404349
blend158,stack_pub88_mine_logit,0.0003832801422164,0.00025,6.040495426906984e-05,0.0,ens4,logit,False,-0.0001332801422164,6.054275486724308e-05,-2.2014218300547106
blend158,w16e_aonly,-1.1203803047532546e-05,-2.000000000002e-05,1.207895770246932e-05,0.192,ens4,h3+corr,False,-8.796196952487453e-06,1.2750211207847091e-05,-0.6898863720056536
blend158,w16h_h3av6,-5.502351901554015e-06,1.0000000000065512e-05,7.790481384661931e-06,0.262,ens4,h3+corr,False,1.5502351901619527e-05,8.795354846248715e-06,1.7625612806550264
blend158,w16i_schemeavg,-1.243959758556734e-05,-9.99999999995449e-06,1.1333699103183758e-05,0.142,ens4,h3+corr,False,2.43959758561285e-06,1.204655145791421e-05,0.2025141879097781
blend158,w16l_maskw_h3,-2.513554382077565e-06,1.0000000000065512e-05,1.0534791969131874e-05,0.424,ens4,h3+corr,False,1.2513554382143077e-05,1.1298163943736703e-05,1.1075741549209988
blend158,w16n_finegrid,-1.2469815650617557e-05,-9.99999999995449e-06,1.1303450291522345e-05,0.136,ens4,h3+corr,False,2.469815650663067e-06,1.2018096985778708e-05,0.20550804787027904
blend158,w16q_ens4avg,-8.290461888660339e-06,-2.000000000002e-05,8.209695850108502e-06,0.144,ens4,ens4+corr,False,-1.170953811135966e-05,9.168738878273033e-06,-1.2771154535884433
blend158,w16t_cellens4,-8.146003807052438e-06,-2.000000000002e-05,1.0605441552660611e-05,0.218,ens4,ens4+corr,False,-1.185399619296756e-05,1.1364068690111259e-05,-1.0431119800677222
blend158_h3,blend158_hybrid,1.9985609151618174e-05,2.000000000002e-05,1.2231926637051843e-05,0.066,h3,hybrid,False,1.439084840182403e-08,1.2895219886488369e-05,0.0011159831727183484
blend158_h3,blend158_logit,8.692906129836864e-05,-1.0000000000065512e-05,2.9537892452502292e-05,0.002,h3,logit,False,-9.692906129843415e-05,2.9818681345798285e-05,-3.250615282895208
blend158_h3,blend158_rankraw,1.189901137110816e-05,9.99999999995449e-06,1.426789015913619e-05,0.176,h3,rankraw,False,-1.899011371153671e-06,1.4840463478606118e-05,-0.12796172935510197
blend158_h3,blend158_rescale,2.094592454338073e-05,0.0,1.395709402766756e-05,0.074,h3,rescale,False,-2.094592454338073e-05,1.4541909790801898e-05,-1.440383336487861
blend158_h3,blend159,4.941011382153526e-06,-1.0000000000065512e-05,7.795705846743637e-06,0.262,h3,ens4,False,-1.4941011382219038e-05,8.799982745188743e-06,-1.6978455316162762
blend158_h3,blend159_h3,1.3824244636806426e-06,0.0,3.600959454322914e-06,0.318,h3,h3,True,-1.3824244636806426e-06,5.443672993333109e-06,-0.2539506809783953
blend158_h3,blend159av,3.442220727345457e-06,-1.0000000000065512e-05,7.837351950421008e-06,0.334,h3,ens4,False,-1.344222072741097e-05,8.836897207811951e-06,-1.5211471188697139
blend158_h3,blend159av_h3,-8.531846126258458e-07,0.0,4.018763701067709e-06,0.412,h3,h3,True,8.531846126258458e-07,5.728623600105536e-06,0.14893361340935857
blend158_h3,blend159av_w,1.4050512231467138e-07,0.0,5.107127033932155e-06,0.462,h3,w,False,-1.4050512231467138e-07,6.538303542004404e-06,-0.021489537983670558
blend158_h3,blend159av_wh3,-9.379880221427328e-07,0.0,4.740930451447261e-06,0.426,h3,wh3,False,9.379880221427328e-07,6.256443735232228e-06,0.1499235127554322
blend158_h3,blend160orig,6.011319515830671e-06,-1.0000000000065512e-05,8.241196037251563e-06,0.218,h3,ens4,False,-1.6011319515896183e-05,9.196954865121256e-06,-1.7409370547873277
blend158_h3,blend160orig_h3,1.987810794079614e-06,0.0,4.783337799791856e-06,0.304,h3,h3,True,-1.987810794079614e-06,6.288639532807098e-06,-0.31609552172762284
blend158_h3,blend160origm,4.074491240513289e-06,-1.0000000000065512e-05,8.235634415922736e-06,0.314,h3,ens4,False,-1.4074491240578801e-05,9.191971545832683e-06,-1.5311721941697787
blend158_h3,blend160origm_h3,-3.360472108360213e-07,0.0,4.839366990688119e-06,0.466,h3,h3,True,3.360472108360213e-07,6.331361586359482e-06,0.05307661018129398
blend158_h3,blendtop3,-1.1414715500590589e-06,0.0,2.4014996963024606e-06,0.32,h3,h3,True,1.1414715500590589e-06,4.736440378386229e-06,0.24099776601599998
blend158_h3,stack_pub149_hybrid,3.000881700820912e-05,5.999999999994898e-05,1.87732229690887e-05,0.05,h3,hybrid,False,2.9991182991739862e-05,1.921199019658781e-05,1.5610659116964631
blend158_h3,stack_pub151_fixed_rankraw,2.3817011155169432e-05,2.000000000002e-05,2.005178819032892e-05,0.1,h3,rankraw,False,-3.8170111551494335e-06,2.046315900090895e-05,-0.18653088484431393
blend158_h3,stack_pub151_hybrid,2.402438167514731e-05,5.999999999994898e-05,1.6929395216395075e-05,0.068,h3,hybrid,False,3.597561832480167e-05,1.741468027439973e-05,2.0658213506042515
blend158_h3,stack_pub151_rankraw,2.5253097422073267e-05,2.999999999997449e-05,1.850250802500792e-05,0.064,h3,rankraw,False,4.746902577901224e-06,1.8947545220480387e-05,0.2505286316862989
blend158_h3,stack_pub86_hybrid,0.0003705185585886,0.0002499999999999,6.008655575276575e-05,0.0,h3,hybrid,False,-0.0001205185585887,6.022508488077782e-05,-2.001135553852348
blend158_h3,stack_pub88_mine_logit,0.0003883724164536,0.00024,6.293542793495271e-05,0.0,h3,logit,False,-0.0001483724164536,6.306769978382194e-05,-2.3525896292742288
blend158_h3,w16e_aonly,-6.111528810359701e-06,-3.0000000000085517e-05,9.325154589525784e-06,0.252,h3,h3+corr,False,-2.3888471189725816e-05,1.0179645120789844e-05,-2.346689978508042
blend158_h3,w16h_h3av6,-4.100776643811699e-07,0.0,2.3154611286124045e-06,0.45,h3,h3+corr,False,4.100776643811699e-07,4.693402486979111e-06,0.08737321495841169
blend158_h3,w16i_schemeavg,-7.347323348394497e-06,-2.000000000002e-05,8.457650167540939e-06,0.182,h3,h3+corr,False,-1.2652676651625502e-05,9.391406338944766e-06,-1.3472611230925802
blend158_h3,w16l_maskw_h3,2.5787198550952795e-06,0.0,6.83603733669966e-06,0.334,h3,h3+corr,False,-2.5787198550952795e-06,7.962290696490455e-06,-0.32386657978110545
blend158_h3,w16n_finegrid,-7.37754141344471e-06,-2.000000000002e-05,8.398007522190536e-06,0.182,h3,h3+corr,False,-1.2622458586575288e-05,9.337729756714718e-06,-1.35176953236396
blend158_h3,w16q_ens4avg,-3.198187651487494e-06,-3.0000000000085517e-05,1.0822917338243706e-05,0.382,h3,ens4+corr,False,-2.6801812348598023e-05,1.1567290364520245e-05,-2.317034629891011
blend158_h3,w16t_cellens4,-3.053729569879593e-06,-3.0000000000085517e-05,1.2588125801189226e-05,0.406,h3,ens4+corr,False,-2.6946270430205924e-05,1.3233577666422355e-05,-2.0362045026249307
blend158_hybrid,blend158_logit,6.694345214675046e-05,-3.0000000000085517e-05,3.267558115856407e-05,0.018,hybrid,logit,False,-9.694345214683597e-05,3.292962603365811e-05,-2.9439584903803007
blend158_hybrid,blend158_rankraw,-8.086597780510019e-06,-1.0000000000065512e-05,2.2497070590933728e-05,0.37,hybrid,rankraw,False,-1.9134022195554934e-06,2.2864488882109783e-05,-0.08368445187736633
blend158_hybrid,blend158_rescale,9.603153917625562e-07,-2.000000000002e-05,2.2101833469053452e-05,0.488,hybrid,rescale,False,-2.0960315391782555e-05,2.2475713767541136e-05,-0.9325761846127849
blend158_hybrid,blend159,-1.5044597769464652e-05,-3.0000000000085517e-05,1.5159833436652485e-05,0.16,hybrid,ens4,False,-1.4955402230620866e-05,1.569991135305271e-05,-0.9525787690331716
blend158_hybrid,blend159_h3,-1.8603184687937532e-05,-2.000000000002e-05,1.3045587679199253e-05,0.09,hybrid,h3,False,-1.3968153120824667e-06,1.3669455898547755e-05,-0.10218514346506392
blend158_hybrid,blend159av,-1.654338842427272e-05,-3.0000000000085517e-05,1.506856057189684e-05,0.132,hybrid,ens4,False,-1.3456611575812797e-05,1.5611796321230646e-05,-0.8619515204354165
blend158_hybrid,blend159av_h3,-2.0838793764244024e-05,-2.000000000002e-05,1.301423184657397e-05,0.058,hybrid,h3,False,8.387937642240251e-07,1.3639534347735145e-05,0.06149724344242789
blend158_hybrid,blend159av_w,-1.9845104029303503e-05,-2.000000000002e-05,1.4095014406277284e-05,0.084,hybrid,w,False,-1.548959707164954e-07,1.4674334662254056e-05,-0.010555570271606616
blend158_hybrid,blend159av_wh3,-2.092359717376091e-05,-2.000000000002e-05,1.3941935661834936e-05,0.076,hybrid,wh3,False,9.235971737409122e-07,1.4527361655352684e-05,0.06357638748537714
blend158_hybrid,blend160orig,-1.3974289635787509e-05,-3.0000000000085517e-05,1.512972957845997e-05,0.178,hybrid,ens4,False,-1.6025710364298007e-05,1.56708450245669e-05,-1.02264493964268
blend158_hybrid,blend160orig_h3,-1.7997798357538564e-05,-2.000000000002e-05,1.3095681592621488e-05,0.094,hybrid,h3,False,-2.0022016424814348e-06,1.3717271705481083e-05,-0.14596208965383434
blend158_hybrid,blend160origm,-1.591111791110489e-05,-3.0000000000085517e-05,1.5237421201594145e-05,0.14,hybrid,ens4,False,-1.4088882088980629e-05,1.5774842995778355e-05,-0.8931234429877418
blend158_hybrid,blend160origm_h3,-2.03216563624542e-05,-2.000000000002e-05,1.3342910286969345e-05,0.078,hybrid,h3,False,3.2165636243420065e-07,1.3953491376454103e-05,0.02305203434439222
blend158_hybrid,blendtop3,-2.112708070167724e-05,-2.000000000002e-05,1.258351845907107e-05,0.064,hybrid,h3,False,1.1270807016572416e-06,1.3229195118239394e-05,0.08519646823436065
blend158_hybrid,stack_pub149_hybrid,1.0023207856590943e-05,3.999999999992898e-05,1.631009856592219e-05,0.26,hybrid,hybrid,True,2.9976792143338038e-05,1.6813268031431715e-05,1.7829247762717906
blend158_hybrid,stack_pub151_fixed_rankraw,3.831402003551254e-06,0.0,2.6371588822023128e-05,0.442,hybrid,rankraw,False,-3.831402003551254e-06,2.6685714599098183e-05,-0.14357501986027882
blend158_hybrid,stack_pub151_hybrid,4.038772523529133e-06,3.999999999992898e-05,1.4465652592076552e-05,0.362,hybrid,hybrid,True,3.596122747639985e-05,1.5030694314678803e-05,2.392519382240415
blend158_hybrid,stack_pub151_rankraw,5.26748827045509e-06,9.99999999995449e-06,2.5174537654772144e-05,0.398,hybrid,rankraw,False,4.7325117294994e-06,2.5503411787410075e-05,0.18556386764831345
blend158_hybrid,stack_pub86_hybrid,0.0003505329494369,0.0002299999999999,6.0352988563541886e-05,0.0,hybrid,hybrid,True,-0.00012053294943700001,6.049090754169328e-05,-1.9925796179189879
blend158_hybrid,stack_pub88_mine_logit,0.000368386807302,0.0002199999999999,6.525546666876691e-05,0.0,hybrid,logit,False,-0.0001483868073021,6.538304517858752e-05,-2.269499789995949
blend158_hybrid,w16e_aonly,-2.609713796197788e-05,-5.000000000010552e-05,1.5438588950937576e-05,0.044,hybrid,h3+corr,False,-2.3902862038127644e-05,1.596924216932909e-05,-1.4968062845233854
blend158_hybrid,w16h_h3av6,-2.0395686815999348e-05,-2.000000000002e-05,1.2576815255021482e-05,0.066,hybrid,h3+corr,False,3.9568681597934924e-07,1.3222819238937198e-05,0.029924542476854814
blend158_hybrid,w16i_schemeavg,-2.7332932500012674e-05,-4.000000000004e-05,1.4882106882739403e-05,0.04,hybrid,h3+corr,False,-1.2667067500027322e-05,1.5431907592256576e-05,-0.820836142537777
blend158_hybrid,w16l_maskw_h3,-1.7406889296522898e-05,-2.000000000002e-05,1.4191219986584296e-05,0.106,hybrid,h3+corr,False,-2.5931107034971e-06,1.4766766449507362e-05,-0.17560450436890396
blend158_hybrid,w16n_finegrid,-2.7363150565062888e-05,-4.000000000004e-05,1.4845298798829996e-05,0.042,hybrid,h3+corr,False,-1.2636849434977109e-05,1.539641396862302e-05,-0.8207657614773324
blend158_hybrid,w16q_ens4avg,-2.3183796803105672e-05,-5.000000000010552e-05,1.6677874077747152e-05,0.082,hybrid,ens4+corr,False,-2.681620319699985e-05,1.7170269375285207e-05,-1.5617811585180457
blend158_hybrid,w16t_cellens4,-2.303933872149777e-05,-5.000000000010552e-05,1.775815126378107e-05,0.106,hybrid,ens4+corr,False,-2.696066127860775e-05,1.822137763655635e-05,-1.4796170638886463
blend158_logit,blend158_rankraw,-7.503004992726048e-05,2.000000000002e-05,3.627803941370085e-05,0.024,logit,rankraw,False,9.503004992728048e-05,3.650702412370391e-05,2.6030620738976564
blend158_logit,blend158_rescale,-6.59831367549879e-05,1.0000000000065512e-05,2.807963283808853e-05,0.008,logit,rescale,False,7.598313675505342e-05,2.8374855893705017e-05,2.6778333972758723
blend158_logit,blend159,-8.198804991621511e-05,0.0,2.248893591681417e-05,0.0,logit,ens4,False,8.198804991621511e-05,2.2856484973355836e-05,3.5870804286743945
blend158_logit,blend159_h3,-8.5546636834688e-05,1.0000000000065512e-05,2.982740122272273e-05,0.002,logit,h3,False,9.55466368347535e-05,3.0105490037000694e-05,3.1737280050025216
blend158_logit,blend159av,-8.348684057102318e-05,0.0,2.2877499127999976e-05,0.0,logit,ens4,False,8.348684057102318e-05,2.3238903438379066e-05,3.592546472444332
blend158_logit,blend159av_h3,-8.778224591099448e-05,1.0000000000065512e-05,3.0178382923882007e-05,0.002,logit,h3,False,9.778224591106e-05,3.045326686198247e-05,3.2108951185506567
blend158_logit,blend159av_w,-8.678855617605397e-05,1.0000000000065512e-05,2.9337219522868484e-05,0.002,logit,w,False,9.678855617611948e-05,2.9619910803370802e-05,3.2676856057616743
blend158_logit,blend159av_wh3,-8.786704932051137e-05,1.0000000000065512e-05,3.0803740834327826e-05,0.002,logit,wh3,False,9.786704932057688e-05,3.107309312017557e-05,3.1495753880077166
blend158_logit,blend160orig,-8.091774178253797e-05,0.0,2.270603748668616e-05,0.0,logit,ens4,False,8.091774178253797e-05,2.3070127979997508e-05,3.507468266005983
blend158_logit,blend160orig_h3,-8.494125050428902e-05,1.0000000000065512e-05,2.994690567125716e-05,0.004,logit,h3,False,9.494125050435454e-05,3.0223894950019944e-05,3.1412645743162857
blend158_logit,blend160origm,-8.285457005785535e-05,0.0,2.2741575925900725e-05,0.0,logit,ens4,False,8.285457005785535e-05,2.3105106410925142e-05,3.585985218344545
blend158_logit,blend160origm_h3,-8.726510850920466e-05,1.0000000000065512e-05,3.002328390342933e-05,0.004,logit,h3,False,9.726510850927017e-05,3.029957496422327e-05,3.210114617915188
blend158_logit,blendtop3,-8.80705328484277e-05,1.0000000000065512e-05,2.9766921765345085e-05,0.002,logit,h3,False,9.807053284849321e-05,3.0045570356557415e-05,3.264059616265178
blend158_logit,stack_pub149_hybrid,-5.692024429015952e-05,7.00000000000145e-05,3.637641427415193e-05,0.064,logit,hybrid,False,0.000126920244290174,3.6604783596019123e-05,3.4673130618910957
blend158_logit,stack_pub151_fixed_rankraw,-6.31120501431992e-05,3.0000000000085517e-05,3.960328714099921e-05,0.058,logit,rankraw,False,9.311205014328472e-05,3.9813151332682774e-05,2.338725949253072
blend158_logit,stack_pub151_hybrid,-6.290467962322133e-05,7.00000000000145e-05,3.515945652664965e-05,0.042,logit,hybrid,False,0.00013290467962323582,3.53956784073428e-05,3.754827866095226
blend158_logit,stack_pub151_rankraw,-6.167596387629537e-05,4.000000000004e-05,3.854617350675853e-05,0.058,logit,rankraw,False,0.00010167596387633537,3.876176155284741e-05,2.623099668411905
blend158_logit,stack_pub86_hybrid,0.0002835894972902,0.00026,6.200178485264207e-05,0.0,logit,hybrid,False,-2.3589497290200034e-05,6.213604422217416e-05,-0.3796427272687851
blend158_logit,stack_pub88_mine_logit,0.0003014433551552,0.00025,5.817696846395153e-05,0.0,logit,logit,True,-5.144335515519998e-05,5.832003366187538e-05,-0.8820871992882476
blend158_logit,w16e_aonly,-9.304059010872834e-05,-2.000000000002e-05,3.1314303409150227e-05,0.002,logit,h3+corr,False,7.304059010870834e-05,3.157930120612209e-05,2.3129261040946782
blend158_logit,w16h_h3av6,-8.733913896274981e-05,1.0000000000065512e-05,2.9686879790232745e-05,0.002,logit,h3+corr,False,9.733913896281532e-05,2.9966272680238297e-05,3.248289835759489
blend158_logit,w16i_schemeavg,-9.427638464676312e-05,-9.99999999995449e-06,3.09346692500182e-05,0.002,logit,h3+corr,False,8.427638464680863e-05,3.120289134478868e-05,2.7009158771718753
blend158_logit,w16l_maskw_h3,-8.435034144327336e-05,1.0000000000065512e-05,3.095132133750711e-05,0.004,logit,h3+corr,False,9.435034144333887e-05,3.1219400365866884e-05,3.0221701998637664
blend158_logit,w16n_finegrid,-9.430660271181336e-05,-9.99999999995449e-06,3.093779807939639e-05,0.002,logit,h3+corr,False,8.430660271185887e-05,3.120599328122997e-05,2.701615742594173
blend158_logit,w16q_ens4avg,-9.012724894985612e-05,-2.000000000002e-05,2.4002151932111537e-05,0.0,logit,ens4+corr,False,7.012724894983612e-05,2.4346867643268454e-05,2.8803396797216028
blend158_logit,w16t_cellens4,-8.998279086824823e-05,-2.000000000002e-05,2.515527379055782e-05,0.0,logit,ens4+corr,False,6.998279086822823e-05,2.548439652306077e-05,2.746103514944957
blend158_rankraw,blend158_rescale,9.046913172272577e-06,-9.99999999995449e-06,2.5376868696262333e-05,0.378,rankraw,rescale,False,-1.9046913172227065e-05,2.5703154115672377e-05,-0.7410340803509908
blend158_rankraw,blend159,-6.957999988954633e-06,-2.000000000002e-05,1.7790022196324017e-05,0.33,rankraw,ens4,False,-1.3042000011065365e-05,1.8252439738631322e-05,-0.7145346155265999
blend158_rankraw,blend159_h3,-1.0516586907427516e-05,-9.99999999995449e-06,1.4485345183142069e-05,0.218,rankraw,h3,False,5.165869074730267e-07,1.5049647562034263e-05,0.03432551528822643
blend158_rankraw,blend159av,-8.456790643762702e-06,-2.000000000002e-05,1.790260280895289e-05,0.298,rankraw,ens4,False,-1.1543209356257297e-05,1.836218543642871e-05,-0.6286402779353673
blend158_rankraw,blend159av_h3,-1.2752195983734003e-05,-9.99999999995449e-06,1.467578808570785e-05,0.176,rankraw,h3,False,2.7521959837795134e-06,1.5233037208753583e-05,0.18067283274263773
blend158_rankraw,blend159av_w,-1.1758506248793488e-05,-9.99999999995449e-06,1.3254131118584246e-05,0.176,rankraw,w,False,1.758506248838998e-06,1.3868621358133979e-05,0.12679748068885233
blend158_rankraw,blend159av_wh3,-1.2836999393250892e-05,-9.99999999995449e-06,1.3008187264631302e-05,0.138,rankraw,wh3,False,2.836999393296402e-06,1.3633766998829878e-05,0.20808624597588388
blend158_rankraw,blend160orig,-5.887691855277488e-06,-2.000000000002e-05,1.8229373079225084e-05,0.348,rankraw,ens4,False,-1.411230814474251e-05,1.8680918326684126e-05,-0.7554397432691657
blend158_rankraw,blend160orig_h3,-9.911200577028543e-06,-9.99999999995449e-06,1.5140873753597043e-05,0.226,rankraw,h3,False,-8.879942292594648e-08,1.568160465925061e-05,-0.005662648998969854
blend158_rankraw,blend160origm,-7.82452013059487e-06,-2.000000000002e-05,1.81041732104426e-05,0.324,rankraw,ens4,False,-1.2175479869425129e-05,1.855876489156469e-05,-0.6560501165117467
blend158_rankraw,blend160origm_h3,-1.223505858194418e-05,-9.99999999995449e-06,1.5080799780646656e-05,0.18,rankraw,h3,False,2.2350585819896907e-06,1.5623609976270495e-05,0.14305647576868277
blend158_rankraw,blendtop3,-1.3040482921167218e-05,-9.99999999995449e-06,1.4444127139895716e-05,0.166,rankraw,h3,False,3.0404829212127282e-06,1.5009979197192068e-05,0.2025640996079138
blend158_rankraw,stack_pub149_hybrid,1.810980563710096e-05,4.999999999999449e-05,2.609027334709948e-05,0.24,rankraw,hybrid,False,3.189019436289353e-05,2.6407745643902213e-05,1.207607600925877
blend158_rankraw,stack_pub151_fixed_rankraw,1.1917999784061273e-05,1.0000000000065512e-05,1.42700033075624e-05,0.188,rankraw,rankraw,True,-1.9179997839957608e-06,1.484249510912867e-05,-0.12922354158743307
blend158_rankraw,stack_pub151_hybrid,1.2125370304039151e-05,4.999999999999449e-05,2.443661519511133e-05,0.316,rankraw,hybrid,False,3.787462969595534e-05,2.477528665546804e-05,1.5287261948832471
blend158_rankraw,stack_pub151_rankraw,1.3354086050965108e-05,2.000000000002e-05,1.2284996402228392e-05,0.13,rankraw,rankraw,True,6.64591394905489e-06,1.2945570797358888e-05,0.5133735741038755
blend158_rankraw,stack_pub86_hybrid,0.0003586195472174,0.00024,6.259132973306667e-05,0.0,rankraw,hybrid,False,-0.00011861954721739998,6.272432721377043e-05,-1.8911250624200935
blend158_rankraw,stack_pub88_mine_logit,0.0003764734050825,0.00023,6.578666216101861e-05,0.0,rankraw,logit,False,-0.00014647340508249998,6.591321252188112e-05,-2.2222161457215486
blend158_rankraw,w16e_aonly,-1.801054018146786e-05,-4.000000000004e-05,1.7633740395907356e-05,0.158,rankraw,h3+corr,False,-2.1989459818572137e-05,1.8100151021936848e-05,-1.2148771461587011
blend158_rankraw,w16h_h3av6,-1.2309089035489327e-05,-9.99999999995449e-06,1.4445956675387252e-05,0.18,rankraw,h3+corr,False,2.3090890355348375e-06,1.5011739770387447e-05,0.15381888247821932
blend158_rankraw,w16i_schemeavg,-1.9246334719502656e-05,-2.999999999997449e-05,1.7222223338124482e-05,0.12,rankraw,h3+corr,False,-1.0753665280471836e-05,1.7699481443672473e-05,-0.6075695107054251
blend158_rankraw,w16l_maskw_h3,-9.32029151601288e-06,-9.99999999995449e-06,1.514775728112753e-05,0.254,rankraw,h3+corr,False,-6.797084839416101e-07,1.5688250932293847e-05,-0.0433259569135555
blend158_rankraw,w16n_finegrid,-1.927655278455287e-05,-2.999999999997449e-05,1.719728222979073e-05,0.12,rankraw,h3+corr,False,-1.0723447215421622e-05,1.7675213796662905e-05,-0.6066940597599004
blend158_rankraw,w16q_ens4avg,-1.5097199022595651e-05,-4.000000000004e-05,2.0046497895811417e-05,0.222,rankraw,ens4+corr,False,-2.4902800977444344e-05,2.0457975084387952e-05,-1.217266170025222
blend158_rankraw,w16t_cellens4,-1.4952740940987752e-05,-4.000000000004e-05,2.153427421966361e-05,0.24,rankraw,ens4+corr,False,-2.5047259059052245e-05,2.191783823360177e-05,-1.1427796296375994
blend158_rescale,blend159,-1.6004913161227208e-05,-1.0000000000065512e-05,1.3598552992410694e-05,0.144,rescale,ens4,False,6.004913161161696e-06,1.4198144602520025e-05,0.4229364701706084
blend158_rescale,blend159_h3,-1.956350007970009e-05,0.0,1.4356373413978911e-05,0.1,rescale,h3,False,1.956350007970009e-05,1.4925552729070613e-05,1.3107387334203118
blend158_rescale,blend159av,-1.7503703816035276e-05,-1.0000000000065512e-05,1.3661591932443482e-05,0.114,rescale,ens4,False,7.5037038159697644e-06,1.4258532911743464e-05,0.5262605811141792
blend158_rescale,blend159av_h3,-2.179910915600658e-05,0.0,1.4550386850950331e-05,0.074,rescale,h3,False,2.179910915600658e-05,1.5112260723630167e-05,1.4424783660541651
blend158_rescale,blend159av_w,-2.0805419421066063e-05,0.0,1.5843103499390445e-05,0.118,rescale,w,False,2.0805419421066063e-05,1.6360641648757682e-05,1.2716750276506354
blend158_rescale,blend159av_wh3,-2.1883912565523467e-05,0.0,1.584479786982391e-05,0.098,rescale,wh3,False,2.1883912565523467e-05,1.636228242642948e-05,1.3374608746622703
blend158_rescale,blend160orig,-1.4934605027550065e-05,-1.0000000000065512e-05,1.3867314275236877e-05,0.162,rescale,ens4,False,4.934605027484553e-06,1.4455762583649995e-05,0.3413590254356954
blend158_rescale,blend160orig_h3,-1.895811374930112e-05,0.0,1.4671448768827613e-05,0.116,rescale,h3,False,1.895811374930112e-05,1.5228856675502594e-05,1.2448809620618122
blend158_rescale,blend160origm,-1.6871433302867445e-05,-1.0000000000065512e-05,1.3898461395774846e-05,0.13,rescale,ens4,False,6.8714333028019325e-06,1.4485644474323893e-05,0.4743615870858692
blend158_rescale,blend160origm_h3,-2.1281971754216755e-05,0.0,1.4565303785423656e-05,0.086,rescale,h3,False,2.1281971754216755e-05,1.512662358321722e-05,1.4069214876100182
blend158_rescale,blendtop3,-2.2087396093439796e-05,0.0,1.4074554271473927e-05,0.066,rescale,h3,False,2.2087396093439796e-05,1.465468336769279e-05,1.5071902639761503
blend158_rescale,stack_pub149_hybrid,9.062892464828389e-06,5.999999999994898e-05,2.55977385412243e-05,0.364,rescale,hybrid,False,5.0937107535120596e-05,2.592124389552991e-05,1.9650718823684479
blend158_rescale,stack_pub151_fixed_rankraw,2.871086611788698e-06,2.000000000002e-05,2.905496629160744e-05,0.448,rescale,rankraw,False,1.71289133882313e-05,2.9340377176735666e-05,0.583800040642048
blend158_rescale,stack_pub151_hybrid,3.0784571317665765e-06,5.999999999994898e-05,2.442736936294879e-05,0.432,rescale,hybrid,False,5.6921542868182406e-05,2.4766167258189063e-05,2.298358977986834
blend158_rescale,stack_pub151_rankraw,4.307172878692533e-06,2.999999999997449e-05,2.791597471000184e-05,0.414,rescale,rankraw,False,2.5692827121281958e-05,2.8212910354589953e-05,0.9106762400037895
blend158_rescale,stack_pub86_hybrid,0.0003495726340452,0.0002499999999999,6.1964293407032e-05,0.0,rescale,hybrid,False,-9.957263404530002e-05,6.209863383440426e-05,-1.6034593339174907
blend158_rescale,stack_pub88_mine_logit,0.0003674264919102,0.00024,6.216251607902511e-05,0.0,rescale,logit,False,-0.00012742649191019997,6.22964290464688e-05,-2.045486296094896
blend158_rescale,w16e_aonly,-2.7057453353740435e-05,-3.0000000000085517e-05,1.6021153804549478e-05,0.052,rescale,h3+corr,False,-2.9425466463450823e-06,1.6533119363740675e-05,-0.17797891502546564
blend158_rescale,w16h_h3av6,-2.1356002207761904e-05,0.0,1.4034831083612433e-05,0.072,rescale,h3+corr,False,2.1356002207761904e-05,1.4616536874793576e-05,1.4610849608699465
blend158_rescale,w16i_schemeavg,-2.829324789177523e-05,-2.000000000002e-05,1.55335734659023e-05,0.044,rescale,h3+corr,False,8.293247891755232e-06,1.6061088732936215e-05,0.5163565203863424
blend158_rescale,w16l_maskw_h3,-1.836720468828545e-05,0.0,1.6025151238190265e-05,0.15,rescale,h3+corr,False,1.836720468828545e-05,1.6536993042071996e-05,1.1106737870395897
blend158_rescale,w16n_finegrid,-2.8323465956825444e-05,-2.000000000002e-05,1.5497144501427487e-05,0.038,rescale,h3+corr,False,8.323465956805446e-06,1.6025858927520573e-05,0.5193772136925459
blend158_rescale,w16q_ens4avg,-2.4144112194868228e-05,-3.0000000000085517e-05,1.477497296705545e-05,0.052,rescale,ens4+corr,False,-5.855887805217289e-06,1.532861679486724e-05,-0.3820232369027663
blend158_rescale,w16t_cellens4,-2.3999654113260327e-05,-3.0000000000085517e-05,1.5627787289733323e-05,0.062,rescale,ens4+corr,False,-6.00034588682519e-06,1.6152225922138938e-05,-0.37148724366224084
blend159,blend159_h3,-3.558586918472884e-06,1.0000000000065512e-05,7.503889304659421e-06,0.32,ens4,h3,False,1.3558586918538396e-05,8.542541856101655e-06,1.587184136400098
blend159,blend159av,-1.4987906548080687e-06,0.0,3.7819368145977233e-06,0.32,ens4,ens4,True,1.4987906548080687e-06,5.565043821595321e-06,0.26932234549384254
blend159,blend159av_h3,-5.794195994779372e-06,1.0000000000065512e-05,8.650013757657879e-06,0.256,ens4,h3,False,1.5794195994844884e-05,9.565009392276478e-06,1.6512473064164819
blend159,blend159av_w,-4.800506259838855e-06,1.0000000000065512e-05,8.351596067208616e-06,0.296,ens4,w,False,1.4800506259904367e-05,9.296011162669776e-06,1.5921351643099493
blend159,blend159av_wh3,-5.878999404296259e-06,1.0000000000065512e-05,9.412115294016553e-06,0.276,ens4,wh3,False,1.587899940436177e-05,1.0259365524949726e-05,1.5477564734140403
blend159,blend160orig,1.0703081336771447e-06,0.0,4.319128649098877e-06,0.396,ens4,ens4,True,-1.0703081336771447e-06,5.9431926566562995e-06,-0.18008975907560618
blend159,blend160orig_h3,-2.953200588073912e-06,1.0000000000065512e-05,8.850936528972115e-06,0.362,ens4,h3,False,1.2953200588139424e-05,9.747089006804013e-06,1.3289301635695916
blend159,blend160origm,-8.665201416402368e-07,0.0,4.03938549959456e-06,0.39,ens4,ens4,True,8.665201416402368e-07,5.743109077929956e-06,0.15087997283042465
blend159,blend160origm_h3,-5.277058592989548e-06,1.0000000000065512e-05,8.6835510649204e-06,0.264,ens4,h3,False,1.527705859305506e-05,9.595349173622964e-06,1.5921315959038544
blend159,blendtop3,-6.082482932212585e-06,1.0000000000065512e-05,7.910274920852804e-06,0.226,ens4,h3,False,1.6082482932278097e-05,8.901635579495462e-06,1.8066885336581753
blend159,stack_pub149_hybrid,2.5067805626055595e-05,7.00000000000145e-05,2.0766270463495164e-05,0.102,ens4,hybrid,False,4.49321943739589e-05,2.1163758069626912e-05,2.1230725765308747
blend159,stack_pub151_fixed_rankraw,1.8875999773015902e-05,3.0000000000085517e-05,2.279021623527361e-05,0.194,ens4,rankraw,False,1.1124000227069615e-05,2.3152983019844237e-05,0.48045645857103264
blend159,stack_pub151_hybrid,1.9083370292993784e-05,7.00000000000145e-05,1.906305132204673e-05,0.15,ens4,hybrid,False,5.091662970702071e-05,1.949529667313771e-05,2.6117391574337008
blend159,stack_pub151_rankraw,2.031208603991974e-05,4.000000000004e-05,2.1533766592440265e-05,0.158,ens4,rankraw,False,1.9687913960120256e-05,2.191733949010151e-05,0.8982802848407706
blend159,stack_pub86_hybrid,0.0003655775472064,0.00026,5.90693419421982e-05,0.0,ens4,hybrid,False,-0.00010557754720640002,5.921025100564093e-05,-1.7830957547594537
blend159,stack_pub88_mine_logit,0.0003834314050714,0.00025,6.030385265004521e-05,0.0,ens4,logit,False,-0.00013343140507139997,6.0441883748813055e-05,-2.207598387004612
blend159,w16e_aonly,-1.1052540192513227e-05,-2.000000000002e-05,1.216470610948403e-05,0.18,ens4,h3+corr,False,-8.947459807506771e-06,1.2831474638434383e-05,-0.6973056534520403
blend159,w16h_h3av6,-5.351089046534696e-06,1.0000000000065512e-05,7.67635963200465e-06,0.246,ens4,h3+corr,False,1.5351089046600208e-05,8.69443292380459e-06,1.7656228049756162
blend159,w16i_schemeavg,-1.2288334730548025e-05,-9.99999999995449e-06,1.1444461814367567e-05,0.15,ens4,h3+corr,False,2.288334730593535e-06,1.2150817786765796e-05,0.18832763117276774
blend159,w16l_maskw_h3,-2.3622915270582467e-06,1.0000000000065512e-05,1.0327126770160632e-05,0.414,ens4,h3+corr,False,1.2362291527123759e-05,1.110478338346296e-05,1.113240222725412
blend159,w16n_finegrid,-1.2318552795598237e-05,-9.99999999995449e-06,1.141309150186074e-05,0.146,ens4,h3+corr,False,2.318552795643747e-06,1.2121275687670522e-05,0.19127960252584011
blend159,w16q_ens4avg,-8.13919903364102e-06,-2.000000000002e-05,8.495623728124609e-06,0.158,ens4,ens4+corr,False,-1.1860800966378978e-05,9.425618769955666e-06,-1.2583578071484813
blend159,w16t_cellens4,-7.99474095203312e-06,-2.000000000002e-05,1.0785927747399682e-05,0.226,ens4,ens4+corr,False,-1.200525904798688e-05,1.1532688500032984e-05,-1.0409766159861635
blend159_h3,blend159av,2.059796263664815e-06,-1.0000000000065512e-05,8.347116441293888e-06,0.402,h3,ens4,False,-1.2059796263730327e-05,9.29198684626627e-06,-1.2978705699068251
blend159_h3,blend159av_h3,-2.2356090763064884e-06,0.0,4.685830103325491e-06,0.298,h3,h3,True,2.2356090763064884e-06,6.214794479618618e-06,0.35972373400892904
blend159_h3,blend159av_w,-1.2419193413659713e-06,0.0,5.673050501640357e-06,0.42,h3,w,False,1.2419193413659713e-06,6.989289567676287e-06,0.17768892379413453
blend159_h3,blend159av_wh3,-2.3204124858233754e-06,0.0,5.27061627349171e-06,0.314,h3,wh3,False,2.3204124858233754e-06,6.66678802490842e-06,0.34805553696230657
blend159_h3,blend160orig,4.628895052150028e-06,-1.0000000000065512e-05,8.734815374164142e-06,0.274,h3,ens4,False,-1.462889505221554e-05,9.641766761719604e-06,-1.5172421625356227
blend159_h3,blend160orig_h3,6.053863303989715e-07,0.0,5.3637348492844215e-06,0.456,h3,h3,True,-6.053863303989715e-07,6.740646719721695e-06,-0.08981131270798397
blend159_h3,blend160origm,2.6920667768326467e-06,-1.0000000000065512e-05,8.487835894471535e-06,0.384,h3,ens4,False,-1.2692066776898159e-05,9.418599940444763e-06,-1.3475534428845077
blend159_h3,blend160origm_h3,-1.718471674516664e-06,0.0,4.791216901906791e-06,0.342,h3,h3,True,1.718471674516664e-06,6.294634704872395e-06,0.2730057827162666
blend159_h3,blendtop3,-2.523896013739701e-06,0.0,3.436245163053278e-06,0.21,h3,h3,True,2.523896013739701e-06,5.336145377261916e-06,0.4729811193852374
blend159_h3,stack_pub149_hybrid,2.862639254452848e-05,5.999999999994898e-05,1.8902960912469687e-05,0.052,h3,hybrid,False,3.1373607455420505e-05,1.9338784809936314e-05,1.622315350409229
blend159_h3,stack_pub151_fixed_rankraw,2.243458669148879e-05,2.000000000002e-05,2.0048118791132647e-05,0.124,h3,rankraw,False,-2.434586691468791e-06,2.045956338072816e-05,-0.11899504628539848
blend159_h3,stack_pub151_hybrid,2.2641957211466668e-05,5.999999999994898e-05,1.716863595507046e-05,0.09,h3,hybrid,False,3.7358042788482315e-05,1.7647343347495816e-05,2.1169216268341873
blend159_h3,stack_pub151_rankraw,2.3870672958392625e-05,2.999999999997449e-05,1.872663177573319e-05,0.082,h3,rankraw,False,6.129327041581867e-06,1.9166465619163244e-05,0.3197943305443634
blend159_h3,stack_pub86_hybrid,0.0003691361341249,0.0002499999999999,6.0235329952340415e-05,0.0,h3,hybrid,False,-0.000119136134125,6.0373517713762424e-05,-1.9733177498425334
blend159_h3,stack_pub88_mine_logit,0.0003869899919899,0.00024,6.303309110713589e-05,0.0,h3,logit,False,-0.0001469899919899,6.316515844345806e-05,-2.3270739061230614
blend159_h3,w16e_aonly,-7.493953274040344e-06,-3.0000000000085517e-05,9.88014144502895e-06,0.21,h3,h3+corr,False,-2.2506046726045174e-05,1.069036302659762e-05,-2.1052649634114515
blend159_h3,w16h_h3av6,-1.7925021280618123e-06,0.0,2.848774339435131e-06,0.25,h3,h3+corr,False,1.7925021280618123e-06,4.978170537827199e-06,0.36007246325558345
blend159_h3,w16i_schemeavg,-8.72974781207514e-06,-2.000000000002e-05,9.052684612172824e-06,0.162,h3,h3+corr,False,-1.1270252187944859e-05,9.9306477811942e-06,-1.1348959741868485
blend159_h3,w16l_maskw_h3,1.1962953914146368e-06,0.0,6.740991495709982e-06,0.404,h3,h3+corr,False,-1.1962953914146368e-06,7.880839613385174e-06,-0.15179796190532727
blend159_h3,w16n_finegrid,-8.759965877125353e-06,-2.000000000002e-05,8.995882955155712e-06,0.162,h3,h3+corr,False,-1.1240034122894645e-05,9.878895525792737e-06,-1.1377824670326881
blend159_h3,w16q_ens4avg,-4.580612115168137e-06,-3.0000000000085517e-05,1.138235286465695e-05,0.336,h3,ens4+corr,False,-2.541938788491738e-05,1.2092337383741449e-05,-2.10210706815827
blend159_h3,w16t_cellens4,-4.436154033560236e-06,-3.0000000000085517e-05,1.3065830319488303e-05,0.372,h3,ens4+corr,False,-2.556384596652528e-05,1.3688776008260434e-05,-1.8675041472735683
blend159av,blend159av_h3,-4.295405339971303e-06,1.0000000000065512e-05,7.443882782067568e-06,0.288,ens4,h3,False,1.4295405340036815e-05,8.48987971291871e-06,1.6838171827433632
blend159av,blend159av_w,-3.301715605030786e-06,1.0000000000065512e-05,7.0316102782313975e-06,0.32,ens4,w,False,1.3301715605096298e-05,8.130818517935087e-06,1.6359626740844315
blend159av,blend159av_wh3,-4.38020874948819e-06,1.0000000000065512e-05,8.253999463090026e-06,0.298,ens4,wh3,False,1.4380208749553702e-05,9.208429497116058e-06,1.561635320556819
blend159av,blend160orig,2.569098788485213e-06,0.0,4.159617589453154e-06,0.252,ens4,ens4,True,-2.569098788485213e-06,5.828300366071978e-06,-0.4407972525645027
blend159av,blend160orig_h3,-1.4544099332658431e-06,1.0000000000065512e-05,8.657848242167321e-06,0.426,ens4,h3,False,1.1454409933331355e-05,9.572095008464262e-06,1.1966460762458615
blend159av,blend160origm,6.322705131678319e-07,0.0,4.076684297850109e-06,0.434,ens4,ens4,True,-6.322705131678319e-07,5.769403914704214e-06,-0.10959026660560083
blend159av,blend160origm_h3,-3.778267938181479e-06,1.0000000000065512e-05,8.644176514432766e-06,0.334,ens4,h3,False,1.377826793824699e-05,9.559730868562026e-06,1.4412819908516439
blend159av,blendtop3,-4.583692277404516e-06,1.0000000000065512e-05,7.487578599772064e-06,0.284,ens4,h3,False,1.4583692277470028e-05,8.528217865089474e-06,1.7100515615541234
blend159av,stack_pub149_hybrid,2.6566596280863664e-05,7.00000000000145e-05,2.0927298492403217e-05,0.088,ens4,hybrid,False,4.343340371915083e-05,2.1321784373189983e-05,2.0370435681623347
blend159av,stack_pub151_fixed_rankraw,2.037479042782397e-05,3.0000000000085517e-05,2.2732888355809448e-05,0.16,ens4,rankraw,False,9.625209572261546e-06,2.3096555580093833e-05,0.41673787846345367
blend159av,stack_pub151_hybrid,2.0582160947801853e-05,7.00000000000145e-05,1.9247334145992845e-05,0.144,ens4,hybrid,False,4.941783905221264e-05,1.9675531464084235e-05,2.5116393497385365
blend159av,stack_pub151_rankraw,2.181087669472781e-05,4.000000000004e-05,2.1695552193084184e-05,0.138,ens4,rankraw,False,1.8189123305312187e-05,2.2076314267320683e-05,0.8239202923577392
blend159av,stack_pub86_hybrid,0.0003670763378612,0.00026,5.911537685398941e-05,0.0,ens4,hybrid,False,-0.00010707633786120001,5.9256176448163226e-05,-1.8070072063267435
blend159av,stack_pub88_mine_logit,0.0003849301957262,0.00025,6.038375096277066e-05,0.0,ens4,logit,False,-0.00013493019572620002,6.052159983840954e-05,-2.2294552041991405
blend159av,w16e_aonly,-9.553749537705158e-06,-2.000000000002e-05,1.1337248639685728e-05,0.198,ens4,h3+corr,False,-1.044625046231484e-05,1.204989101132133e-05,-0.8669165930629739
blend159av,w16h_h3av6,-3.852298391726627e-06,1.0000000000065512e-05,7.660099184306895e-06,0.316,ens4,h3+corr,False,1.385229839179214e-05,8.680079848716015e-06,1.595872230811473
blend159av,w16i_schemeavg,-1.0789544075739954e-05,-9.99999999995449e-06,1.0570114341014742e-05,0.144,ens4,h3+corr,False,7.895440757854644e-07,1.1331106911894892e-05,0.06967934217941552
blend159av,w16l_maskw_h3,-8.63500872250178e-07,1.0000000000065512e-05,1.0215098592360006e-05,0.476,ens4,h3+corr,False,1.086350087231569e-05,1.1000677520875796e-05,0.987530163637668
blend159av,w16n_finegrid,-1.0819762140790168e-05,-9.99999999995449e-06,1.052909454150439e-05,0.148,ens4,h3+corr,False,8.197621408356781e-07,1.1292851656273725e-05,0.07259124318526407
blend159av,w16q_ens4avg,-6.640408378832952e-06,-2.000000000002e-05,7.659437041017758e-06,0.184,ens4,ens4+corr,False,-1.3359591621187047e-05,8.679495518288004e-06,-1.5392129177367413
blend159av,w16t_cellens4,-6.4959502972250505e-06,-2.000000000002e-05,9.999177737717048e-06,0.234,ens4,ens4+corr,False,-1.3504049702794948e-05,1.0800473234869057e-05,-1.2503201858968052
blend159av_h3,blend159av_w,9.936897349405172e-07,0.0,3.016589450354034e-06,0.352,h3,w,False,-9.936897349405172e-07,5.07606920546341e-06,-0.19575969016951184
blend159av_h3,blend159av_wh3,-8.480340951688704e-08,0.0,2.141230892992336e-06,0.494,h3,wh3,False,8.480340951688704e-08,4.6099388720211285e-06,0.01839577744329326
blend159av_h3,blend160orig,6.864504128456517e-06,-1.0000000000065512e-05,8.849277867733257e-06,0.212,h3,ens4,False,-1.686450412852203e-05,9.74558286851127e-06,-1.73047670478618
blend159av_h3,blend160orig_h3,2.84099540670546e-06,0.0,5.368963349447356e-06,0.268,h3,h3,True,-2.84099540670546e-06,6.744807937545416e-06,-0.4212122024840578
blend159av_h3,blend160origm,4.927675853139135e-06,-1.0000000000065512e-05,8.7823834023352e-06,0.308,h3,ens4,False,-1.4927675853204647e-05,9.684881253390744e-06,-1.5413380363314588
blend159av_h3,blend160origm_h3,5.171374017898245e-07,0.0,5.271585680591615e-06,0.476,h3,h3,True,-5.171374017898245e-07,6.6675544433086736e-06,-0.07756028183748925
blend159av_h3,blendtop3,-2.882869374332131e-07,0.0,2.681536993406892e-06,0.464,h3,h3,True,2.882869374332131e-07,4.884394262718392e-06,0.059022044889711266
blend159av_h3,stack_pub149_hybrid,3.086200162083497e-05,5.999999999994898e-05,1.9096963979712265e-05,0.05,h3,hybrid,False,2.9137998379114016e-05,1.9528458718216715e-05,1.492078755397795
blend159av_h3,stack_pub151_fixed_rankraw,2.467019576779528e-05,2.000000000002e-05,1.982732197804265e-05,0.09,h3,rankraw,False,-4.670195767775283e-06,2.0243254765171527e-05,-0.23070379847268158
blend159av_h3,stack_pub151_hybrid,2.487756628777316e-05,5.999999999994898e-05,1.7381370997247072e-05,0.068,h3,hybrid,False,3.512243371217583e-05,1.785437549763666e-05,1.9671611430388534
blend159av_h3,stack_pub151_rankraw,2.6106282034699117e-05,2.999999999997449e-05,1.8880596233709132e-05,0.066,h3,rankraw,False,3.893717965275375e-06,1.9316924724371064e-05,0.20157028206269773
blend159av_h3,stack_pub86_hybrid,0.0003713717432012,0.0002499999999999,6.008714262850496e-05,0.0,h3,hybrid,False,-0.00012137174320130004,6.0225670406604566e-05,-2.015282559444784
blend159av_h3,stack_pub88_mine_logit,0.0003892256010662,0.00024,6.294681717995997e-05,0.0,h3,logit,False,-0.0001492256010662,6.307906514648082e-05,-2.3656913861940025
blend159av_h3,w16e_aonly,-5.258344197733855e-06,-3.0000000000085517e-05,8.647746690091658e-06,0.28,h3,h3+corr,False,-2.4741655802351662e-05,9.562959242967519e-06,-2.58723844510227
blend159av_h3,w16h_h3av6,4.431069482446759e-07,0.0,3.35930597404663e-06,0.41,h3,h3+corr,False,-4.431069482446759e-07,5.286927585463229e-06,-0.08381180583275415
blend159av_h3,w16i_schemeavg,-6.494138735768651e-06,-2.000000000002e-05,7.711825410161242e-06,0.188,h3,h3+corr,False,-1.3505861264251348e-05,8.725761733136844e-06,-1.5478145836783117
blend159av_h3,w16l_maskw_h3,3.431904467721125e-06,0.0,6.91023990263688e-06,0.304,h3,h3+corr,False,-3.431904467721125e-06,8.026087600983536e-06,-0.42759369674716374
blend159av_h3,w16n_finegrid,-6.524356800818865e-06,-2.000000000002e-05,7.635989369845502e-06,0.186,h3,h3+corr,False,-1.3475643199201134e-05,8.658810560525054e-06,-1.5562926460864848
blend159av_h3,w16q_ens4avg,-2.3450030388616483e-06,-3.0000000000085517e-05,1.0733868128386044e-05,0.408,h3,ens4+corr,False,-2.765499696122387e-05,1.1484014614421578e-05,-2.408129725513832
blend159av_h3,w16t_cellens4,-2.2005449572537472e-06,-3.0000000000085517e-05,1.2356652506453422e-05,0.442,h3,ens4+corr,False,-2.779945504283177e-05,1.3013590120789432e-05,-2.1361864623676494
blend159av_w,blend159av_wh3,-1.0784931444574042e-06,0.0,2.203578608693211e-06,0.316,w,wh3,False,1.0784931444574042e-06,4.639226805336961e-06,0.2324726058266233
blend159av_w,blend160orig,5.870814393516e-06,-1.0000000000065512e-05,8.65514790083499e-06,0.248,w,ens4,False,-1.587081439358151e-05,9.569652650540407e-06,-1.6584525032562465
blend159av_w,blend160orig_h3,1.8473056717649428e-06,0.0,6.413886628990297e-06,0.376,w,h3,False,-1.8473056717649428e-06,7.602934193862734e-06,-0.24297272929918703
blend159av_w,blend160origm,3.933986118198618e-06,-1.0000000000065512e-05,8.566428313103379e-06,0.348,w,ens4,False,-1.393398611826413e-05,9.48948685178529e-06,-1.4683603376975733
blend159av_w,blend160origm_h3,-4.765523331506927e-07,0.0,6.314651073252109e-06,0.462,w,h3,False,4.765523331506927e-07,7.5194072135767915e-06,0.06337631672484044
blend159av_w,blendtop3,-1.2819766723737305e-06,0.0,4.184783466258529e-06,0.374,w,h3,False,1.2819766723737305e-06,5.846287653386329e-06,0.21928046452370073
blend159av_w,stack_pub149_hybrid,2.986831188589445e-05,5.999999999994898e-05,1.981150633463402e-05,0.064,w,hybrid,False,3.0131688114054533e-05,2.0227764333062382e-05,1.4896202871418736
blend159av_w,stack_pub151_fixed_rankraw,2.367650603285476e-05,2.000000000002e-05,1.873493007674585e-05,0.096,w,rankraw,False,-3.676506032834762e-06,1.9174573571457145e-05,-0.1917386073350559
blend159av_w,stack_pub151_hybrid,2.388387655283264e-05,5.999999999994898e-05,1.807756975806031e-05,0.08,w,hybrid,False,3.6116123447116344e-05,1.853281400716587e-05,1.948766303549571
blend159av_w,stack_pub151_rankraw,2.51125922997586e-05,2.999999999997449e-05,1.7876215828677314e-05,0.07,w,rankraw,False,4.887407700215892e-06,1.8336459827898077e-05,0.26654041980229615
blend159av_w,stack_pub86_hybrid,0.0003703780534662,0.0002499999999999,6.004728598931396e-05,0.0,w,hybrid,False,-0.0001203780534663,6.018590550410559e-05,-2.000103719600736
blend159av_w,stack_pub88_mine_logit,0.0003882319113313,0.00024,6.264865011381673e-05,0.0,w,logit,False,-0.00014823191133129997,6.278152616614298e-05,-2.3610753096225134
blend159av_w,w16e_aonly,-6.252033932674372e-06,-3.0000000000085517e-05,9.467905848273496e-06,0.232,w,h3+corr,False,-2.3747966067411145e-05,1.0310572623207604e-05,-2.3032635465811
blend159av_w,w16h_h3av6,-5.505827866958413e-07,0.0,4.701837829886178e-06,0.444,w,h3+corr,False,5.505827866958413e-07,6.226872862457964e-06,0.08842043170904039
blend159av_w,w16i_schemeavg,-7.487828470709168e-06,-2.000000000002e-05,8.551202265085918e-06,0.17,w,h3+corr,False,-1.251217152931083e-05,9.475744131469422e-06,-1.320442105201773
blend159av_w,w16l_maskw_h3,2.438214732780608e-06,0.0,7.67180354565177e-06,0.364,w,h3+corr,False,-2.438214732780608e-06,8.690410595003078e-06,-0.2805638129667387
blend159av_w,w16n_finegrid,-7.518046535759382e-06,-2.000000000002e-05,8.482890861329629e-06,0.168,w,h3+corr,False,-1.2481953464260617e-05,9.41414382893614e-06,-1.3258723991336299
blend159av_w,w16q_ens4avg,-3.338692773802165e-06,-3.0000000000085517e-05,1.0694508485835545e-05,0.37,w,ens4+corr,False,-2.6661307226283352e-05,1.1447234531548444e-05,-2.3290609756273537
blend159av_w,w16t_cellens4,-3.1942346921942644e-06,-3.0000000000085517e-05,1.2456306125790536e-05,0.394,w,ens4+corr,False,-2.6805765307891253e-05,1.3108250415904998e-05,-2.0449537091056995
blend159av_wh3,blend160orig,6.949307537973404e-06,-1.0000000000065512e-05,9.702867945129316e-06,0.22,wh3,ens4,False,-1.6949307538038916e-05,1.052674275487364e-05,-1.6101189069327049
blend159av_wh3,blend160orig_h3,2.925798816222347e-06,0.0,6.109979096312746e-06,0.298,wh3,h3,False,-2.925798816222347e-06,7.34836792927827e-06,-0.39815627692851635
blend159av_wh3,blend160origm,5.012479262656022e-06,-1.0000000000065512e-05,9.575698363068796e-06,0.312,wh3,ens4,False,-1.5012479262721534e-05,1.040964292409423e-05,-1.4421704348737598
blend159av_wh3,blend160origm_h3,6.019408113067115e-07,0.0,5.930512651398431e-06,0.47,wh3,h3,False,-6.019408113067115e-07,7.199836593636242e-06,-0.08360478789737424
blend159av_wh3,blendtop3,-2.034835279163261e-07,0.0,3.646596345954561e-06,0.45,wh3,h3,False,2.034835279163261e-07,5.473968540007864e-06,0.03717294435090666
blend159av_wh3,stack_pub149_hybrid,3.0946805030351854e-05,5.999999999994898e-05,1.9629144001414035e-05,0.052,wh3,hybrid,False,2.905319496959713e-05,2.0049188534574543e-05,1.449095803528173
blend159av_wh3,stack_pub151_fixed_rankraw,2.4754999177312165e-05,2.000000000002e-05,1.84973788870347e-05,0.078,wh3,rankraw,False,-4.754999177292166e-06,1.8942536587194012e-05,-0.2510223039773224
blend159av_wh3,stack_pub151_hybrid,2.4962369697290043e-05,5.999999999994898e-05,1.791912664477326e-05,0.074,wh3,hybrid,False,3.503763030265894e-05,1.8378296068408782e-05,1.90646783424534
blend159av_wh3,stack_pub151_rankraw,2.6191085444216e-05,2.999999999997449e-05,1.7658163193039163e-05,0.062,wh3,rankraw,False,3.8089145557584914e-06,1.8123945321553738e-05,0.21015923896155073
blend159av_wh3,stack_pub86_hybrid,0.0003714565466107,0.0002499999999999,6.026617639532443e-05,0.0,wh3,hybrid,False,-0.00012145654661080001,6.040429358894139e-05,-2.0107270426391652
blend159av_wh3,stack_pub88_mine_logit,0.0003893104044757,0.00024,6.315088863643878e-05,0.0,wh3,logit,False,-0.00014931040447569997,6.328271013664443e-05,-2.3594186177124614
blend159av_wh3,w16e_aonly,-5.173540788216968e-06,-3.0000000000085517e-05,9.137625661181076e-06,0.28,wh3,h3+corr,False,-2.482645921186855e-05,1.0008140156419753e-05,-2.48062665228999
blend159av_wh3,w16h_h3av6,5.279103577615629e-07,0.0,4.239104317177354e-06,0.446,wh3,h3+corr,False,-5.279103577615629e-07,5.8852928626006674e-06,-0.08969992999265686
blend159av_wh3,w16i_schemeavg,-6.409335326251764e-06,-2.000000000002e-05,8.243652957892446e-06,0.196,wh3,h3+corr,False,-1.3590664673768235e-05,9.19915652420566e-06,-1.4773816097168515
blend159av_wh3,w16l_maskw_h3,3.5167078772380123e-06,0.0,7.15193618089215e-06,0.308,wh3,h3+corr,False,-3.5167078772380123e-06,8.23509913736446e-06,-0.42703892431384743
blend159av_wh3,w16n_finegrid,-6.4395533913019776e-06,-2.000000000002e-05,8.174460202820304e-06,0.194,wh3,h3+corr,False,-1.356044660871802e-05,9.137202322054583e-06,-1.484091752678716
blend159av_wh3,w16q_ens4avg,-2.2601996293447613e-06,-3.0000000000085517e-05,1.1485357185196806e-05,0.406,wh3,ens4+corr,False,-2.7739800370740756e-05,1.2189343556493046e-05,-2.275741941489889
blend159av_wh3,w16t_cellens4,-2.11574154773686e-06,-3.0000000000085517e-05,1.3095321788788032e-05,0.432,wh3,ens4+corr,False,-2.7884258452348657e-05,1.3716928206365055e-05,-2.032835488590627
blend160orig,blend160orig_h3,-4.023508721751057e-06,1.0000000000065512e-05,7.405861321182392e-06,0.296,ens4,h3,False,1.4023508721816569e-05,8.456562456178756e-06,1.6582989594749986
blend160orig,blend160origm,-1.9368282753173816e-06,0.0,3.8087851792770183e-06,0.274,ens4,ens4,True,1.9368282753173816e-06,5.583324386827881e-06,0.34689517232542066
blend160orig,blend160origm_h3,-6.347366726666692e-06,1.0000000000065512e-05,8.555135550588835e-06,0.208,ens4,h3,False,1.6347366726732204e-05,9.479293800469295e-06,1.7245342396627572
blend160orig,blendtop3,-7.15279106588973e-06,1.0000000000065512e-05,8.091856032666477e-06,0.174,ens4,h3,False,1.7152791065955242e-05,9.063376893855156e-06,1.8925386494281835
blend160orig,stack_pub149_hybrid,2.399749749237845e-05,7.00000000000145e-05,2.076570200325236e-05,0.114,ens4,hybrid,False,4.6002502507636045e-05,2.116320028621725e-05,2.173702553748246
blend160orig,stack_pub151_fixed_rankraw,1.780569163933876e-05,3.0000000000085517e-05,2.3335671176014336e-05,0.202,ens4,rankraw,False,1.2194308360746756e-05,2.369008686986464e-05,0.5147430833720886
blend160orig,stack_pub151_hybrid,1.801306215931664e-05,7.00000000000145e-05,1.9061523372138443e-05,0.174,ens4,hybrid,False,5.1986937840697856e-05,1.949380260321846e-05,2.666844376074411
blend160orig,stack_pub151_rankraw,1.92417779062426e-05,4.000000000004e-05,2.185380961161266e-05,0.178,ens4,rankraw,False,2.0758222093797397e-05,2.223186139771658e-05,0.9337149833045225
blend160orig,stack_pub86_hybrid,0.0003645072390727,0.00026,5.894430350025932e-05,0.0,ens4,hybrid,False,-0.0001045072390727,5.90855107602308e-05,-1.7687456320178176
blend160orig,stack_pub88_mine_logit,0.0003823610969377,0.00025,6.020596073888974e-05,0.0,ens4,logit,False,-0.0001323610969377,6.0344215755608255e-05,-2.1934347025696272
blend160orig,w16e_aonly,-1.2122848326190372e-05,-2.000000000002e-05,1.2241616433365878e-05,0.16,ens4,h3+corr,False,-7.877151673829626e-06,1.2904411632008651e-05,-0.6104231559299306
blend160orig,w16h_h3av6,-6.421397180211841e-06,1.0000000000065512e-05,7.854110055143116e-06,0.202,ens4,h3+corr,False,1.6421397180277353e-05,8.851763181703794e-06,1.855155503280935
blend160orig,w16i_schemeavg,-1.3358642864225168e-05,-9.99999999995449e-06,1.1468003620394152e-05,0.118,ens4,h3+corr,False,3.358642864270678e-06,1.2172993621293e-05,0.2759093587624773
blend160orig,w16l_maskw_h3,-3.4325996607353915e-06,1.0000000000065512e-05,1.0439884107530962e-05,0.384,ens4,h3+corr,False,1.3432599660800904e-05,1.1209721086866713e-05,1.1982991866352957
blend160orig,w16n_finegrid,-1.338886092927538e-05,-9.99999999995449e-06,1.1436668741731035e-05,0.118,ens4,h3+corr,False,3.38886092932089e-06,1.214347802628038e-05,0.27906839556071716
blend160orig,w16q_ens4avg,-9.209507167318163e-06,-2.000000000002e-05,8.510562610456397e-06,0.126,ens4,ens4+corr,False,-1.0790492832701835e-05,9.439085899236487e-06,-1.1431713778104997
blend160orig,w16t_cellens4,-9.065049085710264e-06,-2.000000000002e-05,1.0774852774760343e-05,0.186,ens4,ens4+corr,False,-1.0934950914309734e-05,1.152233131724771e-05,-0.9490224341962179
blend160orig_h3,blend160origm,2.0866804464336752e-06,-1.0000000000065512e-05,8.532629784023633e-06,0.42,h3,ens4,False,-1.2086680446499187e-05,9.458987139111346e-06,-1.2777985918304893
blend160orig_h3,blend160origm_h3,-2.3238580049156354e-06,0.0,4.907327808753873e-06,0.282,h3,h3,True,2.3238580049156354e-06,6.383457753383801e-06,0.3640437666692137
blend160orig_h3,blendtop3,-3.129282344138673e-06,0.0,4.2276754504502165e-06,0.2,h3,h3,True,3.129282344138673e-06,5.877066137198569e-06,0.5324565473803419
blend160orig_h3,stack_pub149_hybrid,2.8021006214129507e-05,5.999999999994898e-05,1.8869401762268096e-05,0.064,h3,hybrid,False,3.1978993785819476e-05,1.930598325733639e-05,1.6564291680749939
blend160orig_h3,stack_pub151_fixed_rankraw,2.1829200361089814e-05,2.000000000002e-05,2.065996531087066e-05,0.128,h3,rankraw,False,-1.829200361069816e-06,2.105945947343012e-05,-0.08685884665642274
blend160orig_h3,stack_pub151_hybrid,2.2036570881067696e-05,5.999999999994898e-05,1.7153101761591046e-05,0.084,h3,hybrid,False,3.796342911888129e-05,1.7632230905650157e-05,2.1530700977104438
blend160orig_h3,stack_pub151_rankraw,2.3265286627993653e-05,2.999999999997449e-05,1.912118633967548e-05,0.098,h3,rankraw,False,6.734713371980838e-06,1.9552146524186513e-05,0.34444879817414537
blend160orig_h3,stack_pub86_hybrid,0.0003685307477945,0.0002499999999999,5.983083970903808e-05,0.0,h3,hybrid,False,-0.0001185307477946,5.996995953771584e-05,-1.976502047163373
blend160orig_h3,stack_pub88_mine_logit,0.0003863846056595,0.00024,6.265948992663501e-05,0.0,h3,logit,False,-0.0001463846056595,6.279234304063467e-05,-2.331249298417969
blend160orig_h3,w16e_aonly,-8.099339604439315e-06,-3.0000000000085517e-05,1.0098743304208838e-05,0.192,h3,h3+corr,False,-2.1900660395646202e-05,1.0892716970112163e-05,-2.0105783025243418
blend160orig_h3,w16h_h3av6,-2.397888458460784e-06,0.0,3.648784017160087e-06,0.244,h3,h3+corr,False,2.397888458460784e-06,5.475426145109582e-06,0.4379364080369299
blend160orig_h3,w16i_schemeavg,-9.33513414247411e-06,-2.000000000002e-05,9.200629522445504e-06,0.14,h3,h3+corr,False,-1.0664865857545888e-05,1.0065696710906924e-05,-1.0595258494118662
blend160orig_h3,w16l_maskw_h3,5.909090610156653e-07,0.0,7.218484065869155e-06,0.438,h3,h3+corr,False,-5.909090610156653e-07,8.292959596903482e-06,-0.07125430361873529
blend160orig_h3,w16n_finegrid,-9.365352207524325e-06,-2.000000000002e-05,9.14548313412694e-06,0.138,h3,h3+corr,False,-1.0634647792495674e-05,1.0015314694170472e-05,-1.0618386058987934
blend160orig_h3,w16q_ens4avg,-5.185998445567108e-06,-3.0000000000085517e-05,1.1445536845471926e-05,0.33,h3,ens4+corr,False,-2.481400155451841e-05,1.2151830329120059e-05,-2.0419970393312137
blend160orig_h3,w16t_cellens4,-5.041540363959207e-06,-3.0000000000085517e-05,1.3117016751886452e-05,0.358,h3,ens4+corr,False,-2.495845963612631e-05,1.3737641541980066e-05,-1.8167936293764249
blend160origm,blend160origm_h3,-4.410538451349311e-06,1.0000000000065512e-05,7.453825285527663e-06,0.268,ens4,h3,False,1.4410538451414823e-05,8.498598593523418e-06,1.6956370268383725
blend160origm,blendtop3,-5.215962790572348e-06,1.0000000000065512e-05,7.696223347374983e-06,0.266,ens4,h3,False,1.521596279063786e-05,8.711975693225187e-06,1.7465570757354683
blend160origm,stack_pub149_hybrid,2.593432576769583e-05,7.00000000000145e-05,2.0610647599200635e-05,0.098,ens4,hybrid,False,4.4065674232318663e-05,2.1011079485002706e-05,2.0972589373036197
blend160origm,stack_pub151_fixed_rankraw,1.9742519914656143e-05,3.0000000000085517e-05,2.29145790610572e-05,0.176,ens4,rankraw,False,1.0257480085429375e-05,2.3275407627195442e-05,0.4407003413097837
blend160origm,stack_pub151_hybrid,1.994989043463402e-05,7.00000000000145e-05,1.901699088677424e-05,0.13,ens4,hybrid,False,5.0050109565380474e-05,1.9450259871125658e-05,2.573236033708782
blend160origm,stack_pub151_rankraw,2.1178606181559975e-05,4.000000000004e-05,2.1559859171283043e-05,0.144,ens4,rankraw,False,1.8821393818480022e-05,2.194297596389843e-05,0.8577411673533173
blend160origm,stack_pub86_hybrid,0.000366444067348,0.00026,5.8680171851316645e-05,0.0,ens4,hybrid,False,-0.00010644406734800003,5.882201318525847e-05,-1.8095957887867096
blend160origm,stack_pub88_mine_logit,0.0003842979252131,0.00025,5.978768141492212e-05,0.0,ens4,logit,False,-0.0001342979252131,5.992690143532278e-05,-2.241029020298063
blend160origm,w16e_aonly,-1.018602005087299e-05,-2.000000000002e-05,1.215992971397044e-05,0.186,ens4,h3+corr,False,-9.813979949147008e-06,1.2826946531243042e-05,-0.7651064830778513
blend160origm,w16h_h3av6,-4.484568904894459e-06,1.0000000000065512e-05,7.770376043314292e-06,0.296,ens4,h3+corr,False,1.4484568904959971e-05,8.777551510596753e-06,1.6501832985512404
blend160origm,w16i_schemeavg,-1.1421814588907786e-05,-9.99999999995449e-06,1.14528039683745e-05,0.162,ens4,h3+corr,False,1.4218145889532963e-06,1.215867531455139e-05,0.11693828087108155
blend160origm,w16l_maskw_h3,-1.49577138541801e-06,1.0000000000065512e-05,9.865104362962856e-06,0.448,ens4,h3+corr,False,1.1495771385483522e-05,1.0676467147835723e-05,1.0767392646184355
blend160origm,w16n_finegrid,-1.1452032653958e-05,-9.99999999995449e-06,1.142482376384098e-05,0.158,ens4,h3+corr,False,1.45203265400351e-06,1.2132323137037368e-05,0.11968298549275919
blend160origm,w16q_ens4avg,-7.272678892000783e-06,-2.000000000002e-05,8.52960387096735e-06,0.192,ens4,ens4+corr,False,-1.2727321108019215e-05,9.456257656297647e-06,-1.345915220440627
blend160origm,w16t_cellens4,-7.128220810392882e-06,-2.000000000002e-05,1.0754172585397527e-05,0.246,ens4,ens4+corr,False,-1.2871779189627116e-05,1.150299503012943e-05,-1.118993719106413
blend160origm_h3,blendtop3,-8.054243392230376e-07,0.0,3.129140732810787e-06,0.394,h3,h3,True,8.054243392230376e-07,5.143752364996035e-06,0.15658303162183013
blend160origm_h3,stack_pub149_hybrid,3.0344864219045142e-05,5.999999999994898e-05,1.869862536217364e-05,0.05,h3,hybrid,False,2.965513578090384e-05,1.9139102829066724e-05,1.5494527641006413
blend160origm_h3,stack_pub151_fixed_rankraw,2.4153058366005453e-05,2.000000000002e-05,2.012373027421878e-05,0.1,h3,rankraw,False,-4.153058365985455e-06,2.0533659849529408e-05,-0.20225611977694444
blend160origm_h3,stack_pub151_hybrid,2.436042888598333e-05,5.999999999994898e-05,1.7110555161253367e-05,0.07,h3,hybrid,False,3.563957111396565e-05,1.759084320301221e-05,2.02602971913608
blend160origm_h3,stack_pub151_rankraw,2.558914463290929e-05,2.999999999997449e-05,1.87784681362425e-05,0.072,h3,rankraw,False,4.410855367065203e-06,1.921711560590042e-05,0.22952744092931898
blend160origm_h3,stack_pub86_hybrid,0.0003708546057994,0.0002499999999999,5.971794385052414e-05,0.0,h3,hybrid,False,-0.00012085460579950002,5.985732607125899e-05,-2.019044513542502
blend160origm_h3,stack_pub88_mine_logit,0.0003887084636644,0.00024,6.233659041408155e-05,0.0,h3,logit,False,-0.00014870846366439998,6.247013023133241e-05,-2.380473085516541
blend160origm_h3,w16e_aonly,-5.77548159952368e-06,-3.0000000000085517e-05,9.933056790317674e-06,0.278,h3,h3+corr,False,-2.4224518400561838e-05,1.0739286934724424e-05,-2.255691513580315
blend160origm_h3,w16h_h3av6,-7.40304535451486e-08,0.0,3.427925288463758e-06,0.526,h3,h3+corr,False,7.40304535451486e-08,5.33079154065848e-06,0.013887328547835894
blend160origm_h3,w16i_schemeavg,-7.011276137558475e-06,-2.000000000002e-05,9.136340918639426e-06,0.218,h3,h3+corr,False,-1.2988723862461523e-05,1.000696717533698e-05,-1.2979680691342064
blend160origm_h3,w16l_maskw_h3,2.9147670659313007e-06,0.0,6.073143597903935e-06,0.286,h3,h3+corr,False,-2.9147670659313007e-06,7.317768773842764e-06,-0.39831363302296247
blend160origm_h3,w16n_finegrid,-7.041494202608689e-06,-2.000000000002e-05,9.082341612856764e-06,0.212,h3,h3+corr,False,-1.295850579741131e-05,9.957690286371447e-06,-1.301356582173169
blend160origm_h3,w16q_ens4avg,-2.8621404406514728e-06,-3.0000000000085517e-05,1.1432541600400624e-05,0.394,h3,ens4+corr,False,-2.7137859559434044e-05,1.2139591183872608e-05,-2.235483810648135
blend160origm_h3,w16t_cellens4,-2.717682359043572e-06,-3.0000000000085517e-05,1.3027580650735988e-05,0.416,h3,ens4+corr,False,-2.7282317641041946e-05,1.365227176253452e-05,-1.9983720010549388
blendtop3,stack_pub149_hybrid,3.115028855826818e-05,5.999999999994898e-05,1.8654369285830578e-05,0.048,h3,hybrid,False,2.8849711441680803e-05,1.9095867618906606e-05,1.510782961917741
blendtop3,stack_pub151_fixed_rankraw,2.495848270522849e-05,2.000000000002e-05,1.984368641913488e-05,0.082,h3,rankraw,False,-4.958482705208492e-06,2.0259283239236888e-05,-0.24475114181755547
blendtop3,stack_pub151_hybrid,2.516585322520637e-05,5.999999999994898e-05,1.6914928203320602e-05,0.062,h3,hybrid,False,3.4834146774742614e-05,1.7400616735913627e-05,2.0018915020895456
blendtop3,stack_pub151_rankraw,2.639456897213233e-05,2.999999999997449e-05,1.853524505573144e-05,0.064,h3,rankraw,False,3.605431027842162e-06,1.8979514639281043e-05,0.18996434294374231
blendtop3,stack_pub86_hybrid,0.0003716600301386,0.0002499999999999,5.993379833753621e-05,0.0,h3,hybrid,False,-0.00012166003013870002,6.0072679729067564e-05,-2.0252139689355655
blendtop3,stack_pub88_mine_logit,0.0003895138880036,0.00024,6.270213898248348e-05,0.0,h3,logit,False,-0.00014951388800359998,6.283490192277968e-05,-2.3794719722383517
blendtop3,w16e_aonly,-4.970057260300642e-06,-3.0000000000085517e-05,8.882314721220226e-06,0.292,h3,h3+corr,False,-2.5029942739784875e-05,9.775591106090323e-06,-2.560453119217608
blendtop3,w16h_h3av6,7.31393885677889e-07,0.0,1.3887803308136314e-06,0.268,h3,h3+corr,False,-7.31393885677889e-07,4.312235785984052e-06,-0.1696089736222494
blendtop3,w16i_schemeavg,-6.205851798335438e-06,-2.000000000002e-05,7.98671102427432e-06,0.204,h3,h3+corr,False,-1.379414820168456e-05,8.969627620583344e-06,-1.537873007127965
blendtop3,w16l_maskw_h3,3.7201914051543375e-06,0.0,6.001417265154822e-06,0.252,h3,h3+corr,False,-3.7201914051543375e-06,7.258352144747805e-06,-0.512539393372681
blendtop3,w16n_finegrid,-6.236069863385652e-06,-2.000000000002e-05,7.920198828834064e-06,0.204,h3,h3+corr,False,-1.3763930136634347e-05,8.910455440376274e-06,-1.5446943457306732
blendtop3,w16q_ens4avg,-2.056716101428435e-06,-3.0000000000085517e-05,1.0632031724788372e-05,0.414,h3,ens4+corr,False,-2.7943283898657082e-05,1.1388887797479307e-05,-2.453556870131054
blendtop3,w16t_cellens4,-1.912258019820534e-06,-3.0000000000085517e-05,1.2336734262253487e-05,0.456,h3,ens4+corr,False,-2.8087741980264983e-05,1.2994678869603735e-05,-2.161480269125073
stack_pub149_hybrid,stack_pub151_fixed_rankraw,-6.191805853039689e-06,-3.999999999992898e-05,2.413615069463526e-05,0.414,hybrid,rankraw,False,-3.380819414688929e-05,2.447897949304278e-05,-1.381111257374842
stack_pub149_hybrid,stack_pub151_hybrid,-5.9844353330618105e-06,0.0,6.5760031456312124e-06,0.19,hybrid,hybrid,True,5.9844353330618105e-06,7.7401863051233e-06,0.7731642491732607
stack_pub149_hybrid,stack_pub151_rankraw,-4.755719586135854e-06,-2.999999999997449e-05,2.292326208342233e-05,0.424,hybrid,rankraw,False,-2.5244280413838638e-05,2.3283956090233775e-05,-1.084192064098038
stack_pub149_hybrid,stack_pub86_hybrid,0.0003405097415803,0.00019,5.982213159716402e-05,0.0,hybrid,hybrid,True,-0.0001505097415803,5.996127163007032e-05,-2.5101159046270127
stack_pub149_hybrid,stack_pub88_mine_logit,0.0003583635994454,0.00018,6.417536682865979e-05,0.0,hybrid,logit,False,-0.0001783635994454,6.430508824548579e-05,-2.7737089600825033
stack_pub149_hybrid,w16e_aonly,-3.612034581856882e-05,-9.00000000000345e-05,2.0644668174781188e-05,0.038,hybrid,h3+corr,False,-5.3879654181465675e-05,2.1044452730196855e-05,-2.5602782297186244
stack_pub149_hybrid,w16h_h3av6,-3.041889467259029e-05,-5.999999999994898e-05,1.8502295454377936e-05,0.048,hybrid,h3+corr,False,-2.9581105327358692e-05,1.89473376427339e-05,-1.5612275394639799
stack_pub149_hybrid,w16i_schemeavg,-3.735614035660362e-05,-7.999999999996898e-05,2.0355616788306312e-05,0.032,hybrid,h3+corr,False,-4.264385964336537e-05,2.076096822161829e-05,-2.054040022996641
stack_pub149_hybrid,w16l_maskw_h3,-2.743009715311384e-05,-5.999999999994898e-05,1.944860722707787e-05,0.08,hybrid,h3+corr,False,-3.256990284683514e-05,1.9872468134074645e-05,-1.6389460346391818
stack_pub149_hybrid,w16n_finegrid,-3.738635842165383e-05,-7.999999999996898e-05,2.0313173172474133e-05,0.032,hybrid,h3+corr,False,-4.2613641578315153e-05,2.0719354985172428e-05,-2.0567069587258446
stack_pub149_hybrid,w16q_ens4avg,-3.3207004659696615e-05,-9.00000000000345e-05,2.201665433015392e-05,0.064,hybrid,ens4+corr,False,-5.679299534033788e-05,2.2391956916717932e-05,-2.536312281752203
stack_pub149_hybrid,w16t_cellens4,-3.3062546578088714e-05,-9.00000000000345e-05,2.2724632671099437e-05,0.068,hybrid,ens4+corr,False,-5.693745342194578e-05,2.3088429931527753e-05,-2.466059995885491
stack_pub151_fixed_rankraw,stack_pub151_hybrid,2.073705199778786e-07,3.999999999992898e-05,2.2873861587781944e-05,0.482,rankraw,hybrid,False,3.97926294799511e-05,2.3235322476859947e-05,1.7125920898916112
stack_pub151_fixed_rankraw,stack_pub151_rankraw,1.4360862669038357e-06,9.99999999995449e-06,8.735586548028753e-06,0.402,rankraw,rankraw,True,8.563913733050654e-06,9.642465400755533e-06,0.8881456533284144
stack_pub151_fixed_rankraw,stack_pub86_hybrid,0.0003467015474334,0.0002299999999999,6.260082475194198e-05,0.0,rankraw,hybrid,False,-0.00011670154743349999,6.273380210293345e-05,-1.8602658139867945
stack_pub151_fixed_rankraw,stack_pub88_mine_logit,0.0003645554052984,0.0002199999999999,6.531003935414053e-05,0.0,rankraw,logit,False,-0.00014455540529850002,6.543751146785803e-05,-2.2090602477984445
stack_pub151_fixed_rankraw,w16e_aonly,-2.9928539965529133e-05,-5.000000000010552e-05,2.236896361152611e-05,0.074,rankraw,h3+corr,False,-2.007146003457639e-05,2.2738452008007183e-05,-0.8827100467309018
stack_pub151_fixed_rankraw,w16h_h3av6,-2.42270888195506e-05,-2.000000000002e-05,1.985213502928561e-05,0.092,rankraw,h3+corr,False,4.2270888195306e-06,2.0267558606987063e-05,0.2085642825314613
stack_pub151_fixed_rankraw,w16i_schemeavg,-3.116433450356393e-05,-4.000000000004e-05,2.204343592739266e-05,0.07,rankraw,h3+corr,False,-8.835665496476068e-06,2.241829017012074e-05,-0.3941275373557394
stack_pub151_fixed_rankraw,w16l_maskw_h3,-2.1238291300074152e-05,-2.000000000002e-05,2.022538309660744e-05,0.134,rankraw,h3+corr,False,1.238291300054154e-06,2.06332931950089e-05,0.06001423468133972
stack_pub151_fixed_rankraw,w16n_finegrid,-3.119455256861414e-05,-4.000000000004e-05,2.201485937576751e-05,0.07,rankraw,h3+corr,False,-8.805447431425855e-06,2.2390192049231855e-05,-0.39327252808123836
stack_pub151_fixed_rankraw,w16q_ens4avg,-2.701519880665693e-05,-5.000000000010552e-05,2.467074268405457e-05,0.112,rankraw,ens4+corr,False,-2.2984801193448593e-05,2.5006243445377773e-05,-0.9191624981039354
stack_pub151_fixed_rankraw,w16t_cellens4,-2.6870740725049025e-05,-5.000000000010552e-05,2.562136613961276e-05,0.114,rankraw,ens4+corr,False,-2.3129259275056497e-05,2.59445768808582e-05,-0.8914872414867234
stack_pub151_hybrid,stack_pub151_rankraw,1.2287157469259569e-06,-2.999999999997449e-05,2.126704505862196e-05,0.474,hybrid,rankraw,False,-3.122871574690045e-05,2.165534280938825e-05,-1.4420790297238726
stack_pub151_hybrid,stack_pub86_hybrid,0.0003464941769134,0.00019,6.013580877389301e-05,0.0,hybrid,hybrid,True,-0.00015649417691339997,6.0274224703075976e-05,-2.596369802918653
stack_pub151_hybrid,stack_pub88_mine_logit,0.0003643480347784,0.00018,6.439309667609196e-05,0.0,hybrid,logit,False,-0.0001843480347784,6.45223803513416e-05,-2.857117697372225
stack_pub151_hybrid,w16e_aonly,-3.013591048550701e-05,-9.00000000000345e-05,1.8839177284412127e-05,0.042,hybrid,h3+corr,False,-5.9864089514527485e-05,1.927644332910448e-05,-3.1055567924266336
stack_pub151_hybrid,w16h_h3av6,-2.443445933952848e-05,-5.999999999994898e-05,1.6732666635003945e-05,0.068,hybrid,h3+corr,False,-3.55655406604205e-05,1.722349556230793e-05,-2.0649432359278155
stack_pub151_hybrid,w16i_schemeavg,-3.137170502354181e-05,-7.999999999996898e-05,1.8510081411122585e-05,0.044,hybrid,h3+corr,False,-4.862829497642718e-05,1.8954940794237594e-05,-2.5654680489010255
stack_pub151_hybrid,w16l_maskw_h3,-2.144566182005203e-05,-5.999999999994898e-05,1.7814320113911946e-05,0.108,hybrid,h3+corr,False,-3.855433817989695e-05,1.827612288718793e-05,-2.109546889013567
stack_pub151_hybrid,w16n_finegrid,-3.140192308859202e-05,-7.999999999996898e-05,1.846953363096608e-05,0.04,hybrid,h3+corr,False,-4.8598076911376964e-05,1.8915346658521852e-05,-2.5692406165594788
stack_pub151_hybrid,w16q_ens4avg,-2.7222569326634805e-05,-9.00000000000345e-05,2.0211432999983904e-05,0.084,hybrid,ens4+corr,False,-6.277743067339969e-05,2.061961906969925e-05,-3.0445485176615987
stack_pub151_hybrid,w16t_cellens4,-2.7078111245026903e-05,-9.00000000000345e-05,2.0998091785350663e-05,0.082,hybrid,ens4+corr,False,-6.29218887550076e-05,2.1391272175648592e-05,-2.941474833209623
stack_pub151_rankraw,stack_pub86_hybrid,0.0003452654611665,0.0002199999999999,6.225630439035279e-05,0.0,rankraw,hybrid,False,-0.0001252654611666,6.239001605233747e-05,-2.0077805567723823
stack_pub151_rankraw,stack_pub88_mine_logit,0.0003631193190315,0.00021,6.525585720433585e-05,0.0,rankraw,logit,False,-0.0001531193190315,6.53834349521294e-05,-2.341867158609923
stack_pub151_rankraw,w16e_aonly,-3.136462623243297e-05,-6.0000000000060005e-05,2.1050320890041684e-05,0.064,rankraw,h3+corr,False,-2.8635373767627037e-05,2.144254360472171e-05,-1.3354466846611166
stack_pub151_rankraw,w16h_h3av6,-2.566317508645444e-05,-2.999999999997449e-05,1.844748307189929e-05,0.064,rankraw,h3+corr,False,-4.336824913520051e-06,1.8893816405233687e-05,-0.229536734162333
stack_pub151_rankraw,w16i_schemeavg,-3.2600420770467764e-05,-4.999999999999449e-05,2.0751255177908187e-05,0.05,rankraw,h3+corr,False,-1.739957922952673e-05,2.114902499230941e-05,-0.8227130676640592
stack_pub151_rankraw,w16l_maskw_h3,-2.2674377566977988e-05,-2.999999999997449e-05,1.871221720721818e-05,0.106,rankraw,h3+corr,False,-7.325622432996504e-06,1.915238208361505e-05,-0.382491452030064
stack_pub151_rankraw,w16n_finegrid,-3.263063883551798e-05,-4.999999999999449e-05,2.0712042951384563e-05,0.05,rankraw,h3+corr,False,-1.7369361164476516e-05,2.111055162440493e-05,-0.8227810183982404
stack_pub151_rankraw,w16q_ens4avg,-2.845128507356076e-05,-6.0000000000060005e-05,2.332926032053213e-05,0.092,rankraw,ens4+corr,False,-3.1548714926499244e-05,2.3683771949793418e-05,-1.3320815195053601
stack_pub151_rankraw,w16t_cellens4,-2.830682699195286e-05,-6.0000000000060005e-05,2.442809650008176e-05,0.108,rankraw,ens4+corr,False,-3.1693173008107145e-05,2.4766884448472186e-05,-1.2796592592841134
stack_pub86_hybrid,stack_pub88_mine_logit,1.7853857865013367e-05,-9.99999999995449e-06,2.5309737350146656e-05,0.244,hybrid,logit,False,-2.7853857864967857e-05,2.5636877177224126e-05,-1.0864762378201547
stack_pub86_hybrid,w16e_aonly,-0.0003766300873989,-0.00028,6.137982371078602e-05,0.0,hybrid,h3+corr,False,9.663008739890002e-05,6.151544054490577e-05,1.5708265525362017
stack_pub86_hybrid,w16h_h3av6,-0.0003709286362529,-0.0002499999999999,5.992664863795168e-05,0.0,hybrid,h3+corr,False,0.00012092863625300001,6.006554656076296e-05,2.0132778802015445
stack_pub86_hybrid,w16i_schemeavg,-0.000377865881937,-0.0002699999999999,6.12505716072623e-05,0.0,hybrid,h3+corr,False,0.00010786588193710002,6.138647398965861e-05,1.757160412166229
stack_pub86_hybrid,w16l_maskw_h3,-0.0003679398387335,-0.0002499999999999,6.024101928239992e-05,0.0,hybrid,h3+corr,False,0.0001179398387336,6.0379194022851495e-05,1.9533191961615741
stack_pub86_hybrid,w16n_finegrid,-0.000377896100002,-0.0002699999999999,6.126090532601974e-05,0.0,hybrid,h3+corr,False,0.00010789610000210004,6.1396784834633e-05,1.7573574950660524
stack_pub86_hybrid,w16q_ens4avg,-0.00037371674624,-0.00028,6.031486190601363e-05,0.0,hybrid,ens4+corr,False,9.371674624e-05,6.0452867867522717e-05,1.5502448361155046
stack_pub86_hybrid,w16t_cellens4,-0.0003735722881584,-0.00028,6.070247169609381e-05,0.0,hybrid,ens4+corr,False,9.357228815840002e-05,6.0839598426368136e-05,1.5380162029117765
stack_pub88_mine_logit,w16e_aonly,-0.0003944839452639,-0.0002700000000001,6.414042865323066e-05,0.0,logit,h3+corr,False,0.00012448394526379995,6.42702205884408e-05,1.9368837406198163
stack_pub88_mine_logit,w16h_h3av6,-0.000388782494118,-0.00024,6.271205790705376e-05,0.0,logit,h3+corr,False,0.000148782494118,6.284479989310437e-05,2.3674591115107537
stack_pub88_mine_logit,w16i_schemeavg,-0.000395719739802,-0.00026,6.401338519740902e-05,0.0,logit,h3+corr,False,0.000135719739802,6.414343420100401e-05,2.115878912511916
stack_pub88_mine_logit,w16l_maskw_h3,-0.0003857936965985,-0.00024,6.295266102776745e-05,0.0,logit,h3+corr,False,0.0001457936965985,6.308489674354439e-05,2.311071335999601
stack_pub88_mine_logit,w16n_finegrid,-0.000395749957867,-0.00026,6.402296717402504e-05,0.0,logit,h3+corr,False,0.00013574995786700002,6.415299675333143e-05,2.116034553911164
stack_pub88_mine_logit,w16q_ens4avg,-0.0003915706041051,-0.0002700000000001,6.15468755531479e-05,0.0,logit,ens4+corr,False,0.00012157060410499995,6.168212510137229e-05,1.9709211364751646
stack_pub88_mine_logit,w16t_cellens4,-0.0003914261460234,-0.0002700000000001,6.193576073238366e-05,0.0,logit,ens4+corr,False,0.0001214261460233,6.207016291396168e-05,1.9562723911586053
w16e_aonly,w16h_h3av6,5.701451145978531e-06,3.0000000000085517e-05,9.13462411138686e-06,0.26,h3+corr,h3+corr,True,2.4298548854106986e-05,1.0005399758280369e-05,2.4285435306068357
w16e_aonly,w16i_schemeavg,-1.2357945380347957e-06,1.0000000000065512e-05,3.1898342624036797e-06,0.358,h3+corr,h3+corr,True,1.1235794538100308e-05,5.180898502023669e-06,2.1686961313199986
w16e_aonly,w16l_maskw_h3,8.69024866545498e-06,3.0000000000085517e-05,1.0801356365240549e-05,0.192,h3+corr,h3+corr,True,2.1309751334630537e-05,1.154711938084946e-05,1.845460381224784
w16e_aonly,w16n_finegrid,-1.2660126030850094e-06,1.0000000000065512e-05,3.2104446347185877e-06,0.356,h3+corr,h3+corr,True,1.1266012603150521e-05,5.1936135223233585e-06,2.1692050351314323
w16e_aonly,w16q_ens4avg,2.913341158872207e-06,0.0,8.114662686393799e-06,0.344,h3+corr,ens4+corr,False,-2.913341158872207e-06,9.083744667295449e-06,-0.32072028283238957
w16e_aonly,w16t_cellens4,3.057799240480108e-06,0.0,8.93841348117001e-06,0.35,h3+corr,ens4+corr,False,-3.057799240480108e-06,9.826591587474695e-06,-0.3111759772714765
w16h_h3av6,w16i_schemeavg,-6.937245684013327e-06,-2.000000000002e-05,8.238580971104388e-06,0.202,h3+corr,h3+corr,True,-1.3062754316006672e-05,9.194611633131114e-06,-1.420696690324299
w16h_h3av6,w16l_maskw_h3,2.9887975194764493e-06,0.0,6.101870813923813e-06,0.292,h3+corr,h3+corr,True,-2.9887975194764493e-06,7.34162748281891e-06,-0.4071028564811985
w16h_h3av6,w16n_finegrid,-6.9674637490635405e-06,-2.000000000002e-05,8.17242669802766e-06,0.196,h3+corr,h3+corr,True,-1.3032536250956458e-05,9.1353831228527e-06,-1.4265998563710807
w16h_h3av6,w16q_ens4avg,-2.788109987106324e-06,-3.0000000000085517e-05,1.0748284089147503e-05,0.382,h3+corr,ens4+corr,False,-2.7211890012979193e-05,1.1497490053385045e-05,-2.3667678673022707
w16h_h3av6,w16t_cellens4,-2.643651905498423e-06,-3.0000000000085517e-05,1.244611142273424e-05,0.434,h3+corr,ens4+corr,False,-2.7356348094587094e-05,1.3098563135465753e-05,-2.0884999225996683
w16i_schemeavg,w16l_maskw_h3,9.926043203489776e-06,2.000000000002e-05,1.0128366493587232e-05,0.148,h3+corr,h3+corr,True,1.0073956796530222e-05,1.0920186559536754e-05,0.9225077558526226
w16i_schemeavg,w16n_finegrid,-3.0218065050213745e-08,0.0,4.08162527723529e-07,0.478,h3+corr,h3+corr,True,3.0218065050213745e-08,4.102836008872928e-06,0.007365165213735856
w16i_schemeavg,w16q_ens4avg,4.1491356969070026e-06,-1.0000000000065512e-05,7.351468827997398e-06,0.302,h3+corr,ens4+corr,False,-1.4149135696972515e-05,8.408969056649222e-06,-1.6826243028905394
w16i_schemeavg,w16t_cellens4,4.293593778514904e-06,-1.0000000000065512e-05,8.658128112514393e-06,0.304,h3+corr,ens4+corr,False,-1.4293593778580416e-05,9.57234814867171e-06,-1.4932170828496079
w16l_maskw_h3,w16n_finegrid,-9.95626126853999e-06,-2.000000000002e-05,1.0077576126343688e-05,0.142,h3+corr,h3+corr,True,-1.0043738731480009e-05,1.0873095568830384e-05,-0.9237239448416262
w16l_maskw_h3,w16q_ens4avg,-5.7769075065827735e-06,-3.0000000000085517e-05,1.2649095130600846e-05,0.316,h3+corr,ens4+corr,False,-2.4223092493502744e-05,1.3291586597906839e-05,-1.8224379997883322
w16l_maskw_h3,w16t_cellens4,-5.632449424974872e-06,-3.0000000000085517e-05,1.4147883275810373e-05,0.346,h3+corr,ens4+corr,False,-2.4367550575110645e-05,1.4725123695664546e-05,-1.6548282431260715
w16n_finegrid,w16q_ens4avg,4.179353761957216e-06,-1.0000000000065512e-05,7.376325891432239e-06,0.3,h3+corr,ens4+corr,False,-1.4179353762022728e-05,8.430708767552126e-06,-1.6818697161733096
w16n_finegrid,w16t_cellens4,4.323811843565117e-06,-1.0000000000065512e-05,8.668958700555843e-06,0.3,h3+corr,ens4+corr,False,-1.432381184363063e-05,9.58214546010493e-06,-1.4948439160381704
w16q_ens4avg,w16t_cellens4,1.444580816079011e-07,0.0,5.024142021753245e-06,0.478,ens4+corr,ens4+corr,True,-1.444580816079011e-07,6.473690579678137e-06,-0.0223146410582823
