a,b,kind_a,kind_b,auc_a,auc_b,deficit,rho,sd_gap,mean_gap,law_rho,law_if,law_if_fpc,r_rho,r_if,r_if_fpc
REF:blend159av_h3,OURS:blend158_logit,ours,ours,0.9700491721182697,0.9699613898723587,8.778224591099448e-05,0.994636311478866,2.8371004052969592e-05,8.930164800814528e-05,5.7242379938552325e-05,3.0003476925405127e-05,2.868881573918601e-05,0.49562935858755114,0.9455905435062009,0.9889221050772647
REF:blend159av_h3,OURS:blend150fx_hybrid,ours,ours,0.9700491721182697,0.9700142363358245,3.493578244517792e-05,0.9993064113545171,1.9125721840164462e-05,3.5846365532456695e-05,2.0574668852044015e-05,1.850502812436919e-05,1.769419402385859e-05,0.9295761685255213,1.0335418952958997,1.0809038159282993
REF:blend159av_h3,OURS:blend156_h3,ours,ours,0.9700491721182697,0.9700461184445183,3.0536737514186285e-06,0.999961678608752,6.28036181055619e-06,3.4998493954920195e-06,4.836230487778551e-06,6.385065547446814e-06,6.105291377687656e-06,1.2986068026383455,0.9836017757198293,1.0286751969788608
REF:blend159av_h3,NAJI:18_blend,ours,foreign,0.9700491721182697,0.9698561724270612,0.00019299969120845084,0.9927860213248082,5.382997976317279e-05,0.0001976141007873587,6.643660171342446e-05,5.9035104913011214e-05,5.644836600783476e-05,0.8102458339962876,0.911830000852743,0.9536144900226421
REF:blend159av_h3,NAJI:12_blend,ours,foreign,0.9700491721182697,0.9694997899300503,0.0005493821882194272,0.9889559017870893,7.511087880666966e-05,0.000554231716855954,8.249168454865216e-05,7.956812842802824e-05,7.608169482686605e-05,0.9105266696592985,0.9439819723120635,0.9872398213209418
REF:blend159av_h3,BOLT:rankavg_top12,ours,foreign,0.9700491721182697,0.969471849165358,0.0005773229529116852,0.996312945818364,7.921315961074399e-05,0.0005781400360754572,4.76210532183241e-05,8.236885399540268e-05,7.875970111054437e-05,1.6634062931700042,0.961688256767117,1.0057574939189162
REF:blend159av_h3,BOLT:rankavg_next12,ours,foreign,0.9700491721182697,0.968584989414142,0.0014641827041277367,0.99296359457821,0.00012459042155023927,0.0014689332510024044,6.649837547642824e-05,0.0001260216209747859,0.00012049973649013525,1.87358594337997,0.9886432231749108,1.033947668096676
REF:blend159av_h3,OURS:stack_pub74_logit,ours,ours,0.9700491721182697,0.9696413515631959,0.0004078205550738234,0.9926674584583073,6.38860256665531e-05,0.00041187471690011485,6.716888395201408e-05,6.658831814620147e-05,6.367062038936926e-05,0.9511253114194026,0.959417919615942,1.0033831188681146
REF:blend159av_h3,OURS:blend160origm_logit,ours,ours,0.9700491721182697,0.9699635759958649,8.55961224047741e-05,0.9947535746978227,2.8023098046971654e-05,8.730434332307341e-05,5.6608647481323234e-05,2.9833108146122795e-05,2.8525912002106046e-05,0.4950321071743898,0.9393288124627948,0.9823734310371122
REF:blend159av_h3,OURS:stack_pub149_hybrid,ours,ours,0.9700491721182697,0.9700183101166489,3.086200162083497e-05,0.9993099799645282,2.003874557322965e-05,3.235426146676094e-05,2.0515852884157154e-05,1.9541800781297542e-05,1.868553845343897e-05,0.9767444564151687,1.025429836149374,1.072420022744468
REF:blend159av_h3,OURS:blend159_hybrid,ours,ours,0.9700491721182697,0.9700244514017536,2.4720716516046792e-05,0.9994094432254033,1.4337183194201642e-05,2.481015516733409e-05,1.8981097035025394e-05,1.373167034250925e-05,1.312999027502456e-05,0.7553400716378805,1.0440960812915745,1.0919416461010916
REF:blend159av_h3,OURS:w14a_repro159av_rescale,ours,ours,0.9700491721182697,0.9700271740621013,2.1998056168426317e-05,0.9988179668809873,1.350579443647785e-05,2.2357090295308048e-05,2.6880710440734965e-05,1.4073758277791667e-05,1.34570889564979e-05,0.5024344303047587,0.9596437689135203,1.0036193176798784
REF:blend159av_h3,OURS:blend159_rankraw,ours,ours,0.9700491721182697,0.9700325394457389,1.6632672530825232e-05,0.9993929379040314,1.6842491070876626e-05,1.653611727791818e-05,1.9245907135775127e-05,1.7080264809121187e-05,1.6331859507604863e-05,0.875120666023015,0.9860790367771356,1.0312659781964197
REF:blend159av_h3,OURS:blend156,ours,ours,0.9700491721182697,0.9700416046775031,7.567440766576006e-06,0.9995854833030878,9.16879089302934e-06,8.39179536736258e-06,1.5904732631213253e-05,9.616339533339164e-06,9.194980756507508e-06,0.5764819255770113,0.953459563406824,0.9971517217739001
REF:blend159av_h3,OURS:blend160orig_h3,ours,ours,0.9700491721182697,0.970046331122863,2.84099540670546e-06,0.999955428659123,5.575035662070643e-06,3.1145789129004087e-06,5.215335522518711e-06,5.6286599571572215e-06,5.382029181847488e-06,1.0689697025241853,0.9904729908193528,1.0358612846013782
REF:blend159av_h3,OURS:w16h_h3av6,ours,ours,0.9700491721182697,0.9700487290113214,4.431069482446759e-07,0.999985448921214,3.4941302724592166e-06,6.28679989452977e-07,2.9798168115838064e-06,3.3941386815596112e-06,3.2454178384258246e-06,1.1725990198041896,1.0294600781761984,1.0766349500790409
REF:blend159av_h3,OURS:w16n_finegrid,ours,ours,0.9700491721182697,0.9700556964750705,6.524356800818865e-06,0.9999733485766635,7.83388759634431e-06,-6.442010144677157e-06,4.033392403003905e-06,7.912308828934165e-06,7.5656154994697116e-06,1.9422577358230635,0.9900887042852675,1.0354593881877028
REF:blend159av_h3,SYN:iv16s0a,ours,synth,0.9700491721182697,0.9691870409336699,0.0008621311845997681,0.9945894703260103,9.099675746364172e-05,0.0008667348110990902,5.784828371575843e-05,9.659305611907987e-05,9.236064192076026e-05,1.5730243253328071,0.9420631370381424,0.9852330556744217
REF:blend159av_h3,SYN:iv16s0b,ours,synth,0.9700491721182697,0.9692906053011139,0.0007585668171558035,0.9957650577488524,9.05960588314437e-05,0.00076448098186509,5.1273453146931384e-05,9.199373204591499e-05,8.79628462523488e-05,1.7669193953414408,0.9848068647353747,1.0299355090391311
REF:blend159av_h3,SYN:rd16s0a,ours,synth,0.9700491721182697,0.9692899839659375,0.0007591881523322241,0.9955952883952465,8.911976052470332e-05,0.0007646004074777711,5.223575014386524e-05,9.135644044164978e-05,8.735347882962141e-05,1.7061066468702732,0.9755169979682489,1.020219935356289
REF:blend159av_h3,SYN:rd16s0b,ours,synth,0.9700491721182697,0.9692475740203867,0.0008015980978829385,0.9953477360880137,8.985580725624148e-05,0.0008067363363270473,5.366182492608106e-05,9.404890121747954e-05,8.99279641559324e-05,1.6744828820118862,0.9554158112752226,0.9991976144420905
REF:blend159av_h3,SYN:iv24s0a,ours,synth,0.9700491721182697,0.9691399966837544,0.0009091754345152969,0.9947778274637349,9.483223814739029e-05,0.000916516553756364,5.689255450207384e-05,9.918510059877274e-05,9.483911088789243e-05,1.6668655323594845,0.9561137466705729,0.9999275326346083
REF:blend159av_h3,SYN:iv24s0b,ours,synth,0.9700491721182697,0.9691464441379899,0.0009027279802797938,0.9955347969575058,9.813620794498767e-05,0.0009114039912235181,5.272650249477081e-05,9.95063471245239e-05,9.514628136706864e-05,1.8612311323839543,0.9862306353400591,1.0314245237434354
REF:blend159av_h3,SYN:rd24s0a,ours,synth,0.9700491721182697,0.9692243444524757,0.000824827665793948,0.9953651929920388,9.312346573836343e-05,0.0008317673001016409,5.357114493681172e-05,9.500508919113873e-05,9.084225487818888e-05,1.738313897308047,0.9801944983285085,1.0251117815518058
REF:blend159av_h3,SYN:rd24s0b,ours,synth,0.9700491721182697,0.9690397111971055,0.0010094609211641625,0.9950061337448572,0.00010130778877807063,0.0010185595088483324,5.580180910122704e-05,0.00010474978779192406,0.0001001599703978564,1.8154929098139752,0.967140754302141,1.0114598514322124
REF:blend159av_h3,SYN:iv40s0a,ours,synth,0.9700491721182697,0.9690568461491886,0.0009923259690810537,0.995211413923967,0.00010139037479805411,0.0009993658315773915,5.4542181250449315e-05,0.00010363071394782337,9.908993096903399e-05,1.858935093418525,0.978381513892713,1.0232157173440661
REF:blend159av_h3,SYN:iv40s0b,ours,synth,0.9700491721182697,0.9692238766636352,0.0008252954546345004,0.9957961139741609,9.390608269143237e-05,0.0008318750931890686,5.0965258029736044e-05,9.540534571776418e-05,9.12249733800916e-05,1.8425509125577701,0.984285335218353,1.0293900805009815
REF:blend159av_h3,SYN:rd40s0a,ours,synth,0.9700491721182697,0.9691779605091455,0.0008712116091241784,0.9957129392221492,9.591756909820637e-05,0.0008798188214973924,5.147925130550932e-05,9.790048712610762e-05,9.361078527399802e-05,1.8632277406089868,0.9797455754704569,1.0246422868631688
REF:blend159av_h3,SYN:rd40s0b,ours,synth,0.9700491721182697,0.9690843874366427,0.0009647846816269734,0.9955781069690457,0.0001002688906359141,0.0009699156567894419,5.240592907592148e-05,0.0001022352109960187,9.775557471601202e-05,1.9133119554211628,0.98076670120844,1.025710205553018
REF:blend159av_h3,SYN:iv86s0a,ours,synth,0.9700491721182697,0.9673277004087414,0.0027214717095283003,0.9923736388693402,0.0001706826792183071,0.002723768203462888,7.028979435476685e-05,0.00017300474480305716,0.0001654242026015719,2.428271142135329,0.9865780236987522,1.0317878311277122
REF:blend159av_h3,SYN:iv86s0b,ours,synth,0.9700491721182697,0.9671389428213523,0.0029102292969174215,0.9920151472353842,0.00017812328841801113,0.0029125684525142686,7.208455694726508e-05,0.00017904744980296597,0.00017120213463057125,2.4710325756502995,0.9948384554710394,1.0404267960932538
REF:blend159av_h3,SYN:rd86s0a,ours,synth,0.9700491721182697,0.9671813486261908,0.0028678234920789247,0.9922741082637196,0.0001760139111064037,0.00286986230190237,7.087984300994973e-05,0.00017758024663793283,0.00016979921984978648,2.483271740340845,0.9911795621349557,1.0366002344540515
REF:blend159av_h3,SYN:rd86s0b,ours,synth,0.9700491721182697,0.9672795553078654,0.0027696168104043295,0.9922762655101545,0.00017302467973664984,0.0027722943214873812,7.076985963486625e-05,0.0001746871732906847,0.000167032912185328,2.444892227134016,0.9904830244675811,1.0358717780402094
REF:blend159av_h3,STK:s0a,ours,stackhalf,0.9700491721182697,0.9699188896278209,0.00013028249044877427,0.9980375014469978,3.717524305013055e-05,0.00013208292653531565,3.4662020149237884e-05,4.2190981413598495e-05,4.034230081531809e-05,1.0725065328007988,0.881118234385244,0.9214953609194
REF:blend159av_h3,STK:s0b,ours,stackhalf,0.9700491721182697,0.9698489422056923,0.00020022991257739875,0.9978864672044828,4.748279360642083e-05,0.00020246598662617275,3.5940344384098934e-05,4.919348402846724e-05,4.703797504436163e-05,1.321155776888677,0.9652252639586075,1.0094565839970724
REF:blend159av_h3,STK:s1a,ours,stackhalf,0.9700491721182697,0.9699951526153978,5.4019502871871516e-05,0.9988341697303464,3.0290243792592667e-05,5.603772229715198e-05,2.6670875331099715e-05,3.1310523500159566e-05,2.9938591504804478e-05,1.1357048996915586,0.9674141600487229,1.0117457859609646
REF:blend159av_h3,STK:s1b,ours,stackhalf,0.9700491721182697,0.9697817311143507,0.00026744100391895564,0.9968700089388304,5.1455325867304245e-05,0.00026895944780202266,4.3891220334287596e-05,5.40738896314417e-05,5.1704536104079036e-05,1.1723375535108467,0.9515743405553931,0.9951801088346844
REF:blend159av_h3,STK:s2a,ours,stackhalf,0.9700491721182697,0.9698956376462755,0.0001535344719941767,0.9982427480451356,4.357082076928453e-05,0.0001552420976811851,3.279540207854154e-05,4.503769687428437e-05,4.306428185493409e-05,1.3285649209281531,0.9674300373508354,1.0117623908383464
REF:blend159av_h3,STK:s2b,ours,stackhalf,0.9700491721182697,0.9698705691099355,0.0001786030083341661,0.9984029756531578,4.3719107065787245e-05,0.00018160214198544966,3.1276764751221025e-05,4.613012649023655e-05,4.41088445247207e-05,1.3978142372951308,0.9477343851428719,0.9911641879733433
REF:blend159av_h3,STK:s3a,ours,stackhalf,0.9700491721182697,0.9698157168164734,0.0002334553017963037,0.9974235761951932,4.8434587354259655e-05,0.0002361837788195125,3.9728504783221614e-05,5.110928884984468e-05,4.8869835120091816e-05,1.2191394470681123,0.9476670179574773,0.9910937336955897
OURS:blend158_logit,OURS:blend150fx_hybrid,ours,ours,0.9699613898723587,0.9700142363358245,5.284646346581656e-05,0.9954532343181163,3.441974021652298e-05,-5.345528247568859e-05,5.2709485000413196e-05,3.527913718522788e-05,3.373331259776326e-05,0.6530084711746502,0.9756400797391171,1.0203486573330258
OURS:blend158_logit,OURS:blend156_h3,ours,ours,0.9699613898723587,0.9700461184445183,8.472857215957585e-05,0.9948318284454264,2.8227092473588217e-05,-8.580179861265326e-05,5.6196650945924586e-05,2.9839924690640278e-05,2.8532429866356453e-05,0.5022913643154613,0.9459505265588707,0.9892985843057037
OURS:blend158_logit,NAJI:18_blend,ours,foreign,0.9699613898723587,0.9698561724270612,0.00010521744529745636,0.9900429233709857,5.313667877664933e-05,0.00010831245277921342,7.809823349921781e-05,5.866298275233492e-05,5.609254910945821e-05,0.680382595045271,0.9057957213151485,0.9473036904234672
OURS:blend158_logit,NAJI:12_blend,ours,foreign,0.9699613898723587,0.9694997899300503,0.0004615999423084327,0.98940031162607,7.147728441791962e-05,0.0004649300688478088,8.086228316345059e-05,7.576477635004282e-05,7.244499407955423e-05,0.8839384892637691,0.9434104852060217,0.9866421458938635
OURS:blend158_logit,BOLT:rankavg_top12,ours,foreign,0.9699613898723587,0.969471849165358,0.0004895407070006907,0.9887390378737559,8.252246890960904e-05,0.0004888383880673119,8.327250321973923e-05,8.769002111899034e-05,8.38477108603997e-05,0.9909930135263136,0.9410702364597537,0.9841946555583718
OURS:blend158_logit,BOLT:rankavg_next12,ours,foreign,0.9699613898723587,0.968584989414142,0.0013764004582167422,0.9894133443183827,0.00012219001548197624,0.0013796316029942592,8.161442232571571e-05,0.00012432026845439538,0.00011887293206722671,1.4971620456287376,0.9828647975193153,1.0279044468497975
OURS:blend158_logit,OURS:stack_pub74_logit,ours,ours,0.9699613898723587,0.9696413515631959,0.00032003830916282894,0.9981523517675577,5.92252231941346e-05,0.00032257306889196954,3.373689414411475e-05,6.129483165024002e-05,5.860907838615169e-05,1.7555031278558335,0.9662351881816887,1.010512787864081
OURS:blend158_logit,OURS:blend160origm_logit,ours,ours,0.9699613898723587,0.9699635759958649,2.186123506220383e-06,0.9999540106562628,4.611299017492105e-06,-1.9973046850718655e-06,5.303165223467404e-06,4.714121139472407e-06,4.50756267611139e-06,0.8695371204137345,0.9781884854168577,1.0230138433638392
OURS:blend158_logit,OURS:stack_pub149_hybrid,ours,ours,0.9699613898723587,0.9700183101166489,5.6920244290159516e-05,0.9955610952719244,3.4380724187763006e-05,-5.6947386541384345e-05,5.2065774092086306e-05,3.5585341953971655e-05,3.40261004040162e-05,0.6603325272175042,0.9661484841773678,1.0104221106602316
OURS:blend158_logit,OURS:blend159_hybrid,ours,ours,0.9699613898723587,0.9700244514017536,6.306152939494769e-05,0.9955128527601408,3.2226116137994234e-05,-6.449149284081119e-05,5.235176343376581e-05,3.241207044085983e-05,3.099187200587385e-05,0.6155688753209992,0.9942628070241641,1.0398247686324484
OURS:blend158_logit,OURS:w14a_repro159av_rescale,ours,ours,0.9699613898723587,0.9700271740621013,6.578418974256817e-05,0.9914167236060113,2.6285992212891615e-05,-6.694455771283723e-05,7.247828130869253e-05,2.833551664527393e-05,2.709394041003884e-05,0.36267405543098963,0.9276694172179791,0.9701797455475372
OURS:blend158_logit,OURS:blend159_rankraw,ours,ours,0.9699613898723587,0.9700325394457389,7.114957338016925e-05,0.995116332318922,3.52522505342147e-05,-7.27655307302271e-05,5.461985392721101e-05,3.764032975482254e-05,3.599104488399967e-05,0.6454109266054338,0.9365553055416079,0.9794728285281483
OURS:blend158_logit,OURS:blend156,ours,ours,0.9699613898723587,0.9700416046775031,8.021480514441848e-05,0.9970609157073577,2.1424325286209535e-05,-8.09098526407827e-05,4.237571260270055e-05,2.2602262692304366e-05,2.161190022344194e-05,0.5055802951817309,0.9478840936356387,0.9913207568379875
OURS:blend158_logit,OURS:blend160orig_h3,ours,ours,0.9699613898723587,0.970046331122863,8.494125050428902e-05,0.9947961547102102,2.8067903104481386e-05,-8.618706909524487e-05,5.6386122150184544e-05,3.00823133747944e-05,2.8764197814926218e-05,0.49778034087399153,0.9330367234322855,0.9757930078591133
OURS:blend158_logit,OURS:w16h_h3av6,ours,ours,0.9699613898723587,0.9700487290113214,8.733913896274981e-05,0.994755076193748,2.7979436667249388e-05,-8.86729680186923e-05,5.6606617532646946e-05,2.9713726909358988e-05,2.841176168836914e-05,0.49427854704642443,0.9416333653667879,0.9847835897730787
OURS:blend158_logit,OURS:w16n_finegrid,ours,ours,0.9699613898723587,0.9700556964750705,9.430660271181335e-05,0.9946186144843306,2.9548353207900867e-05,-9.574365815282244e-05,5.734729370401356e-05,3.09635672079944e-05,2.9606837783053337e-05,0.5152527922312901,0.9542942197006247,0.9980246260819537
OURS:blend158_logit,SYN:iv16s0a,ours,synth,0.9699613898723587,0.9691870409336699,0.0007743489386887736,0.9916191634237274,8.796876223187786e-05,0.000777433163090945,7.20390867408223e-05,9.358300350799109e-05,8.948248066833349e-05,1.2211254502485067,0.9400078960317423,0.9830836335207758
OURS:blend158_logit,SYN:iv16s0b,ours,synth,0.9699613898723587,0.9692906053011139,0.0006707845712448091,0.993894349593038,8.670809728021096e-05,0.0006751793338569446,6.160106879430175e-05,8.781871335549702e-05,8.397076419416442e-05,1.407574559619194,0.9873533096438091,1.0325986444486446
OURS:blend158_logit,SYN:rd16s0a,ours,synth,0.9699613898723587,0.9692899839659375,0.0006714059064212297,0.9927390628056554,8.59022471370016e-05,0.0006752987594696258,6.710566191032073e-05,8.792948890194407e-05,8.407668589278383e-05,1.2801043114931259,0.9769446884059205,1.0217130495194084
OURS:blend158_logit,SYN:rd16s0b,ours,synth,0.9699613898723587,0.9692475740203867,0.000713815851971944,0.9932985965563552,8.609596109908077e-05,0.000717434688318902,6.444214371888794e-05,9.021405512837075e-05,8.626114936936264e-05,1.3360195072754248,0.9543519685105595,0.9980850212234647
OURS:blend158_logit,SYN:iv24s0a,ours,synth,0.9699613898723587,0.9691399966837544,0.0008213931886043024,0.9916069181260753,9.239524298520855e-05,0.0008272149057482188,7.216792410595578e-05,9.66178985333137e-05,9.23843958158919e-05,1.2802812901969487,0.9562953074719465,1.0001174134356874
OURS:blend158_logit,SYN:iv24s0b,ours,synth,0.9699613898723587,0.9691464441379899,0.0008149457343687994,0.9924649542250069,9.462580559728987e-05,0.0008221023432153727,6.853373363334601e-05,9.576213804798705e-05,9.156613215460187e-05,1.3807186706554742,0.9881338024206628,1.033414903203752
OURS:blend158_logit,SYN:rd24s0a,ours,synth,0.9699613898723587,0.9692243444524757,0.0007370454198829535,0.9917711703252527,8.941227073635857e-05,0.0007424656520934956,7.142297238137978e-05,9.126922253574684e-05,8.727008254732292e-05,1.251869920211675,0.9796541293132965,1.0245466501979534
OURS:blend158_logit,SYN:rd24s0b,ours,synth,0.9699613898723587,0.9690397111971055,0.000921678675253168,0.9923210702279395,9.905821450075815e-05,0.0009292578608401871,6.923617592507159e-05,0.00010215058891839584,9.767466052068642e-05,1.4307291409040328,0.9697272972150159,1.0141649223319156
OURS:blend158_logit,SYN:iv40s0a,ours,synth,0.9699613898723587,0.9690568461491886,0.0009045437231700593,0.9918107406066765,9.903335682312264e-05,0.0009100641835692461,7.136816540354538e-05,0.00010133853714325246,9.689819038671869e-05,1.387640501379666,0.9772526781507492,1.0220351528535523
OURS:blend158_logit,SYN:iv40s0b,ours,synth,0.9699613898723587,0.9692238766636352,0.0007375132087235059,0.9918341050812689,9.223875408877171e-05,0.0007425734451809232,7.107301015851932e-05,9.393126066166862e-05,8.98154782517985e-05,1.2978028351837765,0.9819814344982215,1.0269806038351157
OURS:blend158_logit,SYN:rd40s0a,ours,synth,0.9699613898723587,0.9691779605091455,0.0007834293632131839,0.9916659573063488,9.440234751777509e-05,0.0007905171734892472,7.181815713982698e-05,9.656656739064204e-05,9.233531384791031e-05,1.314463518382651,0.9775883110340663,1.022386166069349
OURS:blend158_logit,SYN:rd40s0b,ours,synth,0.9699613898723587,0.9690843874366427,0.0008770024357159789,0.9922254817036907,9.777129317090579e-05,0.0008806140087812965,6.952907476784176e-05,9.981610321992165e-05,9.544246489163312e-05,1.4061929271655789,0.9795142268326125,1.0244003367045984
OURS:blend158_logit,SYN:iv86s0a,ours,synth,0.9699613898723587,0.9673277004087414,0.002633689463617306,0.9884477770309807,0.00016847576093309945,0.0026344665554547428,8.655944873629526e-05,0.00017175088869978268,0.00016422528666260494,1.9463589867163267,0.9809309413681807,1.0258819719963526
OURS:blend158_logit,SYN:iv86s0b,ours,synth,0.9699613898723587,0.9671389428213523,0.002822447051006427,0.9879930717002541,0.00017642824542291098,0.0028232668045061232,8.844479725472897e-05,0.00017809033459196145,0.00017028695729969228,1.994783762291656,0.9906671567951252,1.0360643482073058
OURS:blend158_logit,SYN:rd86s0a,ours,synth,0.9699613898723587,0.9671813486261908,0.0027800412461679302,0.9884707578712714,0.00017377396656247974,0.0027805606538942244,8.66356153023419e-05,0.00017620992814645285,0.0001684889445505667,2.0058028785972315,0.9861757983242095,1.0313671738285886
OURS:blend158_logit,SYN:rd86s0b,ours,synth,0.9699613898723587,0.9672795553078654,0.002681834564493335,0.9880926671607165,0.00017138616159669966,0.0026829926734792363,8.792045141167845e-05,0.00017385687852336168,0.00016623899841166227,1.9493321388240108,0.9857887881822862,1.0309624289981063
OURS:blend158_logit,STK:s0a,ours,stackhalf,0.9699613898723587,0.9699188896278209,4.2500244537779786e-05,0.9928714534389915,3.9541979969839346e-05,4.2781278527170365e-05,6.610052675621918e-05,4.5294766979456105e-05,4.331008792926545e-05,0.5982097558113479,0.872992237442661,0.9129969912418506
OURS:blend158_logit,STK:s0b,ours,stackhalf,0.9699613898723587,0.9698489422056923,0.00011244766666640427,0.9941961473164138,5.435349215405838e-05,0.00011316433861802747,5.959246835622206e-05,5.642055253097468e-05,5.3948375366244034e-05,0.912086605125215,0.9633633439555295,1.007509341756153
OURS:blend158_logit,STK:s1a,ours,stackhalf,0.9699613898723587,0.9699951526153978,3.3762743039122967e-05,0.9950060439471626,3.978977390083774e-05,-3.3263925710993296e-05,5.523287122845809e-05,4.1298241149402445e-05,3.9488677716696936e-05,0.7204002438377045,0.9634738137368223,1.0076248738005602
OURS:blend158_logit,STK:s1b,ours,stackhalf,0.9699613898723587,0.9697817311143507,0.00017965875800796116,0.9911332723317636,5.230526899581543e-05,0.00017965779979387737,7.391666104570265e-05,5.6123645201027036e-05,5.366447761327164e-05,0.7076248880272757,0.9319649286582381,0.974672098231325
OURS:blend158_logit,STK:s2a,ours,stackhalf,0.9699613898723587,0.9698956376462755,6.575222608318221e-05,0.9933350985545412,4.55409215621864e-05,6.594044967303981e-05,6.390694642709928e-05,4.967865465036328e-05,4.7501886963911725e-05,0.7126130117034523,0.9167100414192352,0.9587181578025497
OURS:blend158_logit,STK:s2b,ours,stackhalf,0.9699613898723587,0.9698705691099355,9.082076242317161e-05,0.9936050874190868,5.201180172467869e-05,9.230049397730438e-05,6.262367061581356e-05,5.3683035568991424e-05,5.133080807894294e-05,0.8305454026124238,0.9688684921297916,1.0132667626172656
OURS:blend158_logit,STK:s3a,ours,stackhalf,0.9699613898723587,0.9698157168164734,0.0001456730558853092,0.990757797233282,5.1700338686341853e-05,0.00014688213081136723,7.528985442695978e-05,5.593780543538595e-05,5.348678078144292e-05,0.6866840038387563,0.9242468181212647,0.9666003062999659
OURS:blend150fx_hybrid,OURS:blend156_h3,ours,ours,0.9700142363358245,0.9700461184445183,3.188210869375929e-05,0.9993314453956789,1.8505987390111635e-05,-3.2346516136964675e-05,2.0202559832784467e-05,1.831169771418505e-05,1.75093347647686e-05,0.9160219072872312,1.010610139974956,1.056921215953244
OURS:blend150fx_hybrid,NAJI:18_blend,ours,foreign,0.9700142363358245,0.9698561724270612,0.00015806390876327292,0.9921591462322925,5.601345406230694e-05,0.000161767735254902,6.9271277891619e-05,6.037462843459885e-05,5.772919567916507e-05,0.808610087285309,0.9277647832314831,0.9702794816959948
OURS:blend150fx_hybrid,NAJI:12_blend,ours,foreign,0.9700142363358245,0.9694997899300503,0.0005144464057742493,0.9876421777693749,7.734560200863526e-05,0.0005183853513234974,8.72704816651981e-05,8.033683206061377e-05,7.681671620215926e-05,0.8862744943400408,0.9627663927584095,1.006885035349391
OURS:blend150fx_hybrid,BOLT:rankavg_top12,ours,foreign,0.9700142363358245,0.969471849165358,0.0005423871704665073,0.9952153654135955,8.059393775699713e-05,0.0005422936705430006,5.4254407954867945e-05,8.249406481791735e-05,7.887942557529911e-05,1.4854818400016452,0.9769664997704475,1.0217358603868296
OURS:blend150fx_hybrid,BOLT:rankavg_next12,ours,foreign,0.9700142363358245,0.968584989414142,0.0014292469216825587,0.9927751191753679,0.00012555827314365066,0.0014330868854699477,6.739098535079913e-05,0.0001259100822044457,0.00012039308500977445,1.8631315819180523,0.9972058706130953,1.0429026977210267
OURS:blend150fx_hybrid,OURS:stack_pub74_logit,ours,ours,0.9700142363358245,0.9696413515631959,0.0003728847726286455,0.9932948736804691,6.576890010047287e-05,0.00037602835136765815,6.423855202671609e-05,6.719752763939931e-05,6.425313617380213e-05,1.0238228917912149,0.9787398794403144,1.023590504945481
OURS:blend150fx_hybrid,OURS:blend160origm_logit,ours,ours,0.9700142363358245,0.9699635759958649,5.066033995959618e-05,0.9955859929008818,3.432589823766606e-05,5.1457977790616716e-05,5.193009639164355e-05,3.5317669602546724e-05,3.377015664164504e-05,0.6610020127594004,0.9719185502316056,1.0164565892281259
OURS:blend150fx_hybrid,OURS:stack_pub149_hybrid,ours,ours,0.9700142363358245,0.9700183101166489,4.073780824342954e-06,0.9998201078162153,1.018828589767002e-05,-3.492104065695762e-06,1.0476506592025012e-05,1.0786573687363919e-05,1.0313938805935812e-05,0.9724888547701203,0.944534028410266,0.9878171753168171
OURS:blend150fx_hybrid,OURS:blend159_hybrid,ours,ours,0.9700142363358245,0.9700244514017536,1.0215065929131129e-05,0.9998765074769799,1.3111987262492795e-05,-1.1036210365122605e-05,8.680853509502696e-06,1.3886042802486914e-05,1.3277598602903187e-05,1.510449087539544,0.9442565782776149,0.9875270110685391
OURS:blend150fx_hybrid,OURS:w14a_repro159av_rescale,ours,ours,0.9700142363358245,0.9700271740621013,1.2937726276751604e-05,0.9970566767946772,2.6358048660553127e-05,-1.3489275237148649e-05,4.242251969047808e-05,2.6120943829079186e-05,2.4976403445147115e-05,0.6213220914944688,1.0090771923489987,1.0553180212051092
OURS:blend150fx_hybrid,OURS:blend159_rankraw,ours,ours,0.9700142363358245,0.9700325394457389,1.830310991435269e-05,0.9988781645069458,2.840015847239416e-05,-1.9310248254538515e-05,2.6166041514618003e-05,2.7860123804396416e-05,2.663937783885513e-05,1.0853823057846956,1.019383785649672,1.0660969127804039
OURS:blend150fx_hybrid,OURS:blend156,ours,ours,0.9700142363358245,0.9700416046775031,2.7368341678601915e-05,0.9993246394288722,1.9967905019043224e-05,-2.7454570165094115e-05,2.0303682614226685e-05,1.9834500021379736e-05,1.8965412502256547e-05,0.98346223187373,1.006725906754377,1.052858988259148
OURS:blend150fx_hybrid,OURS:blend160orig_h3,ours,ours,0.9700142363358245,0.970046331122863,3.209478703847246e-05,0.9992971408903643,1.9390259935647966e-05,-3.2731786619556285e-05,2.0712863799772983e-05,1.897342979326121e-05,1.814207175496888e-05,0.9361457750646961,1.0219691509088569,1.0688007520605922
OURS:blend150fx_hybrid,OURS:w16h_h3av6,ours,ours,0.9700142363358245,0.9700487290113214,3.4492675496933245e-05,0.9993256943119625,1.869831006301735e-05,-3.521768554300372e-05,2.028719434719288e-05,1.830652441464011e-05,1.7504388143489426e-05,0.921680432642211,1.0214014216736804,1.0682070067083145
OURS:blend150fx_hybrid,OURS:w16n_finegrid,ours,ours,0.9700142363358245,0.9700556964750705,4.1460139245996785e-05,0.9992701028780909,2.033993277326684e-05,-4.228837567713386e-05,2.1110217004723296e-05,1.9785882025633857e-05,1.8918924799346986e-05,0.9635113068101522,1.0280023274633485,1.0751103981326096
OURS:blend150fx_hybrid,SYN:iv16s0a,ours,synth,0.9700142363358245,0.9691870409336699,0.0008271954021545902,0.9936736724221382,9.300260766314203e-05,0.0008308884455666335,6.256013629467354e-05,9.715962182649826e-05,9.290238244052331e-05,1.4866113338544693,0.957214590946231,1.0010788229535759
OURS:blend150fx_hybrid,SYN:iv16s0b,ours,synth,0.9700142363358245,0.9692906053011139,0.0007236310347106256,0.9953234893471838,9.26224532764141e-05,0.0007286346163326333,5.388662104659739e-05,9.288514607413102e-05,8.881520122662051e-05,1.7188395092785773,0.9971718535328861,1.0428671218126166
OURS:blend150fx_hybrid,SYN:rd16s0a,ours,synth,0.9700142363358245,0.9692899839659375,0.0007242523698870462,0.994869922489149,9.117119530210832e-05,0.0007287540419453144,5.637963779611876e-05,9.2018144211688e-05,8.798618875119978e-05,1.6170943777929814,0.9907958488313862,1.0361989375391045
OURS:blend150fx_hybrid,SYN:rd16s0b,ours,synth,0.9700142363358245,0.9692475740203867,0.0007666623154377605,0.9946967962640803,9.189333720065178e-05,0.0007708899707945906,5.7299873676671036e-05,9.486259730551725e-05,9.070600655400007e-05,1.603726697883892,0.9686993589759874,1.0130898789590617
OURS:blend150fx_hybrid,SYN:iv24s0a,ours,synth,0.9700142363358245,0.9691399966837544,0.000874239652070119,0.9939864216271913,9.640788819279853e-05,0.0008806701882239073,6.105869540815552e-05,9.975330244989741e-05,9.538241586051637e-05,1.5789378981707078,0.966463122774515,1.0107511675294718
OURS:blend150fx_hybrid,SYN:iv24s0b,ours,synth,0.9700142363358245,0.9691464441379899,0.0008677921978346159,0.9949449583842904,9.955668656452909e-05,0.0008755576256910614,5.610761623210178e-05,0.00010013484851871543,9.574724374001664e-05,1.774388100052058,0.9942261663872365,1.0397864489431805
OURS:blend150fx_hybrid,SYN:rd24s0a,ours,synth,0.9700142363358245,0.9692243444524757,0.00078989188334877,0.9946908947077971,9.50612586345308e-05,0.0007959209345691842,5.734255008717973e-05,9.586101182004513e-05,9.166067357841968e-05,1.657778708655372,0.9916571589394898,1.0370997170689757
OURS:blend150fx_hybrid,SYN:rd24s0b,ours,synth,0.9700142363358245,0.9690397111971055,0.0009745251387189846,0.9942887390213132,0.00010240061389222753,0.0009827131433158757,5.968248294831446e-05,0.00010510624610046727,0.00010050080978650203,1.7157565978095675,0.9742581215805812,1.0189033711246838
OURS:blend150fx_hybrid,SYN:iv40s0a,ours,synth,0.9700142363358245,0.9690568461491886,0.0009573901866358758,0.9947909518533481,0.00010248486812947775,0.0009635194660449347,5.689304614617804e-05,0.00010386413336543642,9.931312265706727e-05,1.8013601849716123,0.9867204857801504,1.0319368215151452
OURS:blend150fx_hybrid,SYN:iv40s0b,ours,synth,0.9700142363358245,0.9692238766636352,0.0007903596721893225,0.9952631446938963,9.54609184843293e-05,0.0007960287276566119,5.41059600738881e-05,9.596656268106047e-05,9.176159952144657e-05,1.7643327713613455,0.9947310377426807,1.0403144559617024
OURS:blend150fx_hybrid,SYN:rd40s0a,ours,synth,0.9700142363358245,0.9691779605091455,0.0008362758266790005,0.9951515435365468,9.695436965303082e-05,0.0008439724559649357,5.4752685746687814e-05,9.812712073904285e-05,9.382748849069418e-05,1.7707692021097967,0.9880486548756402,1.0333258537837424
OURS:blend150fx_hybrid,SYN:rd40s0b,ours,synth,0.9700142363358245,0.9690843874366427,0.0009298488991817955,0.9951745299148818,0.00010184238200565773,0.0009340692912569852,5.4751658226140536e-05,0.00010277962564826147,9.827613477252604e-05,1.860078494518259,0.9908810366189577,1.0362880290457726
OURS:blend150fx_hybrid,SYN:iv86s0a,ours,synth,0.9700142363358245,0.9673277004087414,0.0026865359270831224,0.9923092321121336,0.0001718096932331981,0.0026879218379304314,7.059412000412046e-05,0.00017298897365447313,0.00016540912249679446,2.433767758889407,0.9931829156716628,1.0386953914015695
OURS:blend150fx_hybrid,SYN:iv86s0b,ours,synth,0.9700142363358245,0.9671389428213523,0.0028752935144722436,0.9919758009158917,0.0001796797244863247,0.002876722086981812,7.227025711892828e-05,0.00017942585281106538,0.00017156395716872268,2.4862195272204843,1.0014149113479573,1.0473046171907812
OURS:blend150fx_hybrid,SYN:rd86s0a,ours,synth,0.9700142363358245,0.9671813486261908,0.002832887709633747,0.9922824609606005,0.0001776090775819239,0.002834015936369913,7.084967279502482e-05,0.00017791451272214216,0.0001701188394099322,2.506844006122155,0.9982832477489046,1.0440294455215664
OURS:blend150fx_hybrid,SYN:rd86s0b,ours,synth,0.9700142363358245,0.9672795553078654,0.0027346810279591516,0.992148431760506,0.00017410819128819705,0.0027364479559549245,7.136132990806178e-05,0.00017471987230579172,0.0001670641784289567,2.4398114708975993,0.9964990758662866,1.042163514198442
OURS:blend150fx_hybrid,STK:s0a,ours,stackhalf,0.9700142363358245,0.9699188896278209,9.534670800359635e-05,0.9977371308053634,3.8625449590325334e-05,9.623656100285895e-05,3.722463491934473e-05,4.271879126602832e-05,4.084698364388936e-05,1.0376313877628558,0.9041793656985287,0.9456132655245313
OURS:blend150fx_hybrid,STK:s0b,ours,stackhalf,0.9700142363358245,0.9698489422056923,0.00016529413013222083,0.9972313411790188,4.873038278930574e-05,0.00016661962109371605,4.113997539831415e-05,5.0048874363057495e-05,4.7855884773795734e-05,1.1845019914937196,0.973655919528033,1.0182735732427384
OURS:blend150fx_hybrid,STK:s1a,ours,stackhalf,0.9700142363358245,0.9699951526153978,1.9083720426693596e-05,0.999153126873838,3.095539151317873e-05,2.0191356764695284e-05,2.2734237485814915e-05,3.133497762826395e-05,2.996197412732497e-05,1.3616199589932771,0.9878861852212449,1.0331559389789264
OURS:blend150fx_hybrid,STK:s1b,ours,stackhalf,0.9700142363358245,0.9697817311143507,0.00023250522147377772,0.9966752343772902,5.292103114279209e-05,0.00023311308226956596,4.524160588793328e-05,5.45380100334526e-05,5.21483201604133e-05,1.1697425434871014,0.9703513404748598,1.0148175622915916
OURS:blend150fx_hybrid,STK:s2a,ours,stackhalf,0.9700142363358245,0.9698956376462755,0.00011859868954899877,0.997934223428472,4.169913756791834e-05,0.00011939573214872838,3.556224311445282e-05,4.339211341657916e-05,4.149080286385147e-05,1.1725676986604772,0.9609842500085748,1.0050212261437916
OURS:blend150fx_hybrid,STK:s2b,ours,stackhalf,0.9700142363358245,0.9698705691099355,0.00014366722588898817,0.9984155843890365,4.596857569576507e-05,0.00014575577645299295,3.115674800556513e-05,4.731360019517425e-05,4.524046200817244e-05,1.4753971013776628,0.9715721379505937,1.0160943026501608
OURS:blend150fx_hybrid,STK:s3a,ours,stackhalf,0.9700142363358245,0.9698157168164734,0.00019851951935112577,0.9970876764061286,4.853097625103888e-05,0.0002003374132870558,4.224398600905886e-05,5.0634323750032794e-05,4.8415681547660034e-05,1.1488256870606819,0.958460045612981,1.002381350415678
OURS:blend156_h3,NAJI:18_blend,ours,foreign,0.9700461184445183,0.9698561724270612,0.0001899460174570322,0.9928443856188461,5.338711689528176e-05,0.0001941142513918667,6.617584117376067e-05,5.8502474396331615e-05,5.593907374187242e-05,0.8067463283934838,0.9125616898458809,0.9543797085671007
OURS:blend156_h3,NAJI:12_blend,ours,foreign,0.9700461184445183,0.9694997899300503,0.0005463285144680086,0.989078093081933,7.506340733949827e-05,0.000550731867460462,8.204461945306823e-05,7.947019743246925e-05,7.5988054869946e-05,0.914909567987412,0.9445478904627649,0.9878316725960381
OURS:blend156_h3,BOLT:rankavg_top12,ours,foreign,0.9700461184445183,0.969471849165358,0.0005742692791602666,0.9962396528616656,7.933472419566555e-05,0.0005746401866799652,4.80982286677207e-05,8.243195799087064e-05,7.882004008068733e-05,1.649431307413365,0.962426783608026,1.0065298636546156
OURS:blend156_h3,BOLT:rankavg_next12,ours,foreign,0.9700461184445183,0.968584989414142,0.001461129030376318,0.9928960850331152,0.00012496616502879638,0.0014654334016069124,6.682512258574032e-05,0.00012626331120881354,0.00012073083659254068,1.8700476735894933,0.9897266579848207,1.0350807511634306
OURS:blend156_h3,OURS:stack_pub74_logit,ours,ours,0.9700461184445183,0.9696413515631959,0.0004047668813224048,0.9929215496991592,6.351252348050279e-05,0.0004083748675046228,6.600332681097895e-05,6.610953096935e-05,6.32128122116995e-05,0.9622624578059624,0.9607165948575365,1.0047413057308627
OURS:blend156_h3,OURS:blend160origm_logit,ours,ours,0.9700461184445183,0.9699635759958649,8.254244865335547e-05,0.9949362300734174,2.823109576828491e-05,8.38044939275814e-05,5.562167786598609e-05,2.99968557398902e-05,2.8682484673900305e-05,0.5075556303120596,0.9411351647347105,0.9842625591629396
OURS:blend156_h3,OURS:stack_pub149_hybrid,ours,ours,0.9700461184445183,0.9700183101166489,2.7808327869416338e-05,0.9993720698420392,1.8758827144744982e-05,2.8854412071268914e-05,1.957359082275901e-05,1.8551079435748773e-05,1.7738227506711307e-05,0.9583743378825172,1.0111986857538797,1.0575367317646325
OURS:blend156_h3,OURS:blend159_hybrid,ours,ours,0.9700461184445183,0.9700244514017536,2.1667042764628164e-05,0.9994265119829518,1.4273611637252353e-05,2.131030577184207e-05,1.8707198742857643e-05,1.4141530982380759e-05,1.3521892067115272e-05,0.7630010154621348,1.0093399119965267,1.055592779945732
OURS:blend156_h3,OURS:w14a_repro159av_rescale,ours,ours,0.9700461184445183,0.9700271740621013,1.8944382417007688e-05,0.9987684696317499,1.4318923106408706e-05,1.8857240899816028e-05,2.7441290508667175e-05,1.4575419280959515e-05,1.3936768698922397e-05,0.5218021033626737,0.9824021409191377,1.0274205890721182
OURS:blend156_h3,OURS:blend159_rankraw,ours,ours,0.9700461184445183,0.9700325394457389,1.3578998779406604e-05,0.9994258524221211,1.660523872155514e-05,1.3036267882426162e-05,1.8719303976130618e-05,1.7096954532988374e-05,1.6347817938487856e-05,0.8870649647406138,0.9712395672290948,1.0157464919193426
OURS:blend156_h3,OURS:blend156,ours,ours,0.9700461184445183,0.9700416046775031,4.513767015157377e-06,0.9996696029406369,6.995748524259557e-06,4.891945971870561e-06,1.4201347071594671e-05,7.400480250279408e-06,7.076213693819564e-06,0.49261161557359245,0.9453100728152649,0.988628781854018
OURS:blend156_h3,OURS:blend160orig_h3,ours,ours,0.9700461184445183,0.970046331122863,2.126783447131686e-07,0.999967993349238,6.550206160888665e-06,-3.852704825916106e-07,4.42008494663298e-06,6.596803725480456e-06,6.307751832176335e-06,1.4819186146814476,0.992936342124019,1.0384375186537225
OURS:blend156_h3,OURS:w16h_h3av6,ours,ours,0.9700461184445183,0.9700487290113214,2.6105668031739526e-06,0.9999870137668899,4.039800010662611e-06,-2.8711694060390426e-06,2.8153971414846298e-06,4.190721562643708e-06,4.007096878266072e-06,1.4348952590512052,0.963986738387389,1.0081613031553882
OURS:blend156_h3,OURS:w16n_finegrid,ours,ours,0.9700461184445183,0.9700556964750705,9.578030552237493e-06,0.9999354286699144,9.962428945452168e-06,-9.941859540169177e-06,6.278938475527891e-06,1.002092365839427e-05,9.581837234627137e-06,1.5866422300967988,0.994162742384221,1.039720118543617
OURS:blend156_h3,SYN:iv16s0a,ours,synth,0.9700461184445183,0.9691870409336699,0.0008590775108483495,0.9945502053608354,9.126258115317664e-05,0.0008632349617035982,5.806526022969838e-05,9.670984366985622e-05,9.247231219594815e-05,1.5717243114411976,0.9436741668689362,0.9869179107341006
OURS:blend156_h3,SYN:iv16s0b,ours,synth,0.9700461184445183,0.9692906053011139,0.0007555131434043849,0.9958596654218997,9.085296927120498e-05,0.0007609811324695979,5.070399260936998e-05,9.199356378268263e-05,8.796268536189997e-05,1.7918306743839254,0.9876013661763111,1.032858068138935
OURS:blend156_h3,SYN:rd16s0a,ours,synth,0.9700461184445183,0.9692899839659375,0.0007561344785808055,0.9956381791795457,8.938465028749126e-05,0.0007611005580822791,5.198747026261807e-05,9.138247070428839e-05,8.737836852525029e-05,1.7193498709585007,0.97813781569485,1.0229608517085234
OURS:blend156_h3,SYN:rd16s0b,ours,synth,0.9700461184445183,0.9692475740203867,0.0007985444241315198,0.9953598395570024,9.0120780167226e-05,0.0008032364869315552,5.3598849224632236e-05,9.414317935569818e-05,9.001811131262069e-05,1.6813939379468898,0.9572735994683749,1.0011405355334413
OURS:blend156_h3,SYN:iv24s0a,ours,synth,0.9700461184445183,0.9691399966837544,0.0009061217607638783,0.9947478253842186,9.510857988722445e-05,0.000913016704360872,5.706306125362513e-05,9.930884750581152e-05,9.495743558149899e-05,1.6667276132365285,0.9577050008727442,1.001591705850099
OURS:blend156_h3,SYN:iv24s0b,ours,synth,0.9700461184445183,0.9691464441379899,0.0008996743065283752,0.9955824943583588,9.843876983274746e-05,0.000907904141828026,5.2450840467968944e-05,9.958349876332608e-05,9.522005245550198e-05,1.8767815530594358,0.9885048331822602,1.0338029364009187
OURS:blend156_h3,SYN:rd24s0a,ours,synth,0.9700461184445183,0.9692243444524757,0.0008217739920425293,0.9953578273791049,9.344292843688533e-05,0.0008282674507061489,5.362057089444709e-05,9.509681342943604e-05,9.092996003908977e-05,1.742669406128278,0.9826084078644977,1.0276363081729638
OURS:blend156_h3,SYN:rd24s0b,ours,synth,0.9700461184445183,0.9690397111971055,0.001006407247412744,0.9950295829255165,0.00010157442954627435,0.0010150596594528404,5.567775783436026e-05,0.00010485718071638712,0.00010026265769070826,1.8243268676237894,0.9686931200354146,1.0130833541198625
OURS:blend156_h3,SYN:iv40s0a,ours,synth,0.9700461184445183,0.9690568461491886,0.0009892722953296351,0.9951716056994814,0.00010164089262647172,0.0009958659821818995,5.4775432544988145e-05,0.00010387177431581358,9.932042880421774e-05,1.855592697382938,0.9785227343613189,1.023363409221965
OURS:blend156_h3,SYN:iv40s0b,ours,synth,0.9700461184445183,0.9692238766636352,0.0008222417808830818,0.9958194040095315,9.419641608563878e-05,0.0008283752437935765,5.0830409709459e-05,9.553027879204113e-05,9.13444322666924e-05,1.8531508328194692,0.9860372781984021,1.03122230603634
OURS:blend156_h3,SYN:rd40s0a,ours,synth,0.9700461184445183,0.9691779605091455,0.0008681579353727598,0.995715015348716,9.621996063816572e-05,0.0008763189721019004,5.147339022830834e-05,9.805376054321997e-05,9.375734271572999e-05,1.8693146150153623,0.9812980155488686,1.026265867302813
OURS:blend156_h3,SYN:rd40s0b,ours,synth,0.9700461184445183,0.9690843874366427,0.0009617310078755548,0.9955572505931967,0.00010050753297015383,0.0009664158073939497,5.253609908912092e-05,0.000102449549653815,9.796052170514233e-05,1.9131137391768538,0.9810441657359803,1.026000384855829
OURS:blend156_h3,SYN:iv86s0a,ours,synth,0.9700461184445183,0.9673277004087414,0.0027184180357768817,0.9923516949851862,0.00017085832355307398,0.002720268354067396,7.039967173370356e-05,0.00017331438056131807,0.0001657202710618072,2.4269761398798715,0.9858288908266608,1.0310043693408544
OURS:blend156_h3,SYN:iv86s0b,ours,synth,0.9700461184445183,0.9671389428213523,0.002907175623166003,0.9920361575300929,0.0001783373480087227,0.0029090686031187766,7.199866280259269e-05,0.00017935313786873974,0.0001714944283742082,2.476953613676013,0.9943363697335452,1.039901702343256
OURS:blend156_h3,SYN:rd86s0a,ours,synth,0.9700461184445183,0.9671813486261908,0.002864769818327506,0.992285112050606,0.0001762313259736235,0.0028663624525068774,7.083821224150372e-05,0.00017787524597897433,0.00017008129321612872,2.487800304344362,0.9907580169668738,1.0361593720344053
OURS:blend156_h3,SYN:rd86s0b,ours,synth,0.9700461184445183,0.9672795553078654,0.002766563136652911,0.9922626513528924,0.00017319710418017785,0.0027687944720918897,7.084107930910463e-05,0.0001750074005302036,0.00016733910804029727,2.4448682299779447,0.9896558868679767,1.0350067369695188
OURS:blend156_h3,STK:s0a,ours,stackhalf,0.9700461184445183,0.9699188896278209,0.00012722881669735564,0.9980566617786849,3.7196727098587604e-05,0.00012858307713982362,3.4496846869657676e-05,4.1845058859735957e-05,4.001153553659841e-05,1.0782645509350786,0.8889156357330147,0.9296500771524724
OURS:blend156_h3,STK:s0b,ours,stackhalf,0.9700461184445183,0.9698489422056923,0.00019717623882598012,0.9979454559213357,4.709803283766525e-05,0.00019896613723068072,3.543982144046985e-05,4.8915686506879056e-05,4.677234976601605e-05,1.328957960941714,0.962841088431659,1.0069631539419863
OURS:blend156_h3,STK:s1a,ours,stackhalf,0.9700461184445183,0.9699951526153978,5.096582912045289e-05,0.9988732260141656,2.9809931129102602e-05,5.253787290165996e-05,2.6223708742794355e-05,3.0708388904203374e-05,2.936284061711488e-05,1.1367549655726579,0.9707422692247527,1.0152264052997353
OURS:blend156_h3,STK:s1b,ours,stackhalf,0.9700461184445183,0.9697817311143507,0.000264387330167537,0.9967796561049811,5.1448643144094126e-05,0.0002654595984065306,4.452593942227632e-05,5.4179246129118853e-05,5.180527620017858e-05,1.1554757476572044,0.9496005725417956,0.9931158931629588
OURS:blend156_h3,STK:s2a,ours,stackhalf,0.9700461184445183,0.9698956376462755,0.00015048079824275806,0.9982153639447646,4.34451619627479e-05,0.00015174224828569307,3.3054210419704825e-05,4.498749111235427e-05,4.301627595692971e-05,1.3143609062538264,0.9657164889290121,1.0099703192867653
OURS:blend156_h3,STK:s2b,ours,stackhalf,0.9700461184445183,0.9698705691099355,0.00017554933458274746,0.9984245463195024,4.342535011768523e-05,0.00017810229258995763,3.1068827686455935e-05,4.5743144465520586e-05,4.3738818876391493e-05,1.397714473038066,0.9493302357125356,0.9928331681842588
OURS:blend156_h3,STK:s3a,ours,stackhalf,0.9700461184445183,0.9698157168164734,0.00023040162804488507,0.9973361480470563,4.844605892678556e-05,0.0002326839294240205,4.040216141086751e-05,5.110677160663575e-05,4.8867428174831065e-05,1.1990957224816783,0.9479381577782009,0.9913772984627308
NAJI:18_blend,NAJI:12_blend,foreign,foreign,0.9698561724270612,0.9694997899300503,0.00035638249701097635,0.9879653390138571,5.872784880025013e-05,0.0003566176160685954,8.622810376568927e-05,6.110773434410927e-05,5.843017911543622e-05,0.6810754990024299,0.9610542663804625,1.005094451006659
NAJI:18_blend,BOLT:rankavg_top12,foreign,foreign,0.9698561724270612,0.969471849165358,0.0003843232617032344,0.9904865344662842,8.760050478340793e-05,0.00038052593528809854,7.659774690947136e-05,9.228363900214102e-05,8.824005036670378e-05,1.1436433618202948,0.9492528223922289,0.9927522074087894
NAJI:18_blend,BOLT:rankavg_next12,foreign,foreign,0.9698561724270612,0.968584989414142,0.0012711830129192858,0.9897853982340937,0.0001229938975380259,0.0012713191502150458,8.022826971107813e-05,0.00012678839873060942,0.00012123291637473393,1.533049360044251,0.97007217355394,1.0145256025834497
NAJI:18_blend,OURS:stack_pub74_logit,foreign,ours,0.9698561724270612,0.9696413515631959,0.00021482086386537258,0.9900095181297223,4.7036761651748454e-05,0.00021426061611275614,7.850934573557007e-05,5.145992399226765e-05,4.920510649606152e-05,0.5991230879719025,0.9140464657277027,0.9559325241072971
NAJI:18_blend,OURS:blend160origm_logit,foreign,ours,0.9698561724270612,0.9699635759958649,0.00010740356880367674,0.9904657233710958,5.279061641400442e-05,-0.00011030975746428528,7.641600552315319e-05,5.830652274814932e-05,5.5751708099468094e-05,0.6908319278480142,0.9053981257299386,0.9468878750731599
NAJI:18_blend,OURS:stack_pub149_hybrid,foreign,ours,0.9698561724270612,0.9700183101166489,0.00016213768958761587,0.9920848705282472,5.524166302339187e-05,-0.00016525983932059776,6.957890023153112e-05,5.9175625071529125e-05,5.658272900001011e-05,0.7939427447052112,0.9335205662233049,0.9762990226820272
NAJI:18_blend,OURS:blend159_hybrid,foreign,ours,0.9698561724270612,0.9700244514017536,0.00016827897469240405,0.9922465750902822,5.577236776333384e-05,-0.0001728039456200246,6.886951962188886e-05,6.0965311920389315e-05,5.82939972095395e-05,0.8098265832190829,0.9148213304667971,0.9567428969205596
NAJI:18_blend,OURS:w14a_repro159av_rescale,foreign,ours,0.9698561724270612,0.9700271740621013,0.00017100163504002452,0.9916010293890317,5.412678831881846e-05,-0.00017525701049205065,7.175103002507245e-05,5.94582521864536e-05,5.6852972253587844e-05,0.7543694954609651,0.9103326506989082,0.9520485239960811
NAJI:18_blend,OURS:blend159_rankraw,foreign,ours,0.9698561724270612,0.9700325394457389,0.0001763670186776256,0.9928322630559049,5.6582271043704985e-05,-0.00018107798350944053,6.622204586549591e-05,6.113327647662862e-05,5.845460206932438e-05,0.8544325428820133,0.9255560032895752,0.9679694847054318
NAJI:18_blend,OURS:blend156,foreign,ours,0.9698561724270612,0.9700416046775031,0.00018543225044187484,0.9930041851629801,5.188975277183489e-05,-0.0001892223054199961,6.542808407410243e-05,5.705880341940952e-05,5.455866004022376e-05,0.7930807314037452,0.9094083587841891,0.9510818765266376
NAJI:18_blend,OURS:blend160orig_h3,foreign,ours,0.9698561724270612,0.970046331122863,0.00019015869580174538,0.9927207639186709,5.360471005962433e-05,-0.0001944995218744583,6.674012243315372e-05,5.886476119138842e-05,5.628548623046384e-05,0.8031856716072749,0.9106417655435318,0.9523718039875692
NAJI:18_blend,OURS:w16h_h3av6,foreign,ours,0.9698561724270612,0.9700487290113214,0.00019255658426020617,0.9927846594112777,5.356147236168248e-05,-0.00019698542079790571,6.644466219385124e-05,5.872825121974698e-05,5.615495771096193e-05,0.8061064740673636,0.9120222592916711,0.9538155586791016
NAJI:18_blend,OURS:w16n_finegrid,foreign,ours,0.9698561724270612,0.9700556964750705,0.0001995240480092697,0.9928051808707916,5.477367901569207e-05,-0.00020405611093203587,6.636052749554644e-05,5.9606234451057186e-05,5.699447038503557e-05,0.8253954735270604,0.9189253359171156,0.9610349678777506
NAJI:18_blend,SYN:iv16s0a,foreign,synth,0.9698561724270612,0.9691870409336699,0.0006691314933913173,0.9933442160398487,7.674182429093277e-05,0.0006691207103117316,6.424745731022266e-05,8.069915663686776e-05,7.716316481649061e-05,1.1944725519701163,0.9509619119845043,0.9945396158055483
NAJI:18_blend,SYN:iv16s0b,foreign,synth,0.9698561724270612,0.9692906053011139,0.0005655671259473527,0.9925025708963888,7.709857393528574e-05,0.0005668668810777312,6.831399428377786e-05,7.947813263051456e-05,7.599564237172593e-05,1.128591216830574,0.9700602088087407,1.0145130895553842
NAJI:18_blend,SYN:rd16s0a,foreign,synth,0.9698561724270612,0.9692899839659375,0.0005661884611237733,0.993063703933407,7.464219667037051e-05,0.0005669863066904124,6.563843244145008e-05,7.724406243846685e-05,7.385946234674373e-05,1.13717213976662,0.9663163007490834,1.0105976174041467
NAJI:18_blend,SYN:rd16s0b,foreign,synth,0.9698561724270612,0.9692475740203867,0.0006085984066744876,0.993330944722954,7.600014902240781e-05,0.0006091222355396886,6.433554065144123e-05,7.913743212265158e-05,7.566987032481853e-05,1.1813089351990278,0.9603565213566515,1.0043647319094315
NAJI:18_blend,SYN:iv24s0a,foreign,synth,0.9698561724270612,0.9691399966837544,0.0007161757433068461,0.993199456829993,8.11626689003015e-05,0.0007189024529690053,6.50109866909278e-05,8.505258142175721e-05,8.132583575621579e-05,1.2484454248658194,0.9542646154128294,0.9979936651815863
NAJI:18_blend,SYN:iv24s0b,foreign,synth,0.9698561724270612,0.9691464441379899,0.000709728289071343,0.9927170810381315,8.504057635449691e-05,0.0007137898904361593,6.742871938235354e-05,8.748588870390844e-05,8.365252290744214e-05,1.2611922209626376,0.9720490654477139,1.0165930852867473
NAJI:18_blend,SYN:rd24s0a,foreign,synth,0.9698561724270612,0.9692243444524757,0.0006318279745854971,0.993396567749985,7.832726820312076e-05,0.0006341531993142822,6.403027746975474e-05,8.017702387038514e-05,7.66639103212115e-05,1.223284847393006,0.9769291053973929,1.0216967524215763
NAJI:18_blend,SYN:rd24s0b,foreign,synth,0.9698561724270612,0.9690397111971055,0.0008164612299557117,0.9925759159641581,8.941162095781176e-05,0.0008209454080609737,6.812941314204222e-05,9.337580806076676e-05,8.928436389599421e-05,1.3123791448401076,0.9575458870420142,1.0014253006491236
NAJI:18_blend,SYN:iv40s0a,foreign,synth,0.9698561724270612,0.9690568461491886,0.0007993262778726029,0.99291811393858,8.95073046613854e-05,0.0008017517307900327,6.641830370980786e-05,9.230952469591133e-05,8.826480182803286e-05,1.3476300908324468,0.9696432189012231,1.014076991140515
NAJI:18_blend,SYN:iv40s0b,foreign,synth,0.9698561724270612,0.9692238766636352,0.0006322957634260495,0.9927626531618657,7.989561235865966e-05,0.0006342609924017098,6.696139644251534e-05,8.154143736518175e-05,7.796853936275884e-05,1.1931592918204448,0.9798160903253239,1.0247160330519323
NAJI:18_blend,SYN:rd40s0a,foreign,synth,0.9698561724270612,0.9691779605091455,0.0006782119179157275,0.9928969732449517,8.240461886178596e-05,0.0006822047207100338,6.63529193763994e-05,8.415551580890914e-05,8.046807683257695e-05,1.2419139901641747,0.979194507569784,1.0240659663488443
NAJI:18_blend,SYN:rd40s0b,foreign,synth,0.9698561724270612,0.9690843874366427,0.0007717849904185226,0.9930655622446612,8.811364560168153e-05,0.0007723015560020831,6.57152955380684e-05,9.101253955400982e-05,8.702464663385375e-05,1.3408392198531303,0.9681484115646725,1.012513684455504
NAJI:18_blend,SYN:iv86s0a,foreign,synth,0.9698561724270612,0.9673277004087414,0.0025284720183198495,0.988950905478581,0.00016296946774266747,0.0025261541026755296,8.471674786924365e-05,0.00016687499846031892,0.00015956304311689018,1.9236983458595842,0.9765960703898964,1.0213484561289161
NAJI:18_blend,SYN:iv86s0b,foreign,synth,0.9698561724270612,0.9671389428213523,0.0027172296057089707,0.9879520840115695,0.00017062428231379395,0.0027149543517269096,8.866164838375883e-05,0.00017340827727844421,0.00016581005351011622,1.924442929092317,0.9839454320846521,1.029034601351142
NAJI:18_blend,SYN:rd86s0a,foreign,synth,0.9698561724270612,0.9671813486261908,0.002674823800870474,0.9884929807459948,0.00016866293132958635,0.002672248201115011,8.661659905401714e-05,0.00017205087970311342,0.00016451213297176325,1.9472356704331262,0.9803084507363564,1.0252309558136696
NAJI:18_blend,SYN:rd86s0b,foreign,synth,0.9698561724270612,0.9672795553078654,0.0025766171191958787,0.9885602044107689,0.00016518497124247273,0.0025746802207000227,8.6241415354855e-05,0.00016845678674993542,0.00016107552225029306,1.9153787140759577,0.9805777162761657,1.0255125604112216
NAJI:18_blend,STK:s0a,foreign,stackhalf,0.9698561724270612,0.9699188896278209,6.271720075967657e-05,0.9917485941040121,5.768314077053153e-05,-6.553117425204306e-05,7.11708125659201e-05,6.264680707629053e-05,5.990181435732937e-05,0.8104887198962922,0.920767449493247,0.9629614960648288
NAJI:18_blend,STK:s0b,foreign,stackhalf,0.9698561724270612,0.9698489422056923,7.230221368947909e-06,0.9921229832319138,6.189612522574238e-05,4.85188583881405e-06,6.947809114362249e-05,6.502564641294685e-05,6.217642018291866e-05,0.8908725643857003,0.9518725093891359,0.9954919412157909
NAJI:18_blend,STK:s1a,foreign,stackhalf,0.9698561724270612,0.9699951526153978,0.00013898018833657932,0.9919098316805367,5.592754417606539e-05,-0.0001415763784902067,7.035389149442847e-05,6.0597751161886404e-05,5.7942541846553996e-05,0.7949459935772629,0.9229310181273132,0.9652242099453487
NAJI:18_blend,STK:s1b,foreign,stackhalf,0.9698561724270612,0.9697817311143507,7.44413127105048e-05,0.9930153716862417,5.980839231092213e-05,7.134534701466395e-05,6.565456725071411e-05,6.244389659053996e-05,5.9707794792472934e-05,0.910955548340342,0.957794045158657,1.0016848305786346
NAJI:18_blend,STK:s2a,foreign,stackhalf,0.9698561724270612,0.9698956376462755,3.946521921427415e-05,0.9926038474000719,6.45283717956631e-05,-4.2372003106173617e-05,6.737328090300487e-05,6.867834633638605e-05,6.566906989530433e-05,0.9577739265594398,0.9395737555998158,0.9826295986609854
NAJI:18_blend,STK:s2b,foreign,stackhalf,0.9698561724270612,0.9698705691099355,1.439668287428475e-05,0.9924467935340454,5.462373556489529e-05,-1.601195880190904e-05,6.811148134680147e-05,5.843712709074381e-05,5.587658975664224e-05,0.8019754450320795,0.9347436858090763,0.9775781915610191
NAJI:18_blend,STK:s3a,foreign,stackhalf,0.9698561724270612,0.9698157168164734,4.045561058785285e-05,0.9925255192625281,5.832518361290006e-05,3.85696780321538e-05,6.775988146796877e-05,6.470102816071978e-05,6.186602571607495e-05,0.8607627751012427,0.9014568279814366,0.9427659678766975
NAJI:12_blend,BOLT:rankavg_top12,foreign,foreign,0.9694997899300503,0.969471849165358,2.7940764692258035e-05,0.9847787504420877,8.718450161395672e-05,2.390831921950316e-05,9.722787474834194e-05,9.376441072766038e-05,8.965593917488556e-05,0.8967027392053893,0.9298250896833867,0.9724342014185142
NAJI:12_blend,BOLT:rankavg_next12,foreign,foreign,0.9694997899300503,0.968584989414142,0.0009148005159083095,0.9854543302680384,0.0001098427450732214,0.0009147015341464503,9.606968515309452e-05,0.0001162582987819754,0.0001111642134076529,1.14336530715364,0.9448163806285745,0.9881124662881794
NAJI:12_blend,OURS:stack_pub74_logit,foreign,ours,0.9694997899300503,0.9696413515631959,0.00014156163314560377,0.9907016094426097,4.721343760550747e-05,-0.00014235699995583925,7.600650561204787e-05,5.049767654832251e-05,4.8285021811093895e-05,0.6211762693905983,0.9349625731854758,0.9778071094224873
NAJI:12_blend,OURS:blend160origm_logit,foreign,ours,0.9694997899300503,0.9699635759958649,0.0004637860658146531,0.9892121277323179,7.116881343193751e-05,-0.00046692737353288064,8.157040951814423e-05,7.559938061330492e-05,7.228684548140616e-05,0.872483218514515,0.9413941338483974,0.984533395502004
NAJI:12_blend,OURS:stack_pub149_hybrid,foreign,ours,0.9694997899300503,0.9700183101166489,0.0005185201865985922,0.9882447923436235,7.693830510277422e-05,-0.0005218774553891932,8.50920547883671e-05,8.003140832817262e-05,7.652467520957151e-05,0.904177308846612,0.9613513832879839,1.0054051832571642
NAJI:12_blend,OURS:blend159_hybrid,foreign,ours,0.9694997899300503,0.9700244514017536,0.0005246614717033804,0.987535990427127,7.704836939807387e-05,-0.00052942156168862,8.762627433139312e-05,8.098398496185625e-05,7.743551282979625e-05,0.8792838676067094,0.9514025450138559,0.9950004407851817
NAJI:12_blend,OURS:w14a_repro159av_rescale,foreign,ours,0.9694997899300503,0.9700271740621013,0.0005273841320510009,0.9875220818379469,7.465562299615809e-05,-0.000531874626560646,8.776267474341627e-05,7.881820947142334e-05,7.536463504013367e-05,0.8506534607613309,0.9471875026953708,0.9905922447100286
NAJI:12_blend,OURS:blend159_rankraw,foreign,ours,0.9694997899300503,0.9700325394457389,0.000532749515688602,0.9896034979910294,7.82935072825983e-05,-0.0005376955995780359,8.003505994477927e-05,8.280573619803751e-05,7.917744046262952e-05,0.9782401279716343,0.9455082567631812,0.9888360475551312
NAJI:12_blend,OURS:blend156,foreign,ours,0.9694997899300503,0.9700416046775031,0.0005418147474528512,0.9899612943646207,7.314510960454067e-05,-0.0005458399214885915,7.865183899010416e-05,7.749391436462244e-05,7.409836652072929e-05,0.9299860059692141,0.9438819835629947,0.9871352506006736
NAJI:12_blend,OURS:blend160orig_h3,foreign,ours,0.9694997899300503,0.970046331122863,0.0005465411928127217,0.9891864484037489,7.524933887949152e-05,-0.0005511171379430536,8.163064914374135e-05,7.977140562740086e-05,7.627606503706795e-05,0.9218270302737255,0.9433121842050626,0.9865393402625389
NAJI:12_blend,OURS:w16h_h3av6,foreign,ours,0.9694997899300503,0.9700487290113214,0.0005489390812711825,0.9890312130944832,7.512488731511846e-05,-0.0005536030368665011,8.221214849610133e-05,7.952868878002279e-05,7.604398330438951e-05,0.9137930182992485,0.9446262533375183,0.987913626439161
NAJI:12_blend,OURS:w16n_finegrid,foreign,ours,0.9694997899300503,0.9700556964750705,0.0005559065450202461,0.9889666026848988,7.636466023775556e-05,-0.0005606737270006313,8.246682937783611e-05,8.056443448287226e-05,7.70343457778981e-05,0.9260045622449918,0.9478706172013215,0.9913066628478503
NAJI:12_blend,SYN:iv16s0a,foreign,synth,0.9694997899300503,0.9691870409336699,0.0003127489963803409,0.9904770790271081,5.0107148379772356e-05,0.00031250309424313614,7.711808334272998e-05,5.5219604743314196e-05,5.2800049461275295e-05,0.6497457691872994,0.9074159189058513,0.9489981333544399
NAJI:12_blend,SYN:iv16s0b,foreign,synth,0.9694997899300503,0.9692906053011139,0.00020918462893637635,0.9901095095643588,6.136920661830118e-05,0.00021024926500913586,7.873619744956729e-05,6.478706445775446e-05,6.194829216401517e-05,0.7794281233559679,0.9472447491168248,0.990652114441173
NAJI:12_blend,SYN:rd16s0a,foreign,synth,0.9694997899300503,0.9692899839659375,0.00020980596411279695,0.9895531041787353,5.709986107635394e-05,0.000210368690621817,8.083541012201242e-05,6.155662236531566e-05,5.885939822760564e-05,0.7063718856645596,0.9275989955635886,0.9701060968301497
NAJI:12_blend,SYN:rd16s0b,foreign,synth,0.9694997899300503,0.9692475740203867,0.00025221590966351126,0.9915171814035414,5.0408831205606646e-05,0.0002525046194710932,7.28120270483446e-05,5.3566203387932454e-05,5.121909512903579e-05,0.6923146250568876,0.9410566367853297,0.9841804326806661
NAJI:12_blend,SYN:iv24s0a,foreign,synth,0.9694997899300503,0.9691399966837544,0.00035979324629586973,0.9898560243130095,5.905241044594081e-05,0.00036228483690040996,7.967686932309738e-05,6.356149959432513e-05,6.077642782873298e-05,0.741148729206184,0.929059427842906,0.971633453225477
NAJI:12_blend,SYN:iv24s0b,foreign,synth,0.9694997899300503,0.9691464441379899,0.00035334579206036665,0.9888533053974204,6.967470850535479e-05,0.00035717227436756393,8.370955512458039e-05,7.360638978615301e-05,7.038118145612663e-05,0.8323387742493877,0.9465850547456431,0.989962189662698
NAJI:12_blend,SYN:rd24s0a,foreign,synth,0.9694997899300503,0.9692243444524757,0.00027544547757452076,0.98888952086531,5.739593279661108e-05,0.00027753558324568686,8.334525231527853e-05,6.020300330584246e-05,5.756509064202729e-05,0.6886526970905753,0.9533732479263378,0.9970614508979386
NAJI:12_blend,SYN:rd24s0b,foreign,synth,0.9694997899300503,0.9690397111971055,0.00046007873294473534,0.9898482511004649,7.312223226048914e-05,0.00046432779199237826,7.994518982529338e-05,7.806032059112881e-05,7.463995454754925e-05,0.9146545579575875,0.9367400967194995,0.9796660877373224
NAJI:12_blend,SYN:iv40s0a,foreign,synth,0.9694997899300503,0.9690568461491886,0.00044294378086162656,0.9890126852522138,6.815452636339922e-05,0.0004451341147214373,8.301767523836396e-05,7.118066318879356e-05,6.806174282712019e-05,0.820964043713715,0.9574865322992556,1.0013632259831298
NAJI:12_blend,SYN:iv40s0b,foreign,synth,0.9694997899300503,0.9692238766636352,0.0002759132664150732,0.9883773989249056,6.321677739028252e-05,0.00027764337633311446,8.515341064949048e-05,6.678117199732156e-05,6.385502397076525e-05,0.7423869097915079,0.9466257554272632,0.9900047554476694
NAJI:12_blend,SYN:rd40s0a,foreign,synth,0.9694997899300503,0.9691779605091455,0.0003218294209047512,0.988666413750805,6.673313959977666e-05,0.00032558710464143843,8.410797933553178e-05,7.046848337723894e-05,6.738076857078131e-05,0.7934222189972998,0.9469927037103116,0.9903885190872476
NAJI:12_blend,SYN:rd40s0b,foreign,synth,0.9694997899300503,0.9690843874366427,0.0004154024934075462,0.988949033480605,6.590785471735049e-05,0.00041568393993348773,8.324777308320104e-05,6.895928140117875e-05,6.593769523924537e-05,0.7917071205193638,0.9557503120417362,0.9995474436619811
NAJI:12_blend,SYN:iv86s0a,foreign,synth,0.9694997899300503,0.9673277004087414,0.002172089521308873,0.9846660895839323,0.00014984538319320404,0.002169536486606934,0.00010014115633330694,0.00015438161612565276,0.00014761708283203567,1.4963416509238519,0.9706167544666935,1.0150951388444915
NAJI:12_blend,SYN:iv86s0b,foreign,synth,0.9694997899300503,0.9671389428213523,0.0023608471086979943,0.9830560909180778,0.00015843550219232517,0.0023583367356583146,0.00010550269224361029,0.00016206420928851513,0.00015496304810787553,1.501719992381718,0.9776094480569121,1.0224082716934706
NAJI:12_blend,SYN:rd86s0a,foreign,synth,0.9694997899300503,0.9671813486261908,0.0023184413038594975,0.9834383876201921,0.00015602233486827676,0.0023156305850464153,0.00010426737957100677,0.00016013798397007887,0.0001531212241296025,1.4963676608178738,0.9742993573431579,1.0189464965106259
NAJI:12_blend,SYN:rd86s0b,foreign,synth,0.9694997899300503,0.9672795553078654,0.0022202346221849023,0.9844507565291337,0.00015255864719918068,0.0022180626046314276,0.00010088832270587712,0.00015657399372557103,0.00014971339710758273,1.5121536676146325,0.9743549587588083,1.0190046458537934
NAJI:12_blend,STK:s0a,foreign,stackhalf,0.9694997899300503,0.9699188896278209,0.0004190996977706529,0.9860444842331405,7.314493440332592e-05,-0.0004221487903206384,9.288240230809565e-05,7.681531061239221e-05,7.344949712282398e-05,0.7875004584905163,0.9522181687504083,0.995853440371569
NAJI:12_blend,STK:s0b,foreign,stackhalf,0.9694997899300503,0.9698489422056923,0.00034915227564202844,0.990027207414674,7.420424251082656e-05,-0.0003517657302297813,7.845113479302959e-05,8.071571331349134e-05,7.717899602985591e-05,0.9458657635302892,0.9193283372547931,0.9614564366984173
NAJI:12_blend,STK:s1a,foreign,stackhalf,0.9694997899300503,0.9699951526153978,0.0004953626853475557,0.9868900754190658,7.413469019177707e-05,-0.0004981939945588021,8.987409690589337e-05,7.94643453246994e-05,7.59824591837556e-05,0.8248727135406219,0.9329302329095543,0.9756816374222649
NAJI:12_blend,STK:s1b,foreign,stackhalf,0.9694997899300503,0.9697817311143507,0.00028194118430047155,0.9850500882129352,6.903460911608814e-05,-0.0002852722690539314,9.63898079601356e-05,7.190994939938016e-05,6.875907393206732e-05,0.7162023721910423,0.9600147085722075,1.0040072555993562
NAJI:12_blend,STK:s2a,foreign,stackhalf,0.9694997899300503,0.9698956376462755,0.0003958477162252505,0.987764736894093,7.611918893664628e-05,-0.000398989619174769,8.695892308859489e-05,8.067025051014301e-05,7.713552526840084e-05,0.8753464996236793,0.9435843877424863,0.9868240174910573
NAJI:12_blend,STK:s2b,foreign,stackhalf,0.9694997899300503,0.9698705691099355,0.0003707791798852611,0.9872190294591209,7.22902438383164e-05,-0.0003726295748705044,8.891165640074709e-05,7.49663710323487e-05,7.16815724567383e-05,0.8130569912283062,0.9643022977212339,1.0084913229539636
NAJI:12_blend,STK:s3a,foreign,stackhalf,0.9694997899300503,0.9698157168164734,0.0003159268864231235,0.9850508223739529,7.130033778073054e-05,-0.00031804793803644156,9.616406550506007e-05,7.51698885299535e-05,7.187617243603405e-05,0.7414447112469342,0.9485225956177781,0.9919885180889956
BOLT:rankavg_top12,BOLT:rankavg_next12,foreign,foreign,0.969471849165358,0.968584989414142,0.0008868597512160514,0.995596121876745,8.528074208556044e-05,0.0008907932149269472,5.281496179146413e-05,8.706374525465121e-05,8.324887650134876e-05,1.6147080144123738,0.9795207159550087,1.0244071231901701
BOLT:rankavg_top12,OURS:stack_pub74_logit,foreign,ours,0.969471849165358,0.9696413515631959,0.0001695023978378618,0.9879120869796183,8.542742407931345e-05,-0.0001662653191753424,8.658413645536207e-05,9.268838699497628e-05,8.862706353241539e-05,0.9866405969568691,0.9216626467341978,0.9638977156009273
BOLT:rankavg_top12,OURS:blend160origm_logit,foreign,ours,0.969471849165358,0.9699635759958649,0.0004917268305069111,0.9889640048733128,8.245385447658802e-05,-0.0004908356927523838,8.242992112055138e-05,8.759817849960397e-05,8.375989250550935e-05,1.0002903479187082,0.9412736187997424,0.9844073578671865
BOLT:rankavg_top12,OURS:stack_pub149_hybrid,foreign,ours,0.969471849165358,0.9700183101166489,0.0005464609512908503,0.9954847435061676,8.02672328170799e-05,-0.0005457857746086963,5.269012176687594e-05,8.224564680540855e-05,7.864189248522163e-05,1.523382944002618,0.9759450613476294,1.0206676146834044
BOLT:rankavg_top12,OURS:blend159_hybrid,foreign,ours,0.969471849165358,0.9700244514017536,0.0005526022363956384,0.995332816236031,8.046839278564528e-05,-0.0005533298809081231,5.357313601157601e-05,8.306078445019299e-05,7.942131327539991e-05,1.5020287923458089,0.9687892224747501,1.0131838604407677
BOLT:rankavg_top12,OURS:w14a_repro159av_rescale,foreign,ours,0.969471849165358,0.9700271740621013,0.0005553248967432589,0.9955340791162058,8.148736053362074e-05,-0.0005557829457801492,5.245765116285108e-05,8.467740789230164e-05,8.096710119076757e-05,1.5533932367777767,0.9623270546644718,1.0064255646454154
BOLT:rankavg_top12,OURS:blend159_rankraw,foreign,ours,0.969471849165358,0.9700325394457389,0.00056069028038086,0.9959508957738832,7.974866486158706e-05,-0.0005616039187975391,4.990342096894929e-05,8.329220887528733e-05,7.96425973854244e-05,1.59806007911177,0.9574564768836183,1.0013317932820467
BOLT:rankavg_top12,OURS:blend156,foreign,ours,0.969471849165358,0.9700416046775031,0.0005697555121451092,0.9952841795370578,7.913787811994306e-05,-0.0005697482407080946,5.3859568458078556e-05,8.26710656735445e-05,7.904867079129159e-05,1.4693373969667025,0.9572621022262678,1.0011285114317356
BOLT:rankavg_top12,OURS:blend160orig_h3,foreign,ours,0.969471849165358,0.970046331122863,0.0005744819575049798,0.9962630533493195,7.931411570858931e-05,-0.0005750254571625568,4.7944824821504866e-05,8.26471950622024e-05,7.902584611760202e-05,1.6542789759660204,0.9596709924504452,1.0036477887317816
BOLT:rankavg_top12,OURS:w16h_h3av6,foreign,ours,0.969471849165358,0.9700487290113214,0.0005768798459634406,0.996277555767356,7.924817801516909e-05,-0.0005775113560860043,4.785033723870943e-05,8.244809875113855e-05,7.883547360188781e-05,1.656167596475366,0.9611886655430575,1.0052350089931013
BOLT:rankavg_top12,OURS:w16n_finegrid,foreign,ours,0.969471849165358,0.9700556964750705,0.0005838473097125041,0.99620842794034,8.184506960900703e-05,-0.0005845820462201344,4.8300162377056376e-05,8.45695685785301e-05,8.086398706803027e-05,1.6945092020619215,0.9677839320299578,1.0121325026943253
BOLT:rankavg_top12,SYN:iv16s0a,foreign,synth,0.969471849165358,0.9691870409336699,0.0002848082316880829,0.9952622136750839,8.148663114286106e-05,0.000288594775023633,5.434701032074509e-05,8.630497512047327e-05,8.25233533687482e-05,1.4993765188175652,0.9441707274593815,0.9874372261479167
BOLT:rankavg_top12,SYN:iv16s0b,foreign,synth,0.969471849165358,0.9692906053011139,0.0001812438642441183,0.9953993344436042,8.058223722453359e-05,0.0001863409457896327,5.365291735265951e-05,8.601378955678286e-05,8.22449266716226e-05,1.5019171594131262,0.936852540037623,0.9797836837556244
BOLT:rankavg_top12,SYN:rd16s0a,foreign,synth,0.969471849165358,0.9692899839659375,0.00018186519942053891,0.996030568814389,7.83931412222679e-05,0.00018646037140231385,4.9783936736172246e-05,8.202160439961832e-05,7.842766693684736e-05,1.5746673799163142,0.9557621043393378,0.9995597763400604
BOLT:rankavg_top12,SYN:rd16s0b,foreign,synth,0.969471849165358,0.9692475740203867,0.00022427514497125323,0.9952488571049055,8.091847627575778e-05,0.00022859630025159005,5.4443872334941065e-05,8.677919732102904e-05,8.29767965935118e-05,1.4862733454730002,0.9324639864599088,0.9751940252907405
BOLT:rankavg_top12,SYN:iv24s0a,foreign,synth,0.969471849165358,0.9691399966837544,0.0003318524816036117,0.9956234907229751,8.120227185275892e-05,0.0003383765176809068,5.228887252434591e-05,8.648267899613211e-05,8.269327080057088e-05,1.5529551113375186,0.9389426044074172,0.9819695250486855
BOLT:rankavg_top12,SYN:iv24s0b,foreign,synth,0.969471849165358,0.9691464441379899,0.0003254050273681086,0.9963410348536842,8.116825944239169e-05,0.0003332639551480608,4.791805326547211e-05,8.624833928142974e-05,8.246919914007018e-05,1.693897266500148,0.941099389491296,0.9842251445237281
BOLT:rankavg_top12,SYN:rd24s0a,foreign,synth,0.969471849165358,0.9692243444524757,0.0002475047128822627,0.9964232560943178,7.709123443937901e-05,0.0002536272640261837,4.724712593241142e-05,8.102563796873577e-05,7.747534072848682e-05,1.6316597659222822,0.9514424862550929,0.9950422123285148
BOLT:rankavg_top12,SYN:rd24s0b,foreign,synth,0.969471849165358,0.9690397111971055,0.0004321379682524773,0.9956108722753682,8.694427902489569e-05,0.0004404194727728751,5.252055931888233e-05,9.279907018177953e-05,8.873289691830992e-05,1.6554332275291908,0.9369089459041435,0.9798426744135168
BOLT:rankavg_top12,SYN:iv40s0a,foreign,synth,0.969471849165358,0.9690568461491886,0.0004150030161693685,0.9958129604892748,8.371146111089781e-05,0.00042122579550193413,5.120306295985219e-05,8.920627892014479e-05,8.529753085221507e-05,1.6348916699873037,0.938403239371011,0.9814054436808346
BOLT:rankavg_top12,SYN:iv40s0b,foreign,synth,0.969471849165358,0.9692238766636352,0.00024797250172281515,0.9967218983579703,7.352445213029132e-05,0.0002537350571136113,4.5183324295684095e-05,7.9715354007102e-05,7.62224694284445e-05,1.627247513908895,0.9223373971812366,0.964603386397944
BOLT:rankavg_top12,SYN:rd40s0a,foreign,synth,0.969471849165358,0.9691779605091455,0.00029388865621249316,0.9969019971884381,7.569554257186076e-05,0.0003016787854219353,4.393504830866993e-05,8.139383877849951e-05,7.782740809763184e-05,1.7228965367251767,0.9299910620735586,0.9726077794715104
BOLT:rankavg_top12,SYN:rd40s0b,foreign,synth,0.969471849165358,0.9690843874366427,0.00038746172871528817,0.9959229057934059,8.270637494474707e-05,0.0003917756207139846,5.0520244914524687e-05,8.877302032774438e-05,8.488325633477507e-05,1.637093705398265,0.9316611583046331,0.9743544076414494
BOLT:rankavg_top12,SYN:iv86s0a,foreign,synth,0.969471849165358,0.9673277004087414,0.002144148756616615,0.9942758462196092,0.00014239604459126873,0.002145628167387431,6.113181822721928e-05,0.0001457059356273061,0.00013932154429002196,2.329327815214011,0.9772837597741827,1.022067658788268
BOLT:rankavg_top12,SYN:iv86s0b,foreign,synth,0.969471849165358,0.9671389428213523,0.0023329063440057363,0.9939797940685535,0.00014864007331477644,0.0023344284164388113,6.283314117927224e-05,0.0001513266177101383,0.00014469594516375469,2.3656317434565994,0.9822467161692079,1.0272580420035828
BOLT:rankavg_top12,SYN:rd86s0a,foreign,synth,0.969471849165358,0.9671813486261908,0.0022905005391672395,0.9941708205890435,0.00014709569267045097,0.0022917222658269125,6.180549469850998e-05,0.00015025040775216736,0.00014366689145582388,2.379977595648906,0.9790036171687468,1.023866328420431
BOLT:rankavg_top12,SYN:rd86s0b,foreign,synth,0.969471849165358,0.9672795553078654,0.0021922938574926443,0.9942543267460447,0.00014419201661041282,0.0021941542854119244,6.127487453001723e-05,0.00014702662662052803,0.00014058436661715248,2.3531997040610224,0.9807204308820111,1.0256618148950012
BOLT:rankavg_top12,STK:s0a,foreign,stackhalf,0.969471849165358,0.9699188896278209,0.00044704046246291096,0.9963853365541447,7.143356681081705e-05,-0.0004460571095401416,4.722905508481613e-05,7.52077310544268e-05,7.191235681607839e-05,1.5124919751736159,0.9498168048590849,0.9933420342975842
BOLT:rankavg_top12,STK:s0b,foreign,stackhalf,0.969471849165358,0.9698489422056923,0.0003770930403342865,0.9958931168105496,6.988575770049643e-05,-0.00037567404944928445,5.0299250452644234e-05,7.59397133879378e-05,7.261226590803617e-05,1.3893995849161314,0.9202794504041021,0.9624511344819776
BOLT:rankavg_top12,STK:s1a,foreign,stackhalf,0.969471849165358,0.9699951526153978,0.0005233034500398137,0.9958809353188661,7.554338778759672e-05,-0.0005221023137783053,5.0332434077094424e-05,7.832543167134531e-05,7.489344926583332e-05,1.500888823931832,0.9644809632786693,1.008678175836934
BOLT:rankavg_top12,STK:s1b,foreign,stackhalf,0.969471849165358,0.9697817311143507,0.0003098819489927296,0.9961054933244883,7.341107159864831e-05,-0.00030918058827343457,4.915343532082905e-05,7.594962222241278e-05,7.262174056749479e-05,1.493508462216067,0.966575862400862,1.0108690734342827
BOLT:rankavg_top12,STK:s2a,foreign,stackhalf,0.969471849165358,0.9698956376462755,0.00042378848091750854,0.9964551251062722,7.502755889829602e-05,-0.00042289793839427216,4.676519344204172e-05,7.78127545168156e-05,7.440323606632446e-05,1.6043461680807793,0.964206438445542,1.0083910709396433
BOLT:rankavg_top12,STK:s2b,foreign,stackhalf,0.969471849165358,0.9698705691099355,0.00039871994457751914,0.9964011730610223,7.1681691327949e-05,-0.00039653789409000757,4.7138113550611623e-05,7.487279970982752e-05,7.159210114523143e-05,1.5206737378445412,0.9573796038849116,1.0012513975883433
BOLT:rankavg_top12,STK:s3a,foreign,stackhalf,0.969471849165358,0.9698157168164734,0.00034386765111538153,0.9967285114366283,7.113324749469131e-05,-0.0003419562572559447,4.4946080436226405e-05,7.251593407690566e-05,6.933850620245123e-05,1.5826351664995937,0.9809326515638899,1.025883760561554
BOLT:rankavg_next12,OURS:stack_pub74_logit,foreign,ours,0.968584989414142,0.9696413515631959,0.0010563621490539132,0.9880513498783701,0.00011917038050387668,-0.0010570585341022896,8.701200695103004e-05,0.00012483842174807163,0.00011936838145810526,1.3695854707838795,0.9545969809228023,0.9983412612970876
BOLT:rankavg_next12,OURS:blend160origm_logit,foreign,ours,0.968584989414142,0.9699635759958649,0.0013785865817229626,0.9895882880216438,0.00012206577057895266,-0.001381628907679331,8.093087289595564e-05,0.00012437903533377425,0.00011892912396052824,1.5082720130286973,0.981401489820098,1.0263740832688337
BOLT:rankavg_next12,OURS:stack_pub149_hybrid,foreign,ours,0.968584989414142,0.9700183101166489,0.0014333207025069017,0.9928937585501945,0.00012539875355992107,-0.0014365789895356437,6.681671256452639e-05,0.00012584399272165615,0.00012032989136729224,1.876757307370079,0.9964619752432691,1.0421247134442826
BOLT:rankavg_next12,OURS:blend159_hybrid,foreign,ours,0.968584989414142,0.9700244514017536,0.0014394619876116899,0.9927470883299724,0.000125225729534438,-0.0014441230958350704,6.750759084368676e-05,0.00012620564646454357,0.00012067569854213667,1.8549873868910103,0.9922355539743551,1.037704616979802
BOLT:rankavg_next12,OURS:w14a_repro159av_rescale,foreign,ours,0.968584989414142,0.9700271740621013,0.0014421846479593103,0.9906343272555225,0.00012491095174548515,-0.0014465761607070965,7.678828547225082e-05,0.00012619168048589826,0.00012066234451023667,1.6266928083792749,0.9898509257069745,1.0352107134375137
BOLT:rankavg_next12,OURS:blend159_rankraw,foreign,ours,0.968584989414142,0.9700325394457389,0.0014475500315969114,0.9933219056960475,0.00012691232523968847,-0.0014523971337244864,6.478188430465494e-05,0.0001286143444885853,0.0001229788547381628,1.9590712218688755,0.986766489728151,1.0319849335879776
BOLT:rankavg_next12,OURS:blend156,foreign,ours,0.968584989414142,0.9700416046775031,0.0014566152633611607,0.9929413806638557,0.00012359681716294412,-0.001460541455635042,6.660705364167062e-05,0.0001250507998892042,0.00011957145383445454,1.8556115366979637,0.9883728634479083,1.0336649191709475
BOLT:rankavg_next12,OURS:blend160orig_h3,foreign,ours,0.968584989414142,0.970046331122863,0.0014613417087210312,0.9929152756326742,0.00012471303446590136,-0.001465818672089504,6.672996253511588e-05,0.00012634155046875766,0.00012080564764586251,1.8689210922345798,0.9871102104033542,1.0323444052176536
BOLT:rankavg_next12,OURS:w16h_h3av6,foreign,ours,0.968584989414142,0.9700487290113214,0.001463739597179492,0.9929193484131129,0.00012474735504212954,-0.0014683045710129515,6.670889739057023e-05,0.00012618549945892638,0.00012065643431708417,1.870025737522735,0.9886029343865699,1.033905533079939
BOLT:rankavg_next12,OURS:w16n_finegrid,foreign,ours,0.968584989414142,0.9700556964750705,0.0014707070609285555,0.9928440478292949,0.00012635635043542956,-0.0014753752611470817,6.707306720703211e-05,0.00012791712218760242,0.00012231218259973434,1.8838612232449397,0.9877985704690585,1.0330643092923109
BOLT:rankavg_next12,SYN:iv16s0a,foreign,synth,0.968584989414142,0.9691870409336699,0.0006020515195279685,0.9959756407542064,9.288228136103845e-05,-0.0006021984399033143,5.062690806299732e-05,9.674110972731483e-05,9.250220826977822e-05,1.8346425826649513,0.9601118037910327,1.00410880019374
BOLT:rankavg_next12,SYN:iv16s0b,foreign,synth,0.968584989414142,0.9692906053011139,0.0007056158869719331,0.9946291471509897,9.638441053208479e-05,-0.0007044522691373145,5.8592401119062076e-05,9.936419954742559e-05,9.501036226484978e-05,1.644998475761863,0.9700114424620452,1.0144620884973024
BOLT:rankavg_next12,SYN:rd16s0a,foreign,synth,0.968584989414142,0.9692899839659375,0.0007049945517955125,0.9955268659773836,9.447086657462192e-05,-0.0007043328435246334,5.3416149314282216e-05,9.650852985645903e-05,9.227981934211445e-05,1.768582494009216,0.9788861846215272,1.0237435145422693
BOLT:rankavg_next12,SYN:rd16s0b,foreign,synth,0.968584989414142,0.9692475740203867,0.0006625846062447982,0.9956894842691387,9.249955632879569e-05,-0.0006621969146753571,5.2415286576770885e-05,9.672812696788766e-05,9.248979437541797e-05,1.7647438823655908,0.9562839602952738,1.0001055462761448
BOLT:rankavg_next12,SYN:iv24s0a,foreign,synth,0.968584989414142,0.9691399966837544,0.0005550072696124397,0.9967835965913918,8.66371075454015e-05,-0.0005524166972460404,4.5307578749571554e-05,8.93983411289867e-05,8.548117747869192e-05,1.9121990169518996,0.9691131451801639,1.0135226268613078
BOLT:rankavg_next12,SYN:iv24s0b,foreign,synth,0.968584989414142,0.9691464441379899,0.0005614547238479428,0.9957210758543693,9.047154976930814e-05,-0.0005575292597788864,5.237417834120149e-05,9.219124884701931e-05,8.815170846743019e-05,1.7274075247522571,0.9813463956805184,1.0263164644475957
BOLT:rankavg_next12,SYN:rd24s0a,foreign,synth,0.968584989414142,0.9692243444524757,0.0006393550383337887,0.9960047838824218,9.027086976971024e-05,-0.0006371659509007635,5.047125813084134e-05,9.300038550348487e-05,8.892539121436229e-05,1.788559927230121,0.9706504901135882,1.0151304204229425
BOLT:rankavg_next12,SYN:rd24s0b,foreign,synth,0.968584989414142,0.9690397111971055,0.00045472178296357413,0.9965584718593885,8.865213395660436e-05,-0.0004503737421540721,4.700482070587107e-05,8.998649592398153e-05,8.604356111781736e-05,1.8860221701799067,0.9851715309761099,1.0303168860621092
BOLT:rankavg_next12,SYN:iv40s0a,foreign,synth,0.968584989414142,0.9690568461491886,0.0004718567350466829,0.9974230830764236,8.55472218690375e-05,-0.00046956741942501306,4.060014524125397e-05,8.97278294057927e-05,8.579622858043625e-05,2.1070668925123113,0.9534079051678775,0.9970976963029873
BOLT:rankavg_next12,SYN:iv40s0b,foreign,synth,0.968584989414142,0.9692238766636352,0.0006388872494932363,0.9959266120155925,8.538044905043324e-05,-0.0006370581578133359,5.090873705186227e-05,8.933529315001683e-05,8.542089207057433e-05,1.6771276208139596,0.955730328293182,0.999526544160793
BOLT:rankavg_next12,SYN:rd40s0a,foreign,synth,0.968584989414142,0.9691779605091455,0.0005929710950035583,0.9966252353592007,8.600610489709697e-05,-0.000589114429505012,4.63487805662276e-05,8.909728670720282e-05,8.519331434684564e-05,1.855628213868608,0.9653055449346701,1.0095405438382434
BOLT:rankavg_next12,SYN:rd40s0b,foreign,synth,0.968584989414142,0.9690843874366427,0.0004993980225007633,0.9970603828451462,8.578844784402518e-05,-0.0004990175942129626,4.335817390603725e-05,9.102894349515656e-05,8.704033180414669e-05,1.9785991916988894,0.9424304462963451,0.985617196830793
BOLT:rankavg_next12,SYN:iv86s0a,foreign,synth,0.968584989414142,0.9673277004087414,0.0012572890054005637,0.9951883357102712,0.00014530343770310778,0.0012548349524604838,5.663683874889113e-05,0.00015081470697026543,0.00014420646479694135,2.5655287426499,0.963456685505849,1.0076069606706681
BOLT:rankavg_next12,SYN:iv86s0b,foreign,synth,0.968584989414142,0.9671389428213523,0.0014460465927896848,0.9933699029753942,0.00015314173550499385,0.0014436352015118642,6.663043186196828e-05,0.00015745674791255046,0.00015055747168854586,2.298375250249654,0.972595570118385,1.017164633461659
BOLT:rankavg_next12,SYN:rd86s0a,foreign,synth,0.968584989414142,0.9671813486261908,0.001403640787951188,0.9940836617971838,0.00015080215334878832,0.0014009290508999652,6.291889944801715e-05,0.00015606978233442264,0.00014923127872742904,2.396770361080128,0.9662482454524928,1.0105264434825925
BOLT:rankavg_next12,SYN:rd86s0b,foreign,synth,0.968584989414142,0.9672795553078654,0.0013054341062765928,0.994653988632861,0.00014790801502176943,0.0013033610704849769,5.972614760752541e-05,0.000152452988660199,0.00014577296196152794,2.4764365516039617,0.9701877039054981,1.0146464270980853
BOLT:rankavg_next12,STK:s0a,foreign,stackhalf,0.968584989414142,0.9699188896278209,0.0013339002136789624,0.9921225119523184,0.00011842715631737628,-0.0013368503244670887,7.047545827024519e-05,0.00012096808968772113,0.00011566763558772109,1.6804027845162142,0.9789950111892792,1.0238573280730927
BOLT:rankavg_next12,STK:s0b,foreign,stackhalf,0.968584989414142,0.9698489422056923,0.001263952791550338,0.993954238840923,0.00011177694351742431,-0.0012664672643762317,6.168839882721158e-05,0.00011516690634917635,0.0001101206424748054,1.8119605248712989,0.9705647834155243,1.0150407862267772
BOLT:rankavg_next12,STK:s1a,foreign,stackhalf,0.968584989414142,0.9699951526153978,0.0014101632012558651,0.9932286519824908,0.00012143600739240144,-0.0014128955287052525,6.523229840981373e-05,0.00012330393478846997,0.00011790113105417223,1.8615932651873608,0.984851031726822,1.0299816999771192
BOLT:rankavg_next12,STK:s1b,foreign,stackhalf,0.968584989414142,0.9697817311143507,0.001196741700208781,0.9930967823113014,0.00011298558542099944,-0.0011999738032003819,6.614695214326423e-05,0.00011592238650842091,0.00011084301978917678,1.7080996442026515,0.9746657985926805,1.0193297298819342
BOLT:rankavg_next12,STK:s2a,foreign,stackhalf,0.968584989414142,0.9698956376462755,0.00131064823213356,0.9930337465871225,0.00011909632307106277,-0.0013136911533212193,6.626606611733774e-05,0.00012067307776180157,0.0001153855501879319,1.7972445030942106,0.986933666398638,1.032159771107275
BOLT:rankavg_next12,STK:s2b,foreign,stackhalf,0.968584989414142,0.9698705691099355,0.0012855796957935706,0.9937989746957836,0.00011530152413367216,-0.0012873311090169548,6.254476042333136e-05,0.00011872134349992843,0.00011351933499060844,1.843504129734594,0.9711945698604874,1.015699432552271
BOLT:rankavg_next12,STK:s3a,foreign,stackhalf,0.968584989414142,0.9698157168164734,0.001230727402331433,0.9928286218924353,0.00011496405919346074,-0.001232749472182892,6.726476104534207e-05,0.00011699257696844842,0.0001118663177552724,1.709127593807482,0.9826611411804806,1.027691457986176
OURS:stack_pub74_logit,OURS:blend160origm_logit,ours,ours,0.9696413515631959,0.9699635759958649,0.0003222244326690493,0.9981588918800967,5.8595531508150755e-05,-0.0003245703735770414,3.36744390059566e-05,6.088571164708343e-05,5.8217884778325646e-05,1.7400596190417879,0.9623855897060476,1.0064867820475283
OURS:stack_pub74_logit,OURS:stack_pub149_hybrid,ours,ours,0.9696413515631959,0.9700183101166489,0.00037695855345298845,0.9937415551530666,6.535007214439651e-05,-0.0003795204554333539,6.204443686330182e-05,6.664503142874055e-05,6.372484866820418e-05,1.0532785121150792,0.9805693049191723,1.0255037636049067
OURS:stack_pub74_logit,OURS:blend159_hybrid,ours,ours,0.9696413515631959,0.9700244514017536,0.00038309983855777663,0.9932602430821365,6.588391808181467e-05,-0.00038706456173278074,6.439073355908129e-05,6.801295040686296e-05,6.503282959345022e-05,1.023189431773802,0.968696662733904,1.0130870591620416
OURS:stack_pub74_logit,OURS:w14a_repro159av_rescale,ours,ours,0.9696413515631959,0.9700271740621013,0.0003858224989053971,0.9895370019770856,6.362813567702992e-05,-0.0003895176266048068,8.030876653678896e-05,6.652802005416243e-05,6.361296437649338e-05,0.7922937734061979,0.9564110825067148,1.000238493846109
OURS:stack_pub74_logit,OURS:blend159_rankraw,ours,ours,0.9696413515631959,0.9700325394457389,0.0003911878825429982,0.9934432750870418,6.62975422995144e-05,-0.00039533859962219664,6.351494894728863e-05,6.933955761780539e-05,6.630130890761853e-05,1.043810054142294,0.9561287175343928,0.9999431895362823
OURS:stack_pub74_logit,OURS:blend156,ours,ours,0.9696413515631959,0.9700416046775031,0.0004002531143072474,0.9951676758222444,6.124258029169297e-05,-0.00040348292153275227,5.4531054227509436e-05,6.36452165305368e-05,6.085647654319354e-05,1.1230771375917716,0.9622495394026815,1.0063444972570075
OURS:stack_pub74_logit,OURS:blend160orig_h3,ours,ours,0.9696413515631959,0.970046331122863,0.00040497955966711796,0.9929104921405986,6.392587365389353e-05,-0.0004087601379872144,6.605002048680638e-05,6.657147880341717e-05,6.365451889541546e-05,0.9678403304456635,0.960259180101196,1.0042629300038213
OURS:stack_pub74_logit,OURS:w16h_h3av6,ours,ours,0.9696413515631959,0.9700487290113214,0.00040737744812557874,0.9928255087416251,6.374325871470664e-05,-0.00041124603691066185,6.6442824454294e-05,6.635409276004851e-05,6.344665804788836e-05,0.9593700935840801,0.9606530066685828,1.0046748036215623
OURS:stack_pub74_logit,OURS:w16n_finegrid,ours,ours,0.9696413515631959,0.9700556964750705,0.0004143449118746423,0.992636994557686,6.511389404808803e-05,-0.000418316727044792,6.732062033492965e-05,6.739011622852654e-05,6.443728611617972e-05,0.9672206483561375,0.9662232044129496,1.0105002549407247
OURS:stack_pub74_logit,SYN:iv16s0a,ours,synth,0.9696413515631959,0.9691870409336699,0.0004543106295259447,0.9921732802474921,6.489112790290601e-05,0.0004548600941989754,6.986487656222914e-05,7.151889627758725e-05,6.838515556976409e-05,0.9288090253062571,0.9073284303919233,0.9489066356909345
OURS:stack_pub74_logit,SYN:iv16s0b,ours,synth,0.9696413515631959,0.9692906053011139,0.0003507462620819801,0.994615372037196,6.106924440770324e-05,0.00035260626496497514,5.805528932375019e-05,6.394915462913204e-05,6.114709699789605e-05,1.0519152538736907,0.9549656248291224,0.9987267982616496
OURS:stack_pub74_logit,SYN:rd16s0a,ours,synth,0.9696413515631959,0.9692899839659375,0.0003513675972584007,0.993276327800891,5.9354564453911984e-05,0.0003527256905776563,6.480512933378054e-05,6.385675112171721e-05,6.105874233138625e-05,0.9158930020524259,0.9294955257084154,0.9720895352179854
OURS:stack_pub74_logit,SYN:rd16s0b,ours,synth,0.9696413515631959,0.9692475740203867,0.00039377754280911503,0.9940261591754088,6.284081079306386e-05,0.0003948616194269324,6.106014551098183e-05,6.73114163518455e-05,6.436203462894669e-05,1.0291624801608403,0.9335832493047954,0.976364578207435
OURS:stack_pub74_logit,SYN:iv24s0a,ours,synth,0.9696413515631959,0.9691399966837544,0.0005013548794414735,0.9919659076389689,6.918435634170813e-05,0.0005046418368562491,7.085895719763557e-05,7.505847647589955e-05,7.176964211963689e-05,0.9763671253126581,0.9217394169187869,0.9639780037690698
OURS:stack_pub74_logit,SYN:iv24s0b,ours,synth,0.9696413515631959,0.9691464441379899,0.0004949074252059704,0.993025901779224,7.023911404763901e-05,0.0004995292743234032,6.616752249757612e-05,7.415314860903619e-05,7.090398296884691e-05,1.0615345927484596,0.9472168797304418,0.9906229679438456
OURS:stack_pub74_logit,SYN:rd24s0a,ours,synth,0.9696413515631959,0.9692243444524757,0.00041700711072012453,0.9922608758210624,6.436234003396068e-05,0.0004198925832015261,6.951178096479285e-05,6.846535299274563e-05,6.546540927275165e-05,0.9259198820781139,0.9400716891181486,0.983150349916928
OURS:stack_pub74_logit,SYN:rd24s0b,ours,synth,0.9696413515631959,0.9690397111971055,0.0006016403660903391,0.992748183399836,7.67229762639395e-05,0.0006066847919482175,6.752185947403963e-05,8.187677502259824e-05,7.828918354303003e-05,1.1362687115190815,0.9370542042326866,0.9799945891857501
OURS:stack_pub74_logit,SYN:iv40s0a,ours,synth,0.9696413515631959,0.9690568461491886,0.0005845054140072303,0.9917318484454711,7.763439103937762e-05,0.0005874911146772766,7.196602728688389e-05,8.1138274651667e-05,7.758304201424517e-05,1.0787644388080153,0.9568158969693177,1.0006618588779108
OURS:stack_pub74_logit,SYN:iv40s0b,ours,synth,0.9696413515631959,0.9692238766636352,0.00041747489956067696,0.9921797243810755,6.93982971933807e-05,0.0004200003762889537,6.980059504279445e-05,7.304324581688334e-05,6.984271274434438e-05,0.9942364696294195,0.9500987588552625,0.993636908798339
OURS:stack_pub74_logit,SYN:rd40s0a,ours,synth,0.9696413515631959,0.9691779605091455,0.00046339105405035497,0.9920265589605253,7.214535631462672e-05,0.00046794410459727765,7.049757873305433e-05,7.619063873875092e-05,7.285219647247261e-05,1.0233735343991297,0.9469057814570236,0.9902976136332009
OURS:stack_pub74_logit,SYN:rd40s0b,ours,synth,0.9696413515631959,0.9690843874366427,0.00055696412655315,0.9921101862297843,7.611256251215532e-05,0.000558040939889327,7.029175119837776e-05,7.942803952886222e-05,7.594774419756827e-05,1.082809308553859,0.958258103355275,1.002170154180726
OURS:stack_pub74_logit,SYN:iv86s0a,ours,synth,0.9696413515631959,0.9673277004087414,0.002313651154454477,0.9883066503402027,0.00015650732015920992,0.0023118934865627733,8.738972372082288e-05,0.00016082415384360542,0.00015377732812436035,1.7909121747448433,0.9731580513173821,1.0177528902871937
OURS:stack_pub74_logit,SYN:iv86s0b,ours,synth,0.9696413515631959,0.9671389428213523,0.002502408741843598,0.9879179171032871,0.00016455455258955603,0.002500693735614154,8.902932035424341e-05,0.0001678036178950256,0.00016045097326979754,1.8483186430582794,0.9806376921652422,1.025575284687481
OURS:stack_pub74_logit,SYN:rd86s0a,ours,synth,0.9696413515631959,0.9671813486261908,0.0024600029370051013,0.9883869626639034,0.00016168392365540938,0.002457987585002255,8.72519959248356e-05,0.00016560586149380127,0.00015834951587567287,1.8530684821776933,0.9763176387416777,1.0210572653872494
OURS:stack_pub74_logit,SYN:rd86s0b,ours,synth,0.9696413515631959,0.9672795553078654,0.002361796255330506,0.9879565618179638,0.00015967357380851051,0.0023604196045872664,8.872916754487573e-05,0.0001632740132314004,0.00015611984211825862,1.7995612742309781,0.9779484845651025,1.0227628445048003
OURS:stack_pub74_logit,STK:s0a,ours,stackhalf,0.9696413515631959,0.9699188896278209,0.00027753806462504915,0.9915127072969062,6.279726131251766e-05,-0.0002797917903647992,7.238380491428898e-05,6.562154384443329e-05,6.274620719973247e-05,0.8675595512957225,0.9569610471431295,1.0008136605392368
OURS:stack_pub74_logit,STK:s0b,ours,stackhalf,0.9696413515631959,0.9698489422056923,0.00020759064249642467,0.9932468924174215,6.689119413832488e-05,-0.00020940873027394208,6.451173721942444e-05,7.168558847784965e-05,6.854454382434462e-05,1.036884093057472,0.9331191325714483,0.9758791933861768
OURS:stack_pub74_logit,STK:s1a,ours,stackhalf,0.9696413515631959,0.9699951526153978,0.0003538010522019519,0.9931785816474905,6.288870817498298e-05,-0.00035583699460296287,6.478397651291935e-05,6.668785910341434e-05,6.376579976431578e-05,0.970744797711539,0.9430308458014834,0.9862451095638319
OURS:stack_pub74_logit,STK:s1b,ours,stackhalf,0.9696413515631959,0.9697817311143507,0.00014037955115486778,0.9896249346925771,6.2316520348713e-05,-0.0001429152690980922,8.024248109648395e-05,6.440706867816581e-05,6.158494664478116e-05,0.776602611200211,0.9675416321165147,1.0118790994194007
OURS:stack_pub74_logit,STK:s2a,ours,stackhalf,0.9696413515631959,0.9698956376462755,0.00025428608307964673,0.9920929832448441,6.745212793742242e-05,-0.00025663261921892973,6.985702937777862e-05,7.144785158241944e-05,6.831722383725245e-05,0.9655739520879026,0.9440749643761126,0.9873370747340248
OURS:stack_pub74_logit,STK:s2b,ours,stackhalf,0.9696413515631959,0.9698705691099355,0.00022921754673965733,0.9922016581524756,6.199925047308356e-05,-0.00023027257491466517,6.940237376011902e-05,6.332508086238888e-05,6.0550368247216006e-05,0.8933304023199052,0.9790631078357962,1.0239285452394282
OURS:stack_pub74_logit,STK:s3a,ours,stackhalf,0.9696413515631959,0.9698157168164734,0.00017436525327751973,0.9891643934416958,6.402459560964893e-05,-0.00017569093808060234,8.181392032286394e-05,6.75973002857862e-05,6.463539199762797e-05,0.7825635950091057,0.9471472283503531,0.990550124798478
OURS:blend160origm_logit,OURS:stack_pub149_hybrid,ours,ours,0.9699635759958649,0.9700183101166489,5.473412078393913e-05,0.9956578770316794,3.430320609624926e-05,-5.495008185631248e-05,5.149091340187088e-05,3.564088705283464e-05,3.4079211685433915e-05,0.6661992151609973,0.9624677984416499,1.0065727579875647
OURS:blend160origm_logit,OURS:blend159_hybrid,ours,ours,0.9699635759958649,0.9700244514017536,6.087540588872731e-05,0.9956458441414162,3.2103951039065006e-05,-6.249418815573932e-05,5.1565978323705086e-05,3.249629233115582e-05,3.107240354886517e-05,0.6225800825019292,0.9879265828823599,1.033198187857518
OURS:blend160origm_logit,OURS:w14a_repro159av_rescale,ours,ours,0.9699635759958649,0.9700271740621013,6.359806623634778e-05,0.9915524610595846,2.6109955270634656e-05,-6.494725302776537e-05,7.189713671445792e-05,2.8355768669259966e-05,2.7113305051874365e-05,0.36315709447973277,0.9207987120779427,0.9629941912533327
OURS:blend160origm_logit,OURS:blend159_rankraw,ours,ours,0.9699635759958649,0.9700325394457389,6.896344987394887e-05,0.9952252768606857,3.506494445195985e-05,-7.076822604515523e-05,5.4002852886419044e-05,3.743916250477166e-05,3.579869217155181e-05,0.6493165189940954,0.9365846377437205,0.9795035048745426
OURS:blend160origm_logit,OURS:blend156,ours,ours,0.9699635759958649,0.9700416046775031,7.80286816381981e-05,0.9971353871150914,2.1508708390826238e-05,-7.891254795571084e-05,4.1832044498930225e-05,2.2847241653742217e-05,2.184614495121603e-05,0.5141682327139493,0.941413791511382,0.9845539539747946
OURS:blend160origm_logit,OURS:blend160orig_h3,ours,ours,0.9699635759958649,0.970046331122863,8.275512699806864e-05,0.9949011754311894,2.78076324319713e-05,-8.418976441017301e-05,5.580976593119409e-05,3.0002239671165613e-05,2.8687632697667578e-05,0.4982574638684985,0.9268518862842265,0.9693247513668904
OURS:blend160origm_logit,OURS:w16h_h3av6,ours,ours,0.9699635759958649,0.9700487290113214,8.515301545652942e-05,0.9948664353407908,2.779995378206446e-05,-8.667566333362043e-05,5.599796657112166e-05,2.9687597797872322e-05,2.8386777475148344e-05,0.49644577266491297,0.9364164110326518,0.9793275691966927
OURS:blend160origm_logit,OURS:w16n_finegrid,ours,ours,0.9699635759958649,0.9700556964750705,9.212047920559296e-05,0.9947350060535176,2.921004743126387e-05,-9.374635346775057e-05,5.6719180088494807e-05,3.080944214284254e-05,2.945946600991101e-05,0.5149941763207712,0.9480875147247602,0.9915334996716089
OURS:blend160origm_logit,SYN:iv16s0a,ours,synth,0.9699635759958649,0.9691870409336699,0.000776535062194994,0.9918152543811639,8.741984632308636e-05,0.0007794304677760168,7.118565170568816e-05,9.322458733054005e-05,8.913976919864613e-05,1.228054309097531,0.9377337977708368,0.9807053250078878
OURS:blend160origm_logit,SYN:iv16s0b,ours,synth,0.9699635759958649,0.9692906053011139,0.0006729706947510294,0.994019325388964,8.600721556237155e-05,0.0006771766385420165,6.09625031391247e-05,8.741031861394552e-05,8.358026406918382e-05,1.4108215892331621,0.9839480844616196,1.029037375272933
OURS:blend160origm_logit,SYN:rd16s0a,ours,synth,0.9699635759958649,0.9692899839659375,0.00067359202992745,0.9929023694272164,8.521238760511558e-05,0.0006772960641546977,6.63414419220479e-05,8.748289402751963e-05,8.364965944867266e-05,1.2844518469351525,0.974046281302836,1.0186818232942336
OURS:blend160origm_logit,SYN:rd16s0b,ours,synth,0.9699635759958649,0.9692475740203867,0.0007160019754781644,0.9934571443060742,8.551602808391544e-05,0.0007194319930039738,6.367018923213356e-05,8.987976814907436e-05,8.594150982968907e-05,1.3431093752860492,0.9514491397227324,0.9950491706904288
OURS:blend160origm_logit,SYN:iv24s0a,ours,synth,0.9699635759958649,0.9691399966837544,0.0008235793121105228,0.9918052006923975,9.181080090437814e-05,0.0008292122104332905,7.130468091128911e-05,9.625305188343414e-05,9.203553563753734e-05,1.2875844857731136,0.9538482064502669,0.997558174333398
OURS:blend160origm_logit,SYN:iv24s0b,ours,synth,0.9699635759958649,0.9691464441379899,0.0008171318578750197,0.9926579161196689,9.392685535736791e-05,0.0008240996479004446,6.764513845164036e-05,9.53469659744736e-05,9.116915165975137e-05,1.3885233663098553,0.9851058646429726,1.0302482105779425
OURS:blend160origm_logit,SYN:rd24s0a,ours,synth,0.9699635759958649,0.9692243444524757,0.0007392315433891739,0.9920245236594298,8.872193951282899e-05,0.0007444629567785675,7.030926831205758e-05,9.08147754041927e-05,8.683554790812854e-05,1.261881138046401,0.9769548965787885,1.0217237254804477
OURS:blend160origm_logit,SYN:rd24s0b,ours,synth,0.9699635759958649,0.9690397111971055,0.0009238647987593884,0.9924605955823279,9.846074542377471e-05,0.000931255165525259,6.859883568536703e-05,0.00010182238576918678,9.736083823615291e-05,1.4353121950257473,0.9669852526041541,1.0112972238894855
OURS:blend160origm_logit,SYN:iv40s0a,ours,synth,0.9699635759958649,0.9690568461491886,0.0009067298466762796,0.9920136704970048,9.860563826567207e-05,0.000912061488254318,7.047275788585047e-05,0.00010109701065243813,9.666724685279655e-05,1.3992022055584987,0.9753566166725626,1.0200522046089435
OURS:blend160origm_logit,SYN:iv40s0b,ours,synth,0.9699635759958649,0.9692238766636352,0.0007396993322297263,0.9920115534758006,9.1673114214824e-05,0.0007445707498659951,7.029093565969853e-05,9.353769508098898e-05,8.943915751892224e-05,1.3041953895541185,0.9800659951632276,1.0249773897459749
OURS:blend160origm_logit,SYN:rd40s0a,ours,synth,0.9699635759958649,0.9691779605091455,0.0007856154867194043,0.991874954761234,9.380203282477853e-05,0.0007925144781743191,7.090627010879778e-05,9.616113795720174e-05,9.194764910025025e-05,1.322901806580007,0.9754671670641714,1.020167820957624
OURS:blend160origm_logit,SYN:rd40s0b,ours,synth,0.9699635759958649,0.9690843874366427,0.0008791885592221993,0.9924003288203693,9.738467214172723e-05,0.0008826113134663684,6.873731092760917e-05,9.959288619897326e-05,9.522902856224504e-05,1.416765812155324,0.9778275924965734,1.0226364125732228
OURS:blend160origm_logit,SYN:iv86s0a,ours,synth,0.9699635759958649,0.9673277004087414,0.002635875587123526,0.9886659390079741,0.00016846684982656856,0.0026364638601398148,8.57315402176975e-05,0.00017170564695794983,0.00016418202727642149,1.9650510115504964,0.9811375036944798,1.0260980000139297
OURS:blend160origm_logit,SYN:iv86s0b,ours,synth,0.9699635759958649,0.9671389428213523,0.0028246331745126474,0.9881878542756236,0.0001764329274717573,0.0028252641091911952,8.771764408497112e-05,0.00017806518118059555,0.00017026290603437786,2.011373302511963,0.9908333920308496,1.0362382011507172
OURS:blend160origm_logit,SYN:rd86s0a,ours,synth,0.9699635759958649,0.9671813486261908,0.0027822273696741506,0.9886871878735348,0.00017378421259188863,0.002782557958579296,8.581191380059153e-05,0.00017618687874180618,0.00016846690510079058,2.025175816445789,0.9863629677358747,1.0315629202537842
OURS:blend160origm_logit,SYN:rd86s0b,ours,synth,0.9699635759958649,0.9672795553078654,0.0026840206879995554,0.9882895543599227,0.00017137245284197533,0.0026849899781643083,8.718374940419267e-05,0.00017380990431777388,0.0001661940824730211,1.9656467405121032,0.985976337278558,1.0311585725069052
OURS:blend160origm_logit,STK:s0a,ours,stackhalf,0.9699635759958649,0.9699188896278209,4.468636804400017e-05,0.9930686222870639,3.924765780154998e-05,4.477858321224223e-05,6.517475243876637e-05,4.519800059204746e-05,4.321756155090552e-05,0.6021911297388406,0.86834942447555,0.9081414219846848
OURS:blend160origm_logit,STK:s0b,ours,stackhalf,0.9699635759958649,0.9698489422056923,0.00011463379017262465,0.9942274966267001,5.4329823881044545e-05,0.00011516164330309934,5.942653857075846e-05,5.6382444744720445e-05,5.391193734738395e-05,0.9142350402313048,0.9635946814124603,1.0077512802214457
OURS:blend160origm_logit,STK:s1a,ours,stackhalf,0.9699635759958649,0.9699951526153978,3.157661953290258e-05,0.9951430826101032,3.937723712423246e-05,-3.126662102592143e-05,5.4465405866213394e-05,4.122651883439403e-05,3.942009805558699e-05,0.7229770254711239,0.9551433940471644,0.9989127137305926
OURS:blend160origm_logit,STK:s1b,ours,stackhalf,0.9699635759958649,0.9697817311143507,0.00018184488151418154,0.9914186385418466,5.2132763884296483e-05,0.00018165510447894922,7.27116547764099e-05,5.58667133752472e-05,5.341880375934943e-05,0.7169794724739245,0.9331632511497426,0.9759253336924854
OURS:blend160origm_logit,STK:s2a,ours,stackhalf,0.9699635759958649,0.9698956376462755,6.793834958940259e-05,0.9935130199838645,4.5429676011154784e-05,6.793775435811167e-05,6.30431142963134e-05,4.951015775260392e-05,4.734077308819456e-05,0.720612814234201,0.9175829379934761,0.9596310547468362
OURS:blend160origm_logit,STK:s2b,ours,stackhalf,0.9699635759958649,0.9698705691099355,9.300688592939199e-05,0.9937485325122593,5.161755106315171e-05,9.429779866237625e-05,6.191236497210099e-05,5.3538070475929185e-05,5.1192194915748005e-05,0.8337195822904142,0.9641279673379163,1.008309003903891
OURS:blend160origm_logit,STK:s3a,ours,stackhalf,0.9699635759958649,0.9698157168164734,0.0001478591793915296,0.9910463931564275,5.133877881763088e-05,0.00014887943549643908,7.409909696734488e-05,5.5858653484442604e-05,5.341109702846801e-05,0.6928394665896622,0.9190837160428407,0.9612006057517862
OURS:stack_pub149_hybrid,OURS:blend159_hybrid,ours,ours,0.9700183101166489,0.9700244514017536,6.1412851047881745e-06,0.9997606466418307,1.5544030533239554e-05,-7.544106299426843e-06,1.208199651103244e-05,1.639963474269543e-05,1.5681052582434644e-05,1.2865448619394837,0.9478278496515313,0.9912619354807485
OURS:stack_pub149_hybrid,OURS:w14a_repro159av_rescale,ours,ours,0.9700183101166489,0.9700271740621013,8.86394545240865e-06,0.9970264594261669,2.6261542253458588e-05,-9.997171171452886e-06,4.262764970069451e-05,2.589706232342571e-05,2.4762331746754533e-05,0.6160682664385956,1.0140741805182738,1.060543995696227
OURS:stack_pub149_hybrid,OURS:blend159_rankraw,ours,ours,0.9700183101166489,0.9700325394457389,1.4229329090009735e-05,0.9990049139721388,2.8157170717579242e-05,-1.5818144188842754e-05,2.4636590717673618e-05,2.776059676044174e-05,2.6544211767530115e-05,1.1429004540543044,1.0142854982751168,1.060764997061324
OURS:stack_pub149_hybrid,OURS:blend156,ours,ours,0.9700183101166489,0.9700416046775031,2.329456085425896e-05,0.9993879523077299,2.0101533330167023e-05,-2.3962466099398354e-05,1.9323084960626822e-05,2.0122124574164736e-05,1.9240434221153654e-05,1.040285925934,0.9989766863870752,1.0447546608936011
OURS:stack_pub149_hybrid,OURS:blend160orig_h3,ours,ours,0.9700183101166489,0.970046331122863,2.8021006214129507e-05,0.9993429483226554,1.9667654498256542e-05,-2.9239682553860527e-05,2.0020855928011195e-05,1.9283974697132475e-05,1.8439009524816554e-05,0.982358325187262,1.0198963028706483,1.0666329160352344
OURS:stack_pub149_hybrid,OURS:w16h_h3av6,ours,ours,0.9700183101166489,0.9700487290113214,3.041889467259029e-05,0.999353463413197,1.9130429748814654e-05,-3.172558147730796e-05,1.985943979390632e-05,1.881719457445985e-05,1.7992682288697775e-05,0.963291510100131,1.016646220727289,1.0632338993075847
OURS:stack_pub149_hybrid,OURS:w16n_finegrid,ours,ours,0.9700183101166489,0.9700556964750705,3.738635842165383e-05,0.9992689734480968,2.132043909689707e-05,-3.879627161143809e-05,2.112055515780891e-05,2.0815718094047387e-05,1.99036365806428e-05,1.0094639528930307,1.0242471098315853,1.0711830981496204
OURS:stack_pub149_hybrid,SYN:iv16s0a,ours,synth,0.9700183101166489,0.9691870409336699,0.0008312691829789332,0.9938391029296187,9.296075817855403e-05,0.0008343805496323293,6.171937431349674e-05,9.724757220449693e-05,9.298647910021608e-05,1.506184390437436,0.9559185496484336,0.9997233907347505
OURS:stack_pub149_hybrid,SYN:iv16s0b,ours,synth,0.9700183101166489,0.9692906053011139,0.0007277048155349686,0.995724827661225,9.243372201215979e-05,0.000732126720398329,5.150800341895506e-05,9.269067645518993e-05,8.862925267543953e-05,1.7945506693459596,0.9972278285922926,1.042925661921716
OURS:stack_pub149_hybrid,SYN:rd16s0a,ours,synth,0.9700183101166489,0.9692899839659375,0.0007283261507113892,0.9951336153946889,9.092089800050717e-05,0.0007322461460110101,5.489607802653578e-05,9.192403904787277e-05,8.789620698970215e-05,1.6562366797234156,0.9890872827417518,1.0344120766344262
OURS:stack_pub149_hybrid,SYN:rd16s0b,ours,synth,0.9700183101166489,0.9692475740203867,0.0007707360962621035,0.9950000842092848,9.189926994144315e-05,0.0007743820748602864,5.562161430642291e-05,9.485357615349553e-05,9.069738068144703e-05,1.6522222716364252,0.9688540344828791,1.013251642450596
OURS:stack_pub149_hybrid,SYN:iv24s0a,ours,synth,0.9700183101166489,0.9691399966837544,0.000878313432894462,0.9941374197282704,9.638362536536468e-05,0.0008841622922896031,6.027028615770421e-05,9.967926942492789e-05,9.531162673773418e-05,1.5991897750935795,0.966937517915445,1.0112473017649808
OURS:stack_pub149_hybrid,SYN:iv24s0b,ours,synth,0.9700183101166489,0.9691464441379899,0.0008718659786589589,0.9952597305575208,9.945884771431207e-05,0.0008790497297567571,5.431741062588892e-05,9.989224219096681e-05,9.551526768433333e-05,1.8310675447939655,0.9956613800316324,1.0412874310629774
OURS:stack_pub149_hybrid,SYN:rd24s0a,ours,synth,0.9700183101166489,0.9692243444524757,0.000793965664173113,0.994793584870128,9.499663624539268e-05,0.00079941303863488,5.6769293414019696e-05,9.57229007498041e-05,9.152861411559352e-05,1.6733806347135616,0.9924128447976133,1.0378900321315836
OURS:stack_pub149_hybrid,SYN:rd24s0b,ours,synth,0.9700183101166489,0.9690397111971055,0.0009785989195433276,0.9946487276112551,0.00010233545630662137,0.0009862052473815714,5.775473466679687e-05,0.00010493142081799768,0.00010033364481666234,1.7718972634368955,0.9752603701432865,1.019951547595195
OURS:stack_pub149_hybrid,SYN:iv40s0a,ours,synth,0.9700183101166489,0.9690568461491886,0.0009614639674602188,0.9948819134417602,0.00010261721422773102,0.0009670115701106304,5.6378273766913335e-05,0.00010405094015769251,9.949174414334326e-05,1.8201553075566832,0.9862209228692347,1.0314143661999204
OURS:stack_pub149_hybrid,SYN:iv40s0b,ours,synth,0.9700183101166489,0.9692238766636352,0.0007944334530136654,0.995606213479831,9.543230027349272e-05,0.0007995208317223076,5.209513308040742e-05,9.599984132277857e-05,9.17934199942096e-05,1.8318851422491917,0.9940881042982391,1.0396420601772183
OURS:stack_pub149_hybrid,SYN:rd40s0a,ours,synth,0.9700183101166489,0.9691779605091455,0.0008403496075033434,0.9954081292663581,9.697503815190003e-05,0.0008474645600306316,5.326919827864634e-05,9.812107660870754e-05,9.382170919578365e-05,1.8204711406511584,0.988320160189663,1.0336098007928647
OURS:stack_pub149_hybrid,SYN:rd40s0b,ours,synth,0.9700183101166489,0.9690843874366427,0.0009339226800061384,0.9953427315662041,0.00010194189037507874,0.0009375613953226809,5.377383905366639e-05,0.00010300514496063397,9.849177251392408e-05,1.8957525103115762,0.9896776555582579,1.0350295032071528
OURS:stack_pub149_hybrid,SYN:iv86s0a,ours,synth,0.9700183101166489,0.9673277004087414,0.0026906097079074653,0.9925122027975054,0.0001719652317278504,0.0026914139419961275,6.963718467697111e-05,0.00017345532274782923,0.00016585503758999157,2.4694454913068733,0.9914093669979493,1.0368405700944927
OURS:stack_pub149_hybrid,SYN:iv86s0b,ours,synth,0.9700183101166489,0.9671389428213523,0.0028793672952965865,0.9923515938396456,0.00017975762963624896,0.0028802141910475075,7.053829906373861e-05,0.00017981391967022406,0.00017193502011734584,2.5483692125014166,0.9996869539684229,1.0454974763929081
OURS:stack_pub149_hybrid,SYN:rd86s0a,ours,synth,0.9700183101166489,0.9671813486261908,0.0028369614904580898,0.9925624985150475,0.00017767294274753445,0.0028375080404356087,6.953327412115186e-05,0.00017827654563426474,0.0001704650091399681,2.5552218702942793,0.9966142327663865,1.0422839481482558
OURS:stack_pub149_hybrid,SYN:rd86s0b,ours,synth,0.9700183101166489,0.9672795553078654,0.0027387548087834945,0.9924474906316371,0.00017427372141974332,0.00273994006002062,6.996984524382358e-05,0.00017521179438158288,0.00016753454597420812,2.490697539953855,0.994646062697146,1.0402255869459467
OURS:stack_pub149_hybrid,STK:s0a,ours,stackhalf,0.9700183101166489,0.9699188896278209,9.94204888279393e-05,0.9979162378879826,3.770145262218582e-05,9.972866506855472e-05,3.5710986970637835e-05,4.195230113229236e-05,4.011407877865237e-05,1.0557381864910254,0.8986742468142113,0.9398558752955711
OURS:stack_pub149_hybrid,STK:s0b,ours,stackhalf,0.9700183101166489,0.9698489422056923,0.00016936791095656378,0.9977362640796065,4.8669351917948603e-05,0.00017011172515941182,3.718939776289096e-05,4.962381773665973e-05,4.744945283713175e-05,1.3086888964497507,0.98076597363435,1.0257094446379413
OURS:stack_pub149_hybrid,STK:s1a,ours,stackhalf,0.9700183101166489,0.9699951526153978,2.315750125103655e-05,0.9992624432978173,2.9870383358769703e-05,2.3683460830391045e-05,2.121024960960763e-05,2.9921881243561827e-05,2.861079533217333e-05,1.408299473535629,0.9982789222250789,1.0440249217811832
OURS:stack_pub149_hybrid,STK:s1b,ours,stackhalf,0.9700183101166489,0.9697817311143507,0.00023657900229812068,0.9963620447603445,5.4355028689661416e-05,0.0002366051863352617,4.731115601740287e-05,5.5929442953423974e-05,5.347878471802914e-05,1.1488839687127395,0.9718499920502753,1.0163848893772052
OURS:stack_pub149_hybrid,STK:s2a,ours,stackhalf,0.9700183101166489,0.9698956376462755,0.00012267247037334172,0.9980286750991326,4.277056948056819e-05,0.00012288783621442414,3.472990731176667e-05,4.44011700436914e-05,4.2455645695820575e-05,1.2315198280439206,0.9632757298621033,1.0074177127584851
OURS:stack_pub149_hybrid,STK:s2b,ours,stackhalf,0.9700183101166489,0.9698705691099355,0.00014774100671333112,0.9985533968772236,4.505967148104882e-05,0.00014924788051868873,2.976249670052896e-05,4.624455275741144e-05,4.421825698057922e-05,1.5139748501088617,0.9743779276539177,1.0190286672954827
OURS:stack_pub149_hybrid,STK:s3a,ours,stackhalf,0.9700183101166489,0.9698157168164734,0.00020259330017546873,0.9967619103700753,5.022610653752453e-05,0.00020382951735275156,4.453142700313471e-05,5.206379629564744e-05,4.978251895011585e-05,1.1278800145791186,0.9647031163903709,1.0089105090855923
OURS:blend159_hybrid,OURS:w14a_repro159av_rescale,ours,ours,0.9700244514017536,0.9700271740621013,2.722660347620476e-06,0.9972206696226422,2.287537695391309e-05,-2.4530648720260436e-06,4.121509145293438e-05,2.233020409918874e-05,2.135176241116234e-05,0.5550242920129306,1.024414145625483,1.0713577883366776
OURS:blend159_hybrid,OURS:blend159_rankraw,ours,ours,0.9700244514017536,0.9700325394457389,8.08804398522156e-06,0.9989191842113796,2.4990678991054475e-05,-8.27403788941591e-06,2.5677804687690286e-05,2.525434022346028e-05,2.4147771776146664e-05,0.9732404812252033,0.9895597655661234,1.0349062109217233
OURS:blend159_hybrid,OURS:blend156,ours,ours,0.9700244514017536,0.9700416046775031,1.7153275749470787e-05,0.9994078447815277,1.6240018901451216e-05,-1.6418359799971512e-05,1.900786616790117e-05,1.578341605824362e-05,1.5091834728209476e-05,0.854384114345036,1.028929278777335,1.07607982686794
OURS:blend159_hybrid,OURS:blend160orig_h3,ours,ours,0.9700244514017536,0.970046331122863,2.1879721109341332e-05,0.9993779718191705,1.4642410463061912e-05,-2.169557625443368e-05,1.948137744375543e-05,1.4280710252099973e-05,1.3654972924164478e-05,0.7516106345835107,1.0253278866790783,1.0723134014531819
OURS:blend159_hybrid,OURS:w16h_h3av6,ours,ours,0.9700244514017536,0.9700487290113214,2.4277609567802116e-05,0.9994241163134836,1.382132992787455e-05,-2.4181475177881114e-05,1.8744315408670507e-05,1.3402583362110969e-05,1.2815322886098802e-05,0.7373611479820306,1.031243720292565,1.0785003273594453
OURS:blend159_hybrid,OURS:w16n_finegrid,ours,ours,0.9700244514017536,0.9700556964750705,3.124507331686566e-05,0.9993742021700749,1.597875055751588e-05,-3.125216531201125e-05,1.9542833421236094e-05,1.554100345801425e-05,1.4860043911494205e-05,0.8176271174758453,1.0281672351907167,1.0752828627347701
OURS:blend159_hybrid,SYN:iv16s0a,ours,synth,0.9700244514017536,0.9691870409336699,0.0008374104680837213,0.9936927304309504,9.270212821735695e-05,0.0008419246559317561,6.245278013880792e-05,9.759234098649563e-05,9.331614116184897e-05,1.4843555084548141,0.9498914287770249,0.9934200778466924
OURS:blend159_hybrid,SYN:iv16s0b,ours,synth,0.9700244514017536,0.9692906053011139,0.0007338461006397567,0.995458680733051,9.230786564499321e-05,0.0007396708266977558,5.309093864839e-05,9.326506268919141e-05,8.917847105007532e-05,1.7386745835542403,0.9897368101559306,1.0350913685564387
OURS:blend159_hybrid,SYN:rd16s0a,ours,synth,0.9700244514017536,0.9692899839659375,0.0007344674358161773,0.9949522837382337,9.098951444569383e-05,0.000739790252310437,5.5913552659559655e-05,9.244639468483253e-05,8.839567458995133e-05,1.627324863431606,0.9842408106437737,1.0293435155936619
OURS:blend159_hybrid,SYN:rd16s0b,ours,synth,0.9700244514017536,0.9692475740203867,0.0007768773813668917,0.9947716632600458,9.146049512464515e-05,0.0007819261811597132,5.68820905876506e-05,9.526174713326539e-05,9.108766684920733e-05,1.607896161687519,0.9600967636746939,1.0040930708660594
OURS:blend159_hybrid,SYN:iv24s0a,ours,synth,0.9700244514017536,0.9691399966837544,0.0008844547179992501,0.9940227156156998,9.631962994605135e-05,0.00089170639858903,6.086145350421645e-05,0.00010012614187643273,9.573891859634158e-05,1.5826048245689428,0.9619828362598944,1.0060655724779823
OURS:blend159_hybrid,SYN:iv24s0b,ours,synth,0.9700244514017536,0.9691464441379899,0.000878007263763747,0.9951051883997137,9.944774784779743e-05,0.0008865938360561839,5.519973234882087e-05,0.00010043144739630962,9.60308465560804e-05,1.8015983704298115,0.9902052636498363,1.0355812888697342
OURS:blend159_hybrid,SYN:rd24s0a,ours,synth,0.9700244514017536,0.9692243444524757,0.0008001069492779012,0.9947659994024975,9.487577567851978e-05,0.0008069571449343068,5.6923618560890704e-05,9.62022947310631e-05,9.19870025093456e-05,1.6667207404784357,0.9862111495754685,1.03140414504626
OURS:blend159_hybrid,SYN:rd24s0b,ours,synth,0.9700244514017536,0.9690397111971055,0.0009847402046481157,0.9944099166369831,0.00010236089514636467,0.0009937493536809983,5.9033647849675716e-05,0.00010543175829971333,0.00010081205903032284,1.7339415549419916,0.9708734521469419,1.0153635996619805
OURS:blend159_hybrid,SYN:iv40s0a,ours,synth,0.9700244514017536,0.9690568461491886,0.000967605252565007,0.9948324357614547,0.00010255153690085505,0.0009745556764100573,5.665423439096017e-05,0.00010425591365478262,9.968773632465127e-05,1.8101301341955531,0.9836519896648627,1.028727711971283
OURS:blend159_hybrid,SYN:iv40s0b,ours,synth,0.9700244514017536,0.9692238766636352,0.0008005747381184536,0.9954129189698085,9.522434890974e-05,0.0008070649380217344,5.323257067584532e-05,9.633996352147788e-05,9.211863907170354e-05,1.7888361899634648,0.9884200224812295,1.0337142392607324
OURS:blend159_hybrid,SYN:rd40s0a,ours,synth,0.9700244514017536,0.9691779605091455,0.0008464908926081316,0.9952530290056334,9.678275347507875e-05,0.0008550086663300584,5.4165302491263267e-05,9.847288144545287e-05,9.41580990136249e-05,1.7868035259415302,0.9828366150602557,1.0278749729332797
OURS:blend159_hybrid,SYN:rd40s0b,ours,synth,0.9700244514017536,0.9690843874366427,0.0009400639651109266,0.9952629649279944,0.00010186463078923915,0.0009451055016221077,5.4236316162695105e-05,0.00010319382568562988,9.867218582290163e-05,1.8781627882629648,0.9871194338657431,1.0323540513439864
OURS:blend159_hybrid,SYN:iv86s0a,ours,synth,0.9700244514017536,0.9673277004087414,0.0026967509930122535,0.9923636471687342,0.00017168782967850684,0.002698958048295554,7.032957295667422e-05,0.00017325305752212872,0.00016566163501185058,2.44118970812283,0.9909656552905454,1.0363765253567923
OURS:blend159_hybrid,SYN:iv86s0b,ours,synth,0.9700244514017536,0.9671389428213523,0.0028855085804013747,0.9921644252559826,0.00017954853016640288,0.0028877582973469342,7.14012295405903e-05,0.00017966576582464984,0.00017179335792308424,2.5146419931652972,0.9993474791499156,1.0451424451857494
OURS:blend159_hybrid,SYN:rd86s0a,ours,synth,0.9700244514017536,0.9671813486261908,0.002843102775562878,0.9924352106495009,0.00017749503234831717,0.0028450521467350354,7.013072484390348e-05,0.00017815222589091014,0.00017034613670999238,2.530916837711067,0.9963110562368421,1.0419668785943499
OURS:blend159_hybrid,SYN:rd86s0b,ours,synth,0.9700244514017536,0.9672795553078654,0.0027448960938882827,0.9922365879728203,0.00017396642584479108,0.0027474841663200473,7.094509911895495e-05,0.00017498552081742104,0.00016731818703004216,2.4521274620125397,0.9941761182989918,1.0397341074079127
OURS:blend159_hybrid,STK:s0a,ours,stackhalf,0.9700244514017536,0.9699188896278209,0.00010556177393272748,0.9979121377405392,3.764752653628811e-05,0.00010727277136798156,3.574871289418487e-05,4.242717978141825e-05,4.056814968840452e-05,1.0531155806286976,0.887344544941366,0.9280069913331244
OURS:blend159_hybrid,STK:s0b,ours,stackhalf,0.9700244514017536,0.9698489422056923,0.00017550919606135196,0.9973178508627859,4.856208745111538e-05,0.00017765583145883866,4.0483630857052936e-05,4.998728463329905e-05,4.779699371884036e-05,1.1995487169267833,0.9714888057505273,1.0160071517630498
OURS:blend159_hybrid,STK:s1a,ours,stackhalf,0.9700244514017536,0.9699951526153978,2.9298786355824724e-05,0.9991897328530646,3.090311393566279e-05,3.122756712981789e-05,2.2232788899950218e-05,3.1573648585182175e-05,3.0190187248169123e-05,1.389979191307483,0.9787628392800295,1.0236145169168138
OURS:blend159_hybrid,STK:s1b,ours,stackhalf,0.9700244514017536,0.9697817311143507,0.00024272028740290885,0.9968381302084769,5.207471401963887e-05,0.00024414929263468855,4.4110145858028586e-05,5.430087411995402e-05,5.192157482205073e-05,1.1805609119327052,0.9590032363862611,1.0029494328342887
OURS:blend159_hybrid,STK:s2a,ours,stackhalf,0.9700244514017536,0.9698956376462755,0.0001288137554781299,0.9980051354012875,4.294983782398794e-05,0.00013043194251385098,3.493919859055498e-05,4.464543151616308e-05,4.268920437281473e-05,1.2292736970675238,0.9620208913971123,1.0061053714868293
OURS:blend159_hybrid,STK:s2b,ours,stackhalf,0.9700244514017536,0.9698705691099355,0.0001538822918181193,0.9984896057307339,4.401726278812282e-05,0.00015679198681811557,3.041385845992291e-05,4.624811478662934e-05,4.422166293250087e-05,1.447276505416945,0.9517633960043821,0.9953778277246145
OURS:blend159_hybrid,STK:s3a,ours,stackhalf,0.9700244514017536,0.9698157168164734,0.0002087345852802569,0.9971547428948089,4.912666527194653e-05,0.0002113736236521784,4.174597708650691e-05,5.150216639764589e-05,4.924549796759961e-05,1.176799986502776,0.9538757048129156,0.9975869328048776
OURS:w14a_repro159av_rescale,OURS:blend159_rankraw,ours,ours,0.9700271740621013,0.9700325394457389,5.365383637601084e-06,0.9972659875816382,2.5307902476700836e-05,-5.820973017389866e-06,4.0880645029347434e-05,2.611951320928624e-05,2.497503551076622e-05,0.6190680812040216,0.9689270345093242,1.013327987693596
OURS:w14a_repro159av_rescale,OURS:blend156,ours,ours,0.9700271740621013,0.9700416046775031,1.443061540185031e-05,0.9978284730010506,1.3519508262420221e-05,-1.3965294927945468e-05,3.6436245136751855e-05,1.4087428034400837e-05,1.3470159745911242e-05,0.37104559516709384,0.9596860569158697,1.0036635435243415
OURS:w14a_repro159av_rescale,OURS:blend160orig_h3,ours,ours,0.9700271740621013,0.970046331122863,1.9157060761720857e-05,0.9987562869186596,1.3639459051202017e-05,-1.9242511382407638e-05,2.757465871380937e-05,1.42371737962568e-05,1.3613344103520546e-05,0.4946374565416248,0.9580173176496636,1.0019183345020066
OURS:w14a_repro159av_rescale,OURS:w16h_h3av6,ours,ours,0.9700271740621013,0.9700487290113214,2.155494922018164e-05,0.9988070591179259,1.3310845892638956e-05,-2.172841030585507e-05,2.7005180439423385e-05,1.3702106124592723e-05,1.3101721471299274e-05,0.4928997205738785,0.9714452487525602,1.0159615987714128
OURS:w14a_repro159av_rescale,OURS:w16n_finegrid,ours,ours,0.9700271740621013,0.9700556964750705,2.852241296924518e-05,0.9988030048339515,1.5205337715705537e-05,-2.8799100439985207e-05,2.705528172653037e-05,1.5669240376083013e-05,1.4982661877491364e-05,0.562009956850503,0.9703940555353556,1.0148622347640843
OURS:w14a_repro159av_rescale,SYN:iv16s0a,ours,synth,0.9700271740621013,0.9691870409336699,0.0008401331284313418,0.9929357152460517,9.148434214043387e-05,0.0008443777208037822,6.616033261201688e-05,9.698633678106608e-05,9.273669021921443e-05,1.38276726444113,0.9432704149549205,0.9864956569420344
OURS:w14a_repro159av_rescale,SYN:iv16s0b,ours,synth,0.9700271740621013,0.9692906053011139,0.0007365687609873772,0.9937771929369336,9.015014537022208e-05,0.0007421238915697819,6.220914924587278e-05,9.180020976054104e-05,8.777780352545677e-05,1.4491460896518051,0.982025483442542,1.0270266713164826
OURS:w14a_repro159av_rescale,SYN:rd16s0a,ours,synth,0.9700271740621013,0.9692899839659375,0.0007371900961637978,0.993931393742753,8.929814656090065e-05,0.0007422433171824631,6.13686069994178e-05,9.174797977406422e-05,8.77278620982742e-05,1.4551111867627664,0.9732982326237977,1.0178994953834322
OURS:w14a_repro159av_rescale,SYN:rd16s0b,ours,synth,0.9700271740621013,0.9692475740203867,0.0007796000417145121,0.9933649713457691,8.972947355848639e-05,0.0007843792460317392,6.41427410930446e-05,9.388464562156635e-05,8.97709057411027e-05,1.3989030095911559,0.9557417292724437,0.9995384675884211
OURS:w14a_repro159av_rescale,SYN:iv24s0a,ours,synth,0.9700271740621013,0.9691399966837544,0.0008871773783468706,0.9929929736821066,9.5225222830223e-05,0.0008941594634610559,6.596131114770321e-05,9.952624651417928e-05,9.516530882593831e-05,1.4436526681070796,0.9567850307371581,1.0006295782047454
OURS:w14a_repro159av_rescale,SYN:iv24s0b,ours,synth,0.9700271740621013,0.9691464441379899,0.0008807299241113675,0.9937457003522373,9.803310586619325e-05,0.00088904690092821,6.245819034647005e-05,9.958257949835162e-05,9.52191734699253e-05,1.5695796711749237,0.9844403143605653,1.0295521615418846
OURS:w14a_repro159av_rescale,SYN:rd24s0a,ours,synth,0.9700271740621013,0.9692243444524757,0.0008028296096255216,0.9937039254854465,9.332430108552595e-05,0.0008094102098063329,6.249464479516658e-05,9.532892164363415e-05,9.115189797665736e-05,1.4933167696433374,0.9789715385053654,1.0238327797565434
OURS:w14a_repro159av_rescale,SYN:rd24s0b,ours,synth,0.9700271740621013,0.9690397111971055,0.0009874628649957362,0.9930987470363295,0.00010140604432856923,0.0009962024185530243,6.565763048694252e-05,0.00010485102437679358,0.00010025677110320822,1.5444670113207342,0.9671440496771453,1.0114632978173406
OURS:w14a_repro159av_rescale,SYN:iv40s0a,ours,synth,0.9700271740621013,0.9690568461491886,0.0009703279129126274,0.9930695007286938,0.00010201760023956214,0.0009770087412820834,6.567547808977465e-05,0.00010422225458140298,9.965555208958608e-05,1.5533590802355466,0.9788466066993505,1.0237021229670442
OURS:w14a_repro159av_rescale,SYN:iv40s0b,ours,synth,0.9700271740621013,0.9692238766636352,0.0008032973984660741,0.9938444339269972,9.504732852227636e-05,0.0008095180028937605,6.17271114913791e-05,9.664627652303638e-05,9.241153036833816e-05,1.539798740388991,0.9834556688753663,1.0285223948075777
OURS:w14a_repro159av_rescale,SYN:rd40s0a,ours,synth,0.9700271740621013,0.9691779605091455,0.0008492135529557521,0.9937711866186769,9.706651060389235e-05,0.0008574617312020845,6.210808846889914e-05,9.915399216202272e-05,9.480936552831047e-05,1.5628642419497223,0.9789470750232696,1.023807195238617
OURS:w14a_repro159av_rescale,SYN:rd40s0b,ours,synth,0.9700271740621013,0.9690843874366427,0.0009427866254585471,0.9934004221270861,0.00010087135742796697,0.0009475585664941338,6.408059913561251e-05,0.0001027924349122584,9.82883827734986e-05,1.5741325578822212,0.9813111005111298,1.026279551881739
OURS:w14a_repro159av_rescale,SYN:iv86s0a,ours,synth,0.9700271740621013,0.9673277004087414,0.002699473653359874,0.9897883208552063,0.00017207615794502206,0.0027014111131675803,8.140782785807422e-05,0.00017459141973947488,0.00016694135426376238,2.1137544444131136,0.9855934398253586,1.0307581288285637
OURS:w14a_repro159av_rescale,SYN:iv86s0b,ours,synth,0.9700271740621013,0.9671389428213523,0.002888231240748995,0.989447733522689,0.00017943249149059048,0.0028902113622189607,8.294014466913442e-05,0.0001806350791427792,0.00017272019887710065,2.163397377788334,0.9933424467833396,1.0388622330053359
OURS:w14a_repro159av_rescale,SYN:rd86s0a,ours,synth,0.9700271740621013,0.9671813486261908,0.0028458254359104984,0.9897302732794667,0.00017721674406148666,0.002847505211607062,8.179206241441498e-05,0.0001790400598433749,0.00017119506847655333,2.166674110301614,0.9898161574371496,1.0351743519163232
OURS:w14a_repro159av_rescale,SYN:rd86s0b,ours,synth,0.9700271740621013,0.9672795553078654,0.002747618754235903,0.9896640518034544,0.0001745236209402618,0.0027499372311920733,8.1939563801422e-05,0.00017640083603098606,0.00016867148743171837,2.1299066390347696,0.9893582415312674,1.034695452074628
OURS:w14a_repro159av_rescale,STK:s0a,ours,stackhalf,0.9700271740621013,0.9699188896278209,0.00010828443428034795,0.9967383617219808,3.9092273855653735e-05,0.0001097258362400076,4.472621059700581e-05,4.353268208445152e-05,4.1625212239848765e-05,0.8740350084178775,0.8979982850543511,0.9391489376774831
OURS:w14a_repro159av_rescale,STK:s0b,ours,stackhalf,0.9700271740621013,0.9698489422056923,0.00017823185640897243,0.9959737240589933,5.006895520213048e-05,0.0001801088963308647,4.9650640287660505e-05,5.203732417226042e-05,4.9757206754733856e-05,1.008425166564749,0.9621739011096343,1.006265392849187
OURS:w14a_repro159av_rescale,STK:s1a,ours,stackhalf,0.9700271740621013,0.9699951526153978,3.20214467034452e-05,0.9967714365312869,3.321318274490441e-05,3.3680632001843935e-05,4.442423345849804e-05,3.364598464061478e-05,3.2171719834935305e-05,0.7476365973975172,0.987136595931631,1.0323719998592733
OURS:w14a_repro159av_rescale,STK:s1b,ours,stackhalf,0.9700271740621013,0.9697817311143507,0.00024544294775052933,0.9955564777087949,5.3984501974507436e-05,0.0002466023575067146,5.234361916246429e-05,5.666818598380178e-05,5.418515827366099e-05,1.0313482873041349,0.9526421401584753,0.9962968402133265
OURS:w14a_repro159av_rescale,STK:s2a,ours,stackhalf,0.9700271740621013,0.9698956376462755,0.00013153641582575037,0.9965986310233186,4.638443310189293e-05,0.00013288500738587702,4.5668618351834814e-05,4.822925070636e-05,4.611599149637841e-05,1.0156741056745666,0.9617489888926722,1.005821009086091
OURS:w14a_repro159av_rescale,STK:s2b,ours,stackhalf,0.9700271740621013,0.9698705691099355,0.00015660495216573977,0.9965982563701506,4.691624241521148e-05,0.0001592450516901416,4.568901001001475e-05,4.884474340717236e-05,4.670451517736113e-05,1.0268605602294234,0.9605177372745152,1.0045333355254051
OURS:w14a_repro159av_rescale,STK:s3a,ours,stackhalf,0.9700271740621013,0.9698157168164734,0.00021145724562787738,0.9966548425422379,5.010003853127347e-05,0.00021382668852420444,4.5310278225459386e-05,5.323714251653796e-05,5.090445270509661e-05,1.1057102382373536,0.9410730208840575,0.984197567578551
OURS:blend159_rankraw,OURS:blend156,ours,ours,0.9700325394457389,0.9700416046775031,9.065231764249226e-06,0.9993162050406023,1.9314572258388894e-05,-8.1443219105556e-06,2.0427248714474515e-05,2.02921473766911e-05,1.940300714112776e-05,0.9455297934813321,0.9518249547396294,0.9954422073807614
OURS:blend159_rankraw,OURS:blend160orig_h3,ours,ours,0.9700325394457389,0.970046331122863,1.3791677124119772e-05,0.9994495262661022,1.6692830711116444e-05,-1.3421538365017772e-05,1.8327966197285813e-05,1.7095531740402e-05,1.6346457488349127e-05,0.9107846736201687,0.9764440770020713,1.0211894976642
OURS:blend159_rankraw,OURS:w16h_h3av6,ours,ours,0.9700325394457389,0.9700487290113214,1.6189565582580556e-05,0.9994456435519979,1.6000954885804273e-05,-1.5907437288465206e-05,1.8391963325299068e-05,1.638196515257755e-05,1.5664157220062504e-05,0.8699971070404516,0.9767420902666657,1.0215011673472225
OURS:blend159_rankraw,OURS:w16n_finegrid,ours,ours,0.9700325394457389,0.9700556964750705,2.3157029331644097e-05,0.9993642976588751,1.927836937585575e-05,-2.297812742259534e-05,1.969830009391803e-05,1.9470045504510636e-05,1.8616927274835508e-05,0.9786818803622583,0.990155332271284,1.0355290693923649
OURS:blend159_rankraw,SYN:iv16s0a,ours,synth,0.9700325394457389,0.9691870409336699,0.0008454985120689429,0.9949272667922442,9.300446860935036e-05,0.0008501986938211721,5.601227664150184e-05,9.906665709897762e-05,9.472585722233978e-05,1.6604300732964576,0.9388069743428354,0.9818276797543358
OURS:blend159_rankraw,SYN:iv16s0b,ours,synth,0.9700325394457389,0.9692906053011139,0.0007419341446249783,0.9961574306829696,9.300542880091132e-05,0.0007479448645871718,4.883951233023627e-05,9.4555348822023e-05,9.041222076540544e-05,1.9043070735850114,0.9836083305659522,1.0286820521999402
OURS:blend159_rankraw,SYN:rd16s0a,ours,synth,0.9700325394457389,0.9692899839659375,0.0007425554798013989,0.9960003507927614,9.111406527703547e-05,0.0007480642901998529,4.977504734460517e-05,9.379110130155747e-05,8.96814602489401e-05,1.8305168982809776,0.9714574625164621,1.0159743722294297
OURS:blend159_rankraw,SYN:rd16s0b,ours,synth,0.9700325394457389,0.9692475740203867,0.0007849654253521132,0.9956780524089252,9.234422631585318e-05,0.0007902002190491291,5.1720729870882997e-05,9.672709895754913e-05,9.248881140936862e-05,1.7854393498773848,0.9546882653472377,0.9984367288181973
OURS:blend159_rankraw,SYN:iv24s0a,ours,synth,0.9700325394457389,0.9691399966837544,0.0008925427619844717,0.9951465978745742,9.717948994969029e-05,0.0008999804364784458,5.484595463542186e-05,0.00010172945677342173,9.727198110659558e-05,1.771862493700267,0.9552738511730637,0.9990491490370291
OURS:blend159_rankraw,SYN:iv24s0b,ours,synth,0.9700325394457389,0.9691464441379899,0.0008860953077489686,0.9958439901642622,0.00010069925812125714,0.0008948678739455998,5.086725436038959e-05,0.00010212134394831514,9.76466969763269e-05,1.9796479953058328,0.9860745484530861,1.0312612841955144
OURS:blend159_rankraw,SYN:rd24s0a,ours,synth,0.9700325394457389,0.9692243444524757,0.0008081949932631227,0.9956749908846086,9.541041819090448e-05,0.0008152311828237228,5.174879558792404e-05,9.733476786586872e-05,9.306985411267117e-05,1.8437224887446308,0.9802295755447213,1.0251484661768118
OURS:blend159_rankraw,SYN:rd24s0b,ours,synth,0.9700325394457389,0.9690397111971055,0.0009928282486333373,0.9953713120810873,0.00010388954609570274,0.0010020233915704142,5.372178529183578e-05,0.0001075313756034026,0.0001028196774839476,1.933843887192838,0.9661324010107369,1.0104052904846172
OURS:blend159_rankraw,SYN:iv40s0a,ours,synth,0.9700325394457389,0.9690568461491886,0.0009756932965502285,0.9955023235709974,0.00010341608401823256,0.0009828297142994733,5.285847178920485e-05,0.00010607197023310575,0.00010142421882222919,1.9564713189334573,0.9749614699431285,1.0196389503329042
OURS:blend159_rankraw,SYN:iv40s0b,ours,synth,0.9700325394457389,0.9692238766636352,0.0008086627821036751,0.9961404602539027,9.543127607335057e-05,0.0008153389759111504,4.883240823537898e-05,9.690187412731671e-05,9.265592846229263e-05,1.9542611049071874,0.984823843014285,1.0299532653454269
OURS:blend159_rankraw,SYN:rd40s0a,ours,synth,0.9700325394457389,0.9691779605091455,0.0008545789365933532,0.9961120482125795,9.781936021918191e-05,0.0008632827042194743,4.9023516705088616e-05,9.978524986568592e-05,9.541296343762479e-05,1.9953558372328746,0.9802987951711284,1.0252208577834423
OURS:blend159_rankraw,SYN:rd40s0b,ours,synth,0.9700325394457389,0.9690843874366427,0.0009481520090961482,0.995823861368339,0.00010191501188957704,0.0009533795395115236,5.092785758403038e-05,0.00010430247569575575,9.973225815847872e-05,2.0011643278223206,0.977110190431694,1.02188613565362
OURS:blend159_rankraw,SYN:iv86s0a,ours,synth,0.9700325394457389,0.9673277004087414,0.002704839036997475,0.9927812394760399,0.00017005637280447308,0.00270723208618497,6.838435040484614e-05,0.0001731676348033135,0.00016557995525699672,2.486773242674859,0.982033236162322,1.0270347793036212
OURS:blend159_rankraw,SYN:iv86s0b,ours,synth,0.9700325394457389,0.9671389428213523,0.0028935966243865963,0.9923668546574244,0.00017708259497142256,0.00289603233523635,7.047780676672987e-05,0.00017874194122942464,0.00017091001251436254,2.5126008185461455,0.9907165254747221,1.0361159792001144
OURS:blend159_rankraw,SYN:rd86s0a,ours,synth,0.9700325394457389,0.9671813486261908,0.0028511908195480995,0.9925824024612048,0.00017510156461915733,0.0028533261846244514,6.944994485784364e-05,0.00017748793170231972,0.00016971094987413117,2.521262831490664,0.9865547642576354,1.031763505825783
OURS:blend159_rankraw,SYN:rd86s0b,ours,synth,0.9700325394457389,0.9672795553078654,0.0027529841378735043,0.9927334892389807,0.00017227378995094572,0.0027557582042094632,6.864192422759834e-05,0.0001746304282982103,0.00016697865358599072,2.509745929903301,0.986504995892009,1.0317114568313854
OURS:blend159_rankraw,STK:s0a,ours,stackhalf,0.9700325394457389,0.9699188896278209,0.00011364981791794904,0.9976346323810822,4.215961074919853e-05,0.00011554680925739747,3.80531055464086e-05,4.680902330984091e-05,4.4757994148678356e-05,1.1079151134664094,0.9006727286346752,0.9419459372810934
OURS:blend159_rankraw,STK:s0b,ours,stackhalf,0.9700325394457389,0.9698489422056923,0.00018359724004657352,0.9979335582131619,5.0546772246866186e-05,0.00018592986934825456,3.5537011555875555e-05,5.193972939942691e-05,4.9663888288281136e-05,1.4223698064028396,0.9731812782109701,1.0177771815501078
OURS:blend159_rankraw,STK:s1a,ours,stackhalf,0.9700325394457389,0.9699951526153978,3.7386830341046284e-05,0.9985374056527577,3.596669605872699e-05,3.95016050192338e-05,2.9872606714787322e-05,3.73101072588541e-05,3.567529173434551e-05,1.2040025968313979,0.963993370729099,1.0081682394232796
OURS:blend159_rankraw,STK:s1b,ours,stackhalf,0.9700325394457389,0.9697817311143507,0.0002508083313881304,0.9961868417674687,5.4348085643266725e-05,0.00025242333052410444,4.844401475290145e-05,5.748732492873453e-05,5.496840503917398e-05,1.1218741039626916,0.945392496704979,0.9887149828075751
OURS:blend159_rankraw,STK:s2a,ours,stackhalf,0.9700325394457389,0.9698956376462755,0.00013690179946335146,0.9979016619517181,4.7977660195444217e-05,0.0001387059804032669,3.583647243863024e-05,4.9081580410923994e-05,4.6930974703293554e-05,1.338794165011796,0.977508462314427,1.0223026582926948
OURS:blend159_rankraw,STK:s2b,ours,stackhalf,0.9700325394457389,0.9698705691099355,0.00016197033580334086,0.9980072655050837,4.665798418365355e-05,0.00016506602470753147,3.493673863951982e-05,4.933745837513513e-05,4.717564087265859e-05,1.3354991335932789,0.9456908750526158,0.9890270343035221
OURS:blend159_rankraw,STK:s3a,ours,stackhalf,0.9700325394457389,0.9698157168164734,0.00021682262926547846,0.9964369320373178,5.241145159758025e-05,0.00021964766154159432,4.6719394871818956e-05,5.470916190186879e-05,5.2311972674040874e-05,1.121834983979956,0.958001361665713,1.001901647337202
OURS:blend156,OURS:blend160orig_h3,ours,ours,0.9700416046775031,0.970046331122863,4.726445359870546e-06,0.9996342723900575,9.210783808896302e-06,-5.2772164544621715e-06,1.4940267641915643e-05,9.882079136611499e-06,9.449076457877009e-06,0.6165072828451214,0.9320694240113746,0.9747813820701959
OURS:blend156,OURS:w16h_h3av6,ours,ours,0.9700416046775031,0.9700487290113214,7.12433381833133e-06,0.9996368357911617,7.851351479413393e-06,-7.763115377909604e-06,1.4887390867471271e-05,8.410894456754136e-06,8.042354620148818e-06,0.5273826387247263,0.9334740222674631,0.9762503458555659
OURS:blend156,OURS:w16n_finegrid,ours,ours,0.9700416046775031,0.9700556964750705,1.409179756739487e-05,0.9995605621648014,1.2101802709076881e-05,-1.4833805512039737e-05,1.6378875888104604e-05,1.232986134726952e-05,1.1789604290228464e-05,0.7388665004700348,0.9815035520863222,1.0264808225249067
OURS:blend156,SYN:iv16s0a,ours,synth,0.9700416046775031,0.9691870409336699,0.0008545637438331921,0.9947426467277922,8.960242977341632e-05,0.0008583430157317277,5.702681272777473e-05,9.505094100129317e-05,9.08860976013539e-05,1.5712333459901704,0.9426779875035354,0.9858760815810573
OURS:blend156,SYN:iv16s0b,ours,synth,0.9700416046775031,0.9692906053011139,0.0007509993763892275,0.9963278818465457,8.896867414235275e-05,0.0007560891864977274,4.7747653139307804e-05,9.003452553186112e-05,8.608948621422898e-05,1.8633098863053885,0.9881617481381495,1.0334441295300458
OURS:blend156,SYN:rd16s0a,ours,synth,0.9700416046775031,0.9692899839659375,0.0007516207115656481,0.9958521319654051,8.76545608716208e-05,0.0007562086121104086,5.069282270086942e-05,8.959569257651767e-05,8.566988158549107e-05,1.7291315851330067,0.9783345421071545,1.0231665930826483
OURS:blend156,SYN:rd16s0b,ours,synth,0.9700416046775031,0.9692475740203867,0.0007940306571163624,0.9957994992410655,8.826156721646118e-05,0.0007983445409596847,5.099278393162945e-05,9.225943398149409e-05,8.821690593650893e-05,1.7308638676170591,0.9566671223472406,1.0005062666784572
OURS:blend156,SYN:iv24s0a,ours,synth,0.9700416046775031,0.9691399966837544,0.0009016079937487209,0.9948883732266713,9.362400243548151e-05,0.0009081247583890014,5.62903954522835e-05,9.777873167678223e-05,9.349436477847936e-05,1.663232274053664,0.9575088654756271,1.0013865825743542
OURS:blend156,SYN:iv24s0b,ours,synth,0.9700416046775031,0.9691464441379899,0.0008951605395132178,0.9957516376824048,9.671296172708999e-05,0.0009030121958561554,5.143325167257337e-05,9.777860807831811e-05,9.349424659572436e-05,1.8803586897979832,0.9891014366826069,1.0344268791777487
OURS:blend156,SYN:rd24s0a,ours,synth,0.9700416046775031,0.9692243444524757,0.0008172602250273719,0.995394239228987,9.162344573740592e-05,0.0008233755047342783,5.340608061313653e-05,9.324910249687649e-05,8.916321018488883e-05,1.7155995101214916,0.982566515752524,1.0275924963605005
OURS:blend156,SYN:rd24s0b,ours,synth,0.9700416046775031,0.9690397111971055,0.0010018934803975865,0.9952954028670241,0.00010018977426546545,0.0010101677134809698,5.416464193311207e-05,0.00010336965088658892,9.884030689784105e-05,1.8497265132702219,0.9692378121252219,1.013653006652632
OURS:blend156,SYN:iv40s0a,ours,synth,0.9700416046775031,0.9690568461491886,0.0009847585283144777,0.9952668412010499,0.00010027126029557476,0.0009909740362100288,5.422870928372638e-05,0.00010245040580902086,9.79613403462287e-05,1.8490438297351361,0.9787297522519502,1.0235799136800499
OURS:blend156,SYN:iv40s0b,ours,synth,0.9700416046775031,0.9692238766636352,0.0008177280138679244,0.9957645636967539,9.289355979386758e-05,0.000823483297821706,5.115908670643108e-05,9.423899483347314e-05,9.010972844731752e-05,1.8157783059522479,0.9857231601208922,1.0308937935394804
OURS:blend156,SYN:rd40s0a,ours,synth,0.9700416046775031,0.9691779605091455,0.0008636441683576024,0.995645348572064,9.496796892130608e-05,0.0008714270261300299,5.1886459706655044e-05,9.680872955165207e-05,9.256686519889181e-05,1.83030350226661,0.9809855925300223,1.0259391275404561
OURS:blend156,SYN:rd40s0b,ours,synth,0.9700416046775031,0.9690843874366427,0.0009572172408603974,0.9956648355075368,9.909883340986616e-05,0.0009615238614220792,5.1892426513266414e-05,0.00010099697004206145,9.657158971796955e-05,1.9096974273217178,0.9812060041860188,1.0261696395314321
OURS:blend156,SYN:iv86s0a,ours,synth,0.9700416046775031,0.9673277004087414,0.0027139042687617243,0.9923262087543784,0.00016992535607188945,0.002715376408095526,7.051198498281222e-05,0.00017247320482639822,0.00016491595309148035,2.4098790597557267,0.985227567626674,1.0303754905847728
OURS:blend156,SYN:iv86s0b,ours,synth,0.9700416046775031,0.9671389428213523,0.0029026618561508455,0.9919757084641782,0.0001775454492789406,0.0029041766571469064,7.226640206731004e-05,0.00017860340903597078,0.00017077755038066302,2.4568187179648437,0.994076486206279,1.0396299096877308
OURS:blend156,SYN:rd86s0a,ours,synth,0.9700416046775031,0.9671813486261908,0.0028602560513123487,0.9922828764195244,0.0001753065865361652,0.0028614705065350067,7.084357690733416e-05,0.00017702660315327567,0.00016926983534025047,2.4745586571027074,0.9902838523336449,1.0356634788695824
OURS:blend156,SYN:rd86s0b,ours,synth,0.9700416046775031,0.9672795553078654,0.0027620493696377535,0.9921729338845862,0.0001724028680168364,0.0027639025261200186,7.124567688891875e-05,0.00017426839093786836,0.00016663247960264295,2.419836199824936,0.9892951159358724,1.0346294337571746
OURS:blend156,STK:s0a,ours,stackhalf,0.9700416046775031,0.9699188896278209,0.00012271504968219826,0.9976926384384495,3.571277463805798e-05,0.00012369113116795306,3.7586517097105385e-05,4.066530185659087e-05,3.88834719003608e-05,0.9501485478368066,0.8782124565065733,0.9184564261538231
OURS:blend156,STK:s0b,ours,stackhalf,0.9700416046775031,0.9698489422056923,0.00019266247181082274,0.9979774566343789,4.739059026128524e-05,0.00019407419125881017,3.5160232723835966e-05,4.916507730745046e-05,4.701081301953928e-05,1.347846319263923,0.9639075713220466,1.0080785082697488
OURS:blend156,STK:s1a,ours,stackhalf,0.9700416046775031,0.9699951526153978,4.645206210529551e-05,0.9988614900431523,3.0102489763616487e-05,4.76459269297894e-05,2.635804069900489e-05,3.102991148751605e-05,2.9670275057849112e-05,1.1420609789388847,0.970112008721885,1.014567263192696
OURS:blend156,STK:s1b,ours,stackhalf,0.9700416046775031,0.9697817311143507,0.00025987356315237964,0.9962670267547424,5.023359780954794e-05,0.0002605676524346601,4.793564099169412e-05,5.3099286801947054e-05,5.0772637409011926e-05,1.0479383767550328,0.9460314975022597,0.9893832657318624
OURS:blend156,STK:s2a,ours,stackhalf,0.9700416046775031,0.9698956376462755,0.00014596703122760069,0.9979431143918692,4.234706495367088e-05,0.0001468503023138225,3.548346927058935e-05,4.43603750527312e-05,4.241663821739903e-05,1.1934307953582897,0.9546146736436043,0.99835976478448
OURS:blend156,STK:s2b,ours,stackhalf,0.9700416046775031,0.9698705691099355,0.00017103556756759009,0.9981660204026022,4.3854693303776575e-05,0.00017321034661808707,3.351879196537121e-05,4.597219292216954e-05,4.3957831125687925e-05,1.3083613916958448,0.9539395559838124,0.9976537099472345
OURS:blend156,STK:s3a,ours,stackhalf,0.9700416046775031,0.9698157168164734,0.0002258878610297277,0.9965940995980898,4.769213450035075e-05,0.00022779198345214993,4.5680893726635887e-05,5.070320319017184e-05,4.848154290003864e-05,1.0440280522038503,0.9406138369892033,0.983717341642457
OURS:blend160orig_h3,OURS:w16h_h3av6,ours,ours,0.970046331122863,0.9700487290113214,2.397888458460784e-06,0.9999826602867209,3.8032074956931953e-06,-2.485898923447432e-06,3.2530225359298958e-06,3.868149621439477e-06,3.6986590593143675e-06,1.1691303867976512,0.983211061592257,1.0282665784280771
OURS:blend160orig_h3,OURS:w16n_finegrid,ours,ours,0.970046331122863,0.9700556964750705,9.365352207524325e-06,0.9999289856867983,9.503581294470841e-06,-9.556589057577565e-06,6.584265881266464e-06,9.711535720840357e-06,9.286005736348503e-06,1.4433775102415602,0.978586864905078,1.0234304785394084
OURS:blend160orig_h3,SYN:iv16s0a,ours,synth,0.970046331122863,0.9691870409336699,0.0008592901891930627,0.9945865574680585,9.125536445349416e-05,0.0008636202321861898,5.7867049063902084e-05,9.692721470466193e-05,9.268015869254191e-05,1.5769832042536271,0.9414834082620661,0.9846267609038697
OURS:blend160orig_h3,SYN:iv16s0b,ours,synth,0.970046331122863,0.9692906053011139,0.0007557258217490981,0.9958513052166026,9.074796354838568e-05,0.0007613664029521895,5.0751455656889426e-05,9.227262976395965e-05,8.822952351988535e-05,1.7880859252963475,0.983476506310981,1.028544187115923
OURS:blend160orig_h3,SYN:rd16s0a,ours,synth,0.970046331122863,0.9692899839659375,0.0007563471569255187,0.9956582001093911,8.929089717325758e-05,0.0007614858285648707,5.18642334409448e-05,9.162697147757291e-05,8.761215601762285e-05,1.7216276275427582,0.9745045125180513,1.0191610528942703
OURS:blend160orig_h3,SYN:rd16s0b,ours,synth,0.970046331122863,0.9692475740203867,0.000798757102476233,0.9953671762399762,9.010756487333779e-05,0.0008036217574141468,5.355254697388593e-05,9.440187911793204e-05,9.02654756373938e-05,1.6826009212461426,0.9545102885162958,0.9982505962225208
OURS:blend160orig_h3,SYN:iv24s0a,ours,synth,0.970046331122863,0.9691399966837544,0.0009063344391085915,0.9947696405420798,9.507137362369783e-05,0.0009134019748434636,5.694027402768378e-05,9.950635134652562e-05,9.514628540407507e-05,1.6696683542034783,0.955430204576759,0.9992126673147659
OURS:blend160orig_h3,SYN:iv24s0b,ours,synth,0.970046331122863,0.9691464441379899,0.0008998869848730884,0.9955676307199443,9.834535402444703e-05,0.0009082894123106176,5.25351807558217e-05,9.980888299047603e-05,9.543556103070144e-05,1.871990399757954,0.9853366862529795,1.0304896095576943
OURS:blend160orig_h3,SYN:rd24s0a,ours,synth,0.970046331122863,0.9692243444524757,0.0008219866703872425,0.9953628104667649,9.33519663613254e-05,0.0008286527211887405,5.358786993255278e-05,9.533750701633691e-05,9.116010716441696e-05,1.7420353986605708,0.9791735622510952,1.0240440612136972
OURS:blend160orig_h3,SYN:rd24s0b,ours,synth,0.970046331122863,0.9690397111971055,0.001006619925757457,0.9950319597772503,0.00010152887783347112,0.001015444929935432,5.56603924406231e-05,0.00010503963893562424,0.00010043712114522081,1.8240776498616893,0.9665767976953467,1.0108700515885134
OURS:blend160orig_h3,SYN:iv40s0a,ours,synth,0.970046331122863,0.9690568461491886,0.0009894849736743483,0.9951550950371849,0.00010159046142541309,0.000996251252664491,5.486500399677504e-05,0.00010401273762172407,9.945521552641353e-05,1.85164410871791,0.9767117350076837,1.021469421062513
OURS:blend160orig_h3,SYN:iv40s0b,ours,synth,0.970046331122863,0.9692238766636352,0.0008224544592277949,0.9958093832907691,9.412787753297802e-05,0.0008287605142761681,5.0887571660179564e-05,9.569917395439605e-05,9.150592695626077e-05,1.8497223283034896,0.9835808779063568,1.0286533415258503
OURS:blend160orig_h3,SYN:rd40s0a,ours,synth,0.970046331122863,0.9691779605091455,0.0008683706137174729,0.9957246596483775,9.615081292537137e-05,0.0008767042425844921,5.141167328354112e-05,9.822700214120093e-05,9.392299339332294e-05,1.8702136457432321,0.978863355588873,1.0237196393722137
OURS:blend160orig_h3,SYN:rd40s0b,ours,synth,0.970046331122863,0.9690843874366427,0.0009619436862202679,0.9955203030811156,0.00010045423745772526,0.0009668010778765414,5.275025439171573e-05,0.00010258403408199235,9.808911343433966e-05,1.9043365499579714,0.9792385175400218,1.0241119930701463
OURS:blend160orig_h3,SYN:iv86s0a,ours,synth,0.970046331122863,0.9673277004087414,0.002718630714121595,0.9923164145448694,0.00017053543074490335,0.0027206536245499876,7.055681803144161e-05,0.0001732770616302743,0.00016568458733291937,2.4169943529611717,0.9841777621366824,1.0292775778970733
OURS:blend160orig_h3,SYN:iv86s0b,ours,synth,0.970046331122863,0.9671389428213523,0.002907388301510716,0.9919568871086512,0.00017800242041665564,0.0029094538736013685,7.235095056599623e-05,0.0001793389765882883,0.00017148088759803376,2.4602637425514886,0.992547319065498,1.0380306686650056
OURS:blend160orig_h3,SYN:rd86s0a,ours,synth,0.970046331122863,0.9671813486261908,0.0028649824966722193,0.9922113367842034,0.00017590603592016892,0.0028667477229894693,7.117103655905994e-05,0.00017786409789279933,0.0001700706336052138,2.471595812352636,0.988991246711236,1.0343116397655159
OURS:blend160orig_h3,SYN:rd86s0b,ours,synth,0.970046331122863,0.9672795553078654,0.002766775814997624,0.9922235479082361,0.00017286509333124648,0.002769179742574481,7.101479540413994e-05,0.00017496711085207504,0.0001673005837334346,2.4342123686688675,0.9879862134626792,1.0332605510012922
OURS:blend160orig_h3,STK:s0a,ours,stackhalf,0.970046331122863,0.9699188896278209,0.0001274414950420688,0.998015264646249,3.758515387960391e-05,0.00012896834762241523,3.4859777228945794e-05,4.219425335666976e-05,4.0345429391786546e-05,1.0781811264242704,0.8907647579848151,0.931583935186855
OURS:blend160orig_h3,STK:s0b,ours,stackhalf,0.970046331122863,0.9698489422056923,0.0001973889171706933,0.997935179078476,4.777816963538819e-05,0.00019935140771327233,3.552573419453464e-05,4.945653082600171e-05,4.728949593055797e-05,1.3448890140809109,0.9660639118316175,1.0103336627979247
OURS:blend160orig_h3,STK:s1a,ours,stackhalf,0.970046331122863,0.9699951526153978,5.1178507465166057e-05,0.9987997312096728,3.080657085926948e-05,5.2923143384251576e-05,2.706344071484508e-05,3.156229260600545e-05,3.01793288534921e-05,1.1383094701026386,0.9760561833650773,1.020783828852602
OURS:blend160orig_h3,STK:s1b,ours,stackhalf,0.970046331122863,0.9697817311143507,0.0002646000085122502,0.9966935808286979,5.164754173056556e-05,0.0002658448688891222,4.511376834658828e-05,5.447061981478243e-05,5.2083882776344153e-05,1.1448288099939095,0.9481724626263435,0.9916223402995451
OURS:blend160orig_h3,STK:s2a,ours,stackhalf,0.970046331122863,0.9698956376462755,0.00015069347658747123,0.9981803448686465,4.3884036971539927e-05,0.00015212751876828468,3.3374486718103134e-05,4.538673470987753e-05,4.3398025913205474e-05,1.3148977343743284,0.9668912569290743,1.0111989208750292
OURS:blend160orig_h3,STK:s2b,ours,stackhalf,0.970046331122863,0.9698705691099355,0.00017576201292746063,0.9983895433238813,4.371137546715514e-05,0.00017848756307254924,3.140976436518674e-05,4.613578018105352e-05,4.4114250487986146e-05,1.3916492641887814,0.9474506618424108,0.9908674630901703
OURS:blend160orig_h3,STK:s3a,ours,stackhalf,0.970046331122863,0.9698157168164734,0.00023061430638959823,0.9972585752181979,4.859171599163506e-05,0.0002330691999066121,4.0983197096174475e-05,5.143097693309663e-05,4.9177427809060896e-05,1.1856497158483226,0.9447947305151333,0.9880898240611536
OURS:w16h_h3av6,OURS:w16n_finegrid,ours,ours,0.9700487290113214,0.9700556964750705,6.9674637490635405e-06,0.999959135608848,8.559870854371223e-06,-7.070690134130134e-06,4.99452854018305e-06,8.533413998059222e-06,8.159505727458484e-06,1.7138496227428712,1.0031003835414545,1.0490673259245868
OURS:w16h_h3av6,SYN:iv16s0a,ours,synth,0.9700487290113214,0.9691870409336699,0.0008616880776515234,0.9945656815016013,9.117228665021728e-05,0.0008661061311096372,5.7976869937070705e-05,9.673088707380893e-05,9.2492433541885e-05,1.5725631057554084,0.942535413540142,0.9857269741846515
OURS:w16h_h3av6,SYN:iv16s0b,ours,synth,0.9700487290113214,0.9692906053011139,0.0007581237102075589,0.9958309303728579,9.075393678032034e-05,0.000763852301875637,5.0874482846687764e-05,9.206498296533159e-05,8.803097517298931e-05,1.7838792986615877,0.9857595565351385,1.0309318578145947
OURS:w16h_h3av6,SYN:rd16s0a,ours,synth,0.9700487290113214,0.9692899839659375,0.0007587450453839795,0.995633223061156,8.929003100110437e-05,0.0007639717274883181,5.2011721145399724e-05,9.14549570617568e-05,8.744767875080136e-05,1.716729018666628,0.9763279527954891,1.0210680520812123
OURS:w16h_h3av6,SYN:rd16s0b,ours,synth,0.9700487290113214,0.9692475740203867,0.0008011549909346938,0.9953516547890167,9.002639495338165e-05,0.0008061076563375943,5.364065628450627e-05,9.416405979967869e-05,9.003807683899614e-05,1.6783238906677052,0.956058979879379,0.9998702561624525
OURS:w16h_h3av6,SYN:iv24s0a,ours,synth,0.9700487290113214,0.9691399966837544,0.0009087323275670522,0.994757010391437,9.501952801775336e-05,0.000915887873766911,5.700736219110073e-05,9.932368394686439e-05,9.497162193478896e-05,1.666793978279995,0.9566653615927734,1.0005044252376494
OURS:w16h_h3av6,SYN:iv24s0b,ours,synth,0.9700487290113214,0.9691464441379899,0.0009022848733315492,0.9955677775079231,9.832962475228154e-05,0.0009107753112340651,5.2532821895149545e-05,9.961599178628695e-05,9.525112173293444e-05,1.8717750390134762,0.9870867416873673,1.032319861050861
OURS:w16h_h3av6,SYN:rd24s0a,ours,synth,0.9700487290113214,0.9692243444524757,0.0008243845588457033,0.9953613547436585,9.3348462401249e-05,0.000831138620112188,5.359475729995434e-05,9.514278990682992e-05,9.097392196695463e-05,1.7417461539904862,0.9811406885657018,1.0261013308314542
OURS:w16h_h3av6,SYN:rd24s0b,ours,synth,0.9700487290113214,0.9690397111971055,0.0010090178142159179,0.995021107389786,0.00010146840450051293,0.0010179308288588793,5.571957458374967e-05,0.00010486024206256801,0.00010026558489800213,1.8210549032100054,0.9676537313347872,1.0119963355695216
OURS:w16h_h3av6,SYN:iv40s0a,ours,synth,0.9700487290113214,0.9690568461491886,0.000991882862132809,0.9951755350524335,0.00010151214098954992,0.0009987371515879384,5.474759413266834e-05,0.00010378385413581956,9.923636101934481e-05,1.8541845097988845,0.978111112126394,1.022932924452575
OURS:w16h_h3av6,SYN:iv40s0b,ours,synth,0.9700487290113214,0.9692238766636352,0.0008248523476862557,0.9958118726975207,9.406802351960238e-05,0.0008312464131996156,5.0871007348784987e-05,9.551054540850732e-05,9.132556354006049e-05,1.8491480397596083,0.9848967265055901,1.0300294887130796
OURS:w16h_h3av6,SYN:rd40s0a,ours,synth,0.9700487290113214,0.9691779605091455,0.0008707685021759337,0.9957213143378266,9.607906439741436e-05,0.0008791901415079396,5.143032038020477e-05,9.802711014299777e-05,9.373186005506197e-05,1.8681404993618247,0.9801274796049616,1.0250416917041179
OURS:w16h_h3av6,SYN:rd40s0b,ours,synth,0.9700487290113214,0.9690843874366427,0.0009643415746787287,0.9955475323691587,0.00010039008770419473,0.0009692869767999889,5.258819971669292e-05,0.00010236745841028103,9.788202745044638e-05,1.9089850621436693,0.9806836006598783,1.025623296932811
OURS:w16h_h3av6,SYN:iv86s0a,ours,synth,0.9700487290113214,0.9673277004087414,0.0027210286025800556,0.9923483470105784,0.00017065510177321114,0.002723139523473435,7.040809434053218e-05,0.0001731461232719355,0.00016555938629555584,2.4237994703823316,0.9856131835258474,1.0307787772815156
OURS:w16h_h3av6,SYN:iv86s0b,ours,synth,0.9700487290113214,0.9671389428213523,0.002909786189969177,0.9920107971103389,0.0001781175747060543,0.0029119397725248155,7.210607308306505e-05,0.00017919535651037764,0.0001713435605155136,2.470215990002197,0.9939854367584524,1.039534687911002
OURS:w16h_h3av6,SYN:rd86s0a,ours,synth,0.9700487290113214,0.9671813486261908,0.00286738038513068,0.9922634600500525,0.0001760203401321942,0.0028692336219129162,7.093052434152789e-05,0.00017772399524708783,0.0001699366698317024,2.4815880295014128,0.9904140399695323,1.0357996323366627
OURS:w16h_h3av6,SYN:rd86s0b,ours,synth,0.9700487290113214,0.9672795553078654,0.002769173703456085,0.9922564616611711,0.0001729850032093486,0.0027716656414979285,7.086238330067087e-05,0.00017483268756863767,0.00016717205046980056,2.441140068283745,0.989431699615304,1.0347722763656484
OURS:w16h_h3av6,STK:s0a,ours,stackhalf,0.9700487290113214,0.9699188896278209,0.0001298393835005296,0.9980681270239911,3.710646650881256e-05,0.00013145424654586267,3.439142531266863e-05,4.190697181809467e-05,4.0070735657258995e-05,1.0789452943999909,0.8854485279890985,0.9260240896548291
OURS:w16h_h3av6,STK:s0b,ours,stackhalf,0.9700487290113214,0.9698489422056923,0.00019978680562915407,0.9979181343267577,4.736835400983958e-05,0.00020183730663671977,3.567104188247203e-05,4.90858030833768e-05,4.6935012351071064e-05,1.327921796226405,0.9650112870595197,1.0092328016348893
OURS:w16h_h3av6,STK:s1a,ours,stackhalf,0.9700487290113214,0.9699951526153978,5.357639592362684e-05,0.9988575310993268,3.009806761092234e-05,5.5409042307699e-05,2.6403014391028782e-05,3.0990351328741456e-05,2.9632448305019135e-05,1.139948157629648,0.971207692731396,1.015713156777003
OURS:w16h_h3av6,STK:s1b,ours,stackhalf,0.9700487290113214,0.9697817311143507,0.00026699789697071097,0.9967919520430722,5.1460833411624847e-05,0.00026833076781256966,4.443633126726235e-05,5.418045603670068e-05,5.1806433093286764e-05,1.1580801552250932,0.9498043607600198,0.9933290199493255
OURS:w16h_h3av6,STK:s2a,ours,stackhalf,0.9700487290113214,0.9698956376462755,0.00015309136504593202,0.9982238187598969,4.3466021220175214e-05,0.00015461341769173212,3.2972454422427505e-05,4.500087068377264e-05,4.3029069276185514e-05,1.3182525226453903,0.9658928940645831,1.0101548081643386
OURS:w16h_h3av6,STK:s2b,ours,stackhalf,0.9700487290113214,0.9698705691099355,0.00017815990138592142,0.9984131208382424,4.354908888134807e-05,0.00018097346199599668,3.1178102036421e-05,4.5915405904489345e-05,4.390353234256171e-05,1.3967844749008707,0.9484635499452285,0.9919267666563122
OURS:w16h_h3av6,STK:s3a,ours,stackhalf,0.9700487290113214,0.9698157168164734,0.00023301219484805902,0.9973503775786015,4.8464635784486096e-05,0.00023555509883005954,4.028999870908051e-05,5.114125999356038e-05,4.890040538544177e-05,1.202894945081326,0.9476621379799535,0.9910886300937414
OURS:w16n_finegrid,SYN:iv16s0a,ours,synth,0.9700556964750705,0.9691870409336699,0.000868655541400587,0.9945230333056586,9.305523085201228e-05,0.0008731768212437674,5.821301754512511e-05,9.84063882754954e-05,9.409451937231975e-05,1.5985295862712916,0.9456218491781023,0.9889548453274399
OURS:w16n_finegrid,SYN:iv16s0b,ours,synth,0.9700556964750705,0.9692906053011139,0.0007650911739566224,0.995688066826239,9.253608368914373e-05,0.0007709229920097671,5.174687894185452e-05,9.358370328666236e-05,8.948314978482983e-05,1.788244732462456,0.9888055338619204,1.034117416649447
OURS:w16n_finegrid,SYN:rd16s0a,ours,synth,0.9700556964750705,0.9692899839659375,0.000765712509133043,0.9955251914690991,9.11516894318339e-05,0.0007710424176224482,5.265937964084738e-05,9.30625800692311e-05,8.89848606032304e-05,1.7309677792164568,0.9794666058476387,1.0243505334942877
OURS:w16n_finegrid,SYN:rd16s0b,ours,synth,0.9700556964750705,0.9692475740203867,0.0008081224546837573,0.9952742292567689,9.186862445297058e-05,0.0008131783464717245,5.409399250105742e-05,9.580737512671014e-05,9.160938708199888e-05,1.6983147333999196,0.9588888572666733,1.0028298123066761
OURS:w16n_finegrid,SYN:iv24s0a,ours,synth,0.9700556964750705,0.9691399966837544,0.0009156997913161158,0.9947055101772092,9.704312063502374e-05,0.0009229585639010412,5.7295600580787365e-05,0.00010104127275339914,9.661395121912067e-05,1.6937272609297807,0.9604305051844183,1.004442106036319
OURS:w16n_finegrid,SYN:iv24s0b,ours,synth,0.9700556964750705,0.9691464441379899,0.0009092523370806127,0.99545031377199,0.00010021912055737413,0.0009178460013681952,5.3232675423111505e-05,0.00010123470731772564,9.6798910068635e-05,1.882661725355682,0.9899679982561307,1.0353331508207482
OURS:w16n_finegrid,SYN:rd24s0a,ours,synth,0.9700556964750705,0.9692243444524757,0.0008313520225947668,0.995294826385648,9.519408773691221e-05,0.000838209310246318,5.39861500910826e-05,9.672274216098776e-05,9.248464551439342e-05,1.7633057289009448,0.9841955015963958,1.0292961302651813
OURS:w16n_finegrid,SYN:rd24s0b,ours,synth,0.9700556964750705,0.9690397111971055,0.0010159852779649814,0.9949197360888704,0.00010349545662283096,0.0010250015189930096,5.629270478046744e-05,0.00010659240773770522,0.00010192185233684942,1.8385234290383934,0.9709458564582291,1.0154393218912547
OURS:w16n_finegrid,SYN:iv40s0a,ours,synth,0.9700556964750705,0.9690568461491886,0.0009988503258818726,0.9951010904462849,0.00010427562180966723,0.0010058078417220686,5.5176972023629794e-05,0.00010613460530268402,0.00010148410941338999,1.889839510675046,0.9824846619279812,1.0275068915952759
OURS:w16n_finegrid,SYN:iv40s0b,ours,synth,0.9700556964750705,0.9692238766636352,0.0008318198114353192,0.9956973854306341,9.652181067576163e-05,0.0008383171033337457,5.1569687336342905e-05,9.762319818488251e-05,9.334564629156944e-05,1.871677251914216,0.9887179734981123,1.0340258438435501
OURS:w16n_finegrid,SYN:rd40s0a,ours,synth,0.9700556964750705,0.9691779605091455,0.0008777359659249973,0.9956154929164469,9.848440416021891e-05,0.0008862608316420696,5.2070564586426826e-05,0.00010003964769677667,9.565621432880506e-05,1.8913642466225673,0.9844537283730571,1.0295661902497242
OURS:w16n_finegrid,SYN:rd40s0b,ours,synth,0.9700556964750705,0.9690843874366427,0.0009713090384277923,0.9954664082805719,0.00010318726777304511,0.000976357666934119,5.307338912108228e-05,0.00010479486000455891,0.00010020306768309616,1.9442373943301872,0.9846596270900704,1.029781524248208
OURS:w16n_finegrid,SYN:iv86s0a,ours,synth,0.9700556964750705,0.9673277004087414,0.002727996066329119,0.9921000889453068,0.00017497273895947617,0.0027302102136075655,7.155209353339763e-05,0.00017693962932893262,0.0001691866724445996,2.445389510200788,0.9888838335599767,1.034199304420809
OURS:w16n_finegrid,SYN:iv86s0b,ours,synth,0.9700556964750705,0.9671389428213523,0.0029167536537182404,0.9917240793518581,0.0001824656348171263,0.002919010462658946,7.339972234357019e-05,0.00018301235207363379,0.00017499330693203057,2.4859172349867924,0.9970126756455897,1.0427006496196913
OURS:w16n_finegrid,SYN:rd86s0a,ours,synth,0.9700556964750705,0.9671813486261908,0.0028743478488797436,0.9919868798212986,0.00018034961596861515,0.0028763043120470463,7.219826739168258e-05,0.00018154817047666956,0.00017359328132338363,2.4979770634965663,0.9933981460407587,1.0389204846738582
OURS:w16n_finegrid,SYN:rd86s0b,ours,synth,0.9700556964750705,0.9672795553078654,0.0027761411672051484,0.9919988741818558,0.00017731501919808398,0.0027787363316320586,7.204234406006193e-05,0.0001786144279349053,0.00017078808646492976,2.4612611029182485,0.992725062852734,1.0382165575377793
OURS:w16n_finegrid,STK:s0a,ours,stackhalf,0.9700556964750705,0.9699188896278209,0.00013680684724959313,0.9980042524759751,3.867712671642758e-05,0.0001385249366799928,3.4960841709435784e-05,4.298662302014668e-05,4.110307982441231e-05,1.106298499271795,0.899747968066732,0.9409787996824539
OURS:w16n_finegrid,STK:s0b,ours,stackhalf,0.9700556964750705,0.9698489422056923,0.00020675426937821761,0.9978573327642823,4.851380524595764e-05,0.0002089079967708499,3.6193872660404974e-05,4.9856454886506214e-05,4.76718965339949e-05,1.3403872445799454,0.9730696929092734,1.0176604828667215
OURS:w16n_finegrid,STK:s1a,ours,stackhalf,0.9700556964750705,0.9699951526153978,6.054385967269038e-05,0.9987846442799482,3.2012940896513376e-05,6.247973244182913e-05,2.723650183188378e-05,3.2186143662853e-05,3.077584465274739e-05,1.1753690357929214,0.9946187164217649,1.040196987531114
OURS:w16n_finegrid,STK:s1b,ours,stackhalf,0.9700556964750705,0.9697817311143507,0.0002739653607197745,0.9968479869041917,5.228179087190534e-05,0.0002754014579466998,4.4053435672270944e-05,5.4699127887607946e-05,5.2302378319794215e-05,1.1867812367881596,0.9558066625729466,0.99960637644883
OURS:w16n_finegrid,STK:s2a,ours,stackhalf,0.9700556964750705,0.9698956376462755,0.00016005882879499556,0.9982103217530892,4.453952963952485e-05,0.00016168410782586224,3.310269209467943e-05,4.563753993993415e-05,4.3637841620211954e-05,1.3454956929827366,0.975940633481681,1.0206629839110846
OURS:w16n_finegrid,STK:s2b,ours,stackhalf,0.9700556964750705,0.9698705691099355,0.00018512736513498496,0.9983660018145584,4.509719257801067e-05,0.0001880441521301268,3.164256647965472e-05,4.687102622276616e-05,4.481728028236971e-05,1.4252065364864412,0.9621550073103818,1.0062456332440832
OURS:w16n_finegrid,STK:s3a,ours,stackhalf,0.9700556964750705,0.9698157168164734,0.00023997965859712256,0.9973917280914321,4.963301624106757e-05,0.00024262578896418966,3.998065058469414e-05,5.191637398882844e-05,4.964155624080416e-05,1.2414259276728392,0.956018543431939,0.9998279667201576
SYN:iv16s0a,SYN:iv16s0b,synth,synth,0.9691870409336699,0.9692906053011139,0.00010356436744396458,0.9978580304613801,4.539825893860556e-05,-0.00010225382923400028,3.671053193849088e-05,4.984543631915584e-05,4.76613607667833e-05,1.236654892788563,0.91078065096922,0.9525170538195173
SYN:iv16s0a,SYN:rd16s0a,synth,synth,0.9691870409336699,0.9692899839659375,0.00010294303226754398,0.999079184492319,3.0315273059106366e-05,-0.00010213440362131914,2.4044386346724563e-05,3.297193391454765e-05,3.1527203963422085e-05,1.2608046061959928,0.919426598927243,0.9615592011990088
SYN:iv16s0a,SYN:rd16s0b,synth,synth,0.9691870409336699,0.9692475740203867,6.0533086716829665e-05,0.999416103808522,2.6255903723208103e-05,-5.9998474772042946e-05,1.9139057804628526e-05,2.874237810908366e-05,2.7482974440849092e-05,1.3718493350732481,0.9134910000683021,0.955351604307533
SYN:iv16s0a,SYN:iv24s0a,synth,synth,0.9691870409336699,0.9691399966837544,4.70442499155288e-05,0.9996562338627664,2.8848704528383525e-05,4.978174265727378e-05,1.4695313427964884e-05,2.933563745644253e-05,2.8050238966365366e-05,1.963122778550951,0.9834013176368844,1.028465552930782
SYN:iv16s0a,SYN:iv24s0b,synth,synth,0.9691870409336699,0.9691464441379899,4.059679568002572e-05,0.9982513169315368,4.762410594838991e-05,4.466918012442779e-05,3.321810448680639e-05,5.146587803428947e-05,4.921079965005471e-05,1.4336792145170507,0.9253530254872956,0.9677572054722132
SYN:iv16s0a,SYN:rd24s0a,synth,synth,0.9691870409336699,0.9692243444524757,3.730351880582017e-05,0.9991277992971158,3.1057815603558375e-05,-3.496751099744931e-05,2.3396033537407922e-05,3.244699186999397e-05,3.102526328410034e-05,1.3274820945140136,0.9571862848796081,1.0010492197651943
SYN:iv16s0a,SYN:rd24s0b,synth,synth,0.9691870409336699,0.9690397111971055,0.0001473297365643944,0.9988527254833539,4.936474345906746e-05,0.00015182469774924212,2.6926027715020982e-05,5.213707841121005e-05,4.985259006605953e-05,1.8333466778513636,0.946826039420987,0.9902142174289115
SYN:iv16s0a,SYN:iv40s0a,synth,synth,0.9691870409336699,0.9690568461491886,0.00013019478448128563,0.9986294011287359,5.421592965017235e-05,0.00013263102047830115,2.9376373345266386e-05,5.599567756868699e-05,5.354211713372086e-05,1.845562384878545,0.9682163339066392,1.0125847193298063
SYN:iv16s0a,SYN:iv40s0b,synth,synth,0.9691870409336699,0.9692238766636352,3.683572996526774e-05,0.9976643162823526,4.600122677225881e-05,-3.485971791002169e-05,3.824527790957977e-05,4.9527350017781654e-05,4.735721204055496e-05,1.2027949406202723,0.9288045242829089,0.9713668687435625
SYN:iv16s0a,SYN:rd40s0a,synth,synth,0.9691870409336699,0.9691779605091455,9.080424524410269e-06,0.9983189571977854,4.746237854325773e-05,1.3084010398302252e-05,3.245361922275531e-05,4.9988488425131296e-05,4.7798144764172525e-05,1.462467967516511,0.9494661678826922,0.9929753294281314
SYN:iv16s0a,SYN:rd40s0b,synth,synth,0.9691870409336699,0.9690843874366427,0.00010265349702720528,0.9983088025998832,5.4363699307061986e-05,0.00010318084569035158,3.262781206728482e-05,5.730750710850101e-05,5.4796466289404165e-05,1.6661766714529798,0.9486313757137355,0.9921022830184606
SYN:iv16s0a,SYN:iv86s0a,synth,synth,0.9691870409336699,0.9673277004087414,0.0018593405249285322,0.9945755918250152,0.0001405630895292607,0.001857033392363798,5.967104618867194e-05,0.00014427179685042998,0.0001379502451163791,2.3556330667442773,0.9742936082995197,1.0189404840178236
SYN:iv16s0a,SYN:iv86s0b,synth,synth,0.9691870409336699,0.9671389428213523,0.0020480981123176534,0.9927928567914744,0.00014877760871559925,0.0020458336414151787,6.893469444263088e-05,0.0001520973831801832,0.0001454329380330552,2.1582399097948506,0.9781733623868389,1.0229980273229702
SYN:iv16s0a,SYN:rd86s0a,synth,synth,0.9691870409336699,0.9671813486261908,0.0020056923074791566,0.9935595670150941,0.00014622333946924697,0.0020031274908032795,6.514101488900171e-05,0.00015015205423434387,0.000143572847490281,2.24472000809946,0.9738350914669118,1.018460955712015
SYN:iv16s0a,SYN:rd86s0b,synth,synth,0.9691870409336699,0.9672795553078654,0.0019074856258045614,0.9939973305481934,0.00014343140085044264,0.0019055595103882911,6.279997136863717e-05,0.00014650423601875496,0.00014008486558414186,2.2839405452670873,0.9790256223859701,1.0238893420238226
SYN:iv16s0a,STK:s0a,synth,stackhalf,0.9691870409336699,0.9699188896278209,0.0007318486941509939,0.9936811527191579,8.572548690368001e-05,-0.0007346518845637746,6.261863698512947e-05,9.102279299439026e-05,8.703445079963421e-05,1.3690091485708624,0.9418024220478851,0.9849603934542239
SYN:iv16s0a,STK:s0b,synth,stackhalf,0.9691870409336699,0.9698489422056923,0.0006619012720223694,0.9951354705756045,8.555886646103557e-05,-0.0006642688244729174,5.489542379277378e-05,9.234094525454483e-05,8.829484563326584e-05,1.5585792138888306,0.9265539379652877,0.9690131496056497
SYN:iv16s0a,STK:s1a,synth,stackhalf,0.9691870409336699,0.9699951526153978,0.0008081116817278966,0.9940948122980019,8.797953383458853e-05,-0.0008106970888019382,6.043337667123715e-05,9.46825714641219e-05,9.053386889792362e-05,1.4558103266876,0.9292051586064776,0.9717858620820118
SYN:iv16s0a,STK:s1b,synth,stackhalf,0.9691870409336699,0.9697817311143507,0.0005946901806808125,0.9945446960660189,7.885967646518957e-05,-0.0005977753632970676,5.833689136139657e-05,8.242837480865432e-05,7.881661390262738e-05,1.3517977153882696,0.9567054627517652,1.0005463640269472
SYN:iv16s0a,STK:s2a,synth,stackhalf,0.9691870409336699,0.9698956376462755,0.0007085967126055914,0.994903816320804,8.701119697804368e-05,-0.0007114927134179051,5.622821802688302e-05,9.265705065731458e-05,8.859710025784716e-05,1.5474649567667813,0.9390671984569023,0.9820998286040066
SYN:iv16s0a,STK:s2b,synth,stackhalf,0.9691870409336699,0.9698705691099355,0.000683528176265602,0.994695517445415,8.3322606430031e-05,-0.0006851326691136406,5.738815510991369e-05,8.772889249126763e-05,8.388487900726365e-05,1.4519129647998945,0.9497738323588751,0.9932970925882367
SYN:iv16s0a,STK:s3a,synth,stackhalf,0.9691870409336699,0.9698157168164734,0.0006286758828034644,0.994238767464935,8.093882867098634e-05,-0.0006305510322795777,5.981164974678614e-05,8.505573512175071e-05,8.132885127065884e-05,1.3532284933393837,0.9515975443058444,0.9952043758939306
SYN:iv16s0b,SYN:rd16s0a,synth,synth,0.9692906053011139,0.9692899839659375,6.21335176420601e-07,0.9993934488834542,2.6096047188054715e-05,1.194256126811423e-07,1.955029722112775e-05,2.8611470499857737e-05,2.7357802805265756e-05,1.3348158799270355,0.9120833963491835,0.9538794973341872
SYN:iv16s0b,SYN:rd16s0b,synth,synth,0.9692906053011139,0.9692475740203867,4.303128072713491e-05,0.9990751684720075,3.0332223642528406e-05,4.225535446195734e-05,2.4131073384156766e-05,3.284004652387276e-05,3.1401095477435575e-05,1.256977804495137,0.9236352214202463,0.9659606832610268
SYN:iv16s0b,SYN:iv24s0a,synth,synth,0.9692906053011139,0.9691399966837544,0.00015060861735949338,0.9979987580012114,4.394732063157691e-05,0.00015203557189127407,3.552132586103647e-05,4.673080369547266e-05,4.468320188012294e-05,1.2372094668848765,0.9404357972947635,0.9835311433025711
SYN:iv16s0b,SYN:iv24s0b,synth,synth,0.9692906053011139,0.9691464441379899,0.0001441611631239903,0.9995928585182385,2.5975710249741244e-05,0.00014692300935842807,1.6057660032005707e-05,2.671050063568923e-05,2.554012766399913e-05,1.6176522729941436,0.9724905797921962,1.0170548319676609
SYN:iv16s0b,SYN:rd24s0a,synth,synth,0.9692906053011139,0.9692243444524757,6.626084863814441e-05,0.9988278067139404,3.214074479137217e-05,6.728631823655097e-05,2.7172279916542206e-05,3.4194520272015274e-05,3.269622030182293e-05,1.1828504965387618,0.9399384619434504,0.9830110176245728
SYN:iv16s0b,SYN:rd24s0b,synth,synth,0.9692906053011139,0.9690397111971055,0.000250894104008359,0.9988159385926247,4.331366347264978e-05,0.0002540785269832424,2.7404093199623844e-05,4.455079506268965e-05,4.259871460115728e-05,1.580554523630226,0.972230987386442,1.0167833437742526
SYN:iv16s0b,SYN:iv40s0a,synth,synth,0.9692906053011139,0.9690568461491886,0.0002337591519252502,0.9975443733719022,6.083557200544761e-05,0.00023488484971230143,3.939266073288764e-05,6.199210297451787e-05,5.927579739982331e-05,1.5443377236678504,0.9813438984390374,1.0263138527703541
SYN:iv16s0b,SYN:iv40s0b,synth,synth,0.9692906053011139,0.9692238766636352,6.672863747869684e-05,0.9987185986689798,4.413219601720469e-05,6.73941113239786e-05,2.8379626843592282e-05,4.489543265357215e-05,4.292825122007005e-05,1.5550661134633317,0.9829996818995632,1.0280455122889274
SYN:iv16s0b,SYN:rd40s0a,synth,synth,0.9692906053011139,0.9691779605091455,0.00011264479196837485,0.9986478501106814,4.8122176944330727e-05,0.00011533783963230254,2.9159446235393434e-05,4.906105300713686e-05,4.6911346747963e-05,1.6503117568097203,0.9808631082037812,1.0258110303861678
SYN:iv16s0b,SYN:rd40s0b,synth,synth,0.9692906053011139,0.9690843874366427,0.00020621786447116985,0.9978729766289693,5.905046816204374e-05,0.00020543467492435187,3.6657950586869315e-05,6.037846890323918e-05,5.773286787013975e-05,1.610850230759908,0.9780053922313986,1.0228223599573765
SYN:iv16s0b,SYN:iv86s0a,synth,synth,0.9692906053011139,0.9673277004087414,0.0019629048923724968,0.9944487787146976,0.000144595547965067,0.0019592872215977984,6.047231635983509e-05,0.00014968841159012524,0.00014312952025784432,2.3911031802496896,0.965976901144469,1.0102426648575478
SYN:iv16s0b,SYN:iv86s0b,synth,synth,0.9692906053011139,0.9671389428213523,0.002151662479761618,0.9943317619607684,0.00015045661380979814,0.0021480874706491784,6.124257704995165e-05,0.00015483881327081584,0.0001480542469875992,2.4567322450699667,0.9716983140825733,1.0162262607866976
SYN:iv16s0b,SYN:rd86s0a,synth,synth,0.9692906053011139,0.9671813486261908,0.002109256674923121,0.9946242087870929,0.00014808385700517933,0.0021053813200372796,5.9619949761385816e-05,0.0001532670795116237,0.00014655138182565058,2.4837970779554253,0.9661817624309121,1.0104569138853423
SYN:iv16s0b,SYN:rd86s0b,synth,synth,0.9692906053011139,0.9672795553078654,0.002011049993248526,0.9943081363163587,0.0001472080022175582,0.0020078133396222914,6.126169146789372e-05,0.0001514980906737107,0.00014485990470312446,2.4029372792409363,0.9716822275642254,1.0162094371057744
SYN:iv16s0b,STK:s0a,synth,stackhalf,0.9692906053011139,0.9699188896278209,0.0006282843267070293,0.9958909628566086,8.475249369940889e-05,-0.0006323980553297743,5.058848084234518e-05,8.725747001110521e-05,8.343411282765339e-05,1.6753318599056775,0.971292127638155,1.015801460902195
SYN:iv16s0b,STK:s0b,synth,stackhalf,0.9692906053011139,0.9698489422056923,0.0005583369045784048,0.9961689079565148,8.274589737711743e-05,-0.0005620149952389172,4.880615764823434e-05,8.599486814350052e-05,8.22268343371731e-05,1.6953987235278893,0.9622190156631034,1.0063125747711008
SYN:iv16s0b,STK:s1a,synth,stackhalf,0.9692906053011139,0.9699951526153978,0.000704547314283932,0.9959167198559311,8.667658135170798e-05,-0.000708443259567938,5.0345753989282996e-05,8.963897855821785e-05,8.571127090700784e-05,1.721626442820951,0.9669519080409212,1.0112623513160532
SYN:iv16s0b,STK:s1b,synth,stackhalf,0.9692906053011139,0.9697817311143507,0.0004911258132368479,0.9950150755150586,8.034809355244567e-05,-0.0004955215340630673,5.586733033066125e-05,8.152552797023847e-05,7.795332706915751e-05,1.4381946135047163,0.9855574757121152,1.0307205166645883
SYN:iv16s0b,STK:s2a,synth,stackhalf,0.9692906053011139,0.9698956376462755,0.0006050323451616268,0.9963550352777951,8.64395980503517e-05,-0.0006092388841839048,4.764040767567126e-05,8.827174762824922e-05,8.440394788173628e-05,1.8144176817045627,0.9792442131585125,1.0241179496896011
SYN:iv16s0b,STK:s2b,synth,stackhalf,0.9692906053011139,0.9698705691099355,0.0005799638088216374,0.9957492601246819,8.141423041672855e-05,-0.0005828788398796403,5.1467103362250596e-05,8.360162090397669e-05,7.993845191923812e-05,1.581869293161798,0.9738355493159572,1.0184614345419325
SYN:iv16s0b,STK:s3a,synth,stackhalf,0.9692906053011139,0.9698157168164734,0.0005251115153594998,0.9946549589963856,8.137018028229834e-05,-0.0005282972030455775,5.7716536358217945e-05,8.272850687736914e-05,7.91035950961133e-05,1.409824383384234,0.9835809124769497,1.028653377680636
SYN:rd16s0a,SYN:rd16s0b,synth,synth,0.9692899839659375,0.9692475740203867,4.240994555071431e-05,0.9991110828702668,3.379059327951183e-05,4.2135928849276196e-05,2.363303440699081e-05,3.635618057910778e-05,3.476316322297412e-05,1.4298034140514917,0.9294318803920157,0.9720229733633808
SYN:rd16s0a,SYN:iv24s0a,synth,synth,0.9692899839659375,0.9691399966837544,0.00014998728218307278,0.9991269022989658,3.0383706925882277e-05,0.00015191614627859293,2.3437679842609508e-05,3.1920603835448954e-05,3.0521939973674696e-05,1.2963615481531132,0.9518525113907808,0.9954710268118067
SYN:rd16s0a,SYN:iv24s0b,synth,synth,0.9692899839659375,0.9691464441379899,0.0001435398279475697,0.999495766787691,2.969753846790707e-05,0.00014680358374574693,1.7851312661215205e-05,3.2197116725577314e-05,3.078633690920737e-05,1.6636053063161937,0.9223663945136868,0.964633712529318
SYN:rd16s0a,SYN:rd24s0a,synth,synth,0.9692899839659375,0.9692243444524757,6.563951346172381e-05,0.9994739104543997,2.5036089820088147e-05,6.716689262386983e-05,1.818443905859755e-05,2.629846554690668e-05,2.5146146700741083e-05,1.376786478780667,0.9519981223023478,0.9956233103241344
SYN:rd16s0a,SYN:rd24s0b,synth,synth,0.9692899839659375,0.9690397111971055,0.0002502727688319384,0.9992129232688864,3.852172503173129e-05,0.00025395910137056125,2.2319375748931075e-05,4.027590496796804e-05,3.8511137200123e-05,1.7259320092577493,0.9564459212615616,1.0002749290822879
SYN:rd16s0a,SYN:iv40s0a,synth,synth,0.9692899839659375,0.9690568461491886,0.0002331378167488296,0.998334109260964,5.3857032725910594e-05,0.0002347654240996203,3.241169600955817e-05,5.4634273330710054e-05,5.2240365492503695e-05,1.6616542593151624,0.9857737541397376,1.0309467060225466
SYN:rd16s0a,SYN:iv40s0b,synth,synth,0.9692899839659375,0.9692238766636352,6.610730230227624e-05,0.998722299411411,4.078262965443944e-05,6.727468571129746e-05,2.8308819821671735e-05,4.174933321721112e-05,3.9920004300844034e-05,1.440633340116087,0.9768450538421256,1.0216088492149076
SYN:rd16s0a,SYN:rd40s0a,synth,synth,0.9692899839659375,0.9691779605091455,0.00011202345679195425,0.9990022869989967,4.169704321060074e-05,0.0001152184140196214,2.5021474508206212e-05,4.1993707092208566e-05,4.0153670455226845e-05,1.6664502804151486,0.9929355157677215,1.038436654429757
SYN:rd16s0a,SYN:rd40s0b,synth,synth,0.9692899839659375,0.9690843874366427,0.00020559652929474925,0.9983464099875128,5.4565059498844474e-05,0.00020531524931167072,3.228793479517758e-05,5.619984971572796e-05,5.373734307770378e-05,1.6899519850056848,0.9709111283188009,1.0154030023394311
SYN:rd16s0a,SYN:iv86s0a,synth,synth,0.9692899839659375,0.9673277004087414,0.001962283557196076,0.9947135550691378,0.00014296397964800204,0.0019591677959851167,5.895191553146906e-05,0.00014676615591033396,0.0001403353089419773,2.4250947294780705,0.9740936441460329,1.018731356533455
SYN:rd16s0a,SYN:iv86s0b,synth,synth,0.9692899839659375,0.9671389428213523,0.0021510411445851974,0.9939111477679959,0.0001498967756256821,0.0021479680450364976,6.340913926869649e-05,0.000153273671997211,0.00014655768544855226,2.363961683669824,0.9779681903126172,1.022783453265588
SYN:rd16s0a,SYN:rd86s0a,synth,synth,0.9692899839659375,0.9671813486261908,0.0021086353397467006,0.9944249879122424,0.00014717072788768016,0.0021052618944245984,6.065238407016297e-05,0.00015131823255916662,0.00014468792742461834,2.4264623747919347,0.9725908464476364,1.0171596933293232
SYN:rd16s0a,SYN:rd86s0b,synth,synth,0.9692899839659375,0.9672795553078654,0.0020104286580721054,0.9943669305841496,0.00014596624275125132,0.0020076939140096102,6.088190393540045e-05,0.00014898588756696418,0.000142457778702593,2.397530847690485,0.9797320077423063,1.0246280973956705
SYN:rd16s0a,STK:s0a,synth,stackhalf,0.9692899839659375,0.9699188896278209,0.0006289056618834499,0.9955158745471016,8.288241826293253e-05,-0.0006325174809424554,5.279119726150633e-05,8.516539889411838e-05,8.143370990976063e-05,1.5700045189800569,0.9731935661567891,1.0177900325894185
SYN:rd16s0a,STK:s0b,synth,stackhalf,0.9692899839659375,0.9698489422056923,0.0005589582397548254,0.9958789544416902,8.19162214552578e-05,-0.0005621344208515983,5.0565892097504356e-05,8.587972638077031e-05,8.211673773660028e-05,1.6199896423720115,0.953848188710578,0.9975581557807902
SYN:rd16s0a,STK:s1a,synth,stackhalf,0.9692899839659375,0.9699951526153978,0.0007051686494603526,0.9955504497139963,8.531202957396459e-05,-0.0007085626851806191,5.249967139368721e-05,8.886494399703132e-05,8.497115218820564e-05,1.625001210659442,0.9600189426419329,1.0040116836947666
SYN:rd16s0a,STK:s1b,synth,stackhalf,0.9692899839659375,0.9697817311143507,0.0004917471484132685,0.9953260114989052,7.70386276704642e-05,-0.0004956409596757485,5.403991881718456e-05,7.78983787737349e-05,7.448510852849509e-05,1.425587405693254,0.988963170777046,1.0342822772553555
SYN:rd16s0a,STK:s2a,synth,stackhalf,0.9692899839659375,0.9698956376462755,0.0006056536803380475,0.9959942481607903,8.572946003241325e-05,-0.000609358309796586,4.988980415898933e-05,8.787451175094706e-05,8.402411767348244e-05,1.7183763592097845,0.9755896029941732,1.0202958674979221
SYN:rd16s0a,STK:s2b,synth,stackhalf,0.9692899839659375,0.9698705691099355,0.000580585143998058,0.9957277570965294,7.901472228380361e-05,-0.0005829982654923214,5.154263092542116e-05,8.144875382876358e-05,7.787991693726569e-05,1.5329974598722518,0.9701157914573225,1.0145712192714849
SYN:rd16s0a,STK:s3a,synth,stackhalf,0.9692899839659375,0.9698157168164734,0.0005257328505359204,0.9949482399963914,7.944253159467341e-05,-0.0005284166286582586,5.605150479942354e-05,8.12238523945784e-05,7.766487000051037e-05,1.4173130922881205,0.9780689939298681,1.022888876195265
SYN:rd16s0b,SYN:iv24s0a,synth,synth,0.9692475740203867,0.9691399966837544,0.00010757733663235847,0.9991631168917898,3.7221888292663115e-05,0.00010978021742931673,2.2937238325258993e-05,3.810450358403549e-05,3.643488002651833e-05,1.622771135951164,0.9768369822893544,1.0216004077842984
SYN:rd16s0b,SYN:iv24s0b,synth,synth,0.9692475740203867,0.9691464441379899,0.00010112988239685539,0.9989703836878241,4.003311297057995e-05,0.00010466765489647073,2.5498701242863316e-05,4.174077126196602e-05,3.9911817504460256e-05,1.5700059618442168,0.9590889617091939,1.003039086508805
SYN:rd16s0b,SYN:rd24s0a,synth,synth,0.9692475740203867,0.9692243444524757,2.3229567911009497e-05,0.9991148297802802,3.0231725538775227e-05,2.5030963774593636e-05,2.3578105970966272e-05,3.080177062298156e-05,2.9452130632738613e-05,1.2821948283718005,0.9814931066404016,1.0264698984178084
SYN:rd16s0b,SYN:rd24s0b,synth,synth,0.9692475740203867,0.9690397111971055,0.00020786282328122407,0.9990819963815128,4.868559372863433e-05,0.00021182317252128505,2.40947126916279e-05,5.004060068127511e-05,4.7847973619607514e-05,2.020592415926625,0.9729218487749326,1.017505863794482
SYN:rd16s0b,SYN:iv40s0a,synth,synth,0.9692475740203867,0.9690568461491886,0.0001907278711981153,0.9984613895267621,5.7253770554946966e-05,0.00019262949525034411,3.113641248098561e-05,5.844484915410862e-05,5.588397346265572e-05,1.8388043449100218,0.9796204692731606,1.0245114476909307
SYN:rd16s0b,SYN:iv40s0b,synth,synth,0.9692475740203867,0.9692238766636352,2.3697356751561927e-05,0.9982750330400775,4.400789478899801e-05,2.5138756862021256e-05,3.287932297726341e-05,4.630551385262399e-05,4.427654694584425e-05,1.3384671825338432,0.9503813072685343,0.9939324049552728
SYN:rd16s0b,SYN:rd40s0a,synth,synth,0.9692475740203867,0.9691779605091455,6.961351124123993e-05,0.9985862651588275,4.866121936295662e-05,7.30824851703452e-05,2.9772778350810435e-05,5.062694309451314e-05,4.840862429003739e-05,1.6344198310814357,0.9611723795393532,1.0052179766854314
SYN:rd16s0b,SYN:rd40s0b,synth,synth,0.9692475740203867,0.9690843874366427,0.00016318658374403494,0.9984544980092657,5.478069244274839e-05,0.00016317932046239453,3.120231669147046e-05,5.649239282310793e-05,5.4017067835079704e-05,1.7556610614660983,0.9697003384912494,1.0141367282281986
SYN:rd16s0b,SYN:iv86s0a,synth,synth,0.9692475740203867,0.9673277004087414,0.0019198736116453619,0.9949169970760556,0.0001406472599342539,0.001917031867135841,5.7783728893205096e-05,0.00014534187949148488,0.00013897343998780186,2.4340287937145035,0.9676994712490558,1.0120441715093111
SYN:rd16s0b,SYN:iv86s0b,synth,synth,0.9692475740203867,0.9671389428213523,0.002108631199034483,0.9938059482525688,0.0001478741850608143,0.0021058321161872215,6.392949223616848e-05,0.00015186553047771546,0.00014521124441147038,2.3130824270359778,0.9737178976404599,1.0183383914939685
SYN:rd16s0b,SYN:rd86s0a,synth,synth,0.9692475740203867,0.9671813486261908,0.0020662253941959863,0.9943578509169021,0.00014563498740392537,0.0020631259655753227,6.099256329909062e-05,0.00015028171913997456,0.0001436968308737644,2.3877499079645457,0.9690798603939235,1.013487816804141
SYN:rd16s0b,SYN:rd86s0b,synth,synth,0.9692475740203867,0.9672795553078654,0.001968018712521391,0.9945405077861136,0.0001431648150772352,0.001965557985160334,5.9913018072497905e-05,0.00014718641899306395,0.00014073715737349075,2.3895443708744275,0.9726768003234166,1.0172495860300907
SYN:rd16s0b,STK:s0a,synth,stackhalf,0.9692475740203867,0.9699188896278209,0.0006713156074341642,0.9946348064179041,8.491386828431587e-05,-0.0006746534097917317,5.772179008268415e-05,8.970362201949875e-05,8.577308188824984e-05,1.4710886159746632,0.9466046785252246,0.9899827126993828
SYN:rd16s0b,STK:s0b,synth,stackhalf,0.9692475740203867,0.9698489422056923,0.0006013681853055397,0.9960113910652513,8.362730158036442e-05,-0.0006042703497008746,4.972662727153683e-05,8.914812257896004e-05,8.524192274517925e-05,1.6817408734300405,0.9380713711193892,0.9810583676104826
SYN:rd16s0b,STK:s1a,synth,stackhalf,0.9692475740203867,0.9699951526153978,0.0007475785950110669,0.9950415186907853,8.666557189812614e-05,-0.0007506986140298953,5.539837569856175e-05,9.220759592258724e-05,8.816733926382119e-05,1.5644063712210274,0.9398962312268297,0.9829668516909494
SYN:rd16s0b,STK:s1b,synth,stackhalf,0.9692475740203867,0.9697817311143507,0.0005341570939639828,0.9948180983738014,7.927755304707356e-05,-0.0005377768885250246,5.6877483384688516e-05,8.231234955533251e-05,7.870567252333598e-05,1.3938301825149875,0.9631307267420561,1.0072660648896432
SYN:rd16s0b,STK:s2a,synth,stackhalf,0.9692475740203867,0.9698956376462755,0.0006480636258887618,0.9958501982062802,8.502969480762955e-05,-0.0006514942386458622,5.075839638533391e-05,8.975772470451081e-05,8.582481395800845e-05,1.6751848139985361,0.9473245348804652,0.990735556376878
SYN:rd16s0b,STK:s2b,synth,stackhalf,0.9692475740203867,0.9698705691099355,0.0006229950895487724,0.9953023675126549,8.283692980984907e-05,-0.0006251341943415977,5.402597811414076e-05,8.632597094837412e-05,8.254342922327122e-05,1.5332795943988164,0.9595829493697602,1.003555711088571
SYN:rd16s0b,STK:s3a,synth,stackhalf,0.9692475740203867,0.9698157168164734,0.0005681427960866348,0.9945325841793361,8.000652893217703e-05,-0.0005705525575075348,5.828831359033799e-05,8.296352048197833e-05,7.932831111871287e-05,1.3725998232592391,0.9643579306588898,1.008549505263628
SYN:iv24s0a,SYN:iv24s0b,synth,synth,0.9691399966837544,0.9691464441379899,6.447454235503081e-06,0.9987223257418802,3.438723065528645e-05,-5.112562532845993e-06,2.8423923967072468e-05,3.747711703287548e-05,3.5834983647567915e-05,1.209798854483362,0.9175527195734258,0.9595994515716845
SYN:iv24s0a,SYN:rd24s0a,synth,synth,0.9691399966837544,0.9692243444524757,8.434776872134897e-05,0.9993853326170983,2.5143431805714597e-05,-8.474925365472309e-05,1.9661199546915504e-05,2.598263818520498e-05,2.4844157934313103e-05,1.2788350856069288,0.9677012636858315,1.012046046084265
SYN:iv24s0a,SYN:rd24s0b,synth,synth,0.9691399966837544,0.9690397111971055,0.00010028548664886561,0.9994075735870414,2.9232662119666048e-05,0.00010204295509196833,1.9369131756340847e-05,3.1446350435374624e-05,3.006846691646064e-05,1.5092396751390877,0.9296042852331012,0.972203278633503
SYN:iv24s0a,SYN:iv40s0a,synth,synth,0.9691399966837544,0.9690568461491886,8.315053456575683e-05,0.9992173041207225,4.130853156076067e-05,8.284927782102737e-05,2.2222590443720922e-05,4.2947890771915296e-05,4.106604470560133e-05,1.8588531190985682,0.961829110075258,1.0059048018112702
SYN:iv24s0a,SYN:iv40s0b,synth,synth,0.9691399966837544,0.9692238766636352,8.387997988079654e-05,0.9981213225048838,3.7699812653598466e-05,-8.464146056729547e-05,3.433628579308292e-05,4.0622002365011925e-05,3.884206966092712e-05,1.0979583779324533,0.9280638683156012,0.9705922723145287
SYN:iv24s0a,SYN:rd40s0a,synth,synth,0.9691399966837544,0.9691779605091455,3.796382539111853e-05,0.9988411037643312,3.433653056797138e-05,-3.6697732258971535e-05,2.6974432259515413e-05,3.628263226305063e-05,3.4692837570632655e-05,1.2729287585231357,0.9463627202963134,0.9897296667666386
SYN:iv24s0a,SYN:rd40s0b,synth,synth,0.9691399966837544,0.9690843874366427,5.5609247111676474e-05,0.9988346320380053,4.582240768123239e-05,5.339910303307779e-05,2.711299896525191e-05,4.871349104906441e-05,4.6579013898744185e-05,1.6900530900310404,0.940651279438788,0.983756499887341
SYN:iv24s0a,SYN:iv86s0a,synth,synth,0.9691399966837544,0.9673277004087414,0.0018122962750130034,0.9952557184450872,0.00013744129674624658,0.0018072516497065244,5.5862258104211535e-05,0.0001413434367747307,0.00013515019688068312,2.4603605620425983,0.9723924922336279,1.0169522495596965
SYN:iv24s0a,SYN:iv86s0b,synth,synth,0.9691399966837544,0.9671389428213523,0.0020010538624021246,0.9934796281655025,0.0001457780488687161,0.0019960518987579045,6.563526694883914e-05,0.00014933529367356502,0.00014279187489535557,2.2210323145687214,0.97617947695188,1.0209127723517106
SYN:iv24s0a,SYN:rd86s0a,synth,synth,0.9691399966837544,0.9671813486261908,0.001958648057563628,0.9942658971207963,0.00014305092201326829,0.0019533457481460056,6.152826752476005e-05,0.0001472103884769198,0.00014076007658740095,2.324962619103522,0.9717447490853973,1.0162748236673835
SYN:iv24s0a,SYN:rd86s0b,synth,synth,0.9691399966837544,0.9672795553078654,0.0018604413758890326,0.994655589355627,0.00014048550578476315,0.0018557777677310173,5.931748443195419e-05,0.0001437684194169387,0.00013746892415239216,2.368365872728816,0.9771652658804375,1.0219437349275167
SYN:iv24s0a,STK:s0a,synth,stackhalf,0.9691399966837544,0.9699188896278209,0.0007788929440665227,0.9939533603712568,8.88981883378914e-05,-0.0007844336272210484,6.131972642752038e-05,9.358713525685748e-05,8.948643137651985e-05,1.4497486130008854,0.9498975269827751,0.9934264555019142
SYN:iv24s0a,STK:s0b,synth,stackhalf,0.9691399966837544,0.9698489422056923,0.0007089455219378982,0.995301035321113,8.785380773237109e-05,-0.0007140505671301913,5.401018807646819e-05,9.322563651477871e-05,8.914077241081965e-05,1.6266154749912507,0.9423782021423254,0.9855625585953264
SYN:iv24s0a,STK:s1a,synth,stackhalf,0.9691399966837544,0.9699951526153978,0.0008551559316434254,0.9944682589700322,9.088241785127256e-05,-0.000860478831459212,5.855313841132429e-05,9.684491478032901e-05,9.260146490080549e-05,1.5521357235002748,0.9384325243862206,0.9814360706779923
SYN:iv24s0a,STK:s1b,synth,stackhalf,0.9691399966837544,0.9697817311143507,0.0006417344305963413,0.994716713820791,8.425544919259726e-05,-0.0006475571059543413,5.7470258290981706e-05,8.684310043232105e-05,8.30378996646517e-05,1.4660704805953293,0.9702031453639727,1.0146625761593517
SYN:iv24s0a,STK:s2a,synth,stackhalf,0.9691399966837544,0.9698956376462755,0.0007556409625211202,0.9949743302644204,9.060350204321985e-05,-0.000761274456075179,5.5896845223475006e-05,9.536653085327092e-05,9.11878592650123e-05,1.6209054675802899,0.9500555512774248,0.9935917212389626
SYN:iv24s0a,STK:s2b,synth,stackhalf,0.9691399966837544,0.9698705691099355,0.0007305724261811308,0.9950452628632467,8.619373836169605e-05,-0.0007349144117709144,5.5522552410780505e-05,8.999176338074954e-05,8.60485977706362e-05,1.5524095096348685,0.9577958595723447,1.0016867281375894
SYN:iv24s0a,STK:s3a,synth,stackhalf,0.9691399966837544,0.9698157168164734,0.0006757201327189932,0.994465007133601,8.493556177407545e-05,-0.0006803327749368515,5.868741027558388e-05,8.818322722432028e-05,8.431930617291735e-05,1.4472535314684307,0.9631713926506292,1.0073085943080973
SYN:iv24s0b,SYN:rd24s0a,synth,synth,0.9691464441379899,0.9692243444524757,7.790031448584589e-05,0.9993934898159564,2.921553446013416e-05,-7.96366911218771e-05,1.9574037751530867e-05,3.1363772747684564e-05,2.998950753211335e-05,1.4925655519311154,0.931505743749881,0.9741918712352844
SYN:iv24s0b,SYN:rd24s0b,synth,synth,0.9691464441379899,0.9690397111971055,0.00010673294088436869,0.9993866840812433,2.5148027511960297e-05,0.00010715551762481434,1.975163988092637e-05,2.6004503859748263e-05,2.486506552144192e-05,1.273212131426367,0.9670643073058708,1.0113799012624507
SYN:iv24s0b,SYN:iv40s0a,synth,synth,0.9691464441379899,0.9690568461491886,8.959798880125991e-05,0.9983637056666682,5.06614120683219e-05,8.796184035387337e-05,3.2203178300163537e-05,5.184434817329237e-05,4.9572686377637424e-05,1.5731804977791473,0.977182930316407,1.0219622088339277
SYN:iv24s0b,SYN:iv40s0b,synth,synth,0.9691464441379899,0.9692238766636352,7.743252564529346e-05,0.9992202480834118,3.529352681431211e-05,-7.952889803444949e-05,2.2170623371059303e-05,3.5975227936461345e-05,3.439890276751385e-05,1.5919050278208664,0.9810508185423248,1.0260073425261442
SYN:iv24s0b,SYN:rd40s0a,synth,synth,0.9691464441379899,0.9691779605091455,3.151637115561545e-05,0.9993837504752965,3.483550946595912e-05,-3.158516972612554e-05,1.9714264794913137e-05,3.5250855249414084e-05,3.370626989043548e-05,1.7670204711335575,0.9882174267683372,1.0335023596260966
SYN:iv24s0b,SYN:rd40s0b,synth,synth,0.9691464441379899,0.9690843874366427,6.205670134717955e-05,0.9984771954331497,5.244895458449269e-05,5.851166556592378e-05,3.106262019664236e-05,5.4154184408590886e-05,5.1781312608088197e-05,1.6884909982629872,0.968511577771492,1.0128934927057105
SYN:iv24s0b,SYN:iv86s0a,synth,synth,0.9691464441379899,0.9673277004087414,0.0018187437292485065,0.9952572534544444,0.0001399795459442234,0.00181236421223937,5.597551985614151e-05,0.0001446982991191502,0.0001383580593517119,2.500727930780712,0.9673890211311938,1.0117194950558652
SYN:iv24s0b,SYN:iv86s0b,synth,synth,0.9691464441379899,0.9671389428213523,0.0020075013166376277,0.9949068184919471,0.0001458665808482199,0.0020011644612907505,5.8135773737833046e-05,0.0001500650022221543,0.00014348960983273748,2.5090675064550525,0.9720226481073907,1.0165654573752985
SYN:iv24s0b,SYN:rd86s0a,synth,synth,0.9691464441379899,0.9671813486261908,0.001965095511799131,0.9952607435569365,0.00014361633395929327,0.0019584583106788517,5.605898155345102e-05,0.0001486337403107722,0.00014212106146908472,2.5618791133827186,0.9662431535330522,1.0105211182266172
SYN:iv24s0b,SYN:rd86s0b,synth,synth,0.9691464441379899,0.9672795553078654,0.0018668888301245357,0.9950625022537914,0.00014247981037179315,0.0018608903302638634,5.7139410023509147e-05,0.00014637674042549276,0.00013996295646035093,2.493547103709541,0.9733773956000668,1.0179822859926169
SYN:iv24s0b,STK:s0a,synth,stackhalf,0.9691464441379899,0.9699188896278209,0.0007724454898310196,0.9957916401348061,9.08441364261675e-05,-0.0007793210646882024,5.12715596681784e-05,9.331726703962446e-05,8.922838796450765e-05,1.7718231513551896,0.9734976099074266,1.0181080091047092
SYN:iv24s0b,STK:s0b,synth,stackhalf,0.9691464441379899,0.9698489422056923,0.0007024980677023951,0.9959271227168287,8.832013685554282e-05,-0.0007089380045973453,5.039680662152071e-05,9.104254223707834e-05,8.705333469052045e-05,1.7524947070322483,0.9700974367077067,1.0145520234178957
SYN:iv24s0b,STK:s1a,synth,stackhalf,0.9691464441379899,0.9699951526153978,0.0008487084774079223,0.9955729046982904,9.37636374200813e-05,-0.0008553662689263661,5.249975169843917e-05,9.699869426058703e-05,9.274850623153389e-05,1.785982492996608,0.966648449598561,1.010944986930714
SYN:iv24s0b,STK:s1b,synth,stackhalf,0.9691464441379899,0.9697817311143507,0.0006352869763608382,0.9956269616901685,8.57091203608228e-05,-0.0006424445434214953,5.2403111480510566e-05,8.644851861473813e-05,8.26606072232852e-05,1.6355731165447913,0.9914469528713327,1.036879878335552
SYN:iv24s0b,STK:s2a,synth,stackhalf,0.9691464441379899,0.9698956376462755,0.0007491935082856171,0.9963946570638086,9.117694582444633e-05,-0.0007561618935423329,4.745048565938839e-05,9.309038041254755e-05,8.901144281998064e-05,1.9215176527156657,0.9794454101527841,1.0243283665095202
SYN:iv24s0b,STK:s2b,synth,stackhalf,0.9691464441379899,0.9698705691099355,0.0007241249719456277,0.995677046894918,8.842394919694282e-05,-0.0007298018492380684,5.1978775357065536e-05,9.080824766997107e-05,8.682930619938443e-05,1.7011549154345986,0.9737435912022703,1.0183652624598503
SYN:iv24s0b,STK:s3a,synth,stackhalf,0.9691464441379899,0.9698157168164734,0.0006692726784834901,0.9953016411991862,8.648523924466616e-05,-0.0006752202124040055,5.41921160078452e-05,8.746722797259902e-05,8.363467983267364e-05,1.5959007622464123,0.988773066773758,1.0340834617612644
SYN:rd24s0a,SYN:rd24s0b,synth,synth,0.9692243444524757,0.9690397111971055,0.00018463325537021458,0.9988520343810383,4.226188949318213e-05,0.00018679220874669142,2.694914283185894e-05,4.37870815516166e-05,4.186846469541555e-05,1.5682090431173437,0.965167990092316,1.0093966855634344
SYN:rd24s0a,SYN:iv40s0a,synth,synth,0.9692243444524757,0.9690568461491886,0.0001674983032871058,0.9986504944708489,5.2652416807842245e-05,0.00016759853147575046,2.9165717996452992e-05,5.321520125578199e-05,5.088347284371326e-05,1.8052844375113826,0.9894243668226549,1.0347646075487464
SYN:rd24s0a,SYN:iv40s0b,synth,synth,0.9692243444524757,0.9692238766636352,4.6778884055243e-07,0.9987196846978212,3.8839780291926984e-05,1.0779308742761958e-07,2.8331676313296995e-05,3.9781773352529236e-05,3.8038656930537086e-05,1.3708959491993837,0.9763209887036782,1.0210607688608155
SYN:rd24s0a,SYN:rd40s0a,synth,synth,0.9692243444524757,0.9691779605091455,4.638394333023044e-05,0.9991308323790111,3.9420564385058164e-05,4.8051521395751563e-05,2.3349009476839052e-05,3.9965032115087724e-05,3.82138858509953e-05,1.6883184883778997,0.9863763970347466,1.0315769649485
SYN:rd24s0a,SYN:rd40s0b,synth,synth,0.9692243444524757,0.9690843874366427,0.00013995701583302544,0.9985476155232302,5.366157919479182e-05,0.0001381483566878009,3.0253384944910894e-05,5.487208318427895e-05,5.246775524093062e-05,1.7737380227867214,0.9779395291878777,1.0227534787485988
SYN:rd24s0a,SYN:iv86s0a,synth,synth,0.9692243444524757,0.9673277004087414,0.0018966440437343524,0.9949867957019697,0.00014225389597571816,0.0018920009033612472,5.7396118504837315e-05,0.0001457771448582748,0.0001393896333488757,2.478458468645908,0.9758312670619118,1.0205486057895967
SYN:rd24s0a,SYN:iv86s0b,synth,synth,0.9692243444524757,0.9671389428213523,0.0020854016311234735,0.993900178229516,0.00014934708523762287,0.002080801152412628,6.345292895654942e-05,0.00015254043919238214,0.00014585658067712992,2.3536673199103397,0.9790655253671333,1.0239310735538192
SYN:rd24s0a,SYN:rd86s0a,synth,synth,0.9692243444524757,0.9671813486261908,0.0020429958262849768,0.9945348632266058,0.00014681389810322404,0.0020380950018007286,6.0039133272326686e-05,0.00015062185975788607,0.00014402206756339663,2.4453034229741903,0.9747183997011918,1.0193847414292847
SYN:rd24s0a,SYN:rd86s0b,synth,synth,0.9692243444524757,0.9672795553078654,0.0019447891446103815,0.9945233285927386,0.00014507117698594273,0.0019405270213857407,6.001817909958639e-05,0.00014796457231184496,0.00014148121437844544,2.4171205984978386,0.9804453506626963,1.0253741291610246
SYN:rd24s0a,STK:s0a,synth,stackhalf,0.9692243444524757,0.9699188896278209,0.0006945451753451737,0.9953271729816047,8.577183387136255e-05,-0.0006996843735663252,5.387889064495985e-05,8.800718750373055e-05,8.415097997794558e-05,1.591937637256942,0.9746003287257278,1.0192612598669886
SYN:rd24s0a,STK:s0b,synth,stackhalf,0.9692243444524757,0.9698489422056923,0.0006245977532165492,0.9951839240295505,8.65953890221472e-05,-0.0006293013134754682,5.465208172928278e-05,8.98881983888017e-05,8.594957068192882e-05,1.584484731086631,0.9633677231752736,1.0075139216530626
SYN:rd24s0a,STK:s1a,synth,stackhalf,0.9692243444524757,0.9699951526153978,0.0007708081629220764,0.995148778316213,8.868939423827869e-05,-0.0007757295778044889,5.480625005081585e-05,9.233084832972986e-05,8.828519112501437e-05,1.6182350399096217,0.9605608076030354,1.0045783795460324
SYN:rd24s0a,STK:s1b,synth,stackhalf,0.9692243444524757,0.9697817311143507,0.0005573866618749923,0.9959240449234443,8.143842012203708e-05,-0.0005628078522996183,5.045357782511935e-05,8.168688891583444e-05,7.810761766845083e-05,1.614125769322375,0.9969582781631778,1.0426437593798439
SYN:rd24s0a,STK:s2a,synth,stackhalf,0.9692243444524757,0.9698956376462755,0.0006712931937997713,0.9960467802684203,8.776383510372262e-05,-0.0006765252024204558,4.9550883576385924e-05,8.998472299949999e-05,8.604186587749915e-05,1.7711860772054433,0.9753192784091839,1.0200131553245846
SYN:rd24s0a,STK:s2b,synth,stackhalf,0.9692243444524757,0.9698705691099355,0.0006462246574597819,0.9954613693992308,8.458464791187754e-05,-0.0006501651581161912,5.311378073126331e-05,8.608727272402792e-05,8.231519002977494e-05,1.5925179256179396,0.9825453314455973,1.027570341285511
SYN:rd24s0a,STK:s3a,synth,stackhalf,0.9692243444524757,0.9698157168164734,0.0005913723639976443,0.995628736202658,8.265858396992853e-05,-0.0005955835212821285,5.212854690070598e-05,8.362264553427829e-05,7.995855531412821e-05,1.585668292795038,0.9884712859992624,1.0337678519226978
SYN:rd24s0b,SYN:iv40s0a,synth,synth,0.9690397111971055,0.9690568461491886,1.713495208310878e-05,0.9989944617235962,4.2451205947488214e-05,-1.9193677270940963e-05,2.5263059849252153e-05,4.420948337373431e-05,4.2272358153255776e-05,1.6803667568695115,0.9602285009444212,1.0042308449787456
SYN:rd24s0b,SYN:iv40s0b,synth,synth,0.9690397111971055,0.9692238766636352,0.00018416546652966215,0.99867763715702,3.8175644901701776e-05,-0.00018668441565926382,2.8893122554347915e-05,4.0223381887278735e-05,3.846091552122571e-05,1.3212709990030829,0.9490908797446346,0.9925828437607913
SYN:rd24s0b,SYN:rd40s0a,synth,synth,0.9690397111971055,0.9691779605091455,0.00013824931203998414,0.9991536293791728,3.370108842623345e-05,-0.00013874068735093988,2.3120753491403937e-05,3.489474882733789e-05,3.336576696966118e-05,1.4576120297620567,0.9657925492740823,1.0100498650870868
SYN:rd24s0b,SYN:rd40s0b,synth,synth,0.9690397111971055,0.9690843874366427,4.467623953718913e-05,0.9988262414548891,4.768563187023825e-05,-4.864385205889055e-05,2.7291288912551455e-05,5.048624344662682e-05,4.827408967317233e-05,1.7472839785264702,0.9445272338523398,0.9878100693991728
SYN:rd24s0b,SYN:iv86s0a,synth,synth,0.9690397111971055,0.9673277004087414,0.0017120107883641378,0.9955819462093839,0.0001361658079407416,0.0017052086946145557,5.406432157034279e-05,0.00014108357125102594,0.00013490171787456433,2.518589043304224,0.9651429059622094,1.009370451956384
SYN:rd24s0b,SYN:iv86s0b,synth,synth,0.9690397111971055,0.9671389428213523,0.001900768375753259,0.9945323342000243,0.0001432264247776923,0.0018940089436659362,6.027833508635537e-05,0.0001476170207746177,0.00014114889149346204,2.376084617674072,0.9702568445434963,1.0147187360966734
SYN:rd24s0b,SYN:rd86s0a,synth,synth,0.9690397111971055,0.9671813486261908,0.0018583625709147622,0.9950420528928122,0.00014080800108688525,0.0018513027930540371,5.7378943171524e-05,0.00014599596153978657,0.00013959886214832978,2.45400129915194,0.9644650413738498,1.0086615243129324
SYN:rd24s0b,SYN:rd86s0b,synth,synth,0.9690397111971055,0.9672795553078654,0.001760155889240167,0.9952473584295138,0.0001388600970302642,0.0017537348126390492,5.609985844534789e-05,0.00014297486689550032,0.00013671014269104644,2.475230791634542,0.9712203273583491,1.0157263703840649
SYN:rd24s0b,STK:s0a,synth,stackhalf,0.9690397111971055,0.9699188896278209,0.0008791784307153883,0.9944694238124826,9.543419412964988e-05,-0.0008864765823130167,5.882016311499757e-05,9.990355291745661e-05,9.552608280915867e-05,1.6224741496052857,0.9552632648460515,0.999038077592982
SYN:rd24s0b,STK:s0b,synth,stackhalf,0.9690397111971055,0.9698489422056923,0.0008092310085867638,0.9960898999558265,9.137160933207596e-05,-0.0008160935222221596,4.94159903508944e-05,9.569901335310898e-05,9.150577339203408e-05,1.8490292045805814,0.9547811009809911,0.998533818632587
SYN:rd24s0b,STK:s1a,synth,stackhalf,0.9690397111971055,0.9699951526153978,0.000955441418292291,0.9949378944479222,9.74559082007862e-05,-0.0009625217865511803,5.6180407788439e-05,0.00010257711805619594,9.808250044777766e-05,1.7346956356703596,0.9500745395030096,0.9936115795974729
SYN:rd24s0b,STK:s1b,synth,stackhalf,0.9690397111971055,0.9697817311143507,0.0007420199172452069,0.9944819440411301,9.01911589921743e-05,-0.0007496000610463097,5.890858346629548e-05,9.274207237324421e-05,8.867839658054331e-05,1.5310359490103362,0.9724945397941546,1.0170589734361852
SYN:rd24s0b,STK:s2a,synth,stackhalf,0.9690397111971055,0.9698956376462755,0.0008559264491699858,0.9953784212819523,9.562081014480768e-05,-0.0008633174111671473,5.376300425033684e-05,9.961086079166722e-05,9.524621556290721e-05,1.7785615122913931,0.9599436184453359,1.0039329077768246
SYN:rd24s0b,STK:s2b,synth,stackhalf,0.9690397111971055,0.9698705691099355,0.0008308579128299964,0.9953123084035926,9.168509463285305e-05,-0.0008369573668628827,5.4167170778758815e-05,9.587750931694038e-05,9.167644820513253e-05,1.6926321481203623,0.9562732207589109,1.0000943146019485
SYN:rd24s0b,STK:s3a,synth,stackhalf,0.9690397111971055,0.9698157168164734,0.0007760056193678588,0.9942039853386802,9.045901988208053e-05,-0.0007823757300288198,6.0234955303088486e-05,9.323509406899398e-05,8.914981556374822e-05,1.5017695194909912,0.9702250079261018,1.0146854405704984
SYN:iv40s0a,SYN:iv40s0b,synth,synth,0.9690568461491886,0.9692238766636352,0.00016703051444655337,0.9985131038822394,3.645135893986174e-05,-0.00016749073838832285,3.058182870378948e-05,3.797968528913038e-05,3.631553089000609e-05,1.1919286872254617,0.9597593730007542,1.0037402193091174
SYN:iv40s0a,SYN:rd40s0a,synth,synth,0.9690568461491886,0.9691779605091455,0.00012111435995687536,0.9991139933171164,3.453057454619019e-05,-0.0001195470100799989,2.3612629735265802e-05,3.606294672320316e-05,3.4482777983574894e-05,1.462377335067355,0.9575084036039954,1.001386099537516
SYN:iv40s0a,SYN:rd40s0b,synth,synth,0.9690568461491886,0.9690843874366427,2.7541287454080354e-05,0.9997417783441344,1.6779539170940635e-05,-2.945017478794958e-05,1.2777238897257348e-05,1.83423040681363e-05,1.7538600041294342e-05,1.3132367098921807,0.9147999678017303,0.9567205553141921
SYN:iv40s0a,SYN:iv86s0a,synth,synth,0.9690568461491886,0.9673277004087414,0.0017291457404472466,0.997462404839088,0.00011139568524782064,0.0017244023718854969,4.0900522393283055e-05,0.0001147225334479637,0.00010969574064379185,2.7235760995100335,0.9710009176039329,1.015496906206677
SYN:iv40s0a,SYN:iv86s0b,synth,synth,0.9690568461491886,0.9671389428213523,0.0019179033278363677,0.9957822364513434,0.00012145936101130268,0.0019132026209368774,5.284763270535725e-05,0.00012428678638837825,0.0001188409170835993,2.2982933159651284,0.9772507966515421,1.0220331851348927
SYN:iv40s0a,SYN:rd86s0a,synth,synth,0.9690568461491886,0.9671813486261908,0.001875497522997871,0.9965051039701818,0.00011811495695153513,0.0018704964703249783,4.808865190384272e-05,0.00012153177278023526,0.00011620661980000547,2.4561918930003666,0.971885411110733,1.016421931511423
SYN:iv40s0a,SYN:rd86s0b,synth,synth,0.9690568461491886,0.9672795553078654,0.0017772908413232757,0.9969238952037572,0.00011520073392649096,0.00177292848990999,4.5052363799144335e-05,0.00011789666474626531,0.00011273079115394964,2.5570408345295066,0.9771331035905343,1.021910098804933
SYN:iv40s0a,STK:s0a,synth,stackhalf,0.9690568461491886,0.9699188896278209,0.0008620434786322795,0.9944502810386695,9.459804430087158e-05,-0.0008672829050420757,5.881347894356216e-05,9.801931751585422e-05,9.372440887716013e-05,1.6084415681590363,0.9650959290302213,1.0093213223127018
SYN:iv40s0a,STK:s0b,synth,stackhalf,0.9690568461491886,0.9698489422056923,0.000792096056503655,0.9955848461851272,9.333241412327912e-05,-0.0007968998449512186,5.2413860643002775e-05,9.690664879165435e-05,9.266049391534794e-05,1.7806819222681882,0.9631167240540977,1.0072514205303613
SYN:iv40s0a,STK:s1a,synth,stackhalf,0.9690568461491886,0.9699951526153978,0.0009383064662091822,0.9951283384080251,9.796053918406174e-05,-0.0009433281092802394,5.501192640077945e-05,0.00010163616263968778,9.718277483830558e-05,1.7807145757883105,0.9638354758762729,1.0080031090597095
SYN:iv40s0a,STK:s1b,synth,stackhalf,0.9690568461491886,0.9697817311143507,0.0007248849651620981,0.9954251453300342,8.963753478364979e-05,-0.0007304063837753688,5.353978544892216e-05,9.117207730232765e-05,8.717719392283343e-05,1.6742228985800751,0.9831687226606749,1.0282222993205559
SYN:iv40s0a,STK:s2a,synth,stackhalf,0.9690568461491886,0.9698956376462755,0.0008387914970868771,0.9954419363480537,9.590808499550334e-05,-0.0008441237338962063,5.329405755747167e-05,9.845545980400018e-05,9.41414407355609e-05,1.7996018579008968,0.9741266272732054,1.0187658511080668
SYN:iv40s0a,STK:s2b,synth,stackhalf,0.9690568461491886,0.9698705691099355,0.0008137229607468877,0.9956567608322903,9.36841400799003e-05,-0.0008177636895919417,5.204320828952631e-05,9.5941608623766e-05,9.173773887511394e-05,1.800122305272141,0.9764703909362376,1.0212170174309185
SYN:iv40s0a,STK:s3a,synth,stackhalf,0.9690568461491886,0.9698157168164734,0.0007588706672847501,0.9949079004119619,9.250714007005382e-05,-0.0007631820527578788,5.635505806452497e-05,9.361664772929597e-05,8.951465070209671e-05,1.641505540889262,0.9881483936227835,1.0334301630457798
SYN:iv40s0b,SYN:rd40s0a,synth,synth,0.9692238766636352,0.9691779605091455,4.591615448967801e-05,0.9997014916337188,1.6729672183339746e-05,4.794372830832394e-05,1.3668838295967026e-05,1.831145200170639e-05,1.7509099818664098e-05,1.2239278731006582,0.9136180015533862,0.9554844256188711
SYN:iv40s0b,SYN:rd40s0b,synth,synth,0.9692238766636352,0.9690843874366427,0.00013948922699247301,0.9990483096642645,3.456765943569658e-05,0.00013804056360037327,2.4463508780114318e-05,3.6052112470978494e-05,3.447241845536028e-05,1.4130294941090233,0.9588247973963557,1.0027628169012752
SYN:iv40s0b,SYN:iv86s0a,synth,synth,0.9692238766636352,0.9673277004087414,0.0018961762548938,0.9964151874097568,0.00012471943055965704,0.0018918931102738195,4.848477397555556e-05,0.0001289072031367657,0.00012325888121030013,2.572342208350533,0.9675132771854061,1.011849445127325
SYN:iv40s0b,SYN:iv86s0b,synth,synth,0.9692238766636352,0.9671389428213523,0.002084933842282921,0.9963964332102633,0.00013089053490957777,0.0020806933593252,4.872004971844233e-05,0.00013429058763423586,0.00012840638215777663,2.6865845922983715,0.974681377268832,1.0193460224488593
SYN:iv40s0b,SYN:rd86s0a,synth,synth,0.9692238766636352,0.9671813486261908,0.0020425280374444243,0.9963775848218219,0.00013005253620896725,0.002037987208713301,4.882937631986161e-05,0.00013423225823839752,0.00012835060857881628,2.66340768632893,0.9688620151051393,1.0132599887838154
SYN:iv40s0b,SYN:rd86s0b,synth,synth,0.9692238766636352,0.9672795553078654,0.0019443213557698291,0.9965941216705855,0.000125833646729072,0.0019404192282983128,4.728099103299635e-05,0.00012920775809890526,0.00012354626676730598,2.661400363652604,0.9738861549842039,1.0185143592082324
SYN:iv40s0b,STK:s0a,synth,stackhalf,0.9692238766636352,0.9699188896278209,0.0006950129641857261,0.9960370763786555,8.696947361655567e-05,-0.0006997921666537529,4.956453887540996e-05,8.989810203245391e-05,8.595904037801076e-05,1.7546712950395893,0.9674228003741282,1.0117548222281387
SYN:iv40s0b,STK:s0b,synth,stackhalf,0.9692238766636352,0.9698489422056923,0.0006250655420571016,0.9961848517386549,8.42782960724862e-05,-0.0006294091065628958,4.8590322877744907e-05,8.723691006518948e-05,8.341445375609143e-05,1.7344666814528806,0.9660852958857391,1.0103560267734977
SYN:iv40s0b,STK:s1a,synth,stackhalf,0.9692238766636352,0.9699951526153978,0.0007712759517626289,0.9956869537610188,9.02956333088294e-05,-0.0007758373708919166,5.16214540091158e-05,9.36111293276083e-05,8.950937410000202e-05,1.7491881048698117,0.9645822452672721,1.0087840990592667
SYN:iv40s0b,STK:s1b,synth,stackhalf,0.9692238766636352,0.9697817311143507,0.0005578544507155447,0.9961337805756072,8.1739567871191e-05,-0.0005629156453870459,4.908583464284729e-05,8.187638011190595e-05,7.828880593612424e-05,1.6652374043537215,0.9983290389666963,1.0440773351158559
SYN:iv40s0b,STK:s2a,synth,stackhalf,0.9692238766636352,0.9698956376462755,0.0006717609826403237,0.9967266061991209,8.805000069192601e-05,-0.0006766329955078834,4.504114508320158e-05,8.931531038283476e-05,8.540178488752782e-05,1.9548792671517778,0.9858332274110092,1.0310089046486068
SYN:iv40s0b,STK:s2b,synth,stackhalf,0.9692238766636352,0.9698705691099355,0.0006466924463003343,0.996073632206524,8.415213779653841e-05,-0.0006502729512036189,4.934860014666955e-05,8.695713748663799e-05,8.3146939961777e-05,1.7052588634009649,0.9677427319806773,1.0120894146582364
SYN:iv40s0b,STK:s3a,synth,stackhalf,0.9692238766636352,0.9698157168164734,0.0005918401528381967,0.9955470097916537,8.300151482075657e-05,-0.0005956913143695561,5.255724124099932e-05,8.410845835839683e-05,8.042308129655091e-05,1.5792593534382091,0.9868390937220198,1.032060864650261
SYN:rd40s0a,SYN:rd40s0b,synth,synth,0.9691779605091455,0.9690843874366427,9.357307250279501e-05,0.9990996290872662,4.020846537363323e-05,9.009683529204933e-05,2.3800406749012878e-05,4.2757289911087416e-05,4.0883795395309195e-05,1.6894024458342871,0.9403885385917958,0.9834817189757914
SYN:rd40s0a,SYN:iv86s0a,synth,synth,0.9691779605091455,0.9673277004087414,0.001850260100404122,0.9966026405371802,0.00012714724622803807,0.0018439493819654958,4.7211032689138945e-05,0.00013150812026950786,0.00012574583405778662,2.693168079275858,0.9668395074575413,1.0111447999908088
SYN:rd40s0a,SYN:iv86s0b,synth,synth,0.9691779605091455,0.9671389428213523,0.002039017687793243,0.9959546053904237,0.0001340299611275984,0.0020327496310168763,5.163239364023362e-05,0.0001377825078093476,0.0001317452970018393,2.5958502342831142,0.9727647090954269,1.0173415232099496
SYN:rd40s0a,SYN:rd86s0a,synth,synth,0.9691779605091455,0.9671813486261908,0.0019966118829547463,0.9962041363518576,0.00013284394906830433,0.001990043480404977,4.999629039518234e-05,0.00013736022799084544,0.0001313415202017869,2.6570761154132594,0.9671209127372583,1.0114391006302437
SYN:rd40s0a,SYN:rd86s0b,synth,synth,0.9691779605091455,0.9672795553078654,0.0018984052012801511,0.9965244236425108,0.00012860842162605533,0.0018924754999899889,4.777338120183396e-05,0.0001321825938851388,0.00012639075428912803,2.6920518998374394,0.9729603410401427,1.0175461199626534
SYN:rd40s0a,STK:s0a,synth,stackhalf,0.9691779605091455,0.9699188896278209,0.0007409291186754041,0.9957433535118632,8.843385411613899e-05,-0.0007477358949620768,5.138075499612047e-05,9.173656827870132e-05,8.771695061996159e-05,1.7211474242217,0.9639978448667441,1.0081729185876904
SYN:rd40s0a,STK:s0b,synth,stackhalf,0.9691779605091455,0.9698489422056923,0.0006709816965467796,0.9961445287995581,8.650889281280107e-05,-0.0006773528348712198,4.8858076517020014e-05,8.911743286655275e-05,8.521257776271171e-05,1.7706160164259672,0.970729183170505,1.015212719578783
SYN:rd40s0a,STK:s1a,synth,stackhalf,0.9691779605091455,0.9699951526153978,0.0008171921062523069,0.9955604300332523,9.199487225653747e-05,-0.0008237810992002405,5.2385642148276374e-05,9.572751248529215e-05,9.153302377884632e-05,1.7561085153093678,0.9610076546245974,1.0050457032732474
SYN:rd40s0a,STK:s1b,synth,stackhalf,0.9691779605091455,0.9697817311143507,0.0006037706052052227,0.9960473866709012,8.353756599116034e-05,-0.0006108593736953698,4.964303139849188e-05,8.378499936834015e-05,8.011379529653197e-05,1.682765206673059,0.9970468057642151,1.042736343746488
SYN:rd40s0a,STK:s2a,synth,stackhalf,0.9691779605091455,0.9698956376462755,0.0007176771371300017,0.996546299090294,8.956095104023958e-05,-0.0007245767238162074,4.627603501669562e-05,9.166173365363139e-05,8.764539502075953e-05,1.9353635420132145,0.9770811381188775,1.0218557520224119
SYN:rd40s0a,STK:s2b,synth,stackhalf,0.9691779605091455,0.9698705691099355,0.0006926086007900123,0.9959882943601539,8.622447438368951e-05,-0.0006982166795119428,4.989388490429521e-05,8.873613305620353e-05,8.484798535138245e-05,1.7281571589200244,0.9716951980438093,1.0162230019558696
SYN:rd40s0a,STK:s3a,synth,stackhalf,0.9691779605091455,0.9698157168164734,0.0006377563073278747,0.9955496869719396,8.507477225264191e-05,-0.0006436350426778799,5.25539552623179e-05,8.630684500104343e-05,8.252514131683386e-05,1.618808172058593,0.9857245071536722,1.0308952022998592
SYN:rd40s0b,SYN:iv86s0a,synth,synth,0.9690843874366427,0.9673277004087414,0.001756687027901327,0.9975956973144382,0.00010916652697601264,0.0017538525466734463,3.980716500934437e-05,0.00011253985880901892,0.00010760870417495315,2.7423838635679476,0.9700254481505005,1.0144767359945785
SYN:rd40s0b,SYN:iv86s0b,synth,synth,0.9690843874366427,0.9671389428213523,0.001945444615290448,0.9964810439883672,0.00011849581632841671,0.001942652795724827,4.8265904345979985e-05,0.00012114198539585062,0.00011583391171434353,2.4550625940625537,0.9781564660774946,1.0229803567424853
SYN:rd40s0b,SYN:rd86s0a,synth,synth,0.9690843874366427,0.9671813486261908,0.0019030388104519513,0.9969650615997445,0.000115484576245319,0.0018999466451129277,4.480737474251636e-05,0.00011874172835937323,0.00011353882664745658,2.5773564487753657,0.9725694399175627,1.0171373058478406
SYN:rd40s0b,SYN:rd86s0b,synth,synth,0.9690843874366427,0.9672795553078654,0.001804832128777356,0.9972883639202195,0.00011263178504837272,0.0018023786646979396,4.229428975862911e-05,0.00011533526862711872,0.00011028162762933689,2.663049449255569,0.9765597842626402,1.0213105071946784
SYN:rd40s0b,STK:s0a,synth,stackhalf,0.9690843874366427,0.9699188896278209,0.0008345021911781991,0.9949760782145177,9.409590891056474e-05,-0.0008378327302541262,5.595132176144126e-05,9.730781282611807e-05,9.304408016085313e-05,1.681745952522086,0.9669923326578848,1.0113046283857419
SYN:rd40s0b,STK:s0b,synth,stackhalf,0.9690843874366427,0.9698489422056923,0.0007645547690495746,0.9959042850002036,9.211800918916518e-05,-0.0007674496701632691,5.047607675324207e-05,9.619876617384589e-05,9.198362856278329e-05,1.8249835390237308,0.9575799446605567,1.0014609189535306
SYN:rd40s0b,STK:s1a,synth,stackhalf,0.9690843874366427,0.9699951526153978,0.0009107651787551019,0.9955246172356099,9.718029610873908e-05,-0.0009138779344922899,5.2720660632106186e-05,0.00010062156171727027,9.621263064520384e-05,1.8433057352387872,0.9657999185283909,1.0100575720364993
SYN:rd40s0b,STK:s1b,synth,stackhalf,0.9690843874366427,0.9697817311143507,0.0006973436777080178,0.9957800726031787,8.886205415537112e-05,-0.0007009562089874191,5.141479929274317e-05,9.050093830127368e-05,8.653546219339125e-05,1.7283361090143041,0.9818909706720743,1.026885994516102
SYN:rd40s0b,STK:s2a,synth,stackhalf,0.9690843874366427,0.9698956376462755,0.0008112502096327967,0.9958729886159189,9.533594032344967e-05,-0.0008146735591082567,5.0705370737066246e-05,9.728016851885969e-05,9.301764714313507e-05,1.8801941281095482,0.980014136231342,1.0249231543853956
SYN:rd40s0b,STK:s2b,synth,stackhalf,0.9690843874366427,0.9698705691099355,0.0007861816732928073,0.9960196697595807,9.262321842561577e-05,-0.0007883135148039921,4.981547750634416e-05,9.532908782861387e-05,9.115205687991625e-05,1.8593261183498624,0.9716154904590841,1.016139641781618
SYN:rd40s0b,STK:s3a,synth,stackhalf,0.9690843874366427,0.9698157168164734,0.0007313293798306697,0.9951737606572351,9.150780709315009e-05,-0.0007337318779699293,5.485755458678282e-05,9.265279124129413e-05,8.859302747649348e-05,1.6680985469082072,0.9876422055633254,1.0329007789854567
SYN:iv86s0a,SYN:iv86s0b,synth,synth,0.9673277004087414,0.9671389428213523,0.00018875758738912118,0.9991651004003342,2.829867769996986e-05,0.00018880024905138038,2.3995139574502892e-05,2.9353039715000116e-05,2.806687871083383e-05,1.1793504101989007,0.9640799717757528,1.0082588089514406
SYN:iv86s0a,SYN:rd86s0a,synth,synth,0.9673277004087414,0.9671813486261908,0.00014635178255062442,0.999556557279764,2.2897690365361016e-05,0.00014609409843948143,1.7481116395351203e-05,2.3458933802561014e-05,2.2431034608844676e-05,1.3098528633703426,0.9760754925213725,1.0208040228484305
SYN:iv86s0a,SYN:rd86s0b,synth,synth,0.9673277004087414,0.9672795553078654,4.814510087602919e-05,0.9997855149600808,1.850538520190372e-05,4.85261180244932e-05,1.2140950736255877e-05,1.9267498926479592e-05,1.842325567236816e-05,1.524212197537551,0.9604456329550646,1.0044579270350538
SYN:iv86s0a,STK:s0a,synth,stackhalf,0.9673277004087414,0.9699188896278209,0.002591189219079526,0.9919767680447317,0.00016551273233551895,-0.0025916852769275727,7.221144145635429e-05,0.00016958888717387945,0.00016215801747381444,2.292056895659082,0.9759644932737768,1.0206879370749968
SYN:iv86s0a,STK:s0b,synth,stackhalf,0.9673277004087414,0.9698489422056923,0.0025212417969509016,0.9930325616503712,0.00016482733926533993,-0.0025213022168367153,6.723685521691336e-05,0.0001681415922140659,0.0001607741385811923,2.451443315330396,0.9802889165905692,1.0252105265182356
SYN:iv86s0a,STK:s1a,synth,stackhalf,0.9673277004087414,0.9699951526153978,0.002667452206656429,0.9927721517890482,0.00016865713235584038,-0.0026677304811657363,6.842704162999103e-05,0.00017212793239530354,0.0001645858094491244,2.464773112183171,0.9798359278987199,1.024736779679505
SYN:iv86s0a,STK:s1b,synth,stackhalf,0.9673277004087414,0.9697817311143507,0.0024540307056093447,0.9925313334308968,0.00016366230892368884,-0.0024548087556608656,6.985150348768485e-05,0.00016573350457394542,0.00015847156602391874,2.343003382204125,0.9875028549261596,1.0327550426237766
SYN:iv86s0a,STK:s2a,synth,stackhalf,0.9673277004087414,0.9698956376462755,0.0025679372375341236,0.9928818063322451,0.00016650938953074765,-0.002568526105781703,6.800871250539605e-05,0.0001694647057227092,0.0001620392772764798,2.44835379757463,0.982560874965922,1.0275865970855986
SYN:iv86s0a,STK:s2b,synth,stackhalf,0.9673277004087414,0.9698705691099355,0.0025428687011941342,0.9930649954143387,0.00016578193171228866,-0.002542166061477439,6.715341960134229e-05,0.0001683563042585594,0.00016097944259634936,2.4687042401780377,0.9847087843986105,1.0298329341839094
SYN:iv86s0a,STK:s3a,synth,stackhalf,0.9673277004087414,0.9698157168164734,0.0024880164077319966,0.9919997764863882,0.00016562888192799463,-0.0024875844246433757,7.213109423196874e-05,0.0001660155043221898,0.0001587412094001179,2.296220287402591,0.997671166944475,1.0433893161952412
SYN:iv86s0b,SYN:rd86s0a,synth,synth,0.9671389428213523,0.9671813486261908,4.2405804838496763e-05,0.999784368658018,1.8504482726079044e-05,-4.270615061189896e-05,1.2216643379478235e-05,1.9316482586444055e-05,1.84700930172014e-05,1.5146945156116491,0.9579633684998708,1.001861913139561
SYN:iv86s0b,SYN:rd86s0b,synth,synth,0.9671389428213523,0.9672795553078654,0.000140612486513092,0.9995286630271979,2.30222147011254e-05,-0.0001402741310268872,1.803710358612666e-05,2.347034299141231e-05,2.2441943881710026e-05,1.2763809106708832,0.980906615193017,1.02585653107743
SYN:iv86s0b,STK:s0a,synth,stackhalf,0.9671389428213523,0.9699188896278209,0.0027799468064686472,0.992255164213372,0.00017330520003452132,-0.0027804855259789527,7.110678962804906e-05,0.00017609486396230544,0.00016837892212931893,2.4372524894044534,0.9841581755139589,1.0292570937199543
SYN:iv86s0b,STK:s0b,synth,stackhalf,0.9671389428213523,0.9698489422056923,0.0027099993843400227,0.9926648351685462,0.0001721616587277259,-0.002710102465888096,6.914331472037644e-05,0.0001742257690174652,0.00016659172524527508,2.4899248672697794,0.9881526693704398,1.0334346347290067
SYN:iv86s0b,STK:s1a,synth,stackhalf,0.9671389428213523,0.9699951526153978,0.00285620979404555,0.9926361188180883,0.00017621350453909455,-0.0028565307302171167,6.922322836215133e-05,0.00017836086363334262,0.00017054563258054654,2.545583450936557,0.9879605926406456,1.0332337561084781
SYN:iv86s0b,STK:s1b,synth,stackhalf,0.9671389428213523,0.9697817311143507,0.002642788292998466,0.9921630863219714,0.000171716663302471,-0.002643609004712246,7.171299606570185e-05,0.00017272278830077163,0.00016515460057642506,2.39449852499745,0.9941749145657109,1.0397328485137134
SYN:iv86s0b,STK:s2a,synth,stackhalf,0.9671389428213523,0.9698956376462755,0.002756694824923245,0.9928741908201666,0.0001743893621259191,-0.0027573263548330835,6.819781920227468e-05,0.00017588173648255945,0.00016817513324809722,2.5571105376358205,0.991514898667217,1.0369509377385446
SYN:iv86s0b,STK:s2b,synth,stackhalf,0.9671389428213523,0.9698705691099355,0.0027316262885832554,0.9926238963046728,0.00017332471835589244,-0.002730966310528819,6.941153255637625e-05,0.00017493661439496383,0.0001672714235384033,2.4970593786431325,0.9907858280860968,1.036188457594488
SYN:iv86s0b,STK:s3a,synth,stackhalf,0.9671389428213523,0.9698157168164734,0.002676773995121118,0.9915502383376905,0.00017347173269952103,-0.002676384673694756,7.429626817462481e-05,0.00017252765734741688,0.00016496801966849482,2.334864683806133,1.0054720232490209,1.051547645708026
SYN:rd86s0a,SYN:rd86s0b,synth,synth,0.9671813486261908,0.9672795553078654,9.820668167459523e-05,0.9994919333116589,3.05884014040266e-05,-9.756798041498823e-05,1.871999469551976e-05,3.135484483774994e-05,2.9980970816062496e-05,1.633996264504674,0.9755558211916082,1.020260537648723
SYN:rd86s0a,STK:s0a,synth,stackhalf,0.9671813486261908,0.9699188896278209,0.0027375410016301505,0.9923812488843348,0.00017093186591708799,-0.002737779375367054,7.049961985070684e-05,0.0001743016863018508,0.0001666643160649515,2.424578547785945,0.9806667367582029,1.0256056602450723
SYN:rd86s0a,STK:s0b,synth,stackhalf,0.9671813486261908,0.9698489422056923,0.002667593579501526,0.992787740530087,0.00017040627691464517,-0.002667396315276197,6.853630919168667e-05,0.0001731604974930475,0.00016557313068197817,2.4863649490964295,0.9840944059512597,1.02919040192548
SYN:rd86s0a,STK:s1a,synth,stackhalf,0.9671813486261908,0.9699951526153978,0.002813803989207053,0.9928694910530302,0.00017415798189525811,-0.002813824579605218,6.809235972829362e-05,0.0001769159117907577,0.00016916399413687618,2.557672881218894,0.9844110692611897,1.0295215762896988
SYN:rd86s0a,STK:s1b,synth,stackhalf,0.9671813486261908,0.9697817311143507,0.002600382488159969,0.9925326542903069,0.00016926465049401035,-0.0026009028541003473,6.997594860844372e-05,0.00017103237664268487,0.00016353825762048052,2.418897547800958,0.989664377099971,1.0350156162652713
SYN:rd86s0a,STK:s2a,synth,stackhalf,0.9671813486261908,0.9698956376462755,0.002714289020084748,0.9930591995626096,0.00017212181319965856,-0.0027146202042211843,6.72818726199412e-05,0.00017427845981014313,0.00016664210728753128,2.5582197179904975,0.9876252830508486,1.0328830810010843
SYN:rd86s0a,STK:s2b,synth,stackhalf,0.9671813486261908,0.9698705691099355,0.0026892204837447586,0.992863292002242,0.00017140273258619255,-0.00268826015991692,6.825069053746502e-05,0.00017354451169536032,0.00016594031854886353,2.5113699397972247,0.9876586180211366,1.0329179435419762
SYN:rd86s0a,STK:s3a,synth,stackhalf,0.9671813486261908,0.9698157168164734,0.002634368190282621,0.9919284423886061,0.00017119694380955073,-0.0026336785230828574,7.258776341691886e-05,0.00017092165023088344,0.0001634323829035759,2.3584821428682825,1.001610641942056,1.0475093171134626
SYN:rd86s0b,STK:s0a,synth,stackhalf,0.9672795553078654,0.9699188896278209,0.0026393343199555552,0.9919861228753021,0.0001681406363049942,-0.002640211394952066,7.220269928315781e-05,0.0001716116051490385,0.0001640921060938084,2.328730614981525,0.9797742766811727,1.024672303303069
SYN:rd86s0b,STK:s0b,synth,stackhalf,0.9672795553078654,0.9698489422056923,0.0025693868978269307,0.9930775195227346,0.00016679540423818025,-0.0025698283348612088,6.705059185840158e-05,0.0001694217650587867,0.00016199821814196503,2.487605248741446,0.9844980907872425,1.0296125855656713
SYN:rd86s0b,STK:s1a,synth,stackhalf,0.9672795553078654,0.9699951526153978,0.002715597307532458,0.9926821781269137,0.00017092822133254077,-0.0027162565991902298,6.888350715947357e-05,0.00017379183396402928,0.00016617680390726655,2.481409968525869,0.9835227434674451,1.0285925430839655
SYN:rd86s0b,STK:s1b,synth,stackhalf,0.9672795553078654,0.9697817311143507,0.002502175806485374,0.9923038843169408,0.0001663856305120726,-0.0025033348736853587,7.093984774131803e-05,0.00016766058554188373,0.00016031420815973275,2.3454466820791238,0.9923956186500814,1.03787201659812
SYN:rd86s0b,STK:s2a,synth,stackhalf,0.9672795553078654,0.9698956376462755,0.002616082338410153,0.992844418306727,0.0001690001964155531,-0.0026170522238061966,6.82186158359579e-05,0.00017129367336872288,0.0001637881051179954,2.477332533716895,0.9866108484448641,1.0318221600634725
SYN:rd86s0b,STK:s2b,synth,stackhalf,0.9672795553078654,0.9698705691099355,0.0025910138020701634,0.9929824906950873,0.0001679403550259937,-0.0025906921795019315,6.758292072344673e-05,0.0001699737893890913,0.00016252605444357201,2.4849526067867864,0.9880367769030388,1.0333134315046175
SYN:rd86s0b,STK:s3a,synth,stackhalf,0.9672795553078654,0.9698157168164734,0.002536161508608026,0.9917660599754001,0.00016815514240107457,-0.002536110542667869,7.321094270215441e-05,0.00016785281653083117,0.00016049801617088377,2.2968580405416112,1.0018011367130553,1.0477085412821439
STK:s0a,STK:s0b,stackhalf,stackhalf,0.9699188896278209,0.9698489422056923,6.994742212862448e-05,0.9950922431145686,6.339560322085562e-05,7.03830600908571e-05,5.4857703826489996e-05,7.023369932426952e-05,6.71562720415662e-05,1.1556371994965418,0.9026379619868468,0.9440012271916624
STK:s0a,STK:s1a,stackhalf,stackhalf,0.9699188896278209,0.9699951526153978,7.626298757690275e-05,0.9980344161059016,3.7990784207522576e-05,-7.604520423816366e-05,3.468840703606114e-05,4.161005098165013e-05,3.978682498960336e-05,1.095201176808966,0.9130194102448075,0.9548584039427598
STK:s0a,STK:s1b,stackhalf,stackhalf,0.9699188896278209,0.9697817311143507,0.00013715851347018138,0.9964450625762109,5.279970258110109e-05,0.000136876521266707,4.685305698471029e-05,5.5733557071507674e-05,5.3291481960212884e-05,1.126921186771898,0.9473592814712621,0.9907718952256019
STK:s0a,STK:s2a,stackhalf,stackhalf,0.9699188896278209,0.9698956376462755,2.3251981545402423e-05,0.997503426199161,4.502614620171302e-05,2.315917114586944e-05,3.915488809751098e-05,4.869072625714144e-05,4.655724659082708e-05,1.1499495564788822,0.9247376176712719,0.9671135966744279
STK:s0a,STK:s2b,stackhalf,stackhalf,0.9699188896278209,0.9698705691099355,4.832051788539182e-05,0.9975779312275661,4.9745853407908515e-05,4.9519215450134016e-05,3.858129935203974e-05,5.405270947080346e-05,5.1684283993719046e-05,1.2893773471441812,0.9203211808425387,0.9624947772122353
STK:s0a,STK:s3a,stackhalf,stackhalf,0.9699188896278209,0.9698157168164734,0.00010317281134752943,0.9968957638998478,5.10253674710198e-05,0.00010410085228419685,4.368058594718451e-05,5.5294817612695595e-05,5.287196673127247e-05,1.168147504539341,0.9227875174201581,0.9650741333372709
STK:s0b,STK:s1a,stackhalf,stackhalf,0.9698489422056923,0.9699951526153978,0.00014621040970552723,0.997344803503546,4.964884801842828e-05,-0.00014642826432902076,4.028240848456719e-05,5.178134971808761e-05,4.951244832330405e-05,1.232519352397946,0.9588171858928114,1.0027548566015878
STK:s0b,STK:s1b,stackhalf,stackhalf,0.9698489422056923,0.9697817311143507,6.72110913415569e-05,0.9951601017881321,5.211263869573905e-05,6.64934611758499e-05,5.462232802256446e-05,5.6544122291473646e-05,5.406653067533384e-05,0.9540537831747365,0.9216278648222501,0.9638613398124656
STK:s0b,STK:s2a,stackhalf,stackhalf,0.9698489422056923,0.9698956376462755,4.669544058322206e-05,0.9972105922381622,5.3865415256187536e-05,-4.722388894498767e-05,4.135222616535498e-05,5.6410413772660846e-05,5.3938680857510505e-05,1.302600131871888,0.9548842430631711,0.998641687187039
STK:s0b,STK:s2b,stackhalf,stackhalf,0.9698489422056923,0.9698705691099355,2.162690424323266e-05,0.9972215216371134,4.766416949259903e-05,-2.086384464072309e-05,4.1287290064297044e-05,5.153097811040528e-05,4.9273047238657085e-05,1.15445139214444,0.9249614744451076,0.9673477116553122
STK:s0b,STK:s3a,stackhalf,stackhalf,0.9698489422056923,0.9698157168164734,3.3225389218904944e-05,0.9952121934814077,4.9735519568787276e-05,3.371779219333975e-05,5.420116937931396e-05,5.367968615527321e-05,5.132760542635587e-05,0.9176097146673184,0.926524037881349,0.9689818793543195
STK:s1a,STK:s1b,stackhalf,stackhalf,0.9699951526153978,0.9697817311143507,0.00021342150104708413,0.9955461928957163,6.368692540764494e-05,0.00021292172550487067,5.235536646673704e-05,6.556624655461767e-05,6.269333286912269e-05,1.2164354813198983,0.9713370637221512,1.0158484561762962
STK:s1a,STK:s2a,stackhalf,stackhalf,0.9699951526153978,0.9698956376462755,9.951496912230517e-05,0.9975128470381965,4.428365787969968e-05,9.92043753840331e-05,3.901544413266738e-05,4.603721641165152e-05,4.402000548345004e-05,1.1350289318537132,0.9619099791726758,1.0059893767243797
STK:s1a,STK:s2b,stackhalf,stackhalf,0.9699951526153978,0.9698705691099355,0.00012458350546229457,0.9984380526202628,4.777875703645972e-05,0.00012556441968829767,3.093061987440841e-05,4.9716401307918547e-05,4.753797967763506e-05,1.5447073880336692,0.9610260553764134,1.0050649472370812
STK:s1a,STK:s3a,stackhalf,stackhalf,0.9699951526153978,0.9698157168164734,0.00017943579892443218,0.9964778706671362,5.313496035796657e-05,0.00018014605652236053,4.644998608795546e-05,5.568127508416317e-05,5.324149081068265e-05,1.143917680779339,0.9542698201083254,0.9979991083815649
STK:s1b,STK:s2a,stackhalf,stackhalf,0.9697817311143507,0.9698956376462755,0.00011390653192477895,0.9977645680015194,5.3973039444108414e-05,-0.00011371735012083756,3.714921638119783e-05,5.53060769941606e-05,5.2882732760855966e-05,1.4528715462064377,0.9758970872189519,1.0206174421466263
STK:s1b,STK:s2b,stackhalf,stackhalf,0.9697817311143507,0.9698705691099355,8.883799558478955e-05,0.9965435762560187,4.8962805641082956e-05,-8.735730581657299e-05,4.6211684160574936e-05,5.073604286525777e-05,4.851294364035341e-05,1.059533027858247,0.965049753113697,1.009273030390911
STK:s1b,STK:s3a,stackhalf,stackhalf,0.9697817311143507,0.9698157168164734,3.398570212265195e-05,0.998413330797433,4.3939745705273607e-05,-3.2775668982510146e-05,3.1311862263237495e-05,4.553819396329772e-05,4.3542848682385515e-05,1.4032939125713455,0.964898734031648,1.0091150908794042
STK:s2a,STK:s2b,stackhalf,stackhalf,0.9698956376462755,0.9698705691099355,2.50685363399894e-05,0.9961977839204447,6.630445778054613e-05,2.6360044304264577e-05,4.833356826079315e-05,6.920411045516502e-05,6.617179662805687e-05,1.3718097000988538,0.9580999935473852,1.0020047990118046
STK:s2a,STK:s3a,stackhalf,stackhalf,0.9698956376462755,0.9698157168164734,7.9920829802127e-05,0.9971649071199737,5.233213596107057e-05,8.094168113832742e-05,4.1738955676060273e-05,5.5657268441309464e-05,5.3218536065968936e-05,1.2537960069539091,0.9402569947581016,0.9833441471633192
STK:s2b,STK:s3a,stackhalf,stackhalf,0.9698705691099355,0.9698157168164734,5.48522934621376e-05,0.9972708096181202,4.75713313374285e-05,5.458163683406284e-05,4.09679869592955e-05,4.9220066466404964e-05,4.706339272064594e-05,1.1611830326126074,0.966502785401523,1.0107926476911158
