ref,fileName,date,description,status,publicScore,privateScore
55915512,w85_cal_bolt_fttransformer.csv,2026-08-31 12:37:26.990000,"w55 tail-fill w85_cal_bolt_fttransformer — a MEASUREMENT, not a candidate. Family `member`: this is a raw member / superseded object with NO cross-fitted stack CV, so it is deliberately unranked and must never enter a max(CV). Sent only to fill a slot that would otherwise go unused. w55a certifies its public score BELOW the 0.97119 auto-selection tier — instrument `prereg`, point estimate 0.941539, bound 0.943177, margin +28013.4e-6 — so it cannot be auto-selected while nothing is selected, and therefore costs nothing. NOT a deadline pick.",SubmissionStatus.COMPLETE,0.94275,0.94376
55915507,w85_cal_bolt_tabm_rank1.csv,2026-08-31 12:37:23.347000,"w55 tail-fill w85_cal_bolt_tabm_rank1 — a MEASUREMENT, not a candidate. Family `member`: this is a raw member / superseded object with NO cross-fitted stack CV, so it is deliberately unranked and must never enter a max(CV). Sent only to fill a slot that would otherwise go unused. w55a certifies its public score BELOW the 0.97119 auto-selection tier — instrument `prereg`, point estimate 0.940948, bound 0.942586, margin +28604.4e-6 — so it cannot be auto-selected while nothing is selected, and therefore costs nothing. NOT a deadline pick.",SubmissionStatus.COMPLETE,0.94156,0.94212
55915506,w85_cal_bolt_neural_5fold.csv,2026-08-31 12:37:19.567000,"w55 tail-fill w85_cal_bolt_neural_5fold — a MEASUREMENT, not a candidate. Family `member`: this is a raw member / superseded object with NO cross-fitted stack CV, so it is deliberately unranked and must never enter a max(CV). Sent only to fill a slot that would otherwise go unused. w55a certifies its public score BELOW the 0.97119 auto-selection tier — instrument `prereg`, point estimate 0.940658, bound 0.942296, margin +28894.0e-6 — so it cannot be auto-selected while nothing is selected, and therefore costs nothing. NOT a deadline pick.",SubmissionStatus.COMPLETE,0.94153,0.94210
55915502,w85_cal_bolt_gandalf_gflu.csv,2026-08-31 12:37:14.643000,"w55 tail-fill w85_cal_bolt_gandalf_gflu — a MEASUREMENT, not a candidate. Family `member`: this is a raw member / superseded object with NO cross-fitted stack CV, so it is deliberately unranked and must never enter a max(CV). Sent only to fill a slot that would otherwise go unused. w55a certifies its public score BELOW the 0.97119 auto-selection tier — instrument `prereg`, point estimate 0.940144, bound 0.941782, margin +29408.0e-6 — so it cannot be auto-selected while nothing is selected, and therefore costs nothing. NOT a deadline pick.",SubmissionStatus.COMPLETE,0.94105,0.94135
55915500,w85_cal_bolt_dcnv2_cross.csv,2026-08-31 12:37:11.190000,"w55 tail-fill w85_cal_bolt_dcnv2_cross — a MEASUREMENT, not a candidate. Family `member`: this is a raw member / superseded object with NO cross-fitted stack CV, so it is deliberately unranked and must never enter a max(CV). Sent only to fill a slot that would otherwise go unused. w55a certifies its public score BELOW the 0.97119 auto-selection tier — instrument `prereg`, point estimate 0.939928, bound 0.941566, margin +29624.0e-6 — so it cannot be auto-selected while nothing is selected, and therefore costs nothing. NOT a deadline pick.",SubmissionStatus.COMPLETE,0.94024,0.94083
55915498,w85_cal_bolt_tabr_retrieval.csv,2026-08-31 12:37:07.250000,"w55 tail-fill w85_cal_bolt_tabr_retrieval — a MEASUREMENT, not a candidate. Family `member`: this is a raw member / superseded object with NO cross-fitted stack CV, so it is deliberately unranked and must never enter a max(CV). Sent only to fill a slot that would otherwise go unused. w55a certifies its public score BELOW the 0.97119 auto-selection tier — instrument `prereg`, point estimate 0.939424, bound 0.941062, margin +30128.1e-6 — so it cannot be auto-selected while nothing is selected, and therefore costs nothing. NOT a deadline pick.",SubmissionStatus.COMPLETE,0.94104,0.94139
55915497,w85_cal_poly2_raw.csv,2026-08-31 12:37:02.387000,"w55 tail-fill w85_cal_poly2_raw — a MEASUREMENT, not a candidate. Family `member`: this is a raw member / superseded object with NO cross-fitted stack CV, so it is deliberately unranked and must never enter a max(CV). Sent only to fill a slot that would otherwise go unused. w55a certifies its public score BELOW the 0.97119 auto-selection tier — instrument `prereg`, point estimate 0.936487, bound 0.938125, margin +33065.2e-6 — so it cannot be auto-selected while nothing is selected, and therefore costs nothing. NOT a deadline pick.",SubmissionStatus.COMPLETE,0.93621,0.93684
55915495,w85_cal_golem_c.csv,2026-08-31 12:36:58.797000,"w55 tail-fill w85_cal_golem_c — a MEASUREMENT, not a candidate. Family `member`: this is a raw member / superseded object with NO cross-fitted stack CV, so it is deliberately unranked and must never enter a max(CV). Sent only to fill a slot that would otherwise go unused. w55a certifies its public score BELOW the 0.97119 auto-selection tier — instrument `prereg`, point estimate 0.935814, bound 0.937452, margin +33738.1e-6 — so it cannot be auto-selected while nothing is selected, and therefore costs nothing. NOT a deadline pick.",SubmissionStatus.COMPLETE,0.93590,0.93670
55915493,w85_cal_rff_raw.csv,2026-08-31 12:36:55.613000,"w55 tail-fill w85_cal_rff_raw — a MEASUREMENT, not a candidate. Family `member`: this is a raw member / superseded object with NO cross-fitted stack CV, so it is deliberately unranked and must never enter a max(CV). Sent only to fill a slot that would otherwise go unused. w55a certifies its public score BELOW the 0.97119 auto-selection tier — instrument `prereg`, point estimate 0.935138, bound 0.936776, margin +34413.9e-6 — so it cannot be auto-selected while nothing is selected, and therefore costs nothing. NOT a deadline pick.",SubmissionStatus.COMPLETE,0.93525,0.93586
55915490,w85_cal_qda_lat.csv,2026-08-31 12:36:51.900000,"w55 tail-fill w85_cal_qda_lat — a MEASUREMENT, not a candidate. Family `member`: this is a raw member / superseded object with NO cross-fitted stack CV, so it is deliberately unranked and must never enter a max(CV). Sent only to fill a slot that would otherwise go unused. w55a certifies its public score BELOW the 0.97119 auto-selection tier — instrument `prereg`, point estimate 0.932610, bound 0.934248, margin +36942.1e-6 — so it cannot be auto-selected while nothing is selected, and therefore costs nothing. NOT a deadline pick.",SubmissionStatus.COMPLETE,0.93232,0.93277
55890857,w85_cal_ad_logregte.csv,2026-08-30 12:37:22.070000,"w55 tail-fill w85_cal_ad_logregte — a MEASUREMENT, not a candidate. Family `member`: this is a raw member / superseded object with NO cross-fitted stack CV, so it is deliberately unranked and must never enter a max(CV). Sent only to fill a slot that would otherwise go unused. w55a certifies its public score BELOW the 0.97119 auto-selection tier — instrument `prereg`, point estimate 0.960339, bound 0.961900, margin +9290.2e-6 — so it cannot be auto-selected while nothing is selected, and therefore costs nothing. NOT a deadline pick.",SubmissionStatus.COMPLETE,0.96011,0.95994
55890854,w85_cal_lat_encdrop_r400.csv,2026-08-30 12:37:18.623000,"w55 tail-fill w85_cal_lat_encdrop_r400 — a MEASUREMENT, not a candidate. Family `member`: this is a raw member / superseded object with NO cross-fitted stack CV, so it is deliberately unranked and must never enter a max(CV). Sent only to fill a slot that would otherwise go unused. w55a certifies its public score BELOW the 0.97119 auto-selection tier — instrument `prereg`, point estimate 0.953659, bound 0.955219, margin +15970.8e-6 — so it cannot be auto-selected while nothing is selected, and therefore costs nothing. NOT a deadline pick.",SubmissionStatus.COMPLETE,0.95299,0.95374
55890853,w85_cal_lat_tedrop_r400.csv,2026-08-30 12:37:15.203000,"w55 tail-fill w85_cal_lat_tedrop_r400 — a MEASUREMENT, not a candidate. Family `member`: this is a raw member / superseded object with NO cross-fitted stack CV, so it is deliberately unranked and must never enter a max(CV). Sent only to fill a slot that would otherwise go unused. w55a certifies its public score BELOW the 0.97119 auto-selection tier — instrument `prereg`, point estimate 0.951066, bound 0.952626, margin +18563.5e-6 — so it cannot be auto-selected while nothing is selected, and therefore costs nothing. NOT a deadline pick.",SubmissionStatus.COMPLETE,0.95131,0.95136
55890851,w85_cal_bolt_extratrees_support.csv,2026-08-30 12:37:11.807000,"w55 tail-fill w85_cal_bolt_extratrees_support — a MEASUREMENT, not a candidate. Family `member`: this is a raw member / superseded object with NO cross-fitted stack CV, so it is deliberately unranked and must never enter a max(CV). Sent only to fill a slot that would otherwise go unused. w55a certifies its public score BELOW the 0.97119 auto-selection tier — instrument `prereg`, point estimate 0.944649, bound 0.946209, margin +24981.0e-6 — so it cannot be auto-selected while nothing is selected, and therefore costs nothing. NOT a deadline pick.",SubmissionStatus.COMPLETE,0.94498,0.94544
55890849,w85_cal_golem_g.csv,2026-08-30 12:37:08.740000,"w55 tail-fill w85_cal_golem_g — a MEASUREMENT, not a candidate. Family `member`: this is a raw member / superseded object with NO cross-fitted stack CV, so it is deliberately unranked and must never enter a max(CV). Sent only to fill a slot that would otherwise go unused. w55a certifies its public score BELOW the 0.97119 auto-selection tier — instrument `prereg`, point estimate 0.943593, bound 0.945153, margin +26037.0e-6 — so it cannot be auto-selected while nothing is selected, and therefore costs nothing. NOT a deadline pick.",SubmissionStatus.COMPLETE,0.94496,0.94583
55890848,w85_cal_ad_gnn_note.csv,2026-08-30 12:37:05.623000,"w55 tail-fill w85_cal_ad_gnn_note — a MEASUREMENT, not a candidate. Family `member`: this is a raw member / superseded object with NO cross-fitted stack CV, so it is deliberately unranked and must never enter a max(CV). Sent only to fill a slot that would otherwise go unused. w55a certifies its public score BELOW the 0.97119 auto-selection tier — instrument `prereg`, point estimate 0.943520, bound 0.945081, margin +26109.4e-6 — so it cannot be auto-selected while nothing is selected, and therefore costs nothing. NOT a deadline pick.",SubmissionStatus.COMPLETE,0.94329,0.94398
55890846,w85_cal_mkt_mlp.csv,2026-08-30 12:37:02.370000,"w55 tail-fill w85_cal_mkt_mlp — a MEASUREMENT, not a candidate. Family `member`: this is a raw member / superseded object with NO cross-fitted stack CV, so it is deliberately unranked and must never enter a max(CV). Sent only to fill a slot that would otherwise go unused. w55a certifies its public score BELOW the 0.97119 auto-selection tier — instrument `prereg`, point estimate 0.942852, bound 0.944412, margin +26777.6e-6 — so it cannot be auto-selected while nothing is selected, and therefore costs nothing. NOT a deadline pick.",SubmissionStatus.COMPLETE,0.94449,0.94500
55890844,w85_cal_golem_b.csv,2026-08-30 12:36:58.850000,"w55 tail-fill w85_cal_golem_b — a MEASUREMENT, not a candidate. Family `member`: this is a raw member / superseded object with NO cross-fitted stack CV, so it is deliberately unranked and must never enter a max(CV). Sent only to fill a slot that would otherwise go unused. w55a certifies its public score BELOW the 0.97119 auto-selection tier — instrument `prereg`, point estimate 0.942241, bound 0.943801, margin +27388.9e-6 — so it cannot be auto-selected while nothing is selected, and therefore costs nothing. NOT a deadline pick.",SubmissionStatus.COMPLETE,0.94262,0.94313
55890843,w85_cal_mkt_nn.csv,2026-08-30 12:36:55.727000,"w55 tail-fill w85_cal_mkt_nn — a MEASUREMENT, not a candidate. Family `member`: this is a raw member / superseded object with NO cross-fitted stack CV, so it is deliberately unranked and must never enter a max(CV). Sent only to fill a slot that would otherwise go unused. w55a certifies its public score BELOW the 0.97119 auto-selection tier — instrument `prereg`, point estimate 0.941830, bound 0.943391, margin +27799.2e-6 — so it cannot be auto-selected while nothing is selected, and therefore costs nothing. NOT a deadline pick.",SubmissionStatus.COMPLETE,0.94231,0.94299
55890839,w85_cal_bolt_tabm_missing.csv,2026-08-30 12:36:52.060000,"w55 tail-fill w85_cal_bolt_tabm_missing — a MEASUREMENT, not a candidate. Family `member`: this is a raw member / superseded object with NO cross-fitted stack CV, so it is deliberately unranked and must never enter a max(CV). Sent only to fill a slot that would otherwise go unused. w55a certifies its public score BELOW the 0.97119 auto-selection tier — instrument `prereg`, point estimate 0.941646, bound 0.943206, margin +27983.9e-6 — so it cannot be auto-selected while nothing is selected, and therefore costs nothing. NOT a deadline pick.",SubmissionStatus.COMPLETE,0.94203,0.94252
55867061,blend160origm_logit.csv,2026-08-29 12:37:44.863000,"w26g queue-drain blend160origm_logit — CV 0.9699635760, family logit, w26d predicted LB 0.971043 with P(beats the 0.97118 account best) 0.00e+00. Sent because the brief's economics make an unused slot pure waste, NOT because it is expected to move anything: every unsent file is below the best already-sent CV and w26d prices the whole queue at 6.3e-4 of beating the board. Not a deadline candidate — selection is on CV and this is 151.5e-6 below the best sent CV.",SubmissionStatus.COMPLETE,0.97106,0.97081
55867059,blend156_logit.csv,2026-08-29 12:37:41.500000,"w26g queue-drain blend156_logit — CV 0.9699618031, family logit, w26d predicted LB 0.971039 with P(beats the 0.97118 account best) 0.00e+00. Sent because the brief's economics make an unused slot pure waste, NOT because it is expected to move anything: every unsent file is below the best already-sent CV and w26d prices the whole queue at 6.3e-4 of beating the board. Not a deadline candidate — selection is on CV and this is 153.3e-6 below the best sent CV.",SubmissionStatus.COMPLETE,0.97105,0.97081
55867054,blend160orig_logit.csv,2026-08-29 12:37:37.727000,"w26g queue-drain blend160orig_logit — CV 0.9699617799, family logit, w26d predicted LB 0.971039 with P(beats the 0.97118 account best) 0.00e+00. Sent because the brief's economics make an unused slot pure waste, NOT because it is expected to move anything: every unsent file is below the best already-sent CV and w26d prices the whole queue at 6.3e-4 of beating the board. Not a deadline candidate — selection is on CV and this is 153.3e-6 below the best sent CV.",SubmissionStatus.COMPLETE,0.97106,0.97081
55867050,blend153_logit.csv,2026-08-29 12:37:33.450000,"w26g queue-drain blend153_logit — CV 0.9699540296, family logit, w26d predicted LB 0.971025 with P(beats the 0.97118 account best) 0.00e+00. Sent because the brief's economics make an unused slot pure waste, NOT because it is expected to move anything: every unsent file is below the best already-sent CV and w26d prices the whole queue at 6.3e-4 of beating the board. Not a deadline candidate — selection is on CV and this is 161.1e-6 below the best sent CV.",SubmissionStatus.COMPLETE,0.97104,0.97081
55867047,w15f_antistudent_cv.csv,2026-08-29 12:37:30.487000,"w55 tail-fill w15f_antistudent_cv — a MEASUREMENT, not a candidate. Family `member`: this is a raw member / superseded object with NO cross-fitted stack CV, so it is deliberately unranked and must never enter a max(CV). Sent only to fill a slot that would otherwise go unused. w55a certifies its public score BELOW the 0.97119 auto-selection tier — instrument `spearman`, point estimate 0.971070, bound 0.971090, margin +100.0e-6 — so it cannot be auto-selected while nothing is selected, and therefore costs nothing. NOT a deadline pick.",SubmissionStatus.COMPLETE,0.97106,0.97084
55867043,w16d_membercell.csv,2026-08-29 12:37:27.163000,"w55 tail-fill w16d_membercell — a MEASUREMENT, not a candidate. Family `member`: this is a raw member / superseded object with NO cross-fitted stack CV, so it is deliberately unranked and must never enter a max(CV). Sent only to fill a slot that would otherwise go unused. w55a certifies its public score BELOW the 0.97119 auto-selection tier — instrument `spearman`, point estimate 0.971070, bound 0.971110, margin +80.0e-6 — so it cannot be auto-selected while nothing is selected, and therefore costs nothing. NOT a deadline pick.",SubmissionStatus.COMPLETE,0.97107,0.97084
55867041,w37_cal_ravi_realmlp1c.csv,2026-08-29 12:37:23.887000,"w55 tail-fill w37_cal_ravi_realmlp1c — a MEASUREMENT, not a candidate. Family `member`: this is a raw member / superseded object with NO cross-fitted stack CV, so it is deliberately unranked and must never enter a max(CV). Sent only to fill a slot that would otherwise go unused. w55a certifies its public score BELOW the 0.97119 auto-selection tier — instrument `prereg`, point estimate 0.966409, bound 0.967969, margin +3220.5e-6 — so it cannot be auto-selected while nothing is selected, and therefore costs nothing. NOT a deadline pick.",SubmissionStatus.COMPLETE,0.96581,0.96588
55867038,w37_cal_dkv_xgb.csv,2026-08-29 12:37:20.773000,"w55 tail-fill w37_cal_dkv_xgb — a MEASUREMENT, not a candidate. Family `member`: this is a raw member / superseded object with NO cross-fitted stack CV, so it is deliberately unranked and must never enter a max(CV). Sent only to fill a slot that would otherwise go unused. w55a certifies its public score BELOW the 0.97119 auto-selection tier — instrument `prereg`, point estimate 0.966243, bound 0.967803, margin +3387.0e-6 — so it cannot be auto-selected while nothing is selected, and therefore costs nothing. NOT a deadline pick.",SubmissionStatus.COMPLETE,0.96595,0.96567
55867036,w85_cal_bolt_lgb_raw_d4.csv,2026-08-29 12:37:17.040000,"w55 tail-fill w85_cal_bolt_lgb_raw_d4 — a MEASUREMENT, not a candidate. Family `member`: this is a raw member / superseded object with NO cross-fitted stack CV, so it is deliberately unranked and must never enter a max(CV). Sent only to fill a slot that would otherwise go unused. w55a certifies its public score BELOW the 0.97119 auto-selection tier — instrument `prereg`, point estimate 0.960827, bound 0.962387, margin +8802.9e-6 — so it cannot be auto-selected while nothing is selected, and therefore costs nothing. NOT a deadline pick.",SubmissionStatus.COMPLETE,0.96044,0.96069
55867032,w85_cal_bolt_cat_unique.csv,2026-08-29 12:37:12.590000,"w55 tail-fill w85_cal_bolt_cat_unique — a MEASUREMENT, not a candidate. Family `member`: this is a raw member / superseded object with NO cross-fitted stack CV, so it is deliberately unranked and must never enter a max(CV). Sent only to fill a slot that would otherwise go unused. w55a certifies its public score BELOW the 0.97119 auto-selection tier — instrument `prereg`, point estimate 0.960725, bound 0.962285, margin +8904.9e-6 — so it cannot be auto-selected while nothing is selected, and therefore costs nothing. NOT a deadline pick.",SubmissionStatus.COMPLETE,0.96058,0.96096
55843901,w14a_repro159av_rankraw.csv,2026-08-28 12:37:50.070000,"w26g queue-drain w14a_repro159av_rankraw — CV 0.9700313094, family rankraw, w26d predicted LB 0.971035 with P(beats the 0.97118 account best) 0.00e+00. Sent because the brief's economics make an unused slot pure waste, NOT because it is expected to move anything: every unsent file is below the best already-sent CV and w26d prices the whole queue at 6.3e-4 of beating the board. Not a deadline candidate — selection is on CV and this is 83.8e-6 below the best sent CV.",SubmissionStatus.COMPLETE,0.97105,0.97083
55843900,blend160origm_hybrid.csv,2026-08-28 12:37:46.863000,"w26g queue-drain blend160origm_hybrid — CV 0.9700273084, family hybrid, w26d predicted LB 0.971018 with P(beats the 0.97118 account best) 0.00e+00. Sent because the brief's economics make an unused slot pure waste, NOT because it is expected to move anything: every unsent file is below the best already-sent CV and w26d prices the whole queue at 6.3e-4 of beating the board. Not a deadline candidate — selection is on CV and this is 87.8e-6 below the best sent CV.",SubmissionStatus.COMPLETE,0.97103,0.97084
55843897,blend153_rankraw.csv,2026-08-28 12:37:43.207000,"w26g queue-drain blend153_rankraw — CV 0.9700266911, family rankraw, w26d predicted LB 0.971027 with P(beats the 0.97118 account best) 0.00e+00. Sent because the brief's economics make an unused slot pure waste, NOT because it is expected to move anything: every unsent file is below the best already-sent CV and w26d prices the whole queue at 6.3e-4 of beating the board. Not a deadline candidate — selection is on CV and this is 88.4e-6 below the best sent CV.",SubmissionStatus.COMPLETE,0.97101,0.97079
55843893,w14a_repro159av_hybrid.csv,2026-08-28 12:37:39.527000,"w26g queue-drain w14a_repro159av_hybrid — CV 0.9700258630, family hybrid, w26d predicted LB 0.971016 with P(beats the 0.97118 account best) 0.00e+00. Sent because the brief's economics make an unused slot pure waste, NOT because it is expected to move anything: every unsent file is below the best already-sent CV and w26d prices the whole queue at 6.3e-4 of beating the board. Not a deadline candidate — selection is on CV and this is 89.2e-6 below the best sent CV.",SubmissionStatus.COMPLETE,0.97102,0.97083
55843892,blend160orig_hybrid.csv,2026-08-28 12:37:35.947000,"w26g queue-drain blend160orig_hybrid — CV 0.9700254920, family hybrid, w26d predicted LB 0.971015 with P(beats the 0.97118 account best) 0.00e+00. Sent because the brief's economics make an unused slot pure waste, NOT because it is expected to move anything: every unsent file is below the best already-sent CV and w26d prices the whole queue at 6.3e-4 of beating the board. Not a deadline candidate — selection is on CV and this is 89.6e-6 below the best sent CV.",SubmissionStatus.COMPLETE,0.97102,0.97083
55843891,blend159_hybrid.csv,2026-08-28 12:37:32.633000,"w26g queue-drain blend159_hybrid — CV 0.9700244514, family hybrid, w26d predicted LB 0.971013 with P(beats the 0.97118 account best) 0.00e+00. Sent because the brief's economics make an unused slot pure waste, NOT because it is expected to move anything: every unsent file is below the best already-sent CV and w26d prices the whole queue at 6.3e-4 of beating the board. Not a deadline candidate — selection is on CV and this is 90.6e-6 below the best sent CV.",SubmissionStatus.COMPLETE,0.97103,0.97084
55843890,blend156_hybrid.csv,2026-08-28 12:37:28.967000,"w26g queue-drain blend156_hybrid — CV 0.9700230485, family hybrid, w26d predicted LB 0.971011 with P(beats the 0.97118 account best) 0.00e+00. Sent because the brief's economics make an unused slot pure waste, NOT because it is expected to move anything: every unsent file is below the best already-sent CV and w26d prices the whole queue at 6.3e-4 of beating the board. Not a deadline candidate — selection is on CV and this is 92.0e-6 below the best sent CV.",SubmissionStatus.COMPLETE,0.97102,0.97083
55843889,blend153_rescale.csv,2026-08-28 12:37:25.627000,"w26g queue-drain blend153_rescale — CV 0.9700197991, family rescale, w26d predicted LB 0.971033 with P(beats the 0.97118 account best) 0.00e+00. Sent because the brief's economics make an unused slot pure waste, NOT because it is expected to move anything: every unsent file is below the best already-sent CV and w26d prices the whole queue at 6.3e-4 of beating the board. Not a deadline candidate — selection is on CV and this is 95.3e-6 below the best sent CV.",SubmissionStatus.COMPLETE,0.97102,0.97082
55843886,blend150sx_rescale.csv,2026-08-28 12:37:21.587000,"w26g queue-drain blend150sx_rescale — CV 0.9700170339, family rescale, w26d predicted LB 0.971028 with P(beats the 0.97118 account best) 0.00e+00. Sent because the brief's economics make an unused slot pure waste, NOT because it is expected to move anything: every unsent file is below the best already-sent CV and w26d prices the whole queue at 6.3e-4 of beating the board. Not a deadline candidate — selection is on CV and this is 98.0e-6 below the best sent CV.",SubmissionStatus.COMPLETE,0.97103,0.97082
55843883,blend153_hybrid.csv,2026-08-28 12:37:17.420000,"w26g queue-drain blend153_hybrid — CV 0.9700168430, family hybrid, w26d predicted LB 0.970999 with P(beats the 0.97118 account best) 0.00e+00. Sent because the brief's economics make an unused slot pure waste, NOT because it is expected to move anything: every unsent file is below the best already-sent CV and w26d prices the whole queue at 6.3e-4 of beating the board. Not a deadline candidate — selection is on CV and this is 98.2e-6 below the best sent CV.",SubmissionStatus.COMPLETE,0.97101,0.97083
55818353,w27_ad188std_rescale.csv,2026-08-27 12:39:13.650000,"w26g queue-drain w27_ad188std_rescale — CV 0.9700962686, family rescale, w26d predicted LB 0.971152 with P(beats the 0.97118 account best) 1.75e-08. Sent because the brief's economics make an unused slot pure waste, NOT because it is expected to move anything: every unsent file is below the best already-sent CV and w26d prices the whole queue at 6.3e-4 of beating the board. Not a deadline candidate — selection is on CV and this is 18.8e-6 below the best sent CV.",SubmissionStatus.COMPLETE,0.97114,0.97090
55818350,w27_ad190std_rankraw.csv,2026-08-27 12:39:09.917000,"w26g queue-drain w27_ad190std_rankraw — CV 0.9700951829, family rankraw, w26d predicted LB 0.971131 with P(beats the 0.97118 account best) 1.11e-16. Sent because the brief's economics make an unused slot pure waste, NOT because it is expected to move anything: every unsent file is below the best already-sent CV and w26d prices the whole queue at 6.3e-4 of beating the board. Not a deadline candidate — selection is on CV and this is 19.9e-6 below the best sent CV.",SubmissionStatus.COMPLETE,0.97115,0.97091
55818348,w27_ad188std_rankraw.csv,2026-08-27 12:39:06.760000,"w26g queue-drain w27_ad188std_rankraw — CV 0.9700930487, family rankraw, w26d predicted LB 0.971127 with P(beats the 0.97118 account best) 0.00e+00. Sent because the brief's economics make an unused slot pure waste, NOT because it is expected to move anything: every unsent file is below the best already-sent CV and w26d prices the whole queue at 6.3e-4 of beating the board. Not a deadline candidate — selection is on CV and this is 22.0e-6 below the best sent CV.",SubmissionStatus.COMPLETE,0.97115,0.97090
55818346,w29_ad194std_rankraw.csv,2026-08-27 12:39:03.723000,"w26g queue-drain w29_ad194std_rankraw — CV 0.9700930067, family rankraw, w26d predicted LB 0.971127 with P(beats the 0.97118 account best) 0.00e+00. Sent because the brief's economics make an unused slot pure waste, NOT because it is expected to move anything: every unsent file is below the best already-sent CV and w26d prices the whole queue at 6.3e-4 of beating the board. Not a deadline candidate — selection is on CV and this is 22.1e-6 below the best sent CV.",SubmissionStatus.COMPLETE,0.97114,0.97092
55818343,w36_ad197std_logit.csv,2026-08-27 12:39:00.310000,"w26g queue-drain w36_ad197std_logit — CV 0.9700458726, family logit, w26d predicted LB 0.971177 with P(beats the 0.97118 account best) 1.88e-02. Sent because the brief's economics make an unused slot pure waste, NOT because it is expected to move anything: every unsent file is below the best already-sent CV and w26d prices the whole queue at 6.3e-4 of beating the board. Not a deadline candidate — selection is on CV and this is 69.2e-6 below the best sent CV.",SubmissionStatus.COMPLETE,0.97116,0.97088
55818341,w34_ad195std_logit.csv,2026-08-27 12:38:57.150000,"w26g queue-drain w34_ad195std_logit — CV 0.9700443436, family logit, w26d predicted LB 0.971175 with P(beats the 0.97118 account best) 9.91e-03. Sent because the brief's economics make an unused slot pure waste, NOT because it is expected to move anything: every unsent file is below the best already-sent CV and w26d prices the whole queue at 6.3e-4 of beating the board. Not a deadline candidate — selection is on CV and this is 70.7e-6 below the best sent CV.",SubmissionStatus.COMPLETE,0.97115,0.97088
55818339,w27_ad188std_logit.csv,2026-08-27 12:38:53.807000,"w26g queue-drain w27_ad188std_logit — CV 0.9700372515, family logit, w26d predicted LB 0.971157 with P(beats the 0.97118 account best) 3.23e-07. Sent because the brief's economics make an unused slot pure waste, NOT because it is expected to move anything: every unsent file is below the best already-sent CV and w26d prices the whole queue at 6.3e-4 of beating the board. Not a deadline candidate — selection is on CV and this is 77.8e-6 below the best sent CV.",SubmissionStatus.COMPLETE,0.97115,0.97087
55818337,blend160orig_rankraw.csv,2026-08-27 12:38:50.543000,"w26g queue-drain blend160orig_rankraw — CV 0.9700342765, family rankraw, w26d predicted LB 0.971041 with P(beats the 0.97118 account best) 0.00e+00. Sent because the brief's economics make an unused slot pure waste, NOT because it is expected to move anything: every unsent file is below the best already-sent CV and w26d prices the whole queue at 6.3e-4 of beating the board. Not a deadline candidate — selection is on CV and this is 80.8e-6 below the best sent CV.",SubmissionStatus.COMPLETE,0.97104,0.97083
55818335,blend160origm_rankraw.csv,2026-08-27 12:38:47.270000,"w26g queue-drain blend160origm_rankraw — CV 0.9700331271, family rankraw, w26d predicted LB 0.971039 with P(beats the 0.97118 account best) 0.00e+00. Sent because the brief's economics make an unused slot pure waste, NOT because it is expected to move anything: every unsent file is below the best already-sent CV and w26d prices the whole queue at 6.3e-4 of beating the board. Not a deadline candidate — selection is on CV and this is 82.0e-6 below the best sent CV.",SubmissionStatus.COMPLETE,0.97105,0.97083
55818332,blend159_rankraw.csv,2026-08-27 12:38:43.613000,"w26g queue-drain blend159_rankraw — CV 0.9700325394, family rankraw, w26d predicted LB 0.971038 with P(beats the 0.97118 account best) 0.00e+00. Sent because the brief's economics make an unused slot pure waste, NOT because it is expected to move anything: every unsent file is below the best already-sent CV and w26d prices the whole queue at 6.3e-4 of beating the board. Not a deadline candidate — selection is on CV and this is 82.5e-6 below the best sent CV.",SubmissionStatus.COMPLETE,0.97105,0.97083
55794850,w34_ad195std_rescale.csv,2026-08-26 12:39:06.213000,"w26g queue-drain w34_ad195std_rescale — CV 0.9701055639, family rescale, w26d predicted LB 0.971151 with P(beats the 0.97118 account best) 2.03e-07. Sent because the brief's economics make an unused slot pure waste, NOT because it is expected to move anything: every unsent file is below the best already-sent CV and w26d prices the whole queue at 6.3e-4 of beating the board. Not a deadline candidate — selection is on CV and this is 9.5e-6 below the best sent CV.",SubmissionStatus.COMPLETE,0.97115,0.97091
55794849,w34_ad196std_rescale.csv,2026-08-26 12:39:02.217000,"w26g queue-drain w34_ad196std_rescale — CV 0.9701039146, family rescale, w26d predicted LB 0.971148 with P(beats the 0.97118 account best) 4.72e-08. Sent because the brief's economics make an unused slot pure waste, NOT because it is expected to move anything: every unsent file is below the best already-sent CV and w26d prices the whole queue at 6.3e-4 of beating the board. Not a deadline candidate — selection is on CV and this is 11.2e-6 below the best sent CV.",SubmissionStatus.COMPLETE,0.97115,0.97090
55794846,w27_ad190std_hybrid.csv,2026-08-26 12:38:58.647000,"w26g queue-drain w27_ad190std_hybrid — CV 0.9701027989, family hybrid, w26d predicted LB 0.971136 with P(beats the 0.97118 account best) 6.88e-15. Sent because the brief's economics make an unused slot pure waste, NOT because it is expected to move anything: every unsent file is below the best already-sent CV and w26d prices the whole queue at 6.3e-4 of beating the board. Not a deadline candidate — selection is on CV and this is 12.3e-6 below the best sent CV.",SubmissionStatus.COMPLETE,0.97114,0.97090
55794844,w36_ad197std_rankraw.csv,2026-08-26 12:38:55.380000,"w26g queue-drain w36_ad197std_rankraw — CV 0.9701011303, family rankraw, w26d predicted LB 0.971125 with P(beats the 0.97118 account best) 6.66e-16. Sent because the brief's economics make an unused slot pure waste, NOT because it is expected to move anything: every unsent file is below the best already-sent CV and w26d prices the whole queue at 6.3e-4 of beating the board. Not a deadline candidate — selection is on CV and this is 14.0e-6 below the best sent CV.",SubmissionStatus.COMPLETE,0.97114,0.97091
55794840,w29_ad194stdcorr_rankraw.csv,2026-08-26 12:38:51.750000,"w26g queue-drain w29_ad194stdcorr_rankraw — CV 0.9701005596, family rankraw, w26d predicted LB 0.971155 with P(beats the 0.97118 account best) 9.58e-08. Sent because the brief's economics make an unused slot pure waste, NOT because it is expected to move anything: every unsent file is below the best already-sent CV and w26d prices the whole queue at 6.3e-4 of beating the board. Not a deadline candidate — selection is on CV and this is 14.5e-6 below the best sent CV.",SubmissionStatus.COMPLETE,0.97116,0.97093
55794837,w27_ad188raw_hybrid.csv,2026-08-26 12:38:48.040000,"w26g queue-drain w27_ad188raw_hybrid — CV 0.9701001700, family hybrid, w26d predicted LB 0.971131 with P(beats the 0.97118 account best) 0.00e+00. Sent because the brief's economics make an unused slot pure waste, NOT because it is expected to move anything: every unsent file is below the best already-sent CV and w26d prices the whole queue at 6.3e-4 of beating the board. Not a deadline candidate — selection is on CV and this is 14.9e-6 below the best sent CV.",SubmissionStatus.COMPLETE,0.97113,0.97090
55794834,w27_ad188std_hybrid.csv,2026-08-26 12:38:44.617000,"w26g queue-drain w27_ad188std_hybrid — CV 0.9700993121, family hybrid, w26d predicted LB 0.971129 with P(beats the 0.97118 account best) 0.00e+00. Sent because the brief's economics make an unused slot pure waste, NOT because it is expected to move anything: every unsent file is below the best already-sent CV and w26d prices the whole queue at 6.3e-4 of beating the board. Not a deadline candidate — selection is on CV and this is 15.8e-6 below the best sent CV.",SubmissionStatus.COMPLETE,0.97113,0.97089
55794830,w34_ad196std_rankraw.csv,2026-08-26 12:38:40.727000,"w26g queue-drain w34_ad196std_rankraw — CV 0.9700979783, family rankraw, w26d predicted LB 0.971120 with P(beats the 0.97118 account best) 0.00e+00. Sent because the brief's economics make an unused slot pure waste, NOT because it is expected to move anything: every unsent file is below the best already-sent CV and w26d prices the whole queue at 6.3e-4 of beating the board. Not a deadline candidate — selection is on CV and this is 17.1e-6 below the best sent CV.",SubmissionStatus.COMPLETE,0.97113,0.97092
55794827,w34_ad195std_rankraw.csv,2026-08-26 12:38:37.057000,"w26g queue-drain w34_ad195std_rankraw — CV 0.9700978116, family rankraw, w26d predicted LB 0.971120 with P(beats the 0.97118 account best) 0.00e+00. Sent because the brief's economics make an unused slot pure waste, NOT because it is expected to move anything: every unsent file is below the best already-sent CV and w26d prices the whole queue at 6.3e-4 of beating the board. Not a deadline candidate — selection is on CV and this is 17.3e-6 below the best sent CV.",SubmissionStatus.COMPLETE,0.97113,0.97091
55794825,w27_ad188raw_rankraw.csv,2026-08-26 12:38:32.700000,"w26g queue-drain w27_ad188raw_rankraw — CV 0.9700976054, family rankraw, w26d predicted LB 0.971136 with P(beats the 0.97118 account best) 7.55e-15. Sent because the brief's economics make an unused slot pure waste, NOT because it is expected to move anything: every unsent file is below the best already-sent CV and w26d prices the whole queue at 6.3e-4 of beating the board. Not a deadline candidate — selection is on CV and this is 17.5e-6 below the best sent CV.",SubmissionStatus.COMPLETE,0.97115,0.97089
55770414,w69_ad208std_h3.csv,2026-08-25 12:40:32.297000,"w26g queue-drain w69_ad208std_h3 — CV 0.9701342350, family h3, w26d predicted LB 0.971159 with P(beats the 0.97118 account best) 1.98e-05. Sent because the brief's economics make an unused slot pure waste, NOT because it is expected to move anything: every unsent file is below the best already-sent CV and w26d prices the whole queue at 6.3e-4 of beating the board. Not a deadline candidate — selection is on CV and this is -19.2e-6 below the best sent CV.",SubmissionStatus.COMPLETE,0.97115,0.97093
55770413,w69_ad208std.csv,2026-08-25 12:40:29.117000,"w26g queue-drain w69_ad208std — CV 0.9701324886, family ens4, w26d predicted LB 0.971170 with P(beats the 0.97118 account best) 2.07e-03. Sent because the brief's economics make an unused slot pure waste, NOT because it is expected to move anything: every unsent file is below the best already-sent CV and w26d prices the whole queue at 6.3e-4 of beating the board. Not a deadline candidate — selection is on CV and this is -17.4e-6 below the best sent CV.",SubmissionStatus.COMPLETE,0.97117,0.97093
55770411,w69_ad208std_hybrid.csv,2026-08-25 12:40:25.917000,"w26g queue-drain w69_ad208std_hybrid — CV 0.9701248767, family hybrid, w26d predicted LB 0.971150 with P(beats the 0.97118 account best) 1.13e-07. Sent because the brief's economics make an unused slot pure waste, NOT because it is expected to move anything: every unsent file is below the best already-sent CV and w26d prices the whole queue at 6.3e-4 of beating the board. Not a deadline candidate — selection is on CV and this is -9.8e-6 below the best sent CV.",SubmissionStatus.COMPLETE,0.97113,0.97091
55770410,w69_ad208std_rescale.csv,2026-08-25 12:40:22.473000,"w26g queue-drain w69_ad208std_rescale — CV 0.9701192359, family rescale, w26d predicted LB 0.971170 with P(beats the 0.97118 account best) 2.42e-03. Sent because the brief's economics make an unused slot pure waste, NOT because it is expected to move anything: every unsent file is below the best already-sent CV and w26d prices the whole queue at 6.3e-4 of beating the board. Not a deadline candidate — selection is on CV and this is -4.2e-6 below the best sent CV.",SubmissionStatus.COMPLETE,0.97115,0.97092
55770409,w27_ad188raw_h3.csv,2026-08-25 12:40:19.380000,"w26g queue-drain w27_ad188raw_h3 — CV 0.9701136019, family h3, w26d predicted LB 0.971151 with P(beats the 0.97118 account best) 7.12e-09. Sent because the brief's economics make an unused slot pure waste, NOT because it is expected to move anything: every unsent file is below the best already-sent CV and w26d prices the whole queue at 6.3e-4 of beating the board. Not a deadline candidate — selection is on CV and this is 1.5e-6 below the best sent CV.",SubmissionStatus.COMPLETE,0.97115,0.97091
55770405,w27_ad190std_h3.csv,2026-08-25 12:40:16.747000,"w26g queue-drain w27_ad190std_h3 — CV 0.9701133391, family h3, w26d predicted LB 0.971151 with P(beats the 0.97118 account best) 4.94e-09. Sent because the brief's economics make an unused slot pure waste, NOT because it is expected to move anything: every unsent file is below the best already-sent CV and w26d prices the whole queue at 6.3e-4 of beating the board. Not a deadline candidate — selection is on CV and this is 1.7e-6 below the best sent CV.",SubmissionStatus.COMPLETE,0.97116,0.97091
55770403,w36_ad199std_rankraw.csv,2026-08-25 12:40:13.410000,"w26g queue-drain w36_ad199std_rankraw — CV 0.9701111922, family rankraw, w26d predicted LB 0.971139 with P(beats the 0.97118 account best) 1.21e-10. Sent because the brief's economics make an unused slot pure waste, NOT because it is expected to move anything: every unsent file is below the best already-sent CV and w26d prices the whole queue at 6.3e-4 of beating the board. Not a deadline candidate — selection is on CV and this is 3.9e-6 below the best sent CV.",SubmissionStatus.COMPLETE,0.97114,0.97091
55770400,w36_ad197std_rescale.csv,2026-08-25 12:40:10.217000,"w26g queue-drain w36_ad197std_rescale — CV 0.9701085985, family rescale, w26d predicted LB 0.971155 with P(beats the 0.97118 account best) 2.48e-06. Sent because the brief's economics make an unused slot pure waste, NOT because it is expected to move anything: every unsent file is below the best already-sent CV and w26d prices the whole queue at 6.3e-4 of beating the board. Not a deadline candidate — selection is on CV and this is 6.5e-6 below the best sent CV.",SubmissionStatus.COMPLETE,0.97115,0.97090
55770398,w69_ad208std_rankraw.csv,2026-08-25 12:40:07,"w26g queue-drain w69_ad208std_rankraw — CV 0.9701073320, family rankraw, w26d predicted LB 0.971134 with P(beats the 0.97118 account best) 1.63e-12. Sent because the brief's economics make an unused slot pure waste, NOT because it is expected to move anything: every unsent file is below the best already-sent CV and w26d prices the whole queue at 6.3e-4 of beating the board. Not a deadline candidate — selection is on CV and this is 7.7e-6 below the best sent CV.",SubmissionStatus.COMPLETE,0.97114,0.97092
55770394,w29_ad194std_hybrid.csv,2026-08-25 12:40:03.727000,"w26g queue-drain w29_ad194std_hybrid — CV 0.9701056245, family hybrid, w26d predicted LB 0.971141 with P(beats the 0.97118 account best) 1.05e-12. Sent because the brief's economics make an unused slot pure waste, NOT because it is expected to move anything: every unsent file is below the best already-sent CV and w26d prices the whole queue at 6.3e-4 of beating the board. Not a deadline candidate — selection is on CV and this is 9.5e-6 below the best sent CV.",SubmissionStatus.COMPLETE,0.97114,0.97091
55743003,w40_ad211std_rescale.csv,2026-08-24 12:39:22.267000,"w26g queue-drain w40_ad211std_rescale — CV 0.9701209816, family rescale, w26d predicted LB 0.971173 with P(beats the 0.97118 account best) 5.71e-03. Sent because the brief's economics make an unused slot pure waste, NOT because it is expected to move anything: every unsent file is below the best already-sent CV and w26d prices the whole queue at 6.3e-4 of beating the board. Not a deadline candidate — selection is on CV and this is -5.9e-6 below the best sent CV.",SubmissionStatus.COMPLETE,0.97116,0.97092
55743001,w38_ad202std_rescale.csv,2026-08-24 12:39:18.957000,"w26g queue-drain w38_ad202std_rescale — CV 0.9701200354, family rescale, w26d predicted LB 0.971171 with P(beats the 0.97118 account best) 3.62e-03. Sent because the brief's economics make an unused slot pure waste, NOT because it is expected to move anything: every unsent file is below the best already-sent CV and w26d prices the whole queue at 6.3e-4 of beating the board. Not a deadline candidate — selection is on CV and this is -5.0e-6 below the best sent CV.",SubmissionStatus.COMPLETE,0.97115,0.97091
55742998,w34_ad196std_h3.csv,2026-08-24 12:39:15.547000,"w26g queue-drain w34_ad196std_h3 — CV 0.9701199173, family h3, w26d predicted LB 0.971138 with P(beats the 0.97118 account best) 5.08e-11. Sent because the brief's economics make an unused slot pure waste, NOT because it is expected to move anything: every unsent file is below the best already-sent CV and w26d prices the whole queue at 6.3e-4 of beating the board. Not a deadline candidate — selection is on CV and this is -4.8e-6 below the best sent CV.",SubmissionStatus.COMPLETE,0.97115,0.97092
55742997,w34_ad195std_wh3.csv,2026-08-24 12:39:12.443000,"w26g queue-drain w34_ad195std_wh3 — CV 0.9701196117, family wh3, w26d predicted LB 0.971133 with P(beats the 0.97118 account best) 1.13e-12. Sent because the brief's economics make an unused slot pure waste, NOT because it is expected to move anything: every unsent file is below the best already-sent CV and w26d prices the whole queue at 6.3e-4 of beating the board. Not a deadline candidate — selection is on CV and this is -4.5e-6 below the best sent CV.",SubmissionStatus.COMPLETE,0.97115,0.97092
55742994,w34_ad195std_w.csv,2026-08-24 12:39:09.230000,"w26g queue-drain w34_ad195std_w — CV 0.9701195043, family w, w26d predicted LB 0.971137 with P(beats the 0.97118 account best) 2.29e-11. Sent because the brief's economics make an unused slot pure waste, NOT because it is expected to move anything: every unsent file is below the best already-sent CV and w26d prices the whole queue at 6.3e-4 of beating the board. Not a deadline candidate — selection is on CV and this is -4.4e-6 below the best sent CV.",SubmissionStatus.COMPLETE,0.97115,0.97092
55742990,w40_ad211std_hybrid.csv,2026-08-24 12:39:05.400000,"w26g queue-drain w40_ad211std_hybrid — CV 0.9701194945, family hybrid, w26d predicted LB 0.971142 with P(beats the 0.97118 account best) 6.70e-10. Sent because the brief's economics make an unused slot pure waste, NOT because it is expected to move anything: every unsent file is below the best already-sent CV and w26d prices the whole queue at 6.3e-4 of beating the board. Not a deadline candidate — selection is on CV and this is -4.4e-6 below the best sent CV.",SubmissionStatus.COMPLETE,0.97113,0.97091
55742986,w34_ad196std.csv,2026-08-24 12:39:01.933000,"w26g queue-drain w34_ad196std — CV 0.9701185506, family ens4, w26d predicted LB 0.971150 with P(beats the 0.97118 account best) 1.23e-07. Sent because the brief's economics make an unused slot pure waste, NOT because it is expected to move anything: every unsent file is below the best already-sent CV and w26d prices the whole queue at 6.3e-4 of beating the board. Not a deadline candidate — selection is on CV and this is -3.5e-6 below the best sent CV.",SubmissionStatus.COMPLETE,0.97116,0.97092
55742984,w34_ad195std.csv,2026-08-24 12:38:58.657000,"w26g queue-drain w34_ad195std — CV 0.9701181649, family ens4, w26d predicted LB 0.971149 with P(beats the 0.97118 account best) 8.75e-08. Sent because the brief's economics make an unused slot pure waste, NOT because it is expected to move anything: every unsent file is below the best already-sent CV and w26d prices the whole queue at 6.3e-4 of beating the board. Not a deadline candidate — selection is on CV and this is -3.1e-6 below the best sent CV.",SubmissionStatus.COMPLETE,0.97116,0.97092
55742981,w27_ad188stdcorr.csv,2026-08-24 12:38:55.483000,"w26g queue-drain w27_ad188stdcorr — CV 0.9701168076, family h3, w26d predicted LB 0.971171 with P(beats the 0.97118 account best) 8.69e-04. Sent because the brief's economics make an unused slot pure waste, NOT because it is expected to move anything: every unsent file is below the best already-sent CV and w26d prices the whole queue at 6.3e-4 of beating the board. Not a deadline candidate — selection is on CV and this is -1.7e-6 below the best sent CV.",SubmissionStatus.COMPLETE,0.97117,0.97091
55742979,w29_ad194std_h3.csv,2026-08-24 12:38:52.490000,"w26g queue-drain w29_ad194std_h3 — CV 0.9701140064, family h3, w26d predicted LB 0.971152 with P(beats the 0.97118 account best) 1.24e-08. Sent because the brief's economics make an unused slot pure waste, NOT because it is expected to move anything: every unsent file is below the best already-sent CV and w26d prices the whole queue at 6.3e-4 of beating the board. Not a deadline candidate — selection is on CV and this is 1.1e-6 below the best sent CV.",SubmissionStatus.COMPLETE,0.97115,0.97092
55714898,w27_ad188raw_logit.csv,2026-08-23 12:41:34.147000,"w26g queue-drain w27_ad188raw_logit — CV 0.9700387329, family logit, w26d predicted LB 0.971159 with P(beats the 0.97118 account best) 4.34e-04. Sent because the brief's economics make an unused slot pure waste, NOT because it is expected to move anything: every unsent file is below the best already-sent CV and w26d prices the whole queue at 6.3e-4 of beating the board. Not a deadline candidate — selection is on CV and this is 76.3e-6 below the best sent CV.",SubmissionStatus.COMPLETE,0.97116,0.97087
55714897,w38_ad202stdcorr_ens4.csv,2026-08-23 12:41:31.723000,"w26g queue-drain w38_ad202stdcorr_ens4 — CV 0.9701349001, family ens4, w26d predicted LB 0.971187 with P(beats the 0.97118 account best) 5.92e-01. Sent because the brief's economics make an unused slot pure waste, NOT because it is expected to move anything: every unsent file is below the best already-sent CV and w26d prices the whole queue at 6.3e-4 of beating the board. Not a deadline candidate — selection is on CV and this is -19.8e-6 below the best sent CV.",SubmissionStatus.COMPLETE,0.97119,0.97093
55714895,w36_ad199stdcorr_ens4.csv,2026-08-23 12:41:28.523000,"w26g queue-drain w36_ad199stdcorr_ens4 — CV 0.9701365875, family ens4, w26d predicted LB 0.971189 with P(beats the 0.97118 account best) 6.95e-01. Sent because the brief's economics make an unused slot pure waste, NOT because it is expected to move anything: every unsent file is below the best already-sent CV and w26d prices the whole queue at 6.3e-4 of beating the board. Not a deadline candidate — selection is on CV and this is -21.5e-6 below the best sent CV.",SubmissionStatus.COMPLETE,0.97119,0.97093
55714894,w40_ad211std_h3.csv,2026-08-23 12:41:26.077000,"w26g queue-drain w40_ad211std_h3 — CV 0.9701331846, family h3, w26d predicted LB 0.971157 with P(beats the 0.97118 account best) 8.39e-04. Sent because the brief's economics make an unused slot pure waste, NOT because it is expected to move anything: every unsent file is below the best already-sent CV and w26d prices the whole queue at 6.3e-4 of beating the board. Not a deadline candidate — selection is on CV and this is -18.1e-6 below the best sent CV.",SubmissionStatus.COMPLETE,0.97116,0.97093
55714891,w38_ad202std_h3.csv,2026-08-23 12:41:23.103000,"w26g queue-drain w38_ad202std_h3 — CV 0.9701330214, family h3, w26d predicted LB 0.971157 with P(beats the 0.97118 account best) 7.65e-04. Sent because the brief's economics make an unused slot pure waste, NOT because it is expected to move anything: every unsent file is below the best already-sent CV and w26d prices the whole queue at 6.3e-4 of beating the board. Not a deadline candidate — selection is on CV and this is -17.9e-6 below the best sent CV.",SubmissionStatus.COMPLETE,0.97115,0.97092
55714889,w36_ad197stdcorr.csv,2026-08-23 12:41:19.703000,"w26g queue-drain w36_ad197stdcorr — CV 0.9701286299, family h3, w26d predicted LB 0.971165 with P(beats the 0.97118 account best) 1.00e-02. Sent because the brief's economics make an unused slot pure waste, NOT because it is expected to move anything: every unsent file is below the best already-sent CV and w26d prices the whole queue at 6.3e-4 of beating the board. Not a deadline candidate — selection is on CV and this is -13.5e-6 below the best sent CV.",SubmissionStatus.COMPLETE,0.97117,0.97093
55714886,w36_ad197std_h3.csv,2026-08-23 12:41:16.423000,"w26g queue-drain w36_ad197std_h3 — CV 0.9701244431, family h3, w26d predicted LB 0.971145 with P(beats the 0.97118 account best) 2.33e-06. Sent because the brief's economics make an unused slot pure waste, NOT because it is expected to move anything: every unsent file is below the best already-sent CV and w26d prices the whole queue at 6.3e-4 of beating the board. Not a deadline candidate — selection is on CV and this is -9.4e-6 below the best sent CV.",SubmissionStatus.COMPLETE,0.97115,0.97092
55714885,w38_ad202std_hybrid.csv,2026-08-23 12:41:12.877000,"w26g queue-drain w38_ad202std_hybrid — CV 0.9701232618, family hybrid, w26d predicted LB 0.971147 with P(beats the 0.97118 account best) 8.44e-06. Sent because the brief's economics make an unused slot pure waste, NOT because it is expected to move anything: every unsent file is below the best already-sent CV and w26d prices the whole queue at 6.3e-4 of beating the board. Not a deadline candidate — selection is on CV and this is -8.2e-6 below the best sent CV.",SubmissionStatus.COMPLETE,0.97113,0.97091
55714882,w36_ad197std.csv,2026-08-23 12:41:09.997000,"w26g queue-drain w36_ad197std — CV 0.9701210589, family ens4, w26d predicted LB 0.971153 with P(beats the 0.97118 account best) 1.54e-04. Sent because the brief's economics make an unused slot pure waste, NOT because it is expected to move anything: every unsent file is below the best already-sent CV and w26d prices the whole queue at 6.3e-4 of beating the board. Not a deadline candidate — selection is on CV and this is -6.0e-6 below the best sent CV.",SubmissionStatus.COMPLETE,0.97116,0.97092
55714881,w34_ad195std_h3.csv,2026-08-23 12:41:06.857000,"w26g queue-drain w34_ad195std_h3 — CV 0.9701205753, family h3, w26d predicted LB 0.971139 with P(beats the 0.97118 account best) 9.13e-08. Sent because the brief's economics make an unused slot pure waste, NOT because it is expected to move anything: every unsent file is below the best already-sent CV and w26d prices the whole queue at 6.3e-4 of beating the board. Not a deadline candidate — selection is on CV and this is -5.5e-6 below the best sent CV.",SubmissionStatus.COMPLETE,0.97115,0.97092
55691071,w38_ad202stdcorr.csv,2026-08-22 12:38:26.843000,"w26g queue-drain w38_ad202stdcorr — CV 0.9701375891, family h3, w26d predicted LB 0.971178 with P(beats the 0.97118 account best) 2.59e-01. Sent because the brief's economics make an unused slot pure waste, NOT because it is expected to move anything: every unsent file is below the best already-sent CV and w26d prices the whole queue at 6.3e-4 of beating the board. Not a deadline candidate — selection is on CV and this is -22.5e-6 below the best sent CV.",SubmissionStatus.COMPLETE,0.97117,0.97093
55691067,w40_ad211stdcorr.csv,2026-08-22 12:38:23.620000,"w26g queue-drain w40_ad211stdcorr — CV 0.9701374733, family h3, w26d predicted LB 0.971178 with P(beats the 0.97118 account best) 2.52e-01. Sent because the brief's economics make an unused slot pure waste, NOT because it is expected to move anything: every unsent file is below the best already-sent CV and w26d prices the whole queue at 6.3e-4 of beating the board. Not a deadline candidate — selection is on CV and this is -22.4e-6 below the best sent CV.",SubmissionStatus.COMPLETE,0.97118,0.97094
55691065,w40_ad211std.csv,2026-08-22 12:38:21.017000,"w26g queue-drain w40_ad211std — CV 0.9701309541, family ens4, w26d predicted LB 0.971167 with P(beats the 0.97118 account best) 4.50e-02. Sent because the brief's economics make an unused slot pure waste, NOT because it is expected to move anything: every unsent file is below the best already-sent CV and w26d prices the whole queue at 6.3e-4 of beating the board. Not a deadline candidate — selection is on CV and this is -15.9e-6 below the best sent CV.",SubmissionStatus.COMPLETE,0.97117,0.97093
55691063,w38_ad202std.csv,2026-08-22 12:38:18.017000,"w26g queue-drain w38_ad202std — CV 0.9701305726, family ens4, w26d predicted LB 0.971166 with P(beats the 0.97118 account best) 3.91e-02. Sent because the brief's economics make an unused slot pure waste, NOT because it is expected to move anything: every unsent file is below the best already-sent CV and w26d prices the whole queue at 6.3e-4 of beating the board. Not a deadline candidate — selection is on CV and this is -15.5e-6 below the best sent CV.",SubmissionStatus.COMPLETE,0.97116,0.97092
55691062,w36_ad199std_h3.csv,2026-08-22 12:38:15.200000,"w26g queue-drain w36_ad199std_h3 — CV 0.9701354276, family h3, w26d predicted LB 0.971161 with P(beats the 0.97118 account best) 1.39e-02. Sent because the brief's economics make an unused slot pure waste, NOT because it is expected to move anything: every unsent file is below the best already-sent CV and w26d prices the whole queue at 6.3e-4 of beating the board. Not a deadline candidate — selection is on CV and this is -20.3e-6 below the best sent CV.",SubmissionStatus.COMPLETE,0.97116,0.97092
55691060,w36_ad197std_hybrid.csv,2026-08-22 12:38:11.990000,"w26g queue-drain w36_ad197std_hybrid — CV 0.9701124257, family hybrid, w26d predicted LB 0.971123 with P(beats the 0.97118 account best) 2.98e-09. Sent because the brief's economics make an unused slot pure waste, NOT because it is expected to move anything: every unsent file is below the best already-sent CV and w26d prices the whole queue at 6.3e-4 of beating the board. Not a deadline candidate — selection is on CV and this is 2.7e-6 below the best sent CV.",SubmissionStatus.COMPLETE,0.97114,0.97091
55691059,w34_ad195std_hybrid.csv,2026-08-22 12:38:08.587000,"w26g queue-drain w34_ad195std_hybrid — CV 0.9701108333, family hybrid, w26d predicted LB 0.971120 with P(beats the 0.97118 account best) 5.50e-10. Sent because the brief's economics make an unused slot pure waste, NOT because it is expected to move anything: every unsent file is below the best already-sent CV and w26d prices the whole queue at 6.3e-4 of beating the board. Not a deadline candidate — selection is on CV and this is 4.2e-6 below the best sent CV.",SubmissionStatus.COMPLETE,0.97113,0.97090
55691057,w34_ad196std_hybrid.csv,2026-08-22 12:38:05.573000,"w26g queue-drain w34_ad196std_hybrid — CV 0.9701091250, family hybrid, w26d predicted LB 0.971117 with P(beats the 0.97118 account best) 8.26e-11. Sent because the brief's economics make an unused slot pure waste, NOT because it is expected to move anything: every unsent file is below the best already-sent CV and w26d prices the whole queue at 6.3e-4 of beating the board. Not a deadline candidate — selection is on CV and this is 6.0e-6 below the best sent CV.",SubmissionStatus.COMPLETE,0.97113,0.97090
55691054,w38_ad202std_rankraw.csv,2026-08-22 12:38:01.390000,"w26g queue-drain w38_ad202std_rankraw — CV 0.9701067554, family rankraw, w26d predicted LB 0.971121 with P(beats the 0.97118 account best) 8.66e-10. Sent because the brief's economics make an unused slot pure waste, NOT because it is expected to move anything: every unsent file is below the best already-sent CV and w26d prices the whole queue at 6.3e-4 of beating the board. Not a deadline candidate — selection is on CV and this is 8.3e-6 below the best sent CV.",SubmissionStatus.COMPLETE,0.97114,0.97092
55691053,w40_ad211std_rankraw.csv,2026-08-22 12:37:58.490000,"w26g queue-drain w40_ad211std_rankraw — CV 0.9701044022, family rankraw, w26d predicted LB 0.971116 with P(beats the 0.97118 account best) 6.40e-11. Sent because the brief's economics make an unused slot pure waste, NOT because it is expected to move anything: every unsent file is below the best already-sent CV and w26d prices the whole queue at 6.3e-4 of beating the board. Not a deadline candidate — selection is on CV and this is 10.7e-6 below the best sent CV.",SubmissionStatus.COMPLETE,0.97114,0.97092
55656432,w34_ad195stdcorr.csv,2026-08-21 00:07:38.670000,"w26g queue-drain w34_ad195stdcorr — CV 0.9701247949, family h3, w26d predicted LB 0.971184 with P(beats the 0.97118 account best) 4.56e-01. Sent because the brief's economics make an unused slot pure waste, NOT because it is expected to move anything: every unsent file is below the best already-sent CV and w26d prices the whole queue at 6.3e-4 of beating the board. Not a deadline candidate — selection is on CV and this is -9.7e-6 below the best sent CV.",SubmissionStatus.COMPLETE,0.97117,0.97093
55656429,w36_ad199std_hybrid.csv,2026-08-21 00:07:35.277000,"w39 slot9 w36_ad199std_hybrid — the `hybrid` transform over the same 199-member standardised pack as the day's leader, cross-fitted CV 0.9701231283 on the frozen folds. It REPLACES w36_ad199std_logit in this slot, and the reason is auto-selection rather than public rank. Nothing is selected on this account, so Kaggle will auto-select on best PUBLIC score. The logit sibling sits 82.9e-6 of CV below the leader yet prices at 0.97119, because logit carries a +1121e-6 LB-CV gap against h3's +1025e-6 across 78 scored files — the same shape as blend158_logit, the file the w13 audit named as the whole of this account's selection exposure. Removing it takes the worst of 20,000 simulated auto-selections from -82.9e-6 to -18.1e-6 of CV. The brief is right that a spare slot is free for public RANK; it is not free for the FINAL score while the default picks on public. Not a deadline candidate: this is 16.9e-6 below the CV leader.",SubmissionStatus.COMPLETE,0.97114,0.97091
55656425,w37_cal_dm_cat.csv,2026-08-21 00:07:32.023000,"w37 es-bias CALIBRATION (DIRTY reading) — this is a MEASUREMENT, not an attempt on the board. The file is the raw test-prediction vector of pack member `dm_cat`, whose out-of-fold AUC on our frozen SKF5 seed-42 folds is 0.9667001254. Expect it to score around 0.96809 — far below this account's 0.97118 best, which costs nothing because the public board shows best-of-all-submissions. WHY: w36f priced early-stopping-on-the-scored-fold at +2.7e-4 of inflated OOF AUC from a single usable reading, because the only other candidate's published score turned out to belong to a blend rather than to that model. Submitting the vector ourselves removes that ambiguity and returns an exact score for exactly these predictions. Member's early-stopping mechanism: CatBoost od_type + best-iteration on the scored fold. Pre-registered in experiments/w37c_prereg.py before any of these was sent: honest 0.968359 vs inflated 0.968086, 27 reporting steps apart. NOT a deadline candidate under any outcome — final selection is on CV.",SubmissionStatus.COMPLETE,0.96813,0.96807
55656420,w37_cal_omid_tabm.csv,2026-08-21 00:07:29.177000,"w37 es-bias CALIBRATION (DIRTY reading) — this is a MEASUREMENT, not an attempt on the board. The file is the raw test-prediction vector of pack member `omid_tabm`, whose out-of-fold AUC on our frozen SKF5 seed-42 folds is 0.9675077199. Expect it to score around 0.96875 — far below this account's 0.97118 best, which costs nothing because the public board shows best-of-all-submissions. WHY: w36f priced early-stopping-on-the-scored-fold at +2.7e-4 of inflated OOF AUC from a single usable reading, because the only other candidate's published score turned out to belong to a blend rather than to that model. Submitting the vector ourselves removes that ambiguity and returns an exact score for exactly these predictions. Member's early-stopping mechanism: NN 'New best epoch!' + 'Restoring best model' per fold. Pre-registered in experiments/w37c_prereg.py before any of these was sent: honest 0.969026 vs inflated 0.968753, 27 reporting steps apart. NOT a deadline candidate under any outcome — final selection is on CV.",SubmissionStatus.COMPLETE,0.96949,0.96916
55656418,w37_cal_om_xgb2.csv,2026-08-21 00:07:25.507000,"w37 es-bias CALIBRATION (DIRTY reading) — this is a MEASUREMENT, not an attempt on the board. The file is the raw test-prediction vector of pack member `om_xgb2`, whose out-of-fold AUC on our frozen SKF5 seed-42 folds is 0.9687331700. Expect it to score around 0.96976 — far below this account's 0.97118 best, which costs nothing because the public board shows best-of-all-submissions. WHY: w36f priced early-stopping-on-the-scored-fold at +2.7e-4 of inflated OOF AUC from a single usable reading, because the only other candidate's published score turned out to belong to a blend rather than to that model. Submitting the vector ourselves removes that ambiguity and returns an exact score for exactly these predictions. Member's early-stopping mechanism: XGB early stopping on the scored fold. Pre-registered in experiments/w37c_prereg.py before any of these was sent: honest 0.970037 vs inflated 0.969764, 27 reporting steps apart. NOT a deadline candidate under any outcome — final selection is on CV.",SubmissionStatus.COMPLETE,0.96993,0.96962
55656412,w36_ad199std.csv,2026-08-21 00:07:20.823000,"w26g queue-drain w36_ad199std — CV 0.9701323250, family ens4, w26d predicted LB 0.971199 with P(beats the 0.97118 account best) 9.67e-01. Sent because the brief's economics make an unused slot pure waste, NOT because it is expected to move anything: every unsent file is below the best already-sent CV and w26d prices the whole queue at 6.3e-4 of beating the board. Not a deadline candidate — selection is on CV and this is -17.2e-6 below the best sent CV.",SubmissionStatus.COMPLETE,0.97117,0.97092
55656410,w37_cal_mkt_realmlp.csv,2026-08-21 00:07:17.530000,"w37 es-bias CALIBRATION (CLEAN ANCHOR - the enabling send) — this is a MEASUREMENT, not an attempt on the board. The file is the raw test-prediction vector of pack member `mkt_realmlp`, whose out-of-fold AUC on our frozen SKF5 seed-42 folds is 0.9581337349. Expect it to score around 0.96129 — far below this account's 0.97118 best, which costs nothing because the public board shows best-of-all-submissions. WHY: w36f priced early-stopping-on-the-scored-fold at +2.7e-4 of inflated OOF AUC from a single usable reading, because the only other candidate's published score turned out to belong to a blend rather than to that model. Submitting the vector ourselves removes that ambiguity and returns an exact score for exactly these predictions. Member's early-stopping mechanism: none -- max_epochs=512 reached on all 5 folds. Pre-registered in experiments/w37c_prereg.py before any of these was sent: honest 0.961290 vs inflated 0.961017, 27 reporting steps apart. NOT a deadline candidate under any outcome — final selection is on CV.",SubmissionStatus.COMPLETE,0.96285,0.96287
55656409,w37_cal_ram_hgb.csv,2026-08-21 00:07:13.813000,"w37 es-bias CALIBRATION (CLEAN AUDIT of the line's own foundation) — this is a MEASUREMENT, not an attempt on the board. The file is the raw test-prediction vector of pack member `ram_hgb`, whose out-of-fold AUC on our frozen SKF5 seed-42 folds is 0.9680258266. Expect it to score around 0.96945 — far below this account's 0.97118 best, which costs nothing because the public board shows best-of-all-submissions. WHY: w36f priced early-stopping-on-the-scored-fold at +2.7e-4 of inflated OOF AUC from a single usable reading, because the only other candidate's published score turned out to belong to a blend rather than to that model. Submitting the vector ourselves removes that ambiguity and returns an exact score for exactly these predictions. Member's early-stopping mechanism: none -- audits the title-LB the whole line rests on. Pre-registered in experiments/w37c_prereg.py before any of these was sent: honest 0.969454 vs inflated 0.969181, 27 reporting steps apart. NOT a deadline candidate under any outcome — final selection is on CV.",SubmissionStatus.COMPLETE,0.96945,0.96915
55656404,w36_ad199std_rescale.csv,2026-08-21 00:07:10.383000,"w26g queue-drain w36_ad199std_rescale — CV 0.9701219373, family rescale, w26d predicted LB 0.971201 with P(beats the 0.97118 account best) 9.80e-01. Sent because the brief's economics make an unused slot pure waste, NOT because it is expected to move anything: every unsent file is below the best already-sent CV and w26d prices the whole queue at 6.3e-4 of beating the board. Not a deadline candidate — selection is on CV and this is -6.9e-6 below the best sent CV.",SubmissionStatus.COMPLETE,0.97116,0.97092
55656399,w36_ad199stdcorr.csv,2026-08-21 00:07:06.647000,"w26g queue-drain w36_ad199stdcorr — CV 0.9701400060, family h3, w26d predicted LB 0.971212 with P(beats the 0.97118 account best) 1.00e+00. Sent because the brief's economics make an unused slot pure waste, NOT because it is expected to move anything: every unsent file is below the best already-sent CV and w26d prices the whole queue at 6.3e-4 of beating the board. Not a deadline candidate — selection is on CV and this is -24.9e-6 below the best sent CV.",SubmissionStatus.COMPLETE,0.97118,0.97093
55634065,w29_ad194std_rescale.csv,2026-08-20 00:08:14.663000,"w26g queue-drain w29_ad194std_rescale — CV 0.9700978809, family rescale, w26d predicted LB 0.971158 with P(beats the 0.97118 account best) 7.34e-04. Sent because the brief's economics make an unused slot pure waste, NOT because it is expected to move anything: every unsent file is below the best already-sent CV and w26d prices the whole queue at 6.3e-4 of beating the board. Not a deadline candidate — selection is on CV and this is 17.2e-6 below the best sent CV.",SubmissionStatus.COMPLETE,0.97115,0.97091
55634063,w27_ad190std_logit.csv,2026-08-20 00:08:11.677000,"w26g queue-drain w27_ad190std_logit — CV 0.9700395047, family logit, w26d predicted LB 0.971159 with P(beats the 0.97118 account best) 8.59e-04. Sent because the brief's economics make an unused slot pure waste, NOT because it is expected to move anything: every unsent file is below the best already-sent CV and w26d prices the whole queue at 6.3e-4 of beating the board. Not a deadline candidate — selection is on CV and this is 75.6e-6 below the best sent CV.",SubmissionStatus.COMPLETE,0.97116,0.97087
55634062,w29_ad194std_logit.csv,2026-08-20 00:08:07.933000,"w26g queue-drain w29_ad194std_logit — CV 0.9700399362, family logit, w26d predicted LB 0.971160 with P(beats the 0.97118 account best) 1.20e-03. Sent because the brief's economics make an unused slot pure waste, NOT because it is expected to move anything: every unsent file is below the best already-sent CV and w26d prices the whole queue at 6.3e-4 of beating the board. Not a deadline candidate — selection is on CV and this is 75.1e-6 below the best sent CV.",SubmissionStatus.COMPLETE,0.97116,0.97088
55634059,w27_ad190std.csv,2026-08-20 00:08:04.747000,"w26g queue-drain w27_ad190std — CV 0.9701109338, family ens4, w26d predicted LB 0.971161 with P(beats the 0.97118 account best) 1.68e-03. Sent because the brief's economics make an unused slot pure waste, NOT because it is expected to move anything: every unsent file is below the best already-sent CV and w26d prices the whole queue at 6.3e-4 of beating the board. Not a deadline candidate — selection is on CV and this is 4.1e-6 below the best sent CV.",SubmissionStatus.COMPLETE,0.97117,0.97091
55634058,w27_ad188raw_rescale.csv,2026-08-20 00:08:01.457000,"w26g queue-drain w27_ad188raw_rescale — CV 0.9700989714, family rescale, w26d predicted LB 0.971161 with P(beats the 0.97118 account best) 1.71e-03. Sent because the brief's economics make an unused slot pure waste, NOT because it is expected to move anything: every unsent file is below the best already-sent CV and w26d prices the whole queue at 6.3e-4 of beating the board. Not a deadline candidate — selection is on CV and this is 16.1e-6 below the best sent CV.",SubmissionStatus.COMPLETE,0.97115,0.97090
55634056,w27_ad190std_rescale.csv,2026-08-20 00:07:58.237000,"w26g queue-drain w27_ad190std_rescale — CV 0.9700990014, family rescale, w26d predicted LB 0.971161 with P(beats the 0.97118 account best) 1.75e-03. Sent because the brief's economics make an unused slot pure waste, NOT because it is expected to move anything: every unsent file is below the best already-sent CV and w26d prices the whole queue at 6.3e-4 of beating the board. Not a deadline candidate — selection is on CV and this is 16.1e-6 below the best sent CV.",SubmissionStatus.COMPLETE,0.97115,0.97090
55634054,w29_ad194stdcorr.csv,2026-08-20 00:07:55.157000,"w26g queue-drain w29_ad194stdcorr — CV 0.9701182875, family h3, w26d predicted LB 0.971161 with P(beats the 0.97118 account best) 1.94e-03. Sent because the brief's economics make an unused slot pure waste, NOT because it is expected to move anything: every unsent file is below the best already-sent CV and w26d prices the whole queue at 6.3e-4 of beating the board. Not a deadline candidate — selection is on CV and this is -3.2e-6 below the best sent CV.",SubmissionStatus.COMPLETE,0.97118,0.97093
55634051,w27_ad188raw.csv,2026-08-20 00:07:51.943000,"w26g queue-drain w27_ad188raw — CV 0.9701113751, family ens4, w26d predicted LB 0.971161 with P(beats the 0.97118 account best) 2.32e-03. Sent because the brief's economics make an unused slot pure waste, NOT because it is expected to move anything: every unsent file is below the best already-sent CV and w26d prices the whole queue at 6.3e-4 of beating the board. Not a deadline candidate — selection is on CV and this is 3.7e-6 below the best sent CV.",SubmissionStatus.COMPLETE,0.97116,0.97091
55634050,w29_ad194std.csv,2026-08-20 00:07:48.910000,"w26g queue-drain w29_ad194std — CV 0.9701116199, family ens4, w26d predicted LB 0.971162 with P(beats the 0.97118 account best) 2.77e-03. Sent because the brief's economics make an unused slot pure waste, NOT because it is expected to move anything: every unsent file is below the best already-sent CV and w26d prices the whole queue at 6.3e-4 of beating the board. Not a deadline candidate — selection is on CV and this is 3.5e-6 below the best sent CV.",SubmissionStatus.COMPLETE,0.97116,0.97092
55634048,w27_ad190stdcorr.csv,2026-08-20 00:07:45.873000,"w26g queue-drain w27_ad190stdcorr — CV 0.9701181344, family h3, w26d predicted LB 0.971161 with P(beats the 0.97118 account best) 1.73e-03. Sent because the brief's economics make an unused slot pure waste, NOT because it is expected to move anything: every unsent file is below the best already-sent CV and w26d prices the whole queue at 6.3e-4 of beating the board. Not a deadline candidate — selection is on CV and this is -3.1e-6 below the best sent CV.",SubmissionStatus.COMPLETE,0.97118,0.97092
55627458,w27_ad188std.csv,2026-08-19 16:16:17.660000,"w27 slot3 w27_ad188std (ens4) - the last slot of the 08-19 day, sent under the decision rule registered in the w27 slot-2 entry SS12 (send w27_ad188stdcorr if it exists, else this; w21a is still running its permutation controls so it does not). Cross-fitted CV 0.9701093456 on the frozen folds, the rank-ensemble of all four transform stacks over the 188-member standardised pack. It is NOT a deadline candidate: selection is on CV and this sits 5.7e-6 below the CV leader w23_ad187stdcorr (0.9701150809). What makes it worth a slot rather than filler is that it is a clean out-of-sample test of a BUG FIXED THIS SLOT. w26d_queueprice.py decided whether a file's combiner was fitted on a standardised design matrix using a hard-coded whitelist of seven w23_* names, so every build since w23 - including this one, which was built with --standardize - scored as unstandardised and collected +27.43e-6 of predicted LB it had not earned. That is 3.3 reporting steps and it is the whole of yesterday's headline that the queue had 'changed character' and priced at P=0.37; corrected it prices at 1.6e-4. REGISTERED PREDICTION, written before the print: the corrected model says 0.97115, the old buggy one said 0.97118. Those are three reporting steps apart, so this single file discriminates them cleanly. 0.97115 confirms the fix and the -27.43e-6 standardisation penalty; 0.97118 would say the penalty does not apply to this build and the whitelist was accidentally right. Either way the CV bar for what is worth building next moves, and that bar - 0.9701326 for a standardised h3 file, not the 0.9701182 this workspace has been quoting - is now the number that matters.",SubmissionStatus.COMPLETE,0.97116,0.97091
55626607,w27_ad188std_h3.csv,2026-08-19 15:30:18.037000,"w27 slot2 w27_ad188std_h3 — the 187-member standardised h3 pack PLUS one member: lat_ctfix_r400, the lattice LightGBM rebuilt with the CT_ train/serve scale skew corrected (w26 §G, s=4/3). Cross-fitted CV 0.9701114720 on the frozen folds, against 0.9701092751 for the identical 187-member build, i.e. +2.20e-6 — inside the pre-registered 0..+6e-6 (prereg §L2) and below its +3e-6 mode. ⚠ Read as the value of ADDING A MEMBER, not of the correction: the paired 50/50 instrument gives the skewed control member the same marginal value. Second-highest CV ever built here; below the 0.9701150809 best sent and below the 0.9701181879 ship bar. Not a deadline candidate on its own.",SubmissionStatus.COMPLETE,0.97115,0.97091
55626311,blend160orig_rescale.csv,2026-08-19 15:13:27.653000,"w26g queue-drain blend160orig_rescale — CV 0.9700233487, family rescale, w26d predicted LB 0.971042 with P(beats the 0.97118 account best) 0.00e+00. Sent because the brief's economics make an unused slot pure waste, NOT because it is expected to move anything: every unsent file is below the best already-sent CV and w26d prices the whole queue at 6.3e-4 of beating the board. Not a deadline candidate — selection is on CV and this is 91.7e-6 below the best sent CV.",SubmissionStatus.COMPLETE,0.97105,0.97083
55626308,blend159_logit.csv,2026-08-19 15:13:22.960000,"w26g queue-drain blend159_logit — CV 0.9699646622, family logit, w26d predicted LB 0.971043 with P(beats the 0.97118 account best) 0.00e+00. Sent because the brief's economics make an unused slot pure waste, NOT because it is expected to move anything: every unsent file is below the best already-sent CV and w26d prices the whole queue at 6.3e-4 of beating the board. Not a deadline candidate — selection is on CV and this is 150.4e-6 below the best sent CV.",SubmissionStatus.COMPLETE,0.97106,0.97081
55626305,w14a_repro159av_logit.csv,2026-08-19 15:13:16.540000,"w26g queue-drain w14a_repro159av_logit — CV 0.9699648698, family logit, w26d predicted LB 0.971043 with P(beats the 0.97118 account best) 0.00e+00. Sent because the brief's economics make an unused slot pure waste, NOT because it is expected to move anything: every unsent file is below the best already-sent CV and w26d prices the whole queue at 6.3e-4 of beating the board. Not a deadline candidate — selection is on CV and this is 150.2e-6 below the best sent CV.",SubmissionStatus.COMPLETE,0.97106,0.97081
55625690,blend159_rescale.csv,2026-08-19 14:39:51.017000,"w26g queue-drain blend159_rescale — CV 0.9700258922, family rescale, w26d predicted LB 0.971047 with P(beats the 0.97118 account best) 0.00e+00. Sent because the brief's economics make an unused slot pure waste, NOT because it is expected to move anything: every unsent file is below the best already-sent CV and w26d prices the whole queue at 6.3e-4 of beating the board. Not a deadline candidate — selection is on CV and this is 89.2e-6 below the best sent CV.",SubmissionStatus.COMPLETE,0.97105,0.97083
55625689,blend160origm_rescale.csv,2026-08-19 14:39:47.770000,"w26g queue-drain blend160origm_rescale — CV 0.9700270088, family rescale, w26d predicted LB 0.971049 with P(beats the 0.97118 account best) 0.00e+00. Sent because the brief's economics make an unused slot pure waste, NOT because it is expected to move anything: every unsent file is below the best already-sent CV and w26d prices the whole queue at 6.3e-4 of beating the board. Not a deadline candidate — selection is on CV and this is 88.1e-6 below the best sent CV.",SubmissionStatus.COMPLETE,0.97105,0.97083
55625686,w14a_repro159av_rescale.csv,2026-08-19 14:39:44.060000,"w26g queue-drain w14a_repro159av_rescale — CV 0.9700271741, family rescale, w26d predicted LB 0.971049 with P(beats the 0.97118 account best) 0.00e+00. Sent because the brief's economics make an unused slot pure waste, NOT because it is expected to move anything: every unsent file is below the best already-sent CV and w26d prices the whole queue at 6.3e-4 of beating the board. Not a deadline candidate — selection is on CV and this is 87.9e-6 below the best sent CV.",SubmissionStatus.COMPLETE,0.97105,0.97083
55625682,blend159av_rescale.csv,2026-08-19 14:39:40.323000,"w26g queue-drain blend159av_rescale — CV 0.9700286702, family rescale, w26d predicted LB 0.971052 with P(beats the 0.97118 account best) 0.00e+00. Sent because the brief's economics make an unused slot pure waste, NOT because it is expected to move anything: every unsent file is below the best already-sent CV and w26d prices the whole queue at 6.3e-4 of beating the board. Not a deadline candidate — selection is on CV and this is 86.4e-6 below the best sent CV.",SubmissionStatus.COMPLETE,0.97105,0.97083
55625681,w20_ad187_logit.csv,2026-08-19 14:39:37.043000,"w26g queue-drain w20_ad187_logit — CV 0.9700247998, family logit, w26d predicted LB 0.971158 with P(beats the 0.97118 account best) 6.26e-04. Sent because the brief's economics make an unused slot pure waste, NOT because it is expected to move anything: every unsent file is below the best already-sent CV and w26d prices the whole queue at 6.3e-4 of beating the board. Not a deadline candidate — selection is on CV and this is 90.3e-6 below the best sent CV.",SubmissionStatus.COMPLETE,0.97116,0.97088
55588458,w23_ad187std_logit.csv,2026-08-18 00:20:28.300000,"w25 slot1 send10 w23_ad187std_logit — CV 0.9700298055, the LOGIT-transform stack of the standardised 187 pack, and the last slot of the day spent on the largest single anomaly in this slot's full-history table. Across all 58 scored files the (LB - CV) gap is not constant: it runs +1000.7e-6 for wh3 and +1002.9 for w up to +1023.7 for ens4 and +1112.9e-6 for logit. The logit family sits ~105e-6 above h3, which is 13x the 8.21e-6 paired slice sd — and h3 is the mix that EXCLUDES logit while ens4 INCLUDES it, so this is also the mechanism behind the h3-vs-ens4 pattern that is now 11 matched pairs of CV preferring h3 and the public LB preferring ens4 by one step. The problem is that every logit file ever sent has CV between 0.9699498 and 0.9699648, so the offset is measured entirely at the bottom of the range and is fully confounded with the gap shrinking as CV rises. This file is +65e-6 of CV above any logit file previously sent and breaks that confound. REGISTERED PREDICTION, two hypotheses that differ by more than a dozen reporting steps: a fixed logit family offset gives 0.97114 (0.97112 after the -20e-6 standardisation offset this slot measured in 5 of 5 matched pairs); a gap that is an artefact of low CV gives roughly 0.97105. Not a deadline candidate — it is 85e-6 of CV below the pick.",SubmissionStatus.COMPLETE,0.97114,0.97087
55588454,w23_ad187std_h3_rankraw.csv,2026-08-18 00:20:13.373000,"w25 slot1 send9 w23_ad187std_h3_rankraw — CV 0.9700917912. This is the cleanest reading of the standardisation available anywhere on the account, because its unstandardised twin w20_ad187_rankraw has CV 0.9700915300: a dCV of +0.26e-6, essentially ZERO. Every previous matched pair confounded the standardisation with a CV gap of +8 to +20e-6 and had to be read through a slope. This one does not. The twin printed 0.97114. Standing evidence going in is 5 matched pairs in 5 transform families — h3, ens4, rescale, hybrid, and the corrected h3 — and in every single one the standardised file printed EXACTLY one reporting step below its unstandardised twin, -10.0e-6, regardless of whether the CV gap was +8.0 or +20.5e-6. That invariance is the striking part: the LB penalty does not scale with the CV gain, which is what a fixed offset looks like and not what a slope does. REGISTERED PREDICTION: 0.97112, i.e. one step below the twin at equal CV. If it instead ties at 0.97114 the offset is not fixed and the five-pair pattern needs re-reading. The final pick does not move on this either way — only w25d's held-out CV-side verdict can move it, per experiments/w25_prereg.txt §4.",SubmissionStatus.COMPLETE,0.97114,0.97089
55588412,w23_ad187std_h3_hybrid.csv,2026-08-18 00:17:58.723000,"w25 slot1 send8 w23_ad187std_h3_hybrid — CV 0.9700977970, the STANDARDISED twin of send7. Identical 187-member pack, identical hybrid transform, identical C=1.0 and frozen SKF5 seed42 folds; the sole difference is unit-sd scaling of the combiner's design matrix before the logistic fit. Fifth matched standardisation pair, third transform family. dCV +20.45e-6 in this file's favour, the largest separation of any pair so far, which makes it the most discriminating of the five: the CV-only forecast puts it at 0.971138, two to three steps above send7, while the observed standardisation residual of -24 to -38e-6 puts it at roughly 0.97111, level with or one step above send7. Registered before either prints. The mechanism under test is stated in experiments/w25_prereg.txt §2 — the combiner is cross-fitted on the SAME frozen folds that produced its 187 member OOF vectors, so a better-converged fit can exploit that leak harder, and letting lbfgs actually converge is the entire documented effect of standardising. If that is right the cross-fitted CV gain is partly optimism and the LB is simply reading the honest value. w25d tests exactly that on held-out rows, and only its verdict, not any of these prints, is permitted to move the final selection.",SubmissionStatus.COMPLETE,0.97112,0.97089
55588406,w20_ad187_hybrid.csv,2026-08-18 00:17:45.010000,"w25 slot1 send7 w20_ad187_hybrid — CV 0.9700773470, unstandardised 187-pack combiner under the HYBRID transform alone. Paired with send8 (the standardised twin, CV 0.9700977970) this is the FIFTH matched standardisation contrast and the third distinct transform family. Standing count going in is 4 of 4, all one reporting step DOWN for the standardised file, and send6 just made the sharpest reading yet: in the rescale family the standardised file is +15.86e-6 of CV ahead and printed 0.97114 against the unstandardised 0.97115. That same result also refuted the rescale family offset as a general explanation — the unstandardised rescale file landed at 0.97115 against a predicted 0.971138, one step, while its standardised twin missed by three. So the residual attaches to the standardisation, not to the transform. REGISTERED PREDICTION for this file: 0.971102 from the family model, modal 0.97110. The paired quantity send8 minus send7 is predicted at +35.7e-6 by CV alone and at roughly +12e-6 once the observed standardisation residual is applied. None of this moves the deadline pick, which is on CV; the CV-side test that could move it is running as w25d and is pre-registered at experiments/w25_prereg.txt §4.",SubmissionStatus.COMPLETE,0.97113,0.97091
55588389,w20_ad187_rescale.csv,2026-08-18 00:16:38.650000,"w25 slot1 send6 w20_ad187_rescale — CV 0.9700778471, the UNSTANDARDISED twin of send5. Same 187-member pack, same rescale transform, same C=1.0, same frozen SKF5 seed42 folds; the only difference is whether the combiner's design matrix is scaled to unit sd before the logistic fit. This is the fourth matched standardisation pair on the account and the first outside the h3/ens4 mixes. dCV is +15.86e-6 in the standardised file's favour, which is roughly double the +8.0 to +8.5e-6 seen in the mix files, because a single-transform stack has no rank-averaging to wash out the combiner's convergence defect. REGISTERED PREDICTION: 0.971138 from the family model, so modal 0.97114. The decisive quantity is the PAIRED difference send5 minus this file. Under the family model it is +27.8e-6, i.e. send5 should print two to three steps ABOVE this one. Under a general standardisation penalty of -24e-6 it is roughly +4e-6, i.e. the two should tie or differ by one step. Three matched pairs already favour the second reading; a fourth in a new family at double the CV separation is the cleanest look available at zero cost.",SubmissionStatus.COMPLETE,0.97115,0.97090
55588387,w23_ad187std_h3_rescale.csv,2026-08-18 00:16:25.480000,"w25 slot1 send5 w23_ad187std_h3_rescale — CV 0.9700937039, the standardised 187-pack combiner under the RESCALE transform alone. Two registered tests in one file. (1) The rescale family carries the largest offset in this slot's fit, +34.2e-6 above h3 with se 6.1 on only n=3 files, and an offset that large off three points is the one most likely to be an artefact; this is its first out-of-sample check. (2) It extends the standardisation contrast into a fourth transform family — so far that contrast is measured only in h3 and ens4, where it printed one step DOWN in 3 of 3 matched pairs despite +8.0 to +8.5e-6 of CV. Send6 is w20_ad187_rescale, the unstandardised twin of this exact file, so the pair isolates the standardisation with the family offset cancelling exactly. REGISTERED: the family model alone says 0.971166; shading by the -24e-6 residual the standardisation has shown in every matched pair so far says 0.971142. Those disagree by two reporting steps, which is the point — 0.97117 supports the family model and refutes a general standardisation penalty, 0.97114 does the reverse. Deadline selection is on CV and does not move on either.",SubmissionStatus.COMPLETE,0.97114,0.97090
55588382,w22_ad187corr_rankraw.csv,2026-08-18 00:16:11.357000,"w25 slot1 send4 w22_ad187corr_rankraw — CV 0.9701001355, the 5-arm c_avg correction on the RANKRAW base of the 187 pack, unstandardised. First out-of-sample test of the LB predictor this slot built. w25c fits LB ~ CV + transform-family offset over the 51 scored files with CV>=0.97: slope +1.750 (95% CI 1.629..1.872) and offsets, in e-6 of LB against h3 as reference, of rescale +34.2, ens4 +13.1, rankraw +9.6, hybrid -1.0, w -0.3, wh3 -4.1. Adding the family term drops the residual sd from 12.16e-6 to 8.67e-6, which is within noise of the 8.21e-6 paired slice sd w17a measured independently by simulation — so the CV-to-LB relation is, for the first time, fully accounted for. REGISTERED PREDICTION for this file: 0.971153, so the modal print is 0.97115 and 0.97116 is the near alternative. That is a genuine forecast from a model fitted before the file was sent, not a range wide enough to be unfalsifiable. Not a deadline candidate; it is 6.7e-6 of CV below the pick.",SubmissionStatus.COMPLETE,0.97117,0.97091
55588252,w23_ad187std.csv,2026-08-18 00:10:09.567000,"w25 slot1 send3 w23_ad187std — the ALL-FOUR-TRANSFORM (ens4) mix of the identical 187-member pack and the identical converged, standardised combiner as send2. CV 0.9701058972, which is -3.38e-6 against send2's h3 mix. This is the second half of the eleventh matched h3-vs-ens4 pair and the whole point of sending it: the two files differ in one thing only, whether the logit transform is inside the mix. REGISTERED BEFORE EITHER PRINTS, so it cannot be rationalised after: the standing pattern is 10 of 10 pairs with CV preferring h3 and the public LB preferring ens4 by one step, so the pattern-consistent outcome is this file printing ONE STEP ABOVE send2 despite being 3.4e-6 BELOW it on CV. If it does, the count goes to 11 of 11 and the mechanism is already named — this slot's full-history gap table shows the logit family carries an (LB-CV) gap of +1080 to +1099e-6 against the h3 family's +1001 to +1004e-6, a ~80e-6 separation that is 5x the 17e-6 paired slice sd, so including logit buys LB gap systematically rather than by draw. If instead it ties or prints below send2, the streak breaks at 10 and the slice-event reading survives. Either way the deadline pick is on CV and does not move.",SubmissionStatus.COMPLETE,0.97115,0.97090
55588245,w23_ad187std_h3.csv,2026-08-18 00:09:56.097000,"w25 slot1 send2 w23_ad187std_h3 — the UNCORRECTED standardised h3 base that send1's file is built on. CV 0.9701092751. Sent for two reasons. (1) It isolates the c_avg correction on the LB: send1 minus this file is the correction's public-slice value, dCV +5.72e-6, and no other pair on the account measures that on the standardised base. (2) Paired with send3 (w23_ad187std, the all-four-transform mix of the identical member set and identical converged combiner) it is the ELEVENTH matched h3-vs-ens4 reading this account has taken, and the first on a converged fit. The standing count going into today is 10 of 10 matched pairs where CV prefers h3 and the public LB prefers ens4 by exactly one 1e-5 reporting step — measured this slot in experiments/w25a_cvlb_full.py over the whole 58-file scored history, not a subset. w16s closed that as a p~0.24 slice event on 6 pairs; at 10 it is no longer comfortable, and an 11th independent reading is worth a free slot. Selection is still on CV and does not move on this.",SubmissionStatus.COMPLETE,0.97114,0.97090
55588167,w23_ad187stdcorr.csv,2026-08-18 00:07:30.530000,"w25 slot1 w23_ad187stdcorr — THE CV LEADER, and the file WANTED has pointed at since w24 but which had never been uploaded (the cap was gone before it existed). 5-arm scheme-average c_avg correction rebuilt on w23's STANDARDISED h3 base of the 187-member pack; w21a_ad187corr.py run verbatim with only W21A_BASE/W21A_TAG swapped. CV 0.9701150809, independently recomputed from the stored OOF this slot and matching to all 10 digits. That is +8.20e-6 on w21_ad187corr (LB 0.97117) and +5.72e-6 of correction on its own base. REGISTERED PREDICTION, written into JOURNAL w24 section 5 BEFORE this file could be scored: at the workspace's observed CV->LB slope of roughly 2x the modal print is 0.97119, with 0.97118 the main alternative; a print at or below 0.97117 is information about the 20% public slice, not about the file, and by pre-registered rule R3 would NOT move the deadline pick back. Selection here is on CV and always has been.",SubmissionStatus.COMPLETE,0.97116,0.97091
55579386,w21_ad187corr_ens4.csv,2026-08-17 13:40:48.540000,"w21 slot7 ad187corr_ens4 — the same 5-arm scheme-average c_avg correction applied to the ALL-FOUR-transform base of the 187 pack instead of its h3 base. Identical code path, only W21A_BASE/W21A_TAG swapped, so the h3 run reproduces byte-for-byte. CV 0.9701039331. Registered as ship 3 in experiments/w21_prereg.txt BEFORE it was built and before either earlier send had printed, precisely so it could not be chosen off a table: it is w16q's move one pack later, closing the same option-set asymmetry (every corrected file on the new pack was h3-side). NOT a deadline pick under any outcome, stated in advance. FIRST RESULT, a replication rather than a claim: the correction is worth +6.044e-6 on this base against +6.066e-6 on the h3 base, a difference of 0.022e-6 — so together with w16q's identical full-data weight vector across bases, c_avg's value is now independent of the pack (159->187) AND of the transform (h3->ens4). WHAT IT TESTS: h3 vs ens4 for an eighth time. w16q found h3 above ens4 on CV 6/6 and below it on the public LB 6/6, and w16s closed that as a p~0.24 slice event. The 187 pack reproduced both halves unprompted — uncorrected h3-ens4 is CV +2.925e-6 with LB 0.97115 vs 0.97116, corrected is CV +2.948e-6 with LB 0.97117 vs this file. The two CV margins agree to 0.023e-6 and BOTH are smaller than the 159 pack's ~4.2e-6: the transform gap shrinks as the pack grows, which nothing on file predicted. REGISTERED PREDICTION against w21_ad187corr LB 0.97117, dCV -2.948e-6, LAW-IF paired sd 6.960e-6, zero draws: beta=1 gives 0.97116 0.338 / 0.97117 0.460 / 0.97118 0.137, beta=2 gives 0.97116 0.432 / 0.97117 0.380. Registered IN ADVANCE that this is near a coin flip and will NOT settle the anomaly — P(replicates an 8th time) is 0.606 under beta=1 and 0.452 under beta=2, so neither outcome is surprising under either model. 296,302 rows, all distinct, rhash 13fbea81dae0, rank-duplicate of nothing on disk. The argmax is again not shipped: the 4-arm drop-mask combination reads 0.9701041222, above the sent 5-arm 0.9701039331. Nothing here was chosen with reference to the public slice.",SubmissionStatus.COMPLETE,0.97118,0.97092
55578981,w20_ad187.csv,2026-08-17 13:14:37.793000,"w21 slot7 ad187_all4 — the FOUR-TRANSFORM average (logit+hybrid+rankraw+rescale) of the same 187-member pack, CV 0.9700978895, built last slot and never sent. NOT a deadline candidate: 2.9e-6 below w20_ad187_h3, which already holds the zero-parameter hedge slot on the same pack, so it can only be a worse version of a slot that is filled. It is sent because it DISCRIMINATES the one live open question the record has, where the higher-CV files do not. w20 measured dLB/dCV at 1.94 and 2.08 on two sends at |dCV| ~ 55e-6, against w19b's fitted beta of 2.12 with sd(beta_hat) 0.66 and its conclusion that the board cannot resolve the slope. This file's dCV is NEGATIVE (-2.925e-6 against w20_ad187_h3, LAW-IF paired sd 6.963e-6, zero draws), so a beta of 2 doubles a LOSS instead of a gain and the two hypotheses name DIFFERENT modal cells for the first time: beta=1 gives 0.97113 0.053 / 0.97114 0.337 / 0.97115 0.460 / 0.97116 0.140, beta=2 gives 0.97113 0.108 / 0.97114 0.431 / 0.97115 0.381 / 0.97116 0.073. Registered in experiments/w21_prereg.txt before upload, including the admission that neither reading is decisive on one file: a 0.97115 print is only 1.21x more likely under beta=1 and a 0.97113-or-below print only 2.0x more likely under beta=2. Every ship this slot is also a TIGHT pair against a freshly-scored reference in a populated family, which is where w19a's tau is identified and where the marginal value of a submission now sits. 296,302 rows, ids equal sample_submission, all finite, rank-duplicate of nothing on disk; spearman 0.9998426 vs w20_ad187_h3 with 296,071 of 296,302 rows differing in rank. Nothing here was chosen with reference to the public slice.",SubmissionStatus.COMPLETE,0.97116,0.97091
55578970,w21_ad187corr.csv,2026-08-17 13:13:54.220000,"w21 slot7 ad187corr — the 5-arm scheme-average c_avg correction rebuilt on the 187-member h3 base (w16i/w16q's object, new pack). CV 0.9701068814, +6.066e-6 on w20_ad187_h3 (the account best, LB 0.97115) and +51.215e-6 on the standing deadline pick w16i_schemeavg. All five arms REFIT from scratch: w16b's stored per-fold weights were fitted against the 159-pack h3 base and do not transfer. Arms glob +2.856, a_only +4.634, rule +6.060, mask +3.432, decile +4.892 e-6; size-matched permuted-membership controls net +2.194/+4.927/+1.716/+3.376e-6, so every arm clears its own null. THE FINDING: the correction did NOT shrink on the stronger base. Registered before the run as '+2 to +7e-6, and a NEGATIVE delta would say the 22 new members have absorbed the c_avg direction'; it came in at +6.066e-6, i.e. at the TOP of the registered range and statistically indistinguishable from the +6.494e-6 it bought on the 159-member base. 22 imported members worth +51.6e-6 did not span this direction at all, which is a fact about c_avg (a train/test missingness-allocation residual, not a model-space direction) rather than about the pack. Scheme-selection optimism +1.810e-6 at stability 4/5, close to w16i's +1.55e-6 at 4/5, so averaging over schemes remains the right move and the argmax is still not shipped: the 4-arm drop-mask combination has the higher CV at 0.9701071263 and was NOT sent, per the pre-registered rule in the script docstring. 296,302 rows, all distinct, rhash 37a4aab3ed0d, rank-duplicate of nothing on disk; spearman 0.9999770 vs w20_ad187_h3, 0.9997298 vs w16i_schemeavg. PRE-REGISTERED PREDICTION (experiments/w21_prereg.txt, before upload), paired against the account best w20_ad187_h3 LB 0.97115 with LAW-IF paired sd 7.394e-6 and zero draws: modal 0.97116 either way, beta=1 gives 0.97115 0.365 / 0.97116 0.423 / 0.97117 0.122 and P(>0.97115)=0.554, beta=2 gives 0.97116 0.456 / 0.97117 0.306 and P(>0.97115)=0.815. Registered IN ADVANCE that a 0.97116 print does NOT separate the two slopes — only the upper tail does (P(>=0.97117) 0.130 vs 0.357) and one file cannot settle it. DEADLINE PICK MOVES, on CV and by a rule fixed before this number existed: WANTED := {w21_ad187corr.csv, w20_ad187_h3.csv}, the 187-pack analogue of the standing {corrected, zero-parameter-hedge} pair, +51e-6 above it. Nothing here was chosen with reference to the public slice.",SubmissionStatus.COMPLETE,0.97117,0.97092
55569417,w20_ad187_rankraw.csv,2026-08-17 03:22:30.373000,"w20 slot6 ad187_rankraw — same 187-member pack, rankraw transform; CV 0.9700915 (+57.7e-6 vs blend159av_rankraw LB 0.97102); registered modal 0.97108, P(>0.97108)=0.390",SubmissionStatus.COMPLETE,0.97114,0.97090
55569373,w20_ad187_h3.csv,2026-08-17 03:19:09.763000,"w20 slot6 ad187_h3 — +22 members from adarsh1077 OOF library, vetted by a new fold-signature gate; CV 0.9701008 (+51.6e-6 vs blend159av_h3); registered modal 0.97110",SubmissionStatus.COMPLETE,0.97115,0.97091
55568713,w14a_repro159av.csv,2026-08-17 02:39:41.110000,"w19 slot5 - w14a_repro159av, CV 0.9700436164 on the frozen SKF5 seed42 folds, never sent, rank-distinct from all 55 sent files (checked test-side ranks file-by-file). NOT a leaderboard candidate: 12.0e-6 below the CV pick, P(reaches the 0.97108 auto-slot-1 tier)=0.000, cannot move the auto-pick tiers. REGISTERED PREDICTION 0.97106 P0.697, from LB(blend159av)=0.97106 + dCV(-1.260e-6), LAW-IF paired sd 3.597e-6 with ZERO draws - the SMALLEST paired sd any send here has had (w17e 8.6, w17j 5.76, w18b 7.34); full distribution 0.97106 P0.697 / 0.97105 P0.213 / 0.97107 P0.089 / 0.97104 P0.001. Registered in advance (experiments/w19e_shipprereg.txt) that this print CANNOT separate the tau models - at tau=0, 0.588 and 1.716e-6 the grid distribution moves by at most 0.053 - so it will not be written up as an experiment about tau; what it buys is ~11 new ens4 pairs at the tightest paired sd in the set. THE SLOT MEASUREMENT: slot 4 asked for a per-file CV->LB transfer variance tau to be fitted and the click repriced, after blend159av_rankraw printed z -3.58 against its family. Fitted by composite ML over all 194 within-family pairs of the 51 sent files carrying OOF vectors, with LAW-IF paired sds and EXACT triangular grid rounding: tau_hat = 0.000e-6, 95% profile upper 1.72e-6. A 500-draw parametric bootstrap of the whole 51-file system from the perfectly-calibrated null reproduces every statistic that looked like structure - beta_hat 2.12 sits at the null's 95.8th percentile, lambda_hat 0.67 at the 34.6th, and NONE of 11 statistics escapes its own null's central 95%. The instrument is calibrated; w18b's alarm was an artefact of a family sd on n=4. BUT P6 FALSIFIED, and it is the important half: the click price is not robust to a tau the board cannot exclude. At TEST-level tau=1.72e-6 the w16e_aonly branch goes +2.328 -> -1.493e-6 and P(auto beats both wanted files) 0.043 -> 0.733, a sign flip, because the auto-pick holds public slot 1 on a 30e-6 public lead against a 5.3e-6 CV lead and tau=0 is the only assumption under which that excess is 100% slice noise. Marginalised over the tau posterior and over a flat prior on the unidentifiable test/public split: E[price] +1.890 / +5.300 / +5.562e-6, P(click loses) 0.037 / 0.000 / 0.000, E[P(auto beats both)] 0.128 / 0.044 / 0.067. Still click; stop quoting 0.043/0.031/0.058 as if it were the answer.",SubmissionStatus.COMPLETE,0.97106,0.97084
55568350,blend159av_rankraw.csv,2026-08-17 02:16:55.450000,"w18 slot4 - blend159av_rankraw, CV 0.9700338607 on the frozen SKF5 seed42 folds, never sent, rank-distinct from all 54 sent files. NOT a leaderboard candidate: 21.8e-6 below the CV pick, P(reaches the 0.97108 auto-slot-1 tier)=0.00000, so it provably cannot move the auto-pick tiers. It is (i) an out-of-sample test of the paired CV->LB instrument in a THIRD transform family and (ii) the first send whose paired sd is CLOSED-FORM rather than simulated. REGISTERED PREDICTION 0.97104 P0.451, from LB(blend158_rankraw)=0.97104 + dCV(-2.559e-6), the reference's own +/-5e-6 rounding integrated out, paired public-slice sd 7.344e-6 from LAW-IF with ZERO draws; full distribution 0.97104 P0.451 / 0.97103 P0.321 / 0.97105 P0.156 / 0.97102 P0.056 / 0.97106 P0.013. The 500-draw simulation run as a check returned 7.381e-6, ratio 0.995, inside its own 3.2% MC error. Rivals: B group gap all 6 sent rankraw files (contaminated) +1000.7e-6 -> 0.97103; C group gap 5 dropping the CV-farthest -> 0.97104; D group gap our 4 blends only, the PROVENANCE criterion, +1000.4e-6 -> 0.97103. REGISTERED IN ADVANCE (experiments/w18c_shipprereg.txt): rankraw is a NEGATIVE CONTROL for provenance decontamination and that is the finding before the print - its two foreign stack_pub151* files have gaps +1005.5/+996.9e-6 against our four at +1003.6/+1003.9/+995.9/+998.1e-6, i.e. INSIDE our own spread, so excluding them moves the group gap by +0.3e-6 and B and D name the SAME value. Provenance is a PRIOR for deviance, not deviance itself. Also registered in advance: A and C coincide by arithmetic accident so a 0.97104 print does NOT separate the paired form from the CV-distance group gap; it separates {A,C} from {B,D}. THE SLOT MEASUREMENT, worth more than the file: w17d's ESS-14.3 conditioning is a linear-Gaussian problem, and LAW-IF gives its whole covariance in closed form. Gate: LAW-IF reproduces w17d's 6,000-draw sigma_t and sigma_p over 15 pairs at median error 0.51%, max 2.58%. The pseudo-test draw and the public-slice draw are the SAME sampling operation at two sizes, so S_t and S_p are EXACTLY proportional (ratio 0.142855576 on all 36 entries, spread 1e-12), the regression matrix M is a scalar times the identity to 1e-10, and conditioning on all six files jointly is provably identical to conditioning each contrast on itself. w17g's cheap parametric branch was therefore EXACT, not an approximation - my own P6 predicted the opposite and is falsified. The click, computed with no ESS anywhere in it: +2.328 / +5.509 / +5.666e-6 at limit 1, P(auto file beats BOTH wanted files privately) 0.043 / 0.031 / 0.058. WANTED unchanged for the eleventh consecutive slot.",SubmissionStatus.COMPLETE,0.97102,0.97079
55567642,blend159av_hybrid.csv,2026-08-17 01:30:40.367000,"w17 slot3 - blend159av_hybrid, CV 0.9700291725 on the frozen SKF5 seed42 folds, never sent, rank-distinct from all 53 sent files. NOT a leaderboard candidate: 26.5e-6 below the CV pick and hybrid has never beaten h3 here. It is an OUT-OF-SAMPLE TEST OF THE PAIRED CV->LB INSTRUMENT IN THE SECOND CONTAMINATED FAMILY. Slot 2 found that the published per-family CV->LB gaps are contaminated wherever a foreign stack_pub* file sits in the group, named TWO such families (logit and hybrid), tested logit, and left hybrid open. Hybrid is the better test because its group gap is genuinely noisy (five comparable sent files at +1001.7/+993.9/+975.8/+971.7/+965.7e-6, sd 15.3e-6) so there is no single obvious decontamination and three defensible choices name THREE DIFFERENT grid values. REGISTERED PREDICTION 0.97103 from model A (paired): LB(blend158_hybrid)=0.97103 + dCV(+0.839e-6), the reference own +/-5e-6 rounding integrated out, paired slice sd 5.759e-6 measured on THIS pair over 2000 draws of the leaderboard geometry; full distribution 0.97103 P0.556 / 0.97104 P0.247 / 0.97102 P0.177 / 0.97105 P0.014 / 0.97101 P0.007. Rivals: B group gap all 6 contaminated +1005.2e-6 -> 0.97103; C group gap 5 dropping stack_pub86_hybrid which is 340e-6 below on CV, +981.7e-6 -> 0.97101; D group gap our 3 blends only +990.4e-6 -> 0.97102. Written to experiments/w17j_shipprereg.txt before the upload, INCLUDING the admission that A and B coincide here by arithmetic accident so a 0.97103 print does NOT separate the paired form from the contaminated group gap - recorded in advance rather than claimed as a clean win afterwards. THE SLOT MEASUREMENT, which is worth more than the file: the fourth wrong-population audit, on the cross-team noise floor of 53-84e-6 that sits under six do-not-spend lists and under the standing claims that the 18e-5 gap to public #1 is only 2.2-3.4 sigma and the 5-11e-5 gaps are 0.8-1.7 sigma i.e. NOT a difference. That floor was measured on six pairs of the form {our best} x {a partner that is WORSE}, with partner CV deficits of 3/35/88/193/549/577e-6 and sd_gap of 6.0/19.3/27.7/53.0/74.8/83.9e-6 - monotone in DEFICIT, and the board rivals it is applied to have deficit ~0. The law it is built on, sd(gap)=sd(single)*sqrt(2(1-rho)), is contradicted by the workspace own stored json: BOLT rankavg_top12 has rho_test 0.99736, HIGHER than blend158_logit 0.99715, with 3.03x the sd_gap. Proposed replacement, the exact AUC influence function with no simulation at all: Var(gap)=Var_pos(F0a-F0b)/n1 + Var_neg(F1b-F1a)/n0. FIRST OUT-OF-SAMPLE TEST OF IT IS THIS FILE PAIR, on a pair it was not fitted to: predicted 5.655e-6 against the simulated 5.759e-6, ratio 0.982. TIER RISK PRICED BEFORE THE SEND: P(this file reaches the 0.97108 auto-slot-1 tier) = 0.0000, so the send cannot move the tiers or make the unmade final-selection click more expensive. Deadline picks UNCHANGED for the tenth consecutive slot: w16i_schemeavg.csv and blend159av_h3.csv, on CV.",SubmissionStatus.COMPLETE,0.97102,0.97083
55566904,blend159av_logit.csv,2026-08-17 00:42:07.150000,"w17 slot2 (consolidation) - blend159av_logit, CV 0.9699647645, never sent, rank-distinct from all 52 sent files. NOT a leaderboard candidate: 90.9e-6 below the CV pick. It is an OUT-OF-SAMPLE TEST OF THE PAIRED CV->LB INSTRUMENT IN THE ONE REGIME SLOT 1 LEFT OPEN. Slot 1 showed that within the TIGHT families the observed scatter is fully explained by slice draw plus grid rounding (rms 7.4e-6 observed vs 9.4e-6 predicted, ratio 0.79) and that the residual 1.79 excess is entirely hybrid and logit. That loose regime has never faced a pre-registered prediction. Three named rival models predict three different grid values so the outcome discriminates: A PAIRED (registered) = LB(blend158_logit) + dCV with the reference's own +/-5e-6 rounding integrated out -> 0.97106, P 0.585, full distribution 0.97106 0.585 / 0.97107 0.363 / 0.97105 0.044 / 0.97108 0.008, from a paired slice sd of 3.978e-6 measured on this exact pair over 2000 draws of the leaderboard's own geometry. B w17b's published logit group gap +1103.4e-6 -> 0.97107. C slope fitted on the 3 blend logit files, dLB/dCV 2.61 against the instrument's 1.00 -> 0.97107. D the DECONTAMINATED 3-blend gap +1087.8e-6 -> 0.97105. Registered in experiments/w17e_shipprereg.txt before the upload. Two corrections found while building this. (1) The Kaggle CLI submission list is PAGINATED and this account passed the page length today: 52 submissions exist, the default page shows 50, and stack_pub74_logit + stack_pub88_mine_logit are invisible to every API-reading script in the workspace. Slot 1's 46-file tables were missing one sent file. All scripts now pass --page-size 200; the auto-pick tiers are unaffected since both hidden files score 0.97081. (2) The published logit group gap of +1103.4e-6 is contaminated: the 3 comparable blend files sit at +1087.8e-6 with sd 9.6e-6 while the two FOREIGN public stacks, 290e-6 below on CV, sit at +1150.1 and +1168.6e-6 and drag the family mean by +28.6e-6. The 'loose' logit family is not loose. TIER RISK PRICED BEFORE SENDING, the check slot 10 skipped: only a 0.97108 print moves anything, P 0.008, expected cost +0.18e-6 at limit 1 against a click price of +0.83..+4.16e-6. Deadline picks UNCHANGED for the ninth consecutive slot: w16i_schemeavg.csv and blend159av_h3.csv, on CV.",SubmissionStatus.COMPLETE,0.97106,0.97081
55566530,w14a_repro159av_h3.csv,2026-08-17 00:20:43.850000,"w17 slot1 - w14a_repro159av_h3, an independent REBUILD of blend159av_h3 (same recipe, separate run), cross-fitted CV 0.9700472005 on the frozen SKF5 seed42 folds, Spearman 0.999953 against the original. Never sent; the best-CV never-sent file with a rank vector distinct from an already-sent one (w16m_widegrid has higher CV but is rank-IDENTICAL to the already-sent w16i_schemeavg, so it would score 0.97107 by construction). SENT AS AN OUT-OF-SAMPLE TEST OF THE INSTRUMENT THIS SLOT BUILT, which is worth more than the file. Wave summary item 5.2 asked for the CV->LB relation to be re-cut as a residual-scatter estimate after slot 10 declared the ladder falsified. 500 paired draws of the leaderboard's own geometry (pseudo-test 296,302 from the 691,369 labelled OOF rows, 20% public slice = 59,260), gated at 2.2e-16 against audit_results.csv on 43 files and against w14d_bandmap.log. Result: the ladder is NOT dead. Within transform family dLB tracks dCV with Spearman +0.850 (p 2.6e-31) and sign agreement 53/57 = 0.930, z +6.49; over all 1,035 pairs Spearman +0.672, 724/878 = 0.825, z +19.24. Restricted to the tight families every decision here is about (h3, h3+corr, ens4, ens4+corr, w, rankraw, rescale) the observed rms(dLB - dCV) is 7.4e-6 against 9.4e-6 predicted by slice draw plus grid rounding alone - ratio 0.79, i.e. slice geometry fully explains the scatter and there is no residual mechanism left to find. The 1.79 excess over all within-family pairs is entirely hybrid and logit (ratio 1.97), whose CV spans are 300e-6. PRE-REGISTERED PREDICTION for this file, written in experiments/w17c_repropair.py and printed before the upload: 0.97105, with a 95% interval spanning {0.97104, 0.97105, 0.97106} and P(prints exactly 0.97105) = 0.646, from the pair's own paired slice sd of 4.75e-6. A print outside those three values falsifies the instrument. Both of my own pre-registered predictions were WRONG and that is the finding: I predicted the leader-pair paired sd at 20-35e-6 (it is 3.2-14.2e-6, so this workspace has been over-pricing its own LB noise ~3x because w14b's 22-32e-6 was measured on TRANSFORM contrasts, not on near-identical files), and I predicted |Spearman| < 0.3 (it is +0.85). Consequence for the unmade final-selection click: the three files in Kaggle's auto-slot-1 tie are the top three tight-family public-inflation outliers in the entire 46-file history - w16q_ens4avg +1.20 sd, w16e_aonly +1.12, w16t_cellens4 +1.07 - against w16i_schemeavg +0.26 and blend159av_h3 -0.78. w16e_aonly leads blend159av_h3 by 30e-6 on public but only 5.3e-6 on CV, so ~83% of that lead is slice-specific. Selection on public score is partly circular here and that is said plainly, but the CV-vs-inflation decomposition is not. WANTED is untouched: still w16i_schemeavg + blend159av_h3, chosen on CV, eighth consecutive slot.",SubmissionStatus.COMPLETE,0.97105,0.97084
55549737,w16e_aonly.csv,2026-08-16 09:58:56.917000,"w16 slot10 (last send of the day) - w16e_aonly: the A-ONLY arm, base blend159av_h3 (h3, zero fitted params) plus w15f's c_avg correction with the additive weight fitted on TWO cells (A = social>4, and rest) instead of one or seven. The middle rung of w16b's arm ladder and the only rung this account has never shipped as a file. Cross-fitted CV 0.9700542031 on the frozen SKF5 seed42 folds, xfit +5.031e-6 over base, 4/5 folds. Full-data weights A 0.0075, rest 0.0010 - the A weight is IDENTICAL to the A weight in w16t's 7-cell full-data vector, so collapsing five cells into 'rest' does not move the one cell that carries the correction. Test-side A share 0.1172, re-derived from test.csv by the same rule function; nothing transferred by row index. PRE-REGISTERED PREDICTION 0.97107, with 0.97106 the alternative and 0.97105 the outcome that would have been worth most, written in full to experiments/w16v_prereg_lb.txt before the build script was run even once. The rule: h3-corrected-family gap +0.00101433 (w16i) applied to the expected CV; 0.97106 would instead have put a SLOPE on the gap displacement, which the family currently treats as constant across 1, 7 and 23 parameters. Chosen h3-side on purpose - both files in Kaggle's auto-slot-1 tie are ens4-side and share the same c_avg, and an h3 file cannot reach 0.97108 from anything here, so this send provably cannot make the unmade final-selection click more expensive. THE MEASUREMENT, which is worth more than the file. w16t re-measured the SEVEN-weight arm's permutation control with 7 draws after finding both published margins rested on one draw each; the TWO-weight arm's controls were still one draw apiece. Seven draws per base, same folds, same grid, four published quantities re-derived first at 0.000e-12 drift each. The 2-level control is a tight +3.009e-6 sd 0.362 on h3 and +3.044e-6 sd 0.355 on ens4 - far tighter than the 7-level control's sd 1.0-1.7 - and the a_only arm clears it by only +2.022e-6 +/-2.909 (t +0.70) on h3 and +1.943e-6 +/-2.635 (t +0.74) on ens4. So this file's own margin over its control is NOT significant, and the entry says so rather than quoting the published single-draw +1.953e-6. w16b's draw happened to rank 4/7 in its own control distribution; w16q's ranked 6/7 and overstated the ens4 margin. THE SHARP RESULT is a paired design: permuted() is the scatter form, so at a fixed seed the 2-level control is the exact A/rest coarsening of the 7-level control. Reusing w16t's seeds 601-606 pairs them on identical shuffles and removes the draw noise. Splitting a RANDOM 2-way into a RANDOM 7-way costs -1.591e-6 +/-0.435 (t -3.66) on h3 and -1.690e-6 +/-0.377 (t -4.48) on ens4, 6/6 draws losing on both bases - the first control quantity measured in this workspace with |t| > 3, and it is decisive only because it is paired. The REAL 2->7 refinement gains +1.164e-6 (h3) and +1.412e-6 (ens4), so it clears its own random toll by +2.755e-6 and +3.102e-6. That is the first genuine test of the choice this account made three times - shipping the 7-parameter per-cell arm over this 2-parameter one - and it survives. NOT a deadline pick: two fitted parameters above the stack, and those remain w16i_schemeavg + blend159av_h3, unchanged for seven slots and selected on CV. Rank-identical to none of the 50 files already sent; spearman 0.9999943 vs w16b_cellweight, 0.9999853 vs w15f_antistudent_avg, 0.9999743 vs its own base. Nothing here was chosen with reference to the public slice.",SubmissionStatus.COMPLETE,0.97108,0.97084
55549182,w16t_cellens4.csv,2026-08-16 09:33:19.620000,"w16 slot9 - w16t_cellens4. w16b_cellweight's 7-weight per-cell c_avg correction rebuilt on the ENS4 base blend159av instead of the h3 base blend159av_h3, closing the option-set asymmetry (the account held one ens4-side corrected file against five h3-side ones). SHIP was pre-registered in the script docstring - the per_cell arm, unconditionally, no argmax anywhere in the ship path - and the LB prediction 0.97108 was written to experiments/w16t_prereg_lb.txt before the run, as CV + 0.0010284829 (the ens4 corrected-file gap, measured on w16q_ens4avg), together with an up-front admission that the test is near-certain and worth little. Cross-fitted CV 0.9700513727 on the frozen SKF5 seed42 folds. GATE: six published quantities re-derived in a fresh process - w16q's three ens4 arm deltas, w16b's h3 per-cell delta, and both entries' single control draws - every one at 0.000e-12 drift, another confirmation that the reproducibility floor for objects built on a fixed stored base is exactly zero. FINDING: both published readings of 'does a real 7-way split beat a random one' rested on ONE permuted-membership draw each, with no error bar. Seven draws per base, same folds and grid: ens4 control mean +1.929e-6 sd 1.671 range [+0.200, +5.021], and w16q's published draw is the MAXIMUM of the seven; h3 control mean +1.545e-6 sd 1.028 range [+0.352, +2.923], w16b's published draw the second highest. Real minus control is therefore +4.470e-6 +/-2.537 on ens4 (published single-draw figure +1.378e-6) and +4.650e-6 +/-2.614 on h3 (published +3.825e-6). The apparent base difference in that margin, +2.447e-6 off single draws, measures +0.180e-6 +/-3.643 once both sides carry error bars. Splitting one weight into seven AT RANDOM costs -1.434e-6 on ens4 and -1.793e-6 on h3 against the global arm. Nested leave-one-fold-out over {glob, a_only, per_cell} picks per_cell 5/5 with arm-selection optimism of exactly +0.000e-6. The full-data per-cell weight vector is IDENTICAL on the two bases (A .0075, B .0025, BAND .0015, D 0, E .001, F .001, G 0), so the correction's spatial structure belongs to c_avg and the data, not to the base. A third matched h3/ens4 pair added at p7 on w16s's 500-rep seed-1616 simulated private slice: CV d +4.23e-6, P(h3 better on one private-sized draw) 0.906, joining p0 0.912 and p23 0.908, with both old pairs reproduced at 0.000e-12. NOT a deadline pick - 7 fitted parameters above the stack, and the pre-registered rule (move only if CV exceeds w16i_schemeavg's 0.9700556663) evaluated False. Nothing here was chosen with reference to the public slice.",SubmissionStatus.COMPLETE,0.97108,0.97085
55547584,w16q_ens4avg.csv,2026-08-16 08:17:45.100000,"w16 slot7 - w16q_ens4avg. The SHIP was pre-registered in experiments/w16q_ens4base.py's docstring before any number existed. The slot went to w16o's recommendation: sweep for numbers quoted as a property of the PACK that were measured on a SINGLE member, and for nulls measured POOLED over a strong categorical. FINDING 1: RESEARCH.md's standing position 'h3 and ens4 are not separable, do not claim either is better' rests on a mix-gap estimator validated on ONE member set (150fx, error -7e-6). SIX member sets now have both mixes scored. Paired within set, h3 minus ens4 in CV: +4.51 +5.09 +3.56 +4.30 +4.02 +4.41 e-6, h3 higher 6/6, mean +4.32e-6. On the public LB h3 rounds one 1e-5 reporting step BELOW ens4 in 6/6, so the true LB difference lies in (-20e-6, 0) and the CV->LB gap difference in (-24.3e-6, -4.3e-6), which contains the estimator's -21e-6. The two ladders this workspace has quoted daily already contained the answer to a question it had filed as unresolvable. These six sets are NESTED builds, so this is one highly-replicated contrast, not six independent draws; no p-value is computed from it. FINDING 2: the '2e-6 stack reproducibility floor' was measured on one rebuild of the 159-member LOGISTIC stack and does not apply to objects built on a fixed stored base. w16i_schemeavg and w16m_widegrid are two independent runs of the same computation: OOF max abs difference 0.0, CV difference 0.000e+00, 0 of 296,302 test rows differ in rank. That floor is EXACTLY ZERO, so the 0.33e-6 and 0.77e-6 hedge costs w16c and w16i dismissed as under it are real costs. FINDING 3: two POOLED nulls re-read segmented by the 7 generator rule cells, with c_avg run alongside as a positive control that reproduces w16a's per-cell z column to the digit (+5.16 +4.42 +3.50 +0.32 +2.09 +1.16 +0.10). w15f's transductive component c_trans-c_induc: sum z^2 5.52 on 7 df, max |z| 1.90, and cell A -- where c_avg reads +5.16 -- reads -0.31. w16l's mask training weight: negative or flat in all seven cells, real spread sd 17.94e-6 against a size-matched permuted-membership control at 9.67e-6, largest cell +6.82e-6 at se 9.39. BOTH NULLS HOLD SEGMENTED. THE FILE: w16i_schemeavg's five-arm segmentation-scheme average rebuilt on the ENS4 base blend159av instead of blend159av_h3, because every corrected file this workspace holds is h3-side and the ens4 half of the option set was empty. Same frozen SKF5 seed42 folds, same c_avg, same five partitions, same 0..0.02 grid at step 5e-4 (w16m measured its ceiling at an exact zero, w16n its resolution at +0.046e-6). All five arms refit from scratch since w16b's stored weights were fitted against the h3 base. Arms glob +3.363, a_only +4.987, rule +6.399, mask +3.622, decile +5.613 e-6; permuted-membership control nets +2.300, +1.378, +2.757, +2.330 e-6. Scheme stability 4/5, selection optimism +1.263e-6. Shipped 5-arm average CV 0.97005152, xfit +6.494e-6 se 3.504 t +1.85 4/5. The 4-arm drop-mask combination has the higher CV at 0.97005184 and was NOT shipped, for the reason this object exists. Not rank-identical to any of the 48 files sent; closest is blend159av with 295,553 of 296,302 rows differing in rank. NOT a deadline pick: the pre-registered rule required CV > w16i_schemeavg's 0.97005567 and returned False, and the zero-parameter hedge slot was untouchable under any outcome. PRE-REGISTERED PREDICTION, written to experiments/w16q_prereg_lb.txt before the 5-arm CV printed: 0.97108 if the corrected family's +13.50e-6 gap displacement transfers to the ens4 base, 0.97107 if it does not. Nothing here was chosen with reference to the public slice.",SubmissionStatus.COMPLETE,0.97108,0.97084
55546833,w16h_h3av6.csv,2026-08-16 07:42:43.517000,"w16 slot6 - w16h_h3av6. The SHIP was pre-registered in experiments/w16o_blendbag.py's docstring before any number existed and is independent of the measurement. The slot went to w16a item 3, the largest unmeasured quantity in the workspace, deferred by four entries: how much of the +662.6e-6 OOF/test BAGGING asymmetry survives BLENDING. Every member's OOF column is ONE fold model while its test column is the MEAN of five (agent/run_lgbm.py:116-118), and w15g priced that for a SINGLE member but explicitly did not measure it for a blend. experiments/w16o_blendbag.py rebuilds w15g_cvgap.py's geometry exactly - 691,369 labelled rows to TRAIN 483,959 / HOLD 207,410 stratified so the missingness confound is off by construction, inner SKF5 seed42 - but with FIVE diverse members (lgbm+TE, lgbm raw, xgb+TE, catboost+TE, xgb raw), all on the SAME five partitions, 3 outer splits, 400 rounds. HARNESS GATE: member lgbm_te is w15g's exact configuration and returns gap_bagging +663.3e-6 [+662.7 +651.8 +675.5] against w15g's +662.6 [+660.4 +652.0 +675.5]. All 25 models per split are valid HOLD predictors since none saw a HOLD row, so the CONTROL is exactly MATCHED rather than permuted: rescore the same blend with the members' fold indices MISALIGNED - same models, same rows, same operator, only the index tuple differs. CURVE, gap_bagging by blend size k, aligned / misaligned, e-6: k1 +603.3+-3.1 / -, k2 +358.6+-1.5 / +290.6, k3 +276.5+-0.8 / +200.7, k4 +235.4+-0.6 / +152.8, k5 +210.9+-0.4 / +123.4. A+B/k fits all three splits at rms <= 0.26e-6: A +112.9+-0.3, B +490.5+-3.3, SURVIVAL 18.7%+-0.1, projection at the real 160-member pack +116.0e-6+-0.3. The misaligned arm matches the model's zero-free-parameter prediction (A+B)/k to 1-4%, so w15g's named mechanism - fold f's 80% subsample is COMMON to every member - is REAL and is exactly the A floor, but it is 19% of the effect, not 'most' of it as w15g argued. Blend-level gap_total measured DIRECTLY at k=5 is -50.6e-6 +-56.8 with honesty -261.5, so the confound-free gap for a blend is not the +98e-6 it was invoked to explain and does not even have that sign. THIS FILE is unrelated to the measurement: w16h_h3av6 is w16h's 6-way average over the zero-parameter base dimension, CV 0.97004873 recomputed here from its own OOF, the highest-CV file this account has never sent that is not rank-identical to one it has (closest sent file blendtop3, 295,107 of 296,302 rows differ in rank). Validated: 296,302 rows, ids equal sample_submission, all finite, 296,302 distinct, range [3.37e-6, 1.0]. PRE-REGISTERED PREDICTION 0.97105, the h3/top-cluster shelf, 9 of 9 in the files I looked up. Not a deadline pick; picks stay {w16i_schemeavg, blend159av_h3}.",SubmissionStatus.COMPLETE,0.97105,0.97084
55545549,w16n_finegrid.csv,2026-08-16 06:43:41.600000,"w16 slot5 - w16n_finegrid: the c_avg correction's weight GRID, BOTH axes, measured against the frozen folds. w16a set linspace(0,0.02,41) when the only partition being fitted was the seven rule cells, and neither the ceiling nor the step has ever been varied; w16i found the decile arm's q6 at exactly 0.0200 - the ceiling - in fold 0 and asked whether the optimum was outside the box. TWO experiments, both pre-registered. (1) experiments/w16m_widegrid.py widens the ceiling to 0.05 keeping step 5e-4: ALL 30 FITS (5 schemes x 5 folds + 5 full-data) return the IDENTICAL weight vector, 0/6 pinned at 0.05 in every arm, every arm's cross-fitted delta unchanged to 0.000e-6, and the resulting 5-arm average is RANK-IDENTICAL to w16i_schemeavg (rank corr 1.00000000, 0 of 296,302 rows differing) so it was deliberately NOT sent. q6=0.0200 was never a constrained optimum - it is the argmax over 0..0.05 as well and merely coincides with the old ceiling. THE CEILING IS MEASURED AT EXACTLY ZERO. (2) THIS FILE refines the step to 1e-4 over the same 0..0.02 box, a strict superset of w16a's grid. 28 of the 30 fits move off the 5e-4 lattice - the full-data decile arm moves 7 of its 8 levels, q4 0.0060->0.0062, q5 0.0065->0.0068, q6 0.0170->0.0168 - so the RESOLUTION genuinely binds where the ceiling did not, and it still buys nothing. Object otherwise identical to w16i_schemeavg: base blend159av_h3, c_avg, the same five partitions glob/a_only/rule/mask/decile, frozen SKF5 seed42 folds, 2-pass coordinate ascent, 5-arm rank average, no selection anywhere inside it. The narrow refit reproduces w16i's per-fold AND full-data weights for all five arms exactly, so this is a paired design with an exact matched control rather than a permuted one. FINE - NARROW cross-fitted +0.046e-6, se 0.286, t(4df) +0.16, 3/5 folds, per fold +0.04 -0.69 -0.40 +0.96 +0.32 e-6. Per arm: glob +0.241, a_only +0.102, rule -0.285, mask +0.393, decile +0.032 e-6, every one inside its own standard error. CV 0.97005570 against 0.97005567. PRE-REGISTERED IN THE DOCSTRING BEFORE ANY OF THESE NUMBERS EXISTED: ship the fine-grid 5-arm average unconditionally whatever its CV, and move the deadline pick only if fine CV > narrow CV AND at least 4 of 5 folds positive - the script evaluates that mechanically and prints False, so the picks stay w16i_schemeavg + blend159av_h3. Relaxing a fixed grid and then keeping whichever side won is the argmax bug this wave has already paid for three times and it is not being made a fourth. PRE-REGISTERED LB PREDICTION 0.97107, alternative 0.97108, from the corrected-family ladder: four prior corrected files spanning CV 0.9700527-0.9700557 all printed 0.97107, and w16a derived that a corrected file needs CV >= 0.970058 to reach 0.97108, which 0.9700557 does not. Spearman vs w16i_schemeavg 1.0000000 to 7dp with 266,793 of 296,302 rows differing in rank; checked against every csv in submissions/ for rank-identity, no match. Nothing here was chosen with reference to the public slice.",SubmissionStatus.COMPLETE,0.97107,0.97084
55544597,w16l_maskw_h3.csv,2026-08-16 05:46:58.970000,"w16 slot4 - w16l_maskw_h3: the train/test missingness shift used as a TRAINING WEIGHT (w16a item 2, deferred by three slots). w15c showed train and test were masked SEPARATELY - adversarial train-vs-test is 100% mask, all 12 per-column NaN rates shift up to |z| 44 while per-row missing counts match - and that reweighting the OOF POOL to the test mask distribution moves estimated AUC +905e-6, i.e. 88% of the CV-to-LB gap. That was only ever a DIAGNOSTIC. Here the same exact 4096-pattern density ratio enters the FIT as sample_weight, which is transductive: the weights are computed from the 296,302 unlabelled test rows and no label touches them. Object = blend159av_h3 exactly: 159 members, hybrid/rankraw/rescale logistic stacks, C=1, frozen SKF5 seed42 folds, rank-averaged. Three arms differing in nothing but the weight vector. CONTROL w=1 reproduces the stored blend159av_h3 OOF at CV 0.97004917 and rank corr 1.00000000, so this is a clean paired design. imp (toward test, ESS 642,050 = 92.87%) plain CV 0.97004574, weighted CV 0.97094835. anti (the mirror, weights inverted, ESS 635,095 = 91.86%) plain 0.97004569, weighted 0.97094863. THE RESULT IS A NULL AND THE MIRROR IS WHY. imp - unw = -3.432e-6 plain and -3.726e-6 on the mask-weighted criterion imp was built to maximise; per fold -12.044 -7.345 -2.820 -6.793 +10.352 e-6, mean -3.730 se 3.813 t(4df) -0.98, 1/5. anti - unw = -3.484e-6 plain. So imp - anti = +0.052e-6 plain and -0.277e-6 weighted: reweighting TOWARD the test mask distribution and AWAY from it cost the same. The whole effect is the ESS toll, with no directional component, and the fit reweighted to the test measure does not score better even UNDER that measure - which is what it looks like when the stack is not misspecified with respect to the mask mixture. PRE-REGISTERED PREDICTION 0.97105 (alt 0.97104), from the h3/top-cluster ladder rule, record 11/11. blend159av_h3 is the identical object at w=1 and returned 0.97105, so this is as close to a paired LB reading as the competition allows. PRE-REGISTERED BEFORE THE RUN: ship this file whatever its CV, and move the deadline pick only if imp beats unw on plain CV AND imp - anti > 0 on plain CV. That evaluates FALSE, so the picks stay w16i_schemeavg.csv + blend159av_h3.csv. Validated: 296,302 rows, ids equal sample_submission, all finite, 264,083 distinct, range [8.437e-6, 0.9998161], checked against every csv in submissions/ for rank identity - none; nearest is w16h_h3av6 at spearman 0.99998923. Nothing chosen with reference to the public slice.",SubmissionStatus.COMPLETE,0.97105,0.97084
55543960,w16i_schemeavg.csv,2026-08-16 05:08:05.157000,"w16 slot3 - w16i_schemeavg: the SEGMENTATION SCHEME was picked too, not just the arm. Five arms of the same object (base + a fitted weight on c_avg, one weight per level) rank-averaged: glob 1 level, a_only 2, generator rule cells 7, per-row missing count 5, base-score octile 8. Cross-fitted CV 0.97005567 on the frozen SKF5 seed42 folds, per fold +12.66 +11.09 +6.51 -5.06 +6.55 e-6, mean +6.350e-6 se 3.789 t(4df) +1.68, 4/5. PRE-REGISTERED PREDICTION 0.97107 (alt 0.97108): the corrected family has three points at CV 0.9700527/0.9700554/0.9700554 all printing 0.97107, and w16a derived that a corrected file needs CV >= 0.970058 to print 0.97108, which this does not reach. THE FINDING. w16c priced ARM-selection optimism at +1.78e-6 and fixed it by averaging the three arms. But w16a had measured the residual under THREE segmentation schemes (rule cells chi2 52.21/7df, base-score decile 42.41/7df, missing count 15.05/4df) and built on the rule cells alone; w16b/w16c/w16f all inherited that choice without pricing it. The arms w16f averaged are three resolutions WITHIN one scheme - the scheme itself was a second argmax nobody had nested. Run leave-one-fold-out over all five: it picks rule in 4 folds and DECILE in 1, honest delta +4.649e-6 against the naive +6.195e-6, so SCHEME-selection optimism is +1.546e-6 on top of w16c's +1.778e-6. The decile arm is real, not a duplicate of the rule cells: xfit +5.616e-6 and real-minus-size-matched-permuted-control +3.190e-6, and its fitted weights are stable and ordered across all 5 folds (q6 0.0115-0.02, q4/q5 0.0045-0.0105, q7 exactly 0.0000 in 5/5). The mask arm is NOT real (+3.146e-6, control net only +0.753e-6) and it is kept anyway, because dropping it is a selection. WHAT I DELIBERATELY DID NOT SHIP: the 4-arm drop-mask combination has the highest cross-fitted CV of the four combinations at 0.97005611 (+0.774e-6 over w16f, t +1.78) against the 5-arm's 0.97005567 (+0.388e-6, se 0.837). Shipping that argmax would re-introduce the exact selection step this file exists to delete, one level up. The 5-arm set was fixed in the script docstring before the run and is what went out. ALSO SWEPT AND STILL CLOSED (experiments/w16h_pickavg.py): member set (6 zero-parameter h3 stacks), transform subset (the full 15-subset lattice and the logit-free 7), and blendtop3's top-k. In all three the leave-one-fold-out rule picks the SAME candidate 5/5, so selection optimism is exactly 0.000e-6 and averaging COSTS -0.32e-6 (member set) and -4.72e-6 (transform lattice). The generalisable rule: nested-pick stability is the test - average when the rule cannot separate its candidates, keep the argmax when it can. Validated: 296,302 rows, ids equal sample_submission, all finite, 296,302 distinct, checked against every csv in submissions/ for rank-identity, no match; spearman 0.9999941 vs w16f_armavg with 291,928 rows differing. Nothing chosen with reference to the public slice.",SubmissionStatus.COMPLETE,0.97107,0.97084
55543132,w16f_armavg.csv,2026-08-16 04:16:12.697000,"w16 slot2 - w16f_armavg: the three arms of the c_avg correction (global 1w, A-only 2w, per-cell 7w) RANK-AVERAGED instead of selected. Cross-fitted CV 0.9700554 on the frozen SKF5 seed42 folds, per fold +12.1 +10.4 +6.0 -5.2 +6.5 e-6, mean +5.96e-6 se 3.02e-6 t(4df) +1.97, 4/5. PRE-REGISTERED PREDICTION 0.97107 (alt 0.97106). Reasoning before the send: the corrected-family ladder has two points, w15f_antistudent_avg CV 0.9700527 -> 0.97107 and w16b_cellweight CV 0.9700556 -> 0.97107; this file sits at 0.9700554, and w16a derived that a corrected file needs CV >= 0.970058 to print 0.97108, which this does not reach. WHY THIS OBJECT. This slot's audit re-ran w16b's OWN arm-selection rule leave-one-fold-out - choose the arm on four folds, read it on the fifth. It picks A-ONLY in 3 of 5 folds and returns +4.417e-6 (se 2.865e-6), not the +6.195e-6 w16b shipped. The +1.78e-6 gap is arm-selection optimism, about double w16b's own honest estimate, and the nested rule cannot even decide which arm it wants. When a selection rule cannot separate its candidates, averaging them beats picking one: it deletes the selection step, so there is no optimism left to correct. The arm average lands at CV 0.9700554 against per-cell's 0.9700556 - the same number without the selection - and on 500 paired private-slice draws it beats the incumbent first pick by +6.21e-6 +/- 0.16 with P(better) 0.954, against per-cell's +6.49e-6 +/- 0.20 at P 0.912: same mean, tighter. Nothing here is chosen with reference to the public slice and no new weight is fitted. NOT a deadline pick.",SubmissionStatus.COMPLETE,0.97107,0.97084
55542810,w16b_cellweight.csv,2026-08-16 04:00:42.370000,"w16a slot1 - w16b_cellweight: blend159av_h3 + w15f's c_avg correction with the additive weight fitted PER GENERATOR RULE CELL instead of globally. Cross-fitted CV 0.9700554 on the frozen SKF5 seed42 folds - the best CV number this workspace holds (prev best 0.9700528, w15f_antistudent_avg). PRE-REGISTERED PREDICTION 0.97107, with 0.97108 the alternative: w15f's global-weight version of this same object sits at CV 0.9700528 / LB 0.97107, this file is +2.6e-6 of CV above it, and the within-family CV->LB slope is +1.77, so the predicted move is +4.6e-6 - under one grid step. THE FINDING, which inverts this workspace's standing instruction. c_avg is the only object built here all week that beats its own matched control on the labelled rows, and nobody had asked where it lives. Cut on the generator's seven rule cells with a within-bin permutation control re-binned INSIDE each segment (rank-based, so scale-free across segments), it is strongly non-uniform: chi2 52.21 on 7 df. Cell A (social>4) cond AUC 0.589702 vs ctrl 0.500498, z +5.16; cell B z +4.42; band z +3.50; but cell D z +0.32 and both-missing z +0.10. Same story on the mask: 0-missing z +4.91, 3+ missing z +0.15. w14d had located the AUC DEFICIT in cell D (13.5% within-cell plus the four largest cross-cell terms) and in the coin-flip band. So the one correction that works is worth essentially nothing where the pack is worst and everything where the pack is already strongest (cell A within-cell AUC 0.9845). Fix-it-where-it-is-worst is backwards here, and that is why every regional idea tried in this workspace - per-cell isotonic, cell-local boosting, iso_regime, resid_boost2 - read null: they were all aimed at D and the band. THE DECISION TEST. Coordinate ascent, 2 passes, grid 0..0.02 step 5e-4, weights searched on four folds and scored on the fifth. Global 1 weight +3.338e-6; A-only 2 weights +5.031e-6; per-cell 7 weights +6.195e-6; all 4/5 folds. Against SIZE-MATCHED PERMUTED-MEMBERSHIP controls: splitting one weight into seven at random COSTS 0.97e-6 and into two costs 0.26e-6, so the real segmentation pays back the selection toll and clears it by +3.825e-6 (7 params) and +1.953e-6 (2 params). Five independent per-fold ascents agree on the structure: G exactly 0.0000 in 5/5 folds, D 0.0000 in 4/5, A at 6-9x the global weight in 5/5. That ordering reproduces the cond-AUC column measured by a different instrument. Scale confound ruled out - c_avg is unit-sd within FOLD not within cell, and cell A's sd is 0.724 vs 1.000 global, which would explain a 1.4x weight ratio, not 6-9x. Honest caveat: the arm was chosen by a rule fixed in the script docstring before the run, but it is still a choice among cross-fitted candidates, so read this as +5e-6 over base against a matched-control floor of +2.4e-6 rather than +6.2e-6. NOT a deadline pick - 7 fitted parameters above the stack, where blend159av_h3 and blend160origm_h3 fit zero. Nothing here was chosen with reference to the public slice.",SubmissionStatus.COMPLETE,0.97107,0.97084
55542322,blend160orig.csv,2026-08-16 03:35:38.187000,"w16a slot1 - blend160orig, cross-fitted CV 0.9700423 on the frozen SKF5 seed42 folds, recomputed here from its own oof_blend160orig.npy. The 160-member ens4 stack (rank-average of all four transform stacks) whose 160th member is orig_bin. VERIFIED NEVER SENT: w15g's journal entry claimed this submission and pre-registered its score, but the send never landed - four API pulls over 65 minutes on 2026-08-15 found no such row, and the full 41-entry history still has zero hits on this filename. So the sharpest test the workspace has designed is still unrun, and this is it. PRE-REGISTERED PREDICTION 0.97106. w15i's within-family fit (slope +1.771 +/- 0.226, t +7.84, within-R2 0.687, residual 0.57 LB grid steps, 36/38 concordant pairs at binomial p 2.7e-9) replaced w14a's dead pooled regression, and its sharpest consequence is an ens4 step function: CV >= 0.9700416 has returned 0.97106 four times out of four (blend159av, blend160origm, blend158, blend156) and CV <= 0.9700343 has returned 0.97104 three times out of three (blend153, blend150sx, blend150fx). This file sits at 0.9700423 - INSIDE the 7.3e-6 window between the shelves, 0.7e-6 above the lowest member of the upper one. If it returns 0.97106 the step is where the family fit puts it and the remaining nine slots today can predict their own scores before sending. If it returns 0.97104 the step is mis-placed and the family fit needs re-cutting, which is worth more than the score. Either way this is the only unsent file on the board that can move an instrument rather than a rank. Nothing about it was chosen with reference to the public slice; it is ens4, it carries logit at 1/4 weight, and it is NOT a deadline pick - those remain blend159av_h3 + blend160origm_h3, zero fitted parameters above the stack.",SubmissionStatus.COMPLETE,0.97106,0.97084
55529992,w15f_antistudent_avg.csv,2026-08-15 14:45:05.817000,"w15f — blend159av_h3 (CV 0.9700492) + the transductive teacher-minus-student residual REBUILT INDUCTIVELY on our own frozen SKF5 seed42 folds, weight cross-fitted inside the folds. Cross-fitted CV 0.9700528, the best CV number held in this workspace (prev 0.9700493). w15e could not score this mechanism because the author's artefact exists only on the 296,302 test rows; this run built it: 25 LightGBM teacher fits (4 inner x 5 outer + 5 outer), teacher held-out AUC 0.966840, then a smoother student regressing the teacher's percentile ranks while carrying the held-out rows at weight 0.5. Teacher reconstruction verified against his published test_teacher at rank corr +0.99529. FOUR RESULTS. (1) The correction is real but small: conditional AUC given the base 0.505819 vs a within-bin permutation control 0.500227+-0.00116 (z +4.84), cross-fitted dAUC +3.58e-6, 4/5 folds, and REAL-minus-matched-permuted-control +7.32e-6 (z +4.46) at the fitted weight. Above the 2e-6 reproducibility floor, ~1/50th of the 18e-5 gap to MILANFX. (2) THE TRANSDUCTIVE PART IS WORTH NOTHING: an identical student fitted WITHOUT the unlabeled rows gives a residual correlated +0.967 with the transductive one, and the pure difference has conditional AUC 0.500579 vs control (z +0.52). So it is an ordinary inductive function of the 12 columns and sits inside w15b's power bound, not a new signal class. (3) HIS 60/60 AND OUR RESULT ARE BOTH RIGHT - it is base strength. Same correction, same instrument, across bases: 0.969641 -> +1.62e-5, 0.969678 -> +1.60e-5, 0.969961 -> -3.2e-6, 0.970028 -> -7.2e-6, 0.970049 -> -3.3e-6. His anchors sit at 0.9697 where we measure +1.6e-5 against his reported +1.8e-5. The information is already inside our pack. (4) The student is the one hyperparameter he never published, so it is averaged out over three fitted across sd 0.048/0.031/0.020 bracketing his 0.0196, not hand-picked - the two fidelity criteria disagree (scale picks rough, shape picks mid). Nothing fitted against any leaderboard. Predicting 0.97105: h3-family invariance is 6/6 and this perturbation is spearman 0.9999928 to base, 4x smaller than w15e's file that moved one unit. NOT a deadline pick - one fitted parameter above the stack where blend159av_h3/blend160origm_h3 have zero.",SubmissionStatus.COMPLETE,0.97107,0.97084
55528043,blend159.csv,2026-08-15 12:58:34.063000,"w15i — blend159 (ens4, cross-fitted CV 0.9700434, unsent), sent to test a PRE-REGISTERED prediction and to dilute the auto-selection default. PREDICTION: 0.97106. THE CV->LB REGRESSION IS NOT DEAD; IT WAS FITTED WITH AN OMITTED VARIABLE. w14a pooled 34 readings across transform families and got slope +0.15/+0.22, R^2 0.03-0.08, and concluded CV had stopped predicting LB. But the same run measured a per-family residual offset spanning 51e-6, i.e. 7x the CV spread of the top pack - pooling that into a regression whose regressor spans 1e-5 destroys the within-group slope. Refitted with transform-family fixed effects on all 34 triples (CV recomputed from the stored OOF, LB read live): slope +1.77 +/- 0.24, t=+7.33, within-R^2 0.674, residual sd 5.8e-6 = 0.58 LB grid steps, against the pooled 19.3e-6. Assumption-free version: of the 32 within-family pairs the 1e-5 grid can resolve at all, 30 are concordant (93.8%, binomial p 1.2e-7). So the public LB is a SHARP instrument, resolution ~5.6e-6 in CV units (= one grid step / 1.77); the 11 h3/w files all landing on exactly 0.97105 is their 3.3e-6 CV span falling under that threshold, not the slice failing to resolve. Today's blend160origm (CV 0.9700442, sent 12:48 by another run) returned 0.97106 against the ens4-family fit's 0.971061 - one free out-of-sample confirmation already. blend159 is the second: CV 0.9700434 -> 0.971059 -> 0.97106. If it lands there it also enlarges the best-public tie from 3-good-of-4 to 5-good-of-6, cutting the auto-selection's limit-1 expected cost 35.5e-6 -> 26.7e-6. That is a dilution of an existing risk using a file CV already endorses, NOT a file built for the slice - and it is not a substitute for the click.",SubmissionStatus.COMPLETE,0.97106,0.97084
55527817,blend160origm.csv,2026-08-15 12:48:20.133000,"w15j — blend160origm, cross-fitted CV 0.9700442 on the frozen SKF5 seed42 folds: the highest-CV file this account has never sent (every file above it is already scored). 160-member ens4 stack, rank-average of all four transform stacks, whose 160th member is orig_binm. Closing agent for the day; sent on CV merit, nothing about it was chosen with reference to the public slice. PRE-REGISTERED PREDICTION 0.97106: the ens4 CV->LB ladder is 3/3 at 0.97106 for CV>=0.970042 (blend159av/blend158/blend156) and 3/3 at 0.97104 for CV<=0.970034 (blend153/blend150sx/blend150fx); this file sits at 0.9700442, above the step. THE DAY'S CONSOLIDATED FINDING: the 18e-5 gap to MILANFX is mis-priced by the 5e-5 within-pack noise floor. w15a measured the CROSS-TEAM paired slice sd at 53-84e-6, making the gap 2.2-3.4 sigma and the four teams between 0.97113 and 0.97117 only 0.8-1.7 sigma. I validated that law against LIVE leaderboard data rather than simulation: over 112 CV-matched pairs of our own 36 scored files, spearman(1-rho, |dLB|) = +0.733 (p=4e-20), and pushing the law through the 1e-5 quantiser predicts the observed mean |dLB| at ratio 1.13 and 0.90 in the two buckets where the LB can resolve anything at all - a zero-fitted-parameter prediction. At the high-rho endpoint the 10 top-cluster files (CV 0.970046-0.970049, pairwise rho>=0.99992) read exactly 0.97105 with sd 0, which is what the law requires since it predicts sd(gap) 4.8e-6 under a 1e-5 grid. Also: the standing auto-selection risk is bounded at -10e-6, not -111e-6. blend158_logit is selected uniquely under NONE of six enumerated tiebreak rules at either selection limit, because it is neither earliest nor latest, neither lowest nor highest ref, and neither first nor last alphabetically in a 4-way tie whose other three members are all CV-good ens4 files. Deadline picks unchanged: blend159av_h3 + blend160origm_h3.",SubmissionStatus.COMPLETE,0.97106,0.97084
55527616,blend160orig_h3.csv,2026-08-15 12:35:37.403000,"w15d — blend160orig_h3, cross-fitted CV 0.970046 on the frozen SKF5 seed42 folds, top cluster, never sent: the 160-member h3 stack (rank-average of hybrid/rankraw/rescale) whose 160th member is orig_bin, the LightGBM fitted only on the 7,500-row source dataset. Sent because this run's own work returned a null. THE ORIGINAL DATASET IS CLOSED FOR A NEW REASON. Positive ID: the deleted source algozee/smartphone-addiction-prediction-data is byte-identical to what we hold - the surviving notebook reads 'Smartphone_Usage_And_Addiction_Analysis_7500_Rows (1).csv' and danishzulfiqar5050's mirror carries that exact filename at md5 d831a326. The generator did far more than smear it. Two hard constraints, each in exactly one frame: competition satisfies daily>=social+gaming+work in 603,714/603,714 complete rows (original violates it in 60.7%), and the original satisfies weekend-daily in [0.50,3.00] in 100.0% of rows (competition only 52.0/52.1% train/test). Repairing the original's budget geometry - quantile-map its component/daily ratio onto the competition's, rescale the three components - lifts the original-trained transfer 0.885258 -> 0.921475, ten times the +36e-4 that missingness masking bought, at spearman 0.890 to the pack. It still contributes nothing: a perfectly-conditioned ONE-parameter rank blend on the frozen folds gives w*=0.002, in-sample gain +0.09e-6, cross-fitted -0.08e-6 (3/5). orig_binm gets w*=0.000 exactly against four packs, in-sample and cross-fitted, strictly less than a pure-noise control at w*=0.002. So the zero is the member, not the stacker's 1e18 condition number. Mechanism: the competition's addiction rate is monotone in social across its whole range (0.263/0.518/0.816/0.945/0.979/0.990/0.999/1.000) while the original's is flat 0.503-0.550 below social=4 and a hard 1.0 above. 86% of competition rows sit where the original teaches that social carries no signal. The two label functions differ on the majority of the frame, so the 7,500 rows have a low ceiling no extraction technique lifts.",SubmissionStatus.COMPLETE,0.97105,0.97084
55527179,blend159av_w.csv,2026-08-15 12:06:55.087000,"w15b — blend159av_w, cross-fitted CV 0.9700482 on the frozen SKF5 seed42 folds: the best-CV file this workspace has never sent (only blend159av_wh3/_h3, blend160origm_h3 and blend158_h3 sit above it, and all four are already scored). Simplex-weighted combination of the four transform stacks over 159 members. Sent as-is because this was a measurement run that deliberately built no new model. What it measured instead: (1) the generator story in RESEARCH.md is a fact about the 7,500-row ORIGINAL, not about our frame — a full-lattice LightGBM on the two rule drivers scores 0.935111 on the 502,260 rows where both are observed, against the pack's 0.975431, so the other ten columns are worth +0.040319 and 'fit P(y|exact rule cell)' yields a FLOOR 40e-3 below us, not a ceiling; the nonparametric version is worse still (0.830 at 221k cells over 553k training rows, still climbing 66e-3 per doubling). (2) The within-column Bayes ceiling is not identifiable: there are ZERO duplicate rows on the 12-column vector, and for a calibrated field the Bayes AUC is identically the observed AUC — so no analysis of our own predictions can ever place a ceiling above us. Code control: in-sample isotonic gives A*-observed = -0.000000. (3) What IS identifiable is the PRICE. Solving for the family of truths consistent with our own measured AUC, the gap to MILANFX (18e-5) costs an ORTHOGONAL predictor of standalone AUC ~0.511, and the gap to LB rank 2 (11e-5) ~0.509 — stable to +-0.001 across calibrators spanning the whole dispersion sweep. That is a modest orthogonal nudge, not a new column. (4) The exact quantisation lattice is already absorbed: per-cell z-statistics give T/df 0.54 against a size-matched permuted control sitting at exactly 1.000, i.e. the pack tracks realised cell counts harder than binomial noise permits, while raw-feature members over-disperse 4.8-7.1x and single TE members 1.4-2.3x.",SubmissionStatus.COMPLETE,0.97105,0.97083
55526890,blend156w2.csv,2026-08-15 11:51:15.723000,"w15c — blend156w2, cross-fitted CV 0.970046 on the frozen SKF5 seed42 folds, never submitted by this account: 156 members under simplex weights over the four transform stacks, weights searched inside the folds. Sent because this run's own angle returned measured nulls. ROW IDENTITY IS CLOSED. Exact 12-column feature twins between train and test: 2 of 296,302 test rows, and ZERO duplicate rows inside train's 691,369 — expected 0.005 pairs under column independence, since the effective lattice product is 4.5e16, so collisions were never arithmetically possible and the 'certainty' of them was a birthday-paradox error. In-fold lookups (key->label map built strictly inside each fold, never across) on every column subset from the 2 rule drivers up to all 12 give conditional AUC 0.4958-0.5125 against matched permutation controls, max z 2.34 over six tests. id carries nothing after conditioning on the model score: cond AUC 0.4983, ANOVA of the residual across id%m null at ten moduli, block base rates sub-binomial. WHAT IS THERE: train and test differ in per-column NaN rate at |z| up to 44 (daily 13.86->11.07%, social 19.38->16.00%, app_opens 11.67->8.68%) while per-row missing count matches (1.2589 vs 1.2729). Reweighting the OOF pool to the test mask distribution raises estimated AUC +0.000905 and closes 88% of the +0.001025 CV->LB gap this workspace has never explained. It is decision-NEUTRAL: shift sd across 30 LB-scored files is 3e-6, corr -0.97 with CV, argmax unchanged (blend159av_h3 tops both criteria), LB-prediction residual sd identical at 2.4e-5, and it does not rescue blend158_logit. Adversarial train-vs-test is 100% mask: values-only on complete rows 0.4975 against a 0.5006 train-vs-train floor, all 12 marginal KS/chi2 p>=0.106.",SubmissionStatus.COMPLETE,0.97105,0.97084
55526807,blend159av_wh3.csv,2026-08-15 11:46:19.743000,"w15a — blend159av_wh3: the 159-member stack under simplex weights over the three h3 transforms (hybrid/rankraw/rescale), weights searched inside the frozen SKF5 seed42 folds and the OOF cross-fitted, so the 0.970049 is honest and not the in-sample 0.970050. Ties blend159av_h3 for best CV in the workspace and had never been sent; 2 fitted parameters above the pack, spearman 0.9999872 to the pick so it is a genuinely distinct file. Pre-registered before sending: every h3-family file this account has submitted has returned exactly 0.97105 (5/5, across CV 0.970046-0.970049), so this one should return 0.97105 too; if it returns anything else, the h3-family invariance rule is broken and that is worth more than the score. Forensics this run: no public notebook exceeds 0.97101, MILANFX's only public artefact is byte-identical to the original dataset we already hold, and the cross-team public-slice noise floor measures 53-84e-6, not the 5e-5 within-pack figure.",SubmissionStatus.COMPLETE,0.97105,0.97083
55526742,w15e_antistudent.csv,2026-08-15 11:42:09.587000,"w15e — blend159av_h3 (CV 0.970049, our joint-best, LB 0.97105) + raykkretzschmar's transductive teacher-minus-student residual at his published weight 0.10, nothing fitted here. Chosen because the entire public submission space is redundant with us: every public file >=0.9709 sits at Spearman 0.9980-0.9988 vs our best blend and 0.9999+ vs each other (several are byte-identical re-publications), so no public RANKING carries signal we lack. This correction is not a ranking - it is a transductive residual (student sees test rows' teacher preds at weight 0.245) and it is near-orthogonal to all 168 of our members: max |rho| 0.077, median 0.017. Author validated it nested, 60/60 anchor-by-fold positive, LB not used to choose. Transcription verified: applying it to his own 0.97099 base moves that file 45.5% of the way to his published 0.97100 output (z=+447 vs a row-permuted control). Perturbation is tiny (rho 0.999972 vs base), so this file is the CV pick plus a whisper - which also makes it a strictly better auto-selection candidate than blend158_logit if the unset selection toggle is never fixed.",SubmissionStatus.COMPLETE,0.97104,0.97084
55512726,blend156_h3.csv,2026-08-14 20:00:07.217000,"w14d — blend156_h3, cross-fitted CV 0.970046 on the frozen SKF5 seed42 folds, the best-CV file this workspace has never sent (only blend159av_h3/blend160origm_h3 at 0.970049 and blend156w at 0.970047 are above it). Rank-average of the hybrid/rankraw/rescale transform stacks over 156 members, zero fitted parameters above the stack. Sent as part of the run that priced the error structure: an exact Mann-Whitney decomposition of the OOF over the generator's rule cells puts only 4.9% of the 0.029951 AUC deficit inside the (social<=4, 6<daily<=8) band and 13.5% inside (social<=4, daily<=6), so the band is not where the residual lives.",SubmissionStatus.COMPLETE,0.97105,0.97084
55512702,blendtop3.csv,2026-08-14 19:56:46.790000,"w14a — blendtop3: rank-average of the three joint-top zero-parameter h3 files (blend159av_h3, blend160origm_h3, blend158_h3). Cross-fitted CV 0.970049 on the frozen SKF5 seed42 folds, joint-best held here, and it fits zero free parameters above the stack. Never sent. Also: an end-to-end rebuild of blend159av_h3 from oof/ reproduces its CV only to ~2e-6 — the 159-member design has condition number ~1e18, so at C=1 the lbfgs solution is not determined below that.",SubmissionStatus.COMPLETE,0.97105,0.97084
55512679,blend159_h3.csv,2026-08-14 19:53:32.503000,"w14b - blend159_h3: 159 members, rank-average of the hybrid/rankraw/rescale transform stacks (logit dropped), zero fitted parameters above the stack. Cross-fitted CV 0.9700469 on the frozen SKF5 seed42 folds, top cluster, never sent. Sent as the CV-good file behind this run's conclusion on the logit CV->LB displacement: the +97e-6 effect read on three member sets is ONE reading, not three - their slice deviations correlate +0.992 (effective n 1.01) - and public/private partition one test set with measured coupling beta -0.245 (corr -0.998), so the flattery blend158_logit picked up on the public slice is already spent. Its predicted PRIVATE gap vs h3 is about -111e-6, worse than its -87e-6 CV gap, not better. Defend h3.",SubmissionStatus.COMPLETE,0.97105,0.97084
55488443,blend156w.csv,2026-08-13 17:23:55.593000,"blend156w — 156 members combined with simplex weights over the four transform stacks searched on the frozen folds rather than equal-weighted. Cross-fitted CV 0.970047 against blend156_h3's 0.970046; paired bootstrap vs blend156 gives +6e-6 +/- 3e-6, P(better) 0.995. Three fitted free parameters, which is why h3 rather than this is the deadline pick despite the nominally higher CV.",SubmissionStatus.COMPLETE,0.97105,0.97084
55488441,blend160origm_h3.csv,2026-08-13 17:23:44.183000,"blend160origm_h3 — 160 members: adds orig_binm, a LightGBM fitted ONLY on the 7,500-row real source dataset with the competition's own per-column missingness MCAR-masked in (10 copies x 8 bags), so it never sees a competition label. Solo 0.8864, and at hybrid maxcorr 0.879 it is by far the most decorrelated member ever built here (previous record 0.9746). Cross-fitted CV 0.970049, joint-top: the member is worth exactly zero, which is the point.",SubmissionStatus.COMPLETE,0.97105,0.97084
55488346,blend159av.csv,2026-08-13 17:17:31.500000,"blend159av (ens4) — same 159 members, all four transform stacks. Cross-fitted CV 0.970045. The seed-average was worth +2e-6 to the stack against a +138e-6 solo member gain: 1.4% pass-through, which is the pack-geometry ceiling showing up again.",SubmissionStatus.COMPLETE,0.97106,0.97084
55488344,blend159av_h3.csv,2026-08-13 17:17:20.737000,"blend159av_h3 — 159 members: the three xgb_latcat seed twins (13/17/23) replaced by their probability mean, which gained +138e-6 solo over the best single seed. Rank-average of hybrid/rankraw/rescale. Cross-fitted CV 0.970049, nominally the best this workspace holds (blend158_h3 0.970048); the 1e-6 margin is meaningless but the file is genuinely distinct.",SubmissionStatus.COMPLETE,0.97105,0.97083
55488339,blend158_rescale.csv,2026-08-13 17:16:58.757000,"blend158_rescale — 158 members under rescale alone (min-max over both splits, then logit). Cross-fitted CV 0.970027. Completes the six-way transform map on a single member set, which is what the logit question needs. Predicted 0.97104.",SubmissionStatus.COMPLETE,0.97105,0.97083
55488335,blend158_rankraw.csv,2026-08-13 17:16:48.060000,blend158_rankraw — 158 members under rankraw alone. The one transform with a mechanism argument: it equalises the OOF/test scale fully (sd ratio 1.0000-1.0253) rather than repairing members case by case. Cross-fitted CV 0.970036. Predicted 0.97103.,SubmissionStatus.COMPLETE,0.97104,0.97080
55488330,blend158_hybrid.csv,2026-08-13 17:16:37.443000,"blend158_hybrid — 158 members under hybrid alone (rank-gauss repair applied only to members whose logit clip bites). Cross-fitted CV 0.970028, 67e-6 above logit. If the LB comes back BELOW blend158_logit that is the third replication of the transform-dependent CV-to-LB bias; if it comes back level the bias was a two-set coincidence. Predicted 0.97101.",SubmissionStatus.COMPLETE,0.97103,0.97084
55488329,blend158_logit.csv,2026-08-13 17:16:26.813000,"blend158_logit — same 158 members under the plain logit transform alone, whose clip pins the tails of ~29 saturating members. Cross-fitted CV 0.969961, the worst of the four by 66e-6. Third within-set test of the logit-vs-hybrid displacement: on two prior member sets logit returned a HIGHER LB than its CV rank deserves. Predicted 0.97104.",SubmissionStatus.COMPLETE,0.97106,0.97081
55488326,blend158.csv,2026-08-13 17:16:16.137000,"blend158 (ens4) — same 158 members, rank-average of all four transform stacks including logit. Cross-fitted CV 0.970043. Paired against blend158_h3 this is the h3-vs-ens4 contrast at fixed member set; CV prefers h3 by 5e-6, the CV->LB regression predicts ens4 first at 0.97106. The two orderings disagree, so the slice decides.",SubmissionStatus.COMPLETE,0.97106,0.97084
55488322,blend158_h3.csv,2026-08-13 17:15:58.910000,"blend158_h3 — 158-member library, rank-average of the hybrid/rankraw/rescale transform stacks (logit dropped). Cross-fitted CV 0.970048 on the frozen SKF5 seed42 folds, joint-best held in this workspace, and it fits zero free parameters above the stack. First-ever h3 LB reading. Prediction from the CV->LB regression: 0.97105.",SubmissionStatus.COMPLETE,0.97105,0.97084
55422662,blend156_rescale.csv,2026-08-11 04:04:20.210000,"blend156_rescale — same 156 members under the rescale transform, cross-fitted CV 0.970025. Completes the 156-member transform->LB map alongside the rank-ensemble (0.970042 CV / 0.97106 LB) and rankraw (0.970036 / 0.97104).",SubmissionStatus.COMPLETE,0.97105,0.97082
55422660,blend153.csv,2026-08-11 04:04:11.527000,"blend153 — the ablation that inverts the correlation heuristic. Same as blend156 but KEEPS only the two ordering-discarded members (xgb_cat_lattice 0.9746, cat_native 0.9762 maxcorr — the most decorrelated members ever built here) and DROPS the three whose pipelines the pack already holds (xgb_raw_nan 0.9947, cat_raw 0.9933, cat_lat 0.9948). Cross-fitted CV 0.970034 vs blend156's 0.970042: the decorrelated pair is worth -1e-6/+1e-6/+5e-6/+3e-6 across the four transforms (sign-flipping, a null), the redundant trio +8e-6/+6e-6/+9e-6/+5e-6 (all one sign).",SubmissionStatus.COMPLETE,0.97104,0.97083
55422229,blend156_rankraw.csv,2026-08-11 03:35:53.480000,"blend156_rankraw — same 156 members under rankraw alone, cross-fitted CV 0.970036. Best single transform and the one with the mechanism argument for it (it equalises the OOF/test scale fully). The 151->156 delta is +7e-6 / +7e-6 / +14e-6 / +8e-6 across logit/hybrid/rankraw/rescale, all four the same sign, ensemble +9e-6.",SubmissionStatus.COMPLETE,0.97104,0.97082
55422223,blend156.csv,2026-08-11 03:35:44.220000,"blend156 — 156 members, rank-ensemble of the four transform stacks, cross-fitted CV 0.970042 (best held; prev best blend150sx 0.970033). Adds five TE-free members built here on two new upstreams: xgb_cat_lattice + cat_native (all 12 columns as UNORDERED lattice categoricals, ordering discarded) and xgb_raw_nan + cat_raw + cat_lat. Profiled in hybrid space: xgb_cat_lattice maxcorr 0.9746 and cat_native 0.9762, against a pack whose own median maxcorr is 0.9949.",SubmissionStatus.COMPLETE,0.97106,0.97084
55420320,blend150sx_logit.csv,2026-08-11 01:48:06.160000,"blend150sx_logit — same 151 members under the plain logit transform, cross-fitted CV 0.969955, the worst of the four. Completes the 151-member transform->LB map. blend150fx_logit (150 members) returned 0.97103 despite the worst CV of the top nine; if this also returns 0.97103 then that reading was a property of the transform, not of the member set.",SubmissionStatus.COMPLETE,0.97104,0.97080
55420317,blend150sx_hybrid.csv,2026-08-11 01:47:55.690000,"blend150sx_hybrid — 151 members (adds lgbm_stump_lat_frac, drops the byte-identical bolt_xgb_d7_alt2) under the hybrid transform, cross-fitted CV 0.970016. Prediction under test: blend150fx_hybrid scored 0.97099, and a one-member change has already been shown invisible to the public slice on rankraw and on the rank-ensemble, so this should return 0.97099 exactly.",SubmissionStatus.COMPLETE,0.97101,0.97083
55419968,blend150sx_rankraw.csv,2026-08-11 01:27:00.710000,"blend150sx_rankraw — same 151 members under rankraw alone (no transform ensembling), cross-fitted CV 0.970022. Kept as a deadline candidate: rankraw is the one transform with a mechanism argument for it (it equalises OOF/test scale fully, sd ratio 1.0000-1.0253).",SubmissionStatus.COMPLETE,0.97102,0.97080
55419964,blend150sx.csv,2026-08-11 01:26:52.087000,"blend150sx — 151 members: adds lgbm_stump_lat_frac (depth 3 / 8 leaves, fixed 4000 rounds, solo OOF 0.96735) and drops bolt_xgb_d7_alt2, which is byte-identical to bolt_xgb_d7_alt1 in both OOF and test. Rank-average of the four transform stacks, cross-fitted CV 0.970033. The stump was tuned for decorrelation rather than solo AUC; it landed at maxcorr 0.9961, so this is a measured null.",SubmissionStatus.COMPLETE,0.97104,0.97083
55418735,blend150fx_logit.csv,2026-08-11 00:16:28.773000,"blend150fx_logit — same 150 members under the plain logit transform, whose clip destroys the tails of ~29 saturating members. Cross-fitted CV 0.969950, the lowest of the four. Deliberate low-CV point to test whether the CV->LB offset really shrinks as CV rises.",SubmissionStatus.COMPLETE,0.97103,0.97080
55418732,blend150fx_rescale.csv,2026-08-11 00:16:20.120000,blend150fx_rescale — 150-member L2 logit stack under the rescale transform (min-max over both splits then logit). Cross-fitted CV 0.970013. Completes the transform->LB mapping alongside logit/hybrid/rankraw.,SubmissionStatus.COMPLETE,0.97102,0.97082
55418106,blend150fx.csv,2026-08-10 23:57:00.530000,blend150fx — 150-member fixed blend variant,SubmissionStatus.COMPLETE,0.97104,0.97083
55418104,blend150fx_hybrid.csv,2026-08-10 23:56:57.447000,blend150fx_hybrid — 150-member fixed blend variant,SubmissionStatus.COMPLETE,0.97099,0.97083
55418101,blend150fx_rankraw.csv,2026-08-10 23:56:54.270000,blend150fx_rankraw — 150-member fixed blend variant,SubmissionStatus.COMPLETE,0.97102,0.97080
55417039,stack_pub151_fixed_rankraw.csv,2026-08-10 22:19:41.827000,stack-pub151-fixed-rankraw — same 151 members with our two LightGBM members retrained on a fixed schedule instead of early-stopping on their own OOF rows. Honest-CV reference replacing the optimistic one.,SubmissionStatus.COMPLETE,0.97103,0.97083
55415530,stack_pub151_rankraw.csv,2026-08-10 20:18:02.300000,"slot4 stack-pub151-rankraw — 151 members (149 + own ExtraTrees + additive log-odds linear), rank-gauss on ALL members instead of hybrid's clip-only repair. Rationale: my own honest 5-fold ET emits p==1 on 0.84% of OOF vs 0.04% of test rows (sd_ratio 0.83), so tail compression is a structural artefact of OOF-vs-5-fold-averaged-test, not a member defect. Cross-fitted CV 0.970023 (hybrid 0.970024)",SubmissionStatus.COMPLETE,0.97102,0.97083
55415291,stack_pub151_hybrid.csv,2026-08-10 20:01:18.957000,"stack-pub151-hybrid — 149-member library plus two new decorrelated members (et_lat_frac, linlat). CV +5e-6 over the 149 stack, below the 5e-5 noise floor, submitted because slots here do not evict and cost nothing.",SubmissionStatus.COMPLETE,0.97099,0.97083
55413147,stack_pub149_hybrid.csv,2026-08-10 17:48:03.027000,slot3 stack-pub149-hybrid retry,SubmissionStatus.COMPLETE,0.97099,0.97082
55411893,stack_pub86_hybrid.csv,2026-08-10 16:34:17.187000,"slot2 stack-pub86-hybrid-transform — same 86-member logit stack, but to_logit's clip pinned 3-15% of OOF rows vs only 1/3 as many test rows for 29 members (naji03/05 emit values outside [0,1]); rank-gauss repair on affected members only. CV 0.969678 vs 0.969660, 4/5 folds",SubmissionStatus.COMPLETE,0.97080,0.97060
55410472,stack_pub88_mine_logit.csv,2026-08-10 15:22:31.947000,slot1b stack-pub88+mine — 74-lib + FM(5) + golem_clean(5) + my tuned lattice LGBM w/ decimal lattice; CV 0.969660,SubmissionStatus.COMPLETE,0.97081,0.97059
